run_id;iteration;points
1;1;11449
1;2;11458
1;3;11747
1;4;12197
1;5;12460
1;6;12756
1;7;12807
1;8;12819
1;9;12939
1;10;12966
1;11;13262
1;12;13336
1;13;13727
1;14;13730
1;15;14098
1;16;14197
1;17;14315
1;18;14801
1;19;14837
1;20;15267
1;21;15329
1;22;15333
1;23;15379
1;24;15392
1;25;15408
1;26;15471
1;27;15500
1;28;15973
1;29;16024
1;30;16673
1;31;16724
1;32;16754
1;33;16790
1;34;16809
1;35;16826
1;36;16894
1;37;16916
1;38;16924
1;39;16928
1;40;16946
1;41;16950
1;42;16956
1;43;16978
1;44;17063
1;45;17072
1;46;17076
1;47;17092
1;48;17099
1;49;17101
1;50;17102
1;51;17124
1;52;17140
1;53;17176
1;54;17178
1;55;17183
2;1;12684
2;2;13079
2;3;13259
2;4;13413
2;5;13453
2;6;13567
2;7;13577
2;8;13863
2;9;14040
2;10;14407
2;11;15056
2;12;15124
2;13;15133
2;14;15186
2;15;15580
2;16;15599
2;17;15617
2;18;15629
2;19;15750
2;20;15859
2;21;16314
2;22;16614
2;23;16620
2;24;16674
2;25;16693
2;26;16737
2;27;16750
2;28;16752
2;29;16797
2;30;16801
2;31;16819
2;32;16839
2;33;16848
2;34;16884
2;35;16894
2;36;16900
2;37;16915
2;38;16919
2;39;16940
2;40;16951
2;41;16957
2;42;16958
2;43;16960
2;44;16982
2;45;16991
2;46;16997
2;47;17005
2;48;17009
2;49;17050
2;50;17086
2;51;17090
2;52;17124
2;53;17143
2;54;17164
2;55;17179
2;56;17180
2;57;17184
2;58;17211
2;59;17217
3;1;13499
3;2;13749
3;3;13760
3;4;14136
3;5;14181
3;6;14394
3;7;14411
3;8;14431
3;9;14666
3;10;14820
3;11;15213
3;12;15726
3;13;15753
3;14;15760
3;15;15764
3;16;15803
3;17;15917
3;18;15957
3;19;16115
3;20;16577
3;21;16614
3;22;16641
3;23;16733
3;24;16751
3;25;16761
3;26;16809
3;27;16834
3;28;16857
3;29;16888
3;30;16928
3;31;16944
3;32;16988
3;33;17003
3;34;17022
3;35;17029
3;36;17039
3;37;17054
3;38;17059
3;39;17071
3;40;17075
3;41;17076
3;42;17078
3;43;17081
3;44;17090
3;45;17097
3;46;17101
3;47;17102
4;1;11718
4;2;11724
4;3;12180
4;4;12228
4;5;12830
4;6;12842
4;7;13178
4;8;13225
4;9;13361
4;10;13401
4;11;13704
4;12;13749
4;13;13869
4;14;13895
4;15;14394
4;16;14439
4;17;14461
4;18;14537
4;19;14560
4;20;14579
4;21;14658
4;22;14681
4;23;14691
4;24;14751
4;25;14757
4;26;14780
4;27;14793
4;28;14959
4;29;15135
4;30;15486
4;31;15791
4;32;15910
4;33;15961
4;34;16215
4;35;16313
4;36;16336
4;37;16337
4;38;16382
4;39;16393
4;40;16413
4;41;16417
4;42;16453
4;43;16521
4;44;16536
4;45;16541
4;46;16639
4;47;16670
4;48;16687
4;49;16718
4;50;16729
4;51;16735
4;52;16751
4;53;16770
4;54;16772
4;55;16846
4;56;16853
4;57;16868
4;58;16936
4;59;16953
4;60;16965
4;61;16969
4;62;16979
4;63;16987
4;64;16993
4;65;17008
4;66;17030
4;67;17053
4;68;17075
4;69;17111
4;70;17115
4;71;17136
4;72;17147
4;73;17157
4;74;17177
4;75;17187
5;1;12373
5;2;12398
5;3;12758
5;4;13269
5;5;13696
5;6;14130
5;7;14619
5;8;14674
5;9;14686
5;10;14762
5;11;14818
5;12;15164
5;13;15232
5;14;15585
5;15;15993
5;16;16054
5;17;16076
5;18;16117
5;19;16125
5;20;16136
5;21;16148
5;22;16381
5;23;16489
5;24;16531
5;25;16547
5;26;16550
5;27;16585
5;28;16626
5;29;16655
5;30;16667
5;31;16751
5;32;16752
5;33;16788
5;34;16846
5;35;16879
5;36;16883
5;37;16885
5;38;16898
5;39;16902
5;40;16919
5;41;16970
5;42;16974
5;43;16984
5;44;16989
5;45;17008
5;46;17018
5;47;17038
5;48;17042
5;49;17044
5;50;17054
5;51;17063
5;52;17068
5;53;17081
5;54;17085
5;55;17095
5;56;17105
5;57;17108
5;58;17112
5;59;17148
5;60;17176
5;61;17178
5;62;17183
5;63;17187
5;64;17192
6;1;10800
6;2;11201
6;3;11399
6;4;11746
6;5;12337
6;6;12654
6;7;12671
6;8;12785
6;9;12796
6;10;12846
6;11;13264
6;12;13277
6;13;13305
6;14;13331
6;15;13508
6;16;13959
6;17;14287
6;18;14641
6;19;14752
6;20;14784
6;21;14788
6;22;15100
6;23;15211
6;24;15266
6;25;15302
6;26;15368
6;27;15378
6;28;15388
6;29;15397
6;30;15415
6;31;15421
6;32;15461
6;33;15534
6;34;15608
6;35;15627
6;36;15639
6;37;15664
6;38;15708
6;39;16344
6;40;16358
6;41;16627
6;42;16651
6;43;16696
6;44;16769
6;45;16774
6;46;16781
6;47;16796
6;48;16804
6;49;16813
6;50;16867
6;51;16881
6;52;16900
6;53;16910
6;54;16929
6;55;16933
6;56;17019
6;57;17041
6;58;17043
6;59;17063
6;60;17099
6;61;17114
6;62;17121
6;63;17125
6;64;17136
6;65;17158
6;66;17174
6;67;17181
7;1;11948
7;2;12144
7;3;12258
7;4;12333
7;5;12898
7;6;13006
7;7;13460
7;8;13466
7;9;13474
7;10;13684
7;11;13688
7;12;13943
7;13;13953
7;14;13998
7;15;14445
7;16;14476
7;17;14538
7;18;14574
7;19;14586
7;20;14665
7;21;14729
7;22;14845
7;23;14944
7;24;14956
7;25;14975
7;26;15501
7;27;15524
7;28;15612
7;29;15673
7;30;15726
7;31;15747
7;32;16098
7;33;16292
7;34;16331
7;35;16764
7;36;16774
7;37;16852
7;38;16863
7;39;16885
7;40;16886
7;41;16894
7;42;16906
7;43;16938
7;44;16941
7;45;16943
7;46;17004
7;47;17016
7;48;17018
7;49;17020
7;50;17030
7;51;17050
7;52;17057
7;53;17065
7;54;17096
7;55;17106
7;56;17127
7;57;17128
7;58;17130
7;59;17134
7;60;17148
7;61;17167
7;62;17171
7;63;17175
8;1;11073
8;2;11583
8;3;11624
8;4;11647
8;5;12025
8;6;12301
8;7;12397
8;8;12805
8;9;12890
8;10;13337
8;11;13765
8;12;13864
8;13;13941
8;14;14038
8;15;14474
8;16;14599
8;17;14632
8;18;14640
8;19;15289
8;20;15558
8;21;15680
8;22;15722
8;23;16211
8;24;16383
8;25;16514
8;26;16542
8;27;16605
8;28;16623
8;29;16650
8;30;16686
8;31;16695
8;32;16704
8;33;16711
8;34;16722
8;35;16726
8;36;16735
8;37;16771
8;38;16777
8;39;16798
8;40;16813
8;41;16823
8;42;16844
8;43;16905
8;44;16939
8;45;16961
8;46;16965
8;47;16976
8;48;16988
8;49;17008
8;50;17014
8;51;17039
8;52;17084
8;53;17102
8;54;17124
8;55;17125
8;56;17130
8;57;17138
8;58;17160
8;59;17169
8;60;17170
9;1;13156
9;2;13236
9;3;13557
9;4;13619
9;5;13718
9;6;14132
9;7;14147
9;8;14163
9;9;14653
9;10;15008
9;11;15521
9;12;15889
9;13;15893
9;14;15937
9;15;15998
9;16;16350
9;17;16401
9;18;16460
9;19;16488
9;20;16521
9;21;16562
9;22;16568
9;23;16613
9;24;16656
9;25;16677
9;26;16681
9;27;16694
9;28;16698
9;29;16807
9;30;16811
9;31;16815
9;32;16833
9;33;16888
9;34;16932
9;35;16938
9;36;16941
9;37;16960
9;38;16978
9;39;16981
9;40;16983
9;41;17002
9;42;17065
9;43;17080
9;44;17081
9;45;17099
9;46;17102
9;47;17120
9;48;17124
9;49;17146
9;50;17150
10;1;13559
10;2;13604
10;3;13887
10;4;14189
10;5;14383
10;6;14416
10;7;14439
10;8;14616
10;9;14633
10;10;14645
10;11;15256
10;12;15299
10;13;15687
10;14;15698
10;15;15749
10;16;15797
10;17;16285
10;18;16374
10;19;16375
10;20;16385
10;21;16421
10;22;16482
10;23;16504
10;24;16508
10;25;16528
10;26;16541
10;27;16543
10;28;16562
10;29;16568
10;30;16576
10;31;16980
10;32;16997
10;33;17007
10;34;17021
10;35;17025
10;36;17047
10;37;17064
10;38;17068
10;39;17082
10;40;17086
10;41;17088
10;42;17103
10;43;17108
10;44;17148
10;45;17171
10;46;17181
11;1;11834
11;2;12120
11;3;12193
11;4;12701
11;5;13266
11;6;13269
11;7;13302
11;8;13680
11;9;13702
11;10;13747
11;11;13861
11;12;14239
11;13;14319
11;14;14748
11;15;14775
11;16;14794
11;17;14871
11;18;14921
11;19;14939
11;20;14947
11;21;15045
11;22;15054
11;23;15086
11;24;15183
11;25;15187
11;26;15189
11;27;15603
11;28;15635
11;29;16151
11;30;16169
11;31;16188
11;32;16224
11;33;16246
11;34;16540
11;35;16738
11;36;16806
11;37;16876
11;38;16884
11;39;16888
11;40;16898
11;41;16930
11;42;16952
11;43;16955
11;44;16970
11;45;16981
11;46;17006
11;47;17021
11;48;17083
11;49;17092
11;50;17093
11;51;17097
11;52;17099
11;53;17118
11;54;17119
11;55;17145
11;56;17158
11;57;17159
11;58;17170
11;59;17192
12;1;14052
12;2;14565
12;3;14654
12;4;14708
12;5;14727
12;6;15105
12;7;15179
12;8;15187
12;9;15778
12;10;15784
12;11;15813
12;12;15845
12;13;15854
12;14;15863
12;15;16276
12;16;16288
12;17;16321
12;18;16363
12;19;16423
12;20;16445
12;21;16459
12;22;16477
12;23;16522
12;24;16929
12;25;16962
12;26;16981
12;27;16989
12;28;17034
12;29;17042
12;30;17047
12;31;17088
12;32;17103
12;33;17112
12;34;17113
12;35;17116
12;36;17134
12;37;17138
12;38;17160
12;39;17172
12;40;17182
12;41;17195
12;42;17211
12;43;17217
13;1;11888
13;2;11933
13;3;12063
13;4;12108
13;5;12597
13;6;13006
13;7;13121
13;8;13143
13;9;13656
13;10;13668
13;11;14080
13;12;14462
13;13;14488
13;14;14499
13;15;14507
13;16;14528
13;17;14836
13;18;15377
13;19;15880
13;20;15957
13;21;15975
13;22;16025
13;23;16084
13;24;16128
13;25;16253
13;26;16261
13;27;16283
13;28;16285
13;29;16291
13;30;16352
13;31;16353
13;32;16375
13;33;16384
13;34;16775
13;35;16808
13;36;16810
13;37;16826
13;38;16836
13;39;16840
13;40;16857
13;41;16877
13;42;16906
13;43;16966
13;44;16999
13;45;17015
13;46;17037
13;47;17038
13;48;17053
13;49;17056
13;50;17060
13;51;17079
13;52;17089
13;53;17111
13;54;17128
13;55;17139
13;56;17170
13;57;17180
13;58;17183
13;59;17187
13;60;17192
14;1;11104
14;2;11622
14;3;11713
14;4;11721
14;5;12194
14;6;12198
14;7;12266
14;8;12606
14;9;13090
14;10;13465
14;11;13620
14;12;13686
14;13;13950
14;14;14516
14;15;14963
14;16;15419
14;17;15502
14;18;15512
14;19;15523
14;20;15556
14;21;15573
14;22;15869
14;23;15928
14;24;16439
14;25;16454
14;26;16468
14;27;16544
14;28;16577
14;29;16619
14;30;16659
14;31;16666
14;32;16676
14;33;16686
14;34;16707
14;35;16773
14;36;16789
14;37;16801
14;38;16817
14;39;16822
14;40;16839
14;41;16842
14;42;16853
14;43;16861
14;44;16865
14;45;16932
14;46;16940
14;47;16949
14;48;16961
14;49;16963
14;50;16985
14;51;17005
14;52;17009
14;53;17011
14;54;17021
14;55;17036
14;56;17060
14;57;17064
14;58;17068
14;59;17126
14;60;17130
14;61;17140
14;62;17155
14;63;17181
14;64;17204
14;65;17216
14;66;17222
15;1;12634
15;2;13125
15;3;13142
15;4;13576
15;5;14045
15;6;14053
15;7;14097
15;8;14608
15;9;14620
15;10;14662
15;11;14791
15;12;14842
15;13;14887
15;14;14895
15;15;15016
15;16;15349
15;17;15543
15;18;15784
15;19;15799
15;20;15892
15;21;16403
15;22;16426
15;23;16603
15;24;16673
15;25;16735
15;26;16757
15;27;16765
15;28;16801
15;29;16813
15;30;16823
15;31;16826
15;32;16830
15;33;16851
15;34;16900
15;35;16904
15;36;16908
15;37;16915
15;38;16962
15;39;17024
15;40;17028
15;41;17034
15;42;17042
15;43;17046
15;44;17082
15;45;17109
15;46;17143
15;47;17149
15;48;17153
15;49;17156
16;1;13472
16;2;13737
16;3;13759
16;4;14258
16;5;14262
16;6;14483
16;7;14957
16;8;15134
16;9;15461
16;10;15471
16;11;15596
16;12;15607
16;13;16047
16;14;16078
16;15;16086
16;16;16454
16;17;16527
16;18;16531
16;19;16629
16;20;16661
16;21;16715
16;22;16719
16;23;16735
16;24;16763
16;25;16788
16;26;16796
16;27;16806
16;28;16845
16;29;16864
16;30;16918
16;31;16940
16;32;16944
16;33;16950
16;34;16985
16;35;17007
16;36;17024
16;37;17047
16;38;17051
16;39;17055
16;40;17070
16;41;17083
16;42;17086
16;43;17109
16;44;17141
16;45;17157
16;46;17166
16;47;17181
17;1;12547
17;2;12767
17;3;12812
17;4;12911
17;5;13142
17;6;13699
17;7;13876
17;8;14343
17;9;14345
17;10;14707
17;11;14748
17;12;14765
17;13;14787
17;14;14947
17;15;15064
17;16;15067
17;17;15178
17;18;15225
17;19;15260
17;20;15645
17;21;15646
17;22;15709
17;23;15721
17;24;16203
17;25;16277
17;26;16283
17;27;16341
17;28;16344
17;29;16812
17;30;16868
17;31;16872
17;32;16889
17;33;16911
17;34;16923
17;35;16944
17;36;16966
17;37;16974
17;38;16978
17;39;16980
17;40;16999
17;41;17020
17;42;17039
17;43;17071
17;44;17073
17;45;17075
17;46;17079
17;47;17129
17;48;17137
17;49;17152
17;50;17194
17;51;17206
17;52;17222
18;1;12448
18;2;12923
18;3;13301
18;4;13415
18;5;13900
18;6;13950
18;7;14295
18;8;14310
18;9;14331
18;10;14373
18;11;14448
18;12;14451
18;13;14881
18;14;14886
18;15;14908
18;16;14949
18;17;14987
18;18;15009
18;19;15013
18;20;15036
18;21;15065
18;22;15448
18;23;15481
18;24;15488
18;25;15521
18;26;16027
18;27;16130
18;28;16170
18;29;16178
18;30;16655
18;31;16700
18;32;16711
18;33;16752
18;34;16764
18;35;16777
18;36;16806
18;37;16843
18;38;16851
18;39;16861
18;40;16882
18;41;16886
18;42;16891
18;43;16895
18;44;16903
18;45;16925
18;46;16928
18;47;16975
18;48;16989
18;49;16993
18;50;17001
18;51;17037
18;52;17078
18;53;17083
18;54;17095
18;55;17099
18;56;17100
18;57;17122
18;58;17137
18;59;17152
18;60;17160
18;61;17169
18;62;17170
19;1;13367
19;2;13382
19;3;13871
19;4;14088
19;5;14591
19;6;15113
19;7;15135
19;8;15253
19;9;15274
19;10;15785
19;11;15797
19;12;15850
19;13;16247
19;14;16309
19;15;16326
19;16;16735
19;17;16769
19;18;16805
19;19;16838
19;20;16839
19;21;16864
19;22;16886
19;23;16908
19;24;16912
19;25;16923
19;26;16928
19;27;16947
19;28;16955
19;29;16974
19;30;17017
19;31;17035
19;32;17047
19;33;17070
19;34;17078
19;35;17102
19;36;17121
19;37;17137
19;38;17141
19;39;17148
19;40;17150
19;41;17167
19;42;17183
19;43;17185
20;1;10001
20;2;10500
20;3;11000
20;4;11436
20;5;11439
20;6;11767
20;7;11840
20;8;12359
20;9;12670
20;10;13181
20;11;13394
20;12;13419
20;13;13797
20;14;13812
20;15;14243
20;16;14665
20;17;15141
20;18;15285
20;19;15736
20;20;15865
20;21;15885
20;22;15909
20;23;15991
20;24;16043
20;25;16089
20;26;16151
20;27;16228
20;28;16250
20;29;16304
20;30;16314
20;31;16706
20;32;16714
20;33;16719
20;34;16742
20;35;16763
20;36;16767
20;37;16777
20;38;16791
20;39;16807
20;40;16848
20;41;16902
20;42;16964
20;43;17023
20;44;17043
20;45;17058
20;46;17102
20;47;17114
20;48;17124
20;49;17136
20;50;17146
20;51;17150
21;1;12554
21;2;12609
21;3;13049
21;4;13467
21;5;13575
21;6;13622
21;7;13654
21;8;14029
21;9;14030
21;10;14389
21;11;14392
21;12;14415
21;13;14463
21;14;14469
21;15;14523
21;16;14541
21;17;14853
21;18;15030
21;19;15433
21;20;15491
21;21;15516
21;22;15545
21;23;15581
21;24;15612
21;25;16004
21;26;16031
21;27;16050
21;28;16072
21;29;16097
21;30;16098
21;31;16106
21;32;16168
21;33;16209
21;34;16226
21;35;16231
21;36;16242
21;37;16751
21;38;16761
21;39;16768
21;40;16782
21;41;16880
21;42;16889
21;43;17007
21;44;17026
21;45;17038
21;46;17056
21;47;17057
21;48;17076
21;49;17093
21;50;17097
21;51;17112
21;52;17124
21;53;17144
21;54;17148
21;55;17163
22;1;12807
22;2;12884
22;3;13009
22;4;13436
22;5;13937
22;6;14375
22;7;14736
22;8;14794
22;9;15120
22;10;15179
22;11;15181
22;12;15257
22;13;15273
22;14;15593
22;15;15600
22;16;16069
22;17;16088
22;18;16381
22;19;16389
22;20;16587
22;21;16603
22;22;16671
22;23;16672
22;24;16676
22;25;16690
22;26;16762
22;27;16859
22;28;16900
22;29;16919
22;30;16925
22;31;16935
22;32;16943
22;33;16965
22;34;16969
22;35;16975
22;36;16987
22;37;16991
22;38;17003
22;39;17024
22;40;17064
22;41;17086
22;42;17099
22;43;17140
22;44;17141
22;45;17145
22;46;17155
22;47;17159
22;48;17174
22;49;17196
22;50;17213
22;51;17217
23;1;10636
23;2;11072
23;3;11126
23;4;11465
23;5;12018
23;6;12056
23;7;12170
23;8;12578
23;9;12653
23;10;12707
23;11;12716
23;12;13146
23;13;13419
23;14;13929
23;15;13974
23;16;14073
23;17;14549
23;18;15022
23;19;15512
23;20;15606
23;21;15630
23;22;16027
23;23;16087
23;24;16107
23;25;16116
23;26;16122
23;27;16176
23;28;16259
23;29;16261
23;30;16284
23;31;16300
23;32;16321
23;33;16357
23;34;16755
23;35;16766
23;36;16811
23;37;16851
23;38;16861
23;39;16894
23;40;16938
23;41;16948
23;42;16975
23;43;16997
23;44;17042
23;45;17061
23;46;17079
23;47;17091
23;48;17100
23;49;17101
23;50;17126
23;51;17127
23;52;17131
23;53;17134
23;54;17144
23;55;17174
23;56;17178
23;57;17193
23;58;17201
23;59;17222
24;1;12671
24;2;12940
24;3;12985
24;4;13461
24;5;13903
24;6;13960
24;7;13964
24;8;14012
24;9;14379
24;10;14869
24;11;14908
24;12;15205
24;13;15300
24;14;15340
24;15;15344
24;16;15443
24;17;15455
24;18;15963
24;19;16087
24;20;16111
24;21;16152
24;22;16448
24;23;16470
24;24;16584
24;25;16628
24;26;16679
24;27;16699
24;28;16721
24;29;16766
24;30;16771
24;31;16779
24;32;16809
24;33;16854
24;34;16880
24;35;16911
24;36;16925
24;37;16944
24;38;16946
24;39;16948
24;40;16952
24;41;16972
24;42;16987
24;43;16989
24;44;17051
24;45;17054
24;46;17063
24;47;17082
24;48;17104
24;49;17112
24;50;17122
24;51;17123
24;52;17149
24;53;17190
24;54;17205
24;55;17215
25;1;13099
25;2;13229
25;3;13663
25;4;14086
25;5;14522
25;6;14577
25;7;14787
25;8;14801
25;9;14900
25;10;14973
25;11;14995
25;12;15028
25;13;15064
25;14;15123
25;15;15304
25;16;15336
25;17;15416
25;18;15461
25;19;15464
25;20;15737
25;21;15762
25;22;15834
25;23;15862
25;24;16043
25;25;16053
25;26;16073
25;27;16095
25;28;16107
25;29;16130
25;30;16138
25;31;16197
25;32;16206
25;33;16217
25;34;16235
25;35;16248
25;36;16250
25;37;16266
25;38;16275
25;39;16281
25;40;16316
25;41;16344
25;42;16348
25;43;16896
25;44;16906
25;45;16921
25;46;16940
25;47;16982
25;48;16998
25;49;17014
25;50;17016
25;51;17017
25;52;17025
25;53;17029
25;54;17048
25;55;17079
25;56;17089
25;57;17107
25;58;17130
25;59;17140
25;60;17144
25;61;17166
25;62;17171
25;63;17181
25;64;17186
25;65;17220
26;1;12497
26;2;13063
26;3;13486
26;4;13506
26;5;13907
26;6;14362
26;7;14475
26;8;14488
26;9;14607
26;10;15034
26;11;15206
26;12;15244
26;13;15316
26;14;15412
26;15;15541
26;16;15933
26;17;15945
26;18;15962
26;19;16039
26;20;16065
26;21;16069
26;22;16512
26;23;16520
26;24;16614
26;25;16619
26;26;16659
26;27;16710
26;28;16743
26;29;16766
26;30;16823
26;31;16828
26;32;16864
26;33;16867
26;34;16943
26;35;16982
26;36;16992
26;37;17001
26;38;17005
26;39;17010
26;40;17020
26;41;17046
26;42;17075
26;43;17084
26;44;17085
26;45;17114
26;46;17152
27;1;11130
27;2;11542
27;3;11715
27;4;11730
27;5;11734
27;6;12205
27;7;12829
27;8;12865
27;9;12871
27;10;12995
27;11;13454
27;12;13514
27;13;14047
27;14;14117
27;15;14547
27;16;14607
27;17;14951
27;18;15053
27;19;15075
27;20;15126
27;21;15146
27;22;15182
27;23;15550
27;24;15641
27;25;15649
27;26;15680
27;27;16072
27;28;16098
27;29;16121
27;30;16129
27;31;16170
27;32;16239
27;33;16621
27;34;16696
27;35;16723
27;36;16786
27;37;16821
27;38;16843
27;39;16846
27;40;16873
27;41;16900
27;42;16901
27;43;16967
27;44;16990
27;45;16998
27;46;17020
27;47;17041
27;48;17063
27;49;17072
27;50;17088
27;51;17092
27;52;17133
27;53;17140
28;1;12341
28;2;12685
28;3;12767
28;4;13152
28;5;13642
28;6;13686
28;7;13719
28;8;13867
28;9;13943
28;10;14351
28;11;14826
28;12;15258
28;13;15281
28;14;15394
28;15;15409
28;16;15426
28;17;15437
28;18;15575
28;19;15975
28;20;15999
28;21;16062
28;22;16075
28;23;16116
28;24;16130
28;25;16150
28;26;16166
28;27;16262
28;28;16267
28;29;16285
28;30;16352
28;31;16398
28;32;16408
28;33;16440
28;34;16884
28;35;16892
28;36;16896
28;37;16918
28;38;16921
28;39;16939
28;40;16948
28;41;16997
28;42;17007
28;43;17038
28;44;17048
28;45;17058
28;46;17073
28;47;17074
28;48;17075
28;49;17090
28;50;17106
28;51;17129
28;52;17132
28;53;17142
28;54;17149
28;55;17155
28;56;17159
28;57;17171
28;58;17181
29;1;12397
29;2;12720
29;3;12858
29;4;12956
29;5;13045
29;6;13090
29;7;13476
29;8;13653
29;9;13659
29;10;14122
29;11;14132
29;12;14430
29;13;14529
29;14;14687
29;15;15002
29;16;15077
29;17;15085
29;18;15153
29;19;15157
29;20;15377
29;21;15455
29;22;15554
29;23;15557
29;24;15984
29;25;15999
29;26;16052
29;27;16072
29;28;16108
29;29;16371
29;30;16379
29;31;16483
29;32;16554
29;33;16570
29;34;16624
29;35;16676
29;36;16680
29;37;16703
29;38;16771
29;39;16812
29;40;16913
29;41;16927
29;42;16936
29;43;16939
29;44;16947
29;45;16958
29;46;16968
29;47;16983
29;48;16987
29;49;16995
29;50;17009
29;51;17030
29;52;17039
29;53;17043
29;54;17058
29;55;17065
29;56;17069
29;57;17079
29;58;17090
29;59;17100
29;60;17134
29;61;17143
29;62;17165
29;63;17177
29;64;17181
29;65;17194
30;1;12982
30;2;13004
30;3;13280
30;4;13701
30;5;13705
30;6;13709
30;7;14062
30;8;14066
30;9;14497
30;10;14521
30;11;15031
30;12;15140
30;13;15333
30;14;15438
30;15;15615
30;16;15691
30;17;15759
30;18;15792
30;19;16303
30;20;16701
30;21;16707
30;22;16714
30;23;16755
30;24;16766
30;25;16803
30;26;16807
30;27;16830
30;28;16853
30;29;16863
30;30;16885
30;31;16909
30;32;16921
30;33;16925
30;34;16942
30;35;16964
30;36;16966
30;37;16988
30;38;16993
30;39;16999
30;40;17011
30;41;17013
30;42;17023
30;43;17034
30;44;17053
30;45;17086
30;46;17108
30;47;17130
30;48;17138
30;49;17153
30;50;17205
30;51;17215
30;52;17226
31;1;13444
31;2;13943
31;3;14351
31;4;14862
31;5;14916
31;6;15324
31;7;15328
31;8;15331
31;9;15769
31;10;15822
31;11;15841
31;12;15900
31;13;15933
31;14;16196
31;15;16216
31;16;16256
31;17;16592
31;18;16604
31;19;16625
31;20;16635
31;21;16653
31;22;16663
31;23;16697
31;24;16708
31;25;16711
31;26;16712
31;27;16729
31;28;16749
31;29;16777
31;30;16843
31;31;16866
31;32;16869
31;33;16873
31;34;16919
31;35;16939
31;36;16954
31;37;17002
31;38;17014
31;39;17018
31;40;17038
31;41;17053
31;42;17072
31;43;17080
31;44;17106
31;45;17116
31;46;17117
31;47;17129
31;48;17135
31;49;17145
31;50;17151
31;51;17152
32;1;11051
32;2;11489
32;3;12091
32;4;12185
32;5;12207
32;6;12608
32;7;13108
32;8;13118
32;9;13291
32;10;13829
32;11;13861
32;12;13929
32;13;13969
32;14;14038
32;15;14406
32;16;14561
32;17;14623
32;18;14941
32;19;14975
32;20;15100
32;21;15114
32;22;15508
32;23;15606
32;24;15628
32;25;15925
32;26;15943
32;27;15957
32;28;16049
32;29;16474
32;30;16475
32;31;16529
32;32;16567
32;33;16570
32;34;16603
32;35;16695
32;36;16701
32;37;16820
32;38;16845
32;39;16920
32;40;16929
32;41;16931
32;42;16940
32;43;16962
32;44;16966
32;45;17009
32;46;17011
32;47;17015
32;48;17049
32;49;17053
32;50;17057
32;51;17080
32;52;17109
32;53;17124
32;54;17134
32;55;17146
32;56;17154
32;57;17170
32;58;17174
32;59;17181
33;1;12231
33;2;12599
33;3;12632
33;4;12642
33;5;12904
33;6;12958
33;7;12981
33;8;13564
33;9;14039
33;10;14115
33;11;14744
33;12;14806
33;13;14940
33;14;15220
33;15;15354
33;16;15360
33;17;15774
33;18;16238
33;19;16577
33;20;16696
33;21;16782
33;22;16786
33;23;16862
33;24;16863
33;25;16876
33;26;16884
33;27;16895
33;28;16918
33;29;16963
33;30;16967
33;31;16989
33;32;17013
33;33;17031
33;34;17041
33;35;17046
33;36;17082
33;37;17094
33;38;17098
33;39;17107
33;40;17110
33;41;17138
33;42;17156
33;43;17178
33;44;17183
33;45;17206
33;46;17222
34;1;11094
34;2;11584
34;3;12040
34;4;12459
34;5;12461
34;6;12950
34;7;12971
34;8;13383
34;9;13428
34;10;13460
34;11;13904
34;12;14170
34;13;14174
34;14;14192
34;15;14214
34;16;14273
34;17;14741
34;18;14758
34;19;14769
34;20;14773
34;21;15292
34;22;15347
34;23;15742
34;24;15840
34;25;16333
34;26;16510
34;27;16542
34;28;16579
34;29;16591
34;30;16626
34;31;16634
34;32;16676
34;33;16691
34;34;16733
34;35;16763
34;36;16774
34;37;16838
34;38;16860
34;39;16862
34;40;16874
34;41;16878
34;42;16883
34;43;16900
34;44;16904
34;45;16914
34;46;16932
34;47;16941
34;48;16949
34;49;17041
34;50;17060
34;51;17064
34;52;17068
34;53;17100
34;54;17104
34;55;17130
34;56;17140
34;57;17160
34;58;17196
34;59;17212
34;60;17222
35;1;13745
35;2;14240
35;3;14641
35;4;14663
35;5;14721
35;6;14998
35;7;15057
35;8;15187
35;9;15241
35;10;15245
35;11;15598
35;12;15610
35;13;15642
35;14;15996
35;15;16034
35;16;16058
35;17;16567
35;18;16580
35;19;16625
35;20;16638
35;21;16682
35;22;16739
35;23;16834
35;24;16839
35;25;16842
35;26;16864
35;27;16897
35;28;16946
35;29;16966
35;30;16976
35;31;16980
35;32;16989
35;33;17005
35;34;17027
35;35;17045
35;36;17052
35;37;17065
35;38;17077
35;39;17084
35;40;17098
35;41;17131
35;42;17137
35;43;17141
35;44;17156
35;45;17163
36;1;12675
36;2;13129
36;3;13202
36;4;13238
36;5;13481
36;6;13951
36;7;14279
36;8;14456
36;9;14677
36;10;15166
36;11;15176
36;12;15191
36;13;15671
36;14;15681
36;15;15702
36;16;15959
36;17;15963
36;18;16061
36;19;16115
36;20;16276
36;21;16655
36;22;16713
36;23;16823
36;24;16832
36;25;16842
36;26;16848
36;27;16856
36;28;16954
36;29;16992
36;30;17001
36;31;17063
36;32;17081
36;33;17084
36;34;17106
36;35;17145
36;36;17163
36;37;17168
36;38;17172
36;39;17174
36;40;17178
36;41;17181
36;42;17183
36;43;17187
37;1;13386
37;2;13485
37;3;13929
37;4;14439
37;5;14550
37;6;14572
37;7;14618
37;8;14654
37;9;14973
37;10;15024
37;11;15451
37;12;15468
37;13;15471
37;14;15743
37;15;15851
37;16;15862
37;17;15884
37;18;15974
37;19;15986
37;20;16044
37;21;16098
37;22;16123
37;23;16129
37;24;16137
37;25;16213
37;26;16262
37;27;16266
37;28;16270
37;29;16289
37;30;16292
37;31;16686
37;32;16799
37;33;16861
37;34;16912
37;35;16920
37;36;16940
37;37;16965
37;38;16993
37;39;17025
37;40;17058
37;41;17099
37;42;17121
37;43;17143
37;44;17205
37;45;17215
38;1;13028
38;2;13101
38;3;13226
38;4;13453
38;5;13457
38;6;13480
38;7;13847
38;8;14001
38;9;14037
38;10;14410
38;11;14419
38;12;14547
38;13;14570
38;14;15114
38;15;15428
38;16;15496
38;17;15558
38;18;15577
38;19;16039
38;20;16097
38;21;16158
38;22;16180
38;23;16190
38;24;16198
38;25;16200
38;26;16267
38;27;16744
38;28;16764
38;29;16770
38;30;16774
38;31;16820
38;32;16841
38;33;16872
38;34;16916
38;35;16928
38;36;16940
38;37;16950
38;38;16958
38;39;16962
38;40;17000
38;41;17047
38;42;17069
38;43;17075
38;44;17145
38;45;17155
38;46;17172
38;47;17180
38;48;17195
38;49;17206
39;1;15092
39;2;15120
39;3;15436
39;4;15471
39;5;16120
39;6;16124
39;7;16542
39;8;16615
39;9;16619
39;10;16663
39;11;16685
39;12;16694
39;13;16695
39;14;16699
39;15;16719
39;16;16728
39;17;16753
39;18;16757
39;19;16763
39;20;16775
39;21;16806
39;22;16847
39;23;16906
39;24;16925
39;25;16947
39;26;16987
39;27;17023
39;28;17027
39;29;17031
39;30;17041
39;31;17063
39;32;17097
39;33;17103
39;34;17118
39;35;17133
39;36;17155
39;37;17162
39;38;17163
40;1;10342
40;2;10362
40;3;10371
40;4;10936
40;5;11034
40;6;11608
40;7;12257
40;8;12695
40;9;12698
40;10;12760
40;11;13326
40;12;13797
40;13;13819
40;14;14244
40;15;14668
40;16;14691
40;17;15099
40;18;15635
40;19;15649
40;20;15665
40;21;15669
40;22;16062
40;23;16066
40;24;16069
40;25;16510
40;26;16524
40;27;16528
40;28;16581
40;29;16623
40;30;16630
40;31;16634
40;32;16687
40;33;16712
40;34;16747
40;35;16755
40;36;16770
40;37;16773
40;38;16795
40;39;16827
40;40;16834
40;41;16837
40;42;16840
40;43;16844
40;44;16871
40;45;16891
40;46;16892
40;47;16913
40;48;16921
40;49;16925
40;50;16930
40;51;16940
40;52;16942
40;53;16957
40;54;16990
40;55;17019
40;56;17036
40;57;17040
40;58;17055
40;59;17091
40;60;17145
40;61;17176
40;62;17186
41;1;12707
41;2;12713
41;3;12771
41;4;12844
41;5;13023
41;6;13503
41;7;13977
41;8;14070
41;9;14500
41;10;14950
41;11;15171
41;12;15263
41;13;15311
41;14;15747
41;15;15818
41;16;15909
41;17;15967
41;18;15986
41;19;16357
41;20;16417
41;21;16476
41;22;16552
41;23;16601
41;24;16623
41;25;16634
41;26;16668
41;27;16736
41;28;16759
41;29;16781
41;30;16792
41;31;16796
41;32;16814
41;33;16837
41;34;16856
41;35;16865
41;36;16871
41;37;16874
41;38;16884
41;39;16923
41;40;16924
41;41;16932
41;42;16939
41;43;16958
41;44;16965
41;45;16987
41;46;17006
41;47;17016
41;48;17027
41;49;17063
41;50;17065
41;51;17069
41;52;17077
41;53;17089
41;54;17091
41;55;17092
42;1;14124
42;2;14634
42;3;14955
42;4;14979
42;5;15392
42;6;15577
42;7;15631
42;8;15656
42;9;16040
42;10;16073
42;11;16165
42;12;16171
42;13;16223
42;14;16275
42;15;16279
42;16;16301
42;17;16639
42;18;16658
42;19;16685
42;20;16700
42;21;16771
42;22;16876
42;23;16898
42;24;16908
42;25;16920
42;26;16968
42;27;16977
42;28;16988
42;29;16999
42;30;17020
42;31;17030
42;32;17041
42;33;17050
42;34;17071
42;35;17081
42;36;17103
42;37;17114
43;1;15312
43;2;15686
43;3;16098
43;4;16101
43;5;16331
43;6;16508
43;7;16529
43;8;16536
43;9;16602
43;10;16622
43;11;16685
43;12;16695
43;13;16716
43;14;16723
43;15;16740
43;16;16744
43;17;16820
43;18;16852
43;19;16856
43;20;16892
43;21;16900
43;22;16922
43;23;16925
43;24;16944
43;25;16953
43;26;16963
43;27;16972
43;28;16994
43;29;17021
43;30;17042
43;31;17060
43;32;17064
43;33;17087
43;34;17099
43;35;17107
43;36;17115
43;37;17130
43;38;17198
43;39;17219
43;40;17224
43;41;17228
44;1;13506
44;2;13560
44;3;13634
44;4;14200
44;5;14222
44;6;14234
44;7;14238
44;8;14240
44;9;14685
44;10;15152
44;11;15178
44;12;15571
44;13;15985
44;14;16026
44;15;16044
44;16;16077
44;17;16081
44;18;16089
44;19;16130
44;20;16141
44;21;16163
44;22;16190
44;23;16244
44;24;16254
44;25;16260
44;26;16774
44;27;16786
44;28;16795
44;29;16806
44;30;16833
44;31;16857
44;32;16869
44;33;16905
44;34;16978
44;35;17014
44;36;17024
44;37;17028
44;38;17044
44;39;17063
44;40;17103
44;41;17130
44;42;17146
44;43;17171
45;1;12266
45;2;12307
45;3;12850
45;4;13242
45;5;13250
45;6;13254
45;7;13340
45;8;13346
45;9;13802
45;10;14262
45;11;14752
45;12;14780
45;13;15081
45;14;15550
45;15;15870
45;16;16006
45;17;16027
45;18;16660
45;19;16681
45;20;16703
45;21;16771
45;22;16793
45;23;16797
45;24;16824
45;25;16839
45;26;16845
45;27;16865
45;28;16906
45;29;16953
45;30;17004
45;31;17006
45;32;17068
45;33;17078
45;34;17083
45;35;17087
45;36;17109
45;37;17113
45;38;17115
45;39;17123
45;40;17151
45;41;17160
45;42;17165
45;43;17176
45;44;17186
46;1;13917
46;2;14406
46;3;14752
46;4;14756
46;5;15197
46;6;15247
46;7;15262
46;8;15353
46;9;15373
46;10;15395
46;11;15413
46;12;15843
46;13;15862
46;14;15868
46;15;15904
46;16;15907
46;17;15979
46;18;16001
46;19;16010
46;20;16032
46;21;16131
46;22;16157
46;23;16171
46;24;16201
46;25;16219
46;26;16234
46;27;16290
46;28;16312
46;29;16316
46;30;16352
46;31;16911
46;32;16924
46;33;16928
46;34;16933
46;35;16988
46;36;17007
46;37;17037
46;38;17047
46;39;17071
46;40;17074
46;41;17138
46;42;17140
46;43;17144
46;44;17146
47;1;10870
47;2;10920
47;3;11294
47;4;11309
47;5;11847
47;6;12225
47;7;12735
47;8;12826
47;9;12839
47;10;13291
47;11;13324
47;12;13764
47;13;14263
47;14;14285
47;15;14378
47;16;14441
47;17;14463
47;18;14893
47;19;15243
47;20;15341
47;21;15345
47;22;15368
47;23;15374
47;24;15397
47;25;15419
47;26;15431
47;27;15829
47;28;15836
47;29;15955
47;30;15959
47;31;16001
47;32;16107
47;33;16586
47;34;16605
47;35;16610
47;36;16643
47;37;16659
47;38;16663
47;39;16686
47;40;16695
47;41;16753
47;42;16789
47;43;16803
47;44;16807
47;45;16827
47;46;16849
47;47;16867
47;48;16921
47;49;16925
47;50;16935
47;51;16941
47;52;16948
47;53;16966
47;54;16975
47;55;16979
47;56;17029
47;57;17041
47;58;17052
47;59;17060
47;60;17062
47;61;17091
47;62;17094
47;63;17098
47;64;17118
47;65;17127
47;66;17134
47;67;17160
47;68;17170
47;69;17185
47;70;17194
48;1;12121
48;2;12220
48;3;12226
48;4;12271
48;5;12276
48;6;12685
48;7;12689
48;8;12799
48;9;12836
48;10;12868
48;11;13280
48;12;13481
48;13;13535
48;14;13903
48;15;13951
48;16;14081
48;17;14337
48;18;14405
48;19;14878
48;20;14883
48;21;14982
48;22;15046
48;23;15180
48;24;15394
48;25;15497
48;26;15542
48;27;15602
48;28;15638
48;29;16056
48;30;16083
48;31;16413
48;32;16453
48;33;16666
48;34;16733
48;35;16795
48;36;16797
48;37;16804
48;38;16813
48;39;16858
48;40;16906
48;41;16956
48;42;16988
48;43;17000
48;44;17004
48;45;17015
48;46;17056
48;47;17092
48;48;17160
48;49;17182
48;50;17185
48;51;17191
48;52;17195
48;53;17217
49;1;12841
49;2;13250
49;3;13760
49;4;13768
49;5;14063
49;6;14074
49;7;14095
49;8;14209
49;9;14215
49;10;14240
49;11;14694
49;12;14745
49;13;14903
49;14;14907
49;15;15283
49;16;15390
49;17;15759
49;18;15767
49;19;15803
49;20;15848
49;21;16010
49;22;16450
49;23;16524
49;24;16556
49;25;16574
49;26;16599
49;27;16658
49;28;16706
49;29;16712
49;30;16732
49;31;16768
49;32;16787
49;33;16862
49;34;16916
49;35;16961
49;36;17015
49;37;17048
49;38;17052
49;39;17070
49;40;17074
49;41;17099
49;42;17131
49;43;17146
49;44;17147
49;45;17166
49;46;17170
49;47;17181
49;48;17226
50;1;14594
50;2;14662
50;3;14798
50;4;14806
50;5;15281
50;6;15340
50;7;15398
50;8;15408
50;9;15602
50;10;15614
50;11;15659
50;12;15703
50;13;15993
50;14;16059
50;15;16080
50;16;16117
50;17;16153
50;18;16673
50;19;16677
50;20;16758
50;21;16795
50;22;16801
50;23;16812
50;24;16816
50;25;16822
50;26;16873
50;27;16895
50;28;16899
50;29;16902
50;30;16947
50;31;16962
50;32;16963
50;33;16966
50;34;16970
50;35;16992
50;36;17007
50;37;17010
50;38;17025
50;39;17039
50;40;17048
50;41;17079
50;42;17089
50;43;17111
50;44;17118
50;45;17129
50;46;17161
50;47;17165
50;48;17170
50;49;17180
50;50;17181
50;51;17188
50;52;17192
51;1;13497
51;2;14035
51;3;14134
51;4;14208
51;5;14316
51;6;14330
51;7;14840
51;8;15211
51;9;15787
51;10;15809
51;11;15990
51;12;15996
51;13;16008
51;14;16062
51;15;16070
51;16;16110
51;17;16143
51;18;16144
51;19;16172
51;20;16194
51;21;16650
51;22;16700
51;23;16726
51;24;16758
51;25;16778
51;26;16800
51;27;16839
51;28;16854
51;29;16925
51;30;16936
51;31;16958
51;32;17019
51;33;17028
51;34;17038
51;35;17060
51;36;17069
51;37;17074
51;38;17092
51;39;17100
51;40;17140
51;41;17146
51;42;17158
51;43;17182
51;44;17192
52;1;13684
52;2;14161
52;3;14291
52;4;14383
52;5;14394
52;6;14795
52;7;14831
52;8;14907
52;9;15095
52;10;15531
52;11;15657
52;12;15670
52;13;15745
52;14;16151
52;15;16519
52;16;16521
52;17;16552
52;18;16560
52;19;16568
52;20;16572
52;21;16594
52;22;16618
52;23;16639
52;24;16645
52;25;16670
52;26;16711
52;27;16713
52;28;16733
52;29;16768
52;30;16772
52;31;16778
52;32;16793
52;33;16829
52;34;16835
52;35;16868
52;36;16877
52;37;16910
52;38;16925
52;39;16929
52;40;16933
52;41;16944
52;42;16962
52;43;16977
52;44;16987
52;45;17015
52;46;17037
52;47;17041
52;48;17048
52;49;17051
52;50;17055
52;51;17063
52;52;17095
52;53;17117
52;54;17120
52;55;17135
52;56;17141
52;57;17163
52;58;17199
52;59;17207
52;60;17224
52;61;17228
53;1;13463
53;2;13486
53;3;13529
53;4;14009
53;5;14451
53;6;14485
53;7;15087
53;8;15123
53;9;15606
53;10;15879
53;11;15912
53;12;15975
53;13;15998
53;14;16017
53;15;16023
53;16;16031
53;17;16428
53;18;16430
53;19;16536
53;20;16577
53;21;16676
53;22;16735
53;23;16757
53;24;16773
53;25;16827
53;26;16854
53;27;16876
53;28;16888
53;29;16896
53;30;16928
53;31;16947
53;32;16963
53;33;16985
53;34;17039
53;35;17043
53;36;17058
53;37;17101
53;38;17105
53;39;17107
53;40;17114
53;41;17115
53;42;17130
53;43;17140
53;44;17162
53;45;17169
53;46;17173
53;47;17183
54;1;11530
54;2;11561
54;3;12002
54;4;12056
54;5;12379
54;6;13003
54;7;13463
54;8;13577
54;9;13635
54;10;14201
54;11;14315
54;12;14751
54;13;15126
54;14;15601
54;15;15674
54;16;15908
54;17;15920
54;18;16029
54;19;16163
54;20;16186
54;21;16207
54;22;16282
54;23;16847
54;24;16868
54;25;16890
54;26;16912
54;27;16927
54;28;16948
54;29;16967
54;30;16971
54;31;16981
54;32;17043
54;33;17050
54;34;17056
54;35;17091
54;36;17110
54;37;17132
54;38;17162
54;39;17172
54;40;17176
54;41;17185
55;1;12578
55;2;12946
55;3;13075
55;4;13143
55;5;13216
55;6;13256
55;7;13692
55;8;13766
55;9;13778
55;10;14028
55;11;14049
55;12;14059
55;13;14413
55;14;14790
55;15;14802
55;16;14900
55;17;15387
55;18;15453
55;19;15459
55;20;15474
55;21;15478
55;22;15512
55;23;15566
55;24;15576
55;25;15593
55;26;15601
55;27;15654
55;28;15701
55;29;15769
55;30;16190
55;31;16238
55;32;16279
55;33;16300
55;34;16334
55;35;16350
55;36;16372
55;37;16395
55;38;16399
55;39;16849
55;40;16893
55;41;16913
55;42;16916
55;43;16918
55;44;16932
55;45;16945
55;46;17053
55;47;17062
55;48;17073
55;49;17088
55;50;17110
55;51;17114
55;52;17150
56;1;14354
56;2;14847
56;3;14889
56;4;15237
56;5;15422
56;6;15463
56;7;15469
56;8;15959
56;9;15963
56;10;15975
56;11;16021
56;12;16038
56;13;16114
56;14;16565
56;15;16580
56;16;16613
56;17;16635
56;18;16654
56;19;16671
56;20;16677
56;21;16681
56;22;16695
56;23;16706
56;24;16791
56;25;16816
56;26;16824
56;27;16840
56;28;16861
56;29;16870
56;30;16906
56;31;16928
56;32;16949
56;33;16959
56;34;16963
56;35;16986
56;36;17000
56;37;17020
56;38;17024
56;39;17043
56;40;17065
56;41;17082
56;42;17115
56;43;17155
56;44;17159
56;45;17177
56;46;17181
56;47;17226
57;1;11978
57;2;12471
57;3;12993
57;4;13051
57;5;13079
57;6;13120
57;7;13135
57;8;13447
57;9;13922
57;10;13984
57;11;14416
57;12;14723
57;13;14803
57;14;14991
57;15;15008
57;16;15116
57;17;15370
57;18;15379
57;19;15400
57;20;15499
57;21;15970
57;22;15974
57;23;15978
57;24;16044
57;25;16053
57;26;16551
57;27;16564
57;28;16632
57;29;16710
57;30;16725
57;31;16767
57;32;16789
57;33;16799
57;34;16832
57;35;16848
57;36;16864
57;37;16913
57;38;16928
57;39;16938
57;40;16942
57;41;16952
57;42;16958
57;43;16997
57;44;17023
57;45;17031
57;46;17054
57;47;17070
57;48;17074
57;49;17089
57;50;17097
57;51;17100
57;52;17106
57;53;17131
57;54;17136
57;55;17185
57;56;17207
57;57;17228
58;1;12600
58;2;12968
58;3;13150
58;4;13371
58;5;13411
58;6;13469
58;7;13522
58;8;13746
58;9;14379
58;10;14770
58;11;15152
58;12;15251
58;13;15287
58;14;15355
58;15;15898
58;16;15915
58;17;15916
58;18;15954
58;19;15987
58;20;16032
58;21;16054
58;22;16069
58;23;16077
58;24;16099
58;25;16102
58;26;16129
58;27;16133
58;28;16144
58;29;16259
58;30;16272
58;31;16313
58;32;16336
58;33;16344
58;34;16351
58;35;16367
58;36;16818
58;37;16850
58;38;16866
58;39;16869
58;40;16891
58;41;16895
58;42;16903
58;43;16914
58;44;16918
58;45;16959
58;46;16960
58;47;17005
58;48;17020
58;49;17042
58;50;17068
58;51;17076
58;52;17112
58;53;17124
58;54;17140
58;55;17144
58;56;17150
58;57;17163
59;1;10879
59;2;11342
59;3;11526
59;4;12018
59;5;12526
59;6;12588
59;7;13232
59;8;13480
59;9;13895
59;10;14351
59;11;14820
59;12;14979
59;13;15092
59;14;15093
59;15;15115
59;16;15130
59;17;15619
59;18;15937
59;19;16322
59;20;16388
59;21;16461
59;22;16494
59;23;16532
59;24;16568
59;25;16574
59;26;16595
59;27;16599
59;28;16666
59;29;16680
59;30;16689
59;31;16722
59;32;16731
59;33;16739
59;34;16759
59;35;16794
59;36;16821
59;37;16830
59;38;16889
59;39;16890
59;40;16902
59;41;16924
59;42;16928
59;43;16960
59;44;16972
59;45;16987
59;46;17043
59;47;17044
59;48;17047
59;49;17052
59;50;17062
59;51;17085
59;52;17100
59;53;17119
60;1;12884
60;2;13330
60;3;13357
60;4;13380
60;5;13595
60;6;14114
60;7;14312
60;8;14766
60;9;15144
60;10;15198
60;11;15427
60;12;15554
60;13;15904
60;14;15912
60;15;16046
60;16;16062
60;17;16099
60;18;16120
60;19;16139
60;20;16155
60;21;16156
60;22;16197
60;23;16719
60;24;16726
60;25;16745
60;26;16817
60;27;16820
60;28;16845
60;29;16868
60;30;16870
60;31;16906
60;32;16910
60;33;16929
60;34;16952
60;35;16973
60;36;16984
60;37;17009
60;38;17032
60;39;17047
60;40;17069
60;41;17084
61;1;12897
61;2;12920
61;3;13473
61;4;13799
61;5;14318
61;6;14535
61;7;14688
61;8;15112
61;9;15168
61;10;15213
61;11;15338
61;12;15349
61;13;15383
61;14;15437
61;15;15446
61;16;15957
61;17;15969
61;18;16028
61;19;16043
61;20;16047
61;21;16112
61;22;16128
61;23;16179
61;24;16202
61;25;16214
61;26;16225
61;27;16260
61;28;16268
61;29;16304
61;30;16331
61;31;16350
61;32;16357
61;33;16361
61;34;16373
61;35;16396
61;36;16843
61;37;16854
61;38;16876
61;39;16897
61;40;16901
61;41;16911
61;42;16913
61;43;16915
61;44;16947
61;45;16948
61;46;16992
61;47;17014
61;48;17036
61;49;17046
61;50;17061
61;51;17068
61;52;17075
61;53;17081
61;54;17103
61;55;17118
61;56;17162
61;57;17181
61;58;17199
61;59;17207
61;60;17217
61;61;17228
62;1;11776
62;2;12161
62;3;12196
62;4;12577
62;5;12637
62;6;13146
62;7;13595
62;8;13989
62;9;14089
62;10;14163
62;11;14203
62;12;14218
62;13;14238
62;14;14603
62;15;14620
62;16;14934
62;17;14956
62;18;14992
62;19;15447
62;20;15493
62;21;15584
62;22;15650
62;23;15771
62;24;16033
62;25;16132
62;26;16134
62;27;16157
62;28;16225
62;29;16252
62;30;16296
62;31;16807
62;32;16827
62;33;16870
62;34;16874
62;35;16914
62;36;16930
62;37;16978
62;38;16986
62;39;17026
62;40;17048
62;41;17084
62;42;17099
62;43;17116
62;44;17120
62;45;17140
62;46;17141
62;47;17149
62;48;17167
62;49;17177
62;50;17181
62;51;17186
63;1;12332
63;2;12447
63;3;12465
63;4;12729
63;5;12939
63;6;13304
63;7;13310
63;8;13689
63;9;14200
63;10;14268
63;11;14527
63;12;14625
63;13;14704
63;14;15269
63;15;15305
63;16;15637
63;17;16132
63;18;16139
63;19;16197
63;20;16219
63;21;16266
63;22;16367
63;23;16375
63;24;16448
63;25;16546
63;26;16578
63;27;16646
63;28;16654
63;29;16675
63;30;16734
63;31;16756
63;32;16762
63;33;16783
63;34;16817
63;35;16839
63;36;16854
63;37;16871
63;38;16892
63;39;16902
63;40;16914
63;41;16935
63;42;16943
63;43;16954
63;44;16963
63;45;16967
63;46;16982
63;47;17005
63;48;17011
63;49;17021
63;50;17059
63;51;17085
63;52;17095
63;53;17096
63;54;17100
63;55;17115
63;56;17122
63;57;17138
63;58;17142
63;59;17149
63;60;17160
63;61;17176
63;62;17186
64;1;11249
64;2;11633
64;3;12266
64;4;12868
64;5;13214
64;6;13631
64;7;13979
64;8;14396
64;9;14507
64;10;14962
64;11;14985
64;12;15058
64;13;15071
64;14;15091
64;15;15154
64;16;15204
64;17;15227
64;18;15499
64;19;15601
64;20;15612
64;21;15680
64;22;15724
64;23;16156
64;24;16157
64;25;16253
64;26;16272
64;27;16555
64;28;16575
64;29;16602
64;30;16615
64;31;16669
64;32;16683
64;33;16690
64;34;16708
64;35;16712
64;36;16788
64;37;16820
64;38;16821
64;39;16843
64;40;16852
64;41;16858
64;42;16867
64;43;16912
64;44;16918
64;45;16937
64;46;16941
64;47;16950
64;48;16962
64;49;16992
64;50;17006
64;51;17021
64;52;17053
64;53;17059
64;54;17075
64;55;17077
64;56;17086
64;57;17101
64;58;17109
64;59;17149
64;60;17190
64;61;17196
64;62;17206
65;1;11789
65;2;11809
65;3;12320
65;4;12618
65;5;12795
65;6;12803
65;7;13231
65;8;13764
65;9;13845
65;10;14344
65;11;14394
65;12;15043
65;13;15162
65;14;15478
65;15;15540
65;16;15575
65;17;15629
65;18;15648
65;19;15658
65;20;15663
65;21;16099
65;22;16131
65;23;16181
65;24;16610
65;25;16632
65;26;16643
65;27;16690
65;28;16716
65;29;16752
65;30;16805
65;31;16816
65;32;16822
65;33;16900
65;34;16924
65;35;16928
65;36;16930
65;37;16931
65;38;17024
65;39;17028
65;40;17033
65;41;17055
65;42;17071
65;43;17094
65;44;17098
65;45;17113
65;46;17124
65;47;17140
66;1;11973
66;2;12003
66;3;12013
66;4;12026
66;5;12539
66;6;12550
66;7;12839
66;8;13328
66;9;13355
66;10;13778
66;11;14238
66;12;14376
66;13;14406
66;14;14414
66;15;14923
66;16;14986
66;17;15030
66;18;15321
66;19;15754
66;20;16201
66;21;16205
66;22;16237
66;23;16371
66;24;16439
66;25;16498
66;26;16514
66;27;16537
66;28;16557
66;29;16613
66;30;16646
66;31;16650
66;32;16654
66;33;16685
66;34;16792
66;35;16864
66;36;16867
66;37;16888
66;38;16908
66;39;16949
66;40;16966
66;41;16976
66;42;16991
66;43;17000
66;44;17008
66;45;17035
66;46;17049
66;47;17064
66;48;17080
66;49;17092
66;50;17109
66;51;17119
66;52;17170
66;53;17175
66;54;17179
66;55;17193
66;56;17202
66;57;17206
66;58;17228
67;1;10520
67;2;10755
67;3;11035
67;4;11504
67;5;11527
67;6;11581
67;7;11701
67;8;12039
67;9;12078
67;10;12541
67;11;12586
67;12;12608
67;13;12702
67;14;13152
67;15;13558
67;16;13599
67;17;14000
67;18;14398
67;19;14917
67;20;14925
67;21;14946
67;22;14956
67;23;14996
67;24;15000
67;25;15012
67;26;15331
67;27;15407
67;28;15417
67;29;15471
67;30;15561
67;31;15603
67;32;15658
67;33;15662
67;34;15677
67;35;15699
67;36;15722
67;37;15742
67;38;15761
67;39;15787
67;40;15806
67;41;15812
67;42;15813
67;43;15872
67;44;15875
67;45;15909
67;46;16275
67;47;16281
67;48;16282
67;49;16318
67;50;16324
67;51;16340
67;52;16604
67;53;16654
67;54;16676
67;55;16726
67;56;16759
67;57;16772
67;58;16779
67;59;16783
67;60;16797
67;61;16819
67;62;16829
67;63;16830
67;64;16838
67;65;16846
67;66;16942
67;67;16954
67;68;16969
67;69;16971
67;70;16980
67;71;16993
67;72;17002
67;73;17012
67;74;17022
67;75;17034
67;76;17038
67;77;17058
67;78;17066
67;79;17092
67;80;17107
67;81;17117
67;82;17129
67;83;17151
67;84;17152
68;1;10304
68;2;10336
68;3;10342
68;4;10471
68;5;10849
68;6;10935
68;7;11343
68;8;11803
68;9;12108
68;10;12171
68;11;12583
68;12;13072
68;13;13092
68;14;13483
68;15;13496
68;16;13905
68;17;13966
68;18;14100
68;19;14133
68;20;14139
68;21;14168
68;22;14410
68;23;14631
68;24;14659
68;25;14682
68;26;15082
68;27;15117
68;28;15509
68;29;16066
68;30;16070
68;31;16083
68;32;16091
68;33;16163
68;34;16231
68;35;16245
68;36;16251
68;37;16267
68;38;16276
68;39;16298
68;40;16303
68;41;16306
68;42;16333
68;43;16351
68;44;16361
68;45;16424
68;46;16428
68;47;16432
68;48;16488
68;49;16856
68;50;16878
68;51;16887
68;52;16888
68;53;16889
68;54;16911
68;55;16932
68;56;16972
68;57;16994
68;58;16995
68;59;17029
68;60;17039
68;61;17061
68;62;17082
68;63;17089
68;64;17092
68;65;17113
68;66;17131
68;67;17142
68;68;17157
68;69;17166
68;70;17188
68;71;17192
68;72;17204
68;73;17226
69;1;13349
69;2;13839
69;3;13843
69;4;13856
69;5;14271
69;6;14481
69;7;14912
69;8;14915
69;9;14951
69;10;14960
69;11;14982
69;12;15012
69;13;15080
69;14;15091
69;15;15167
69;16;15505
69;17;16040
69;18;16108
69;19;16221
69;20;16441
69;21;16451
69;22;16461
69;23;16523
69;24;16602
69;25;16617
69;26;16634
69;27;16696
69;28;16708
69;29;16763
69;30;16800
69;31;16809
69;32;16831
69;33;16832
69;34;16877
69;35;16900
69;36;16923
69;37;16927
69;38;16950
69;39;16968
69;40;17008
69;41;17019
69;42;17023
69;43;17031
69;44;17046
69;45;17071
69;46;17088
69;47;17092
69;48;17106
69;49;17121
69;50;17142
69;51;17148
69;52;17150
69;53;17171
69;54;17192
70;1;12684
70;2;13127
70;3;13141
70;4;13483
70;5;13514
70;6;13878
70;7;13882
70;8;14290
70;9;14300
70;10;14319
70;11;14540
70;12;14541
70;13;14550
70;14;15019
70;15;15087
70;16;15435
70;17;15924
70;18;16018
70;19;16019
70;20;16072
70;21;16086
70;22;16140
70;23;16202
70;24;16211
70;25;16233
70;26;16256
70;27;16260
70;28;16265
70;29;16269
70;30;16294
70;31;16659
70;32;16831
70;33;16899
70;34;16948
70;35;16963
70;36;16967
70;37;17018
70;38;17024
70;39;17047
70;40;17083
70;41;17094
70;42;17098
70;43;17123
70;44;17129
70;45;17151
70;46;17161
70;47;17174
70;48;17181
71;1;9668
71;2;10042
71;3;10072
71;4;10528
71;5;10937
71;6;11374
71;7;11782
71;8;12384
71;9;12697
71;10;13292
71;11;13330
71;12;13396
71;13;13495
71;14;13949
71;15;14400
71;16;15049
71;17;15056
71;18;15533
71;19;15667
71;20;16147
71;21;16166
71;22;16194
71;23;16200
71;24;16210
71;25;16232
71;26;16255
71;27;16281
71;28;16285
71;29;16290
71;30;16313
71;31;16330
71;32;16340
71;33;16655
71;34;16677
71;35;16689
71;36;16697
71;37;16724
71;38;16775
71;39;16779
71;40;16797
71;41;16862
71;42;16881
71;43;16949
71;44;16961
71;45;16965
71;46;16968
71;47;16990
71;48;17046
71;49;17057
71;50;17061
71;51;17068
71;52;17086
71;53;17097
71;54;17116
71;55;17132
71;56;17144
71;57;17180
71;58;17185
71;59;17195
71;60;17199
72;1;13670
72;2;14126
72;3;14302
72;4;14370
72;5;14761
72;6;15170
72;7;15630
72;8;15807
72;9;15905
72;10;15959
72;11;15995
72;12;16039
72;13;16164
72;14;16639
72;15;16649
72;16;16658
72;17;16691
72;18;16781
72;19;16844
72;20;16861
72;21;16873
72;22;16891
72;23;16892
72;24;16896
72;25;16912
72;26;16966
72;27;16967
72;28;16988
72;29;16990
72;30;16999
72;31;17001
72;32;17026
72;33;17038
72;34;17056
72;35;17060
72;36;17078
72;37;17103
72;38;17115
72;39;17122
72;40;17123
72;41;17138
72;42;17139
72;43;17144
72;44;17161
72;45;17166
72;46;17192
73;1;11485
73;2;11984
73;3;12016
73;4;12640
73;5;13103
73;6;13148
73;7;13549
73;8;14009
73;9;14383
73;10;14912
73;11;14986
73;12;15004
73;13;15014
73;14;15036
73;15;15497
73;16;15833
73;17;16246
73;18;16338
73;19;16362
73;20;16388
73;21;16413
73;22;16453
73;23;16484
73;24;16529
73;25;16549
73;26;16595
73;27;16618
73;28;16620
73;29;16624
73;30;16670
73;31;16786
73;32;16798
73;33;16802
73;34;16818
73;35;16937
73;36;16945
73;37;16953
73;38;17007
73;39;17033
73;40;17055
73;41;17065
73;42;17069
73;43;17084
73;44;17124
73;45;17128
73;46;17150
74;1;12825
74;2;13285
74;3;13846
74;4;14305
74;5;14813
74;6;14821
74;7;14831
74;8;15242
74;9;15300
74;10;15359
74;11;15849
74;12;16151
74;13;16349
74;14;16717
74;15;16727
74;16;16737
74;17;16760
74;18;16782
74;19;16797
74;20;16813
74;21;16850
74;22;16855
74;23;16874
74;24;16919
74;25;16927
74;26;16933
74;27;16941
74;28;16950
74;29;16953
74;30;16957
74;31;16961
74;32;16971
74;33;16980
74;34;17029
74;35;17032
74;36;17058
74;37;17099
74;38;17103
74;39;17106
74;40;17110
74;41;17125
74;42;17133
74;43;17148
74;44;17191
74;45;17213
74;46;17217
75;1;13676
75;2;13679
75;3;13877
75;4;14090
75;5;14369
75;6;14594
75;7;14604
75;8;14685
75;9;14806
75;10;15367
75;11;15442
75;12;15524
75;13;15562
75;14;15626
75;15;15959
75;16;15965
75;17;15981
75;18;16035
75;19;16412
75;20;16418
75;21;16463
75;22;16508
75;23;16582
75;24;16594
75;25;16614
75;26;16617
75;27;16638
75;28;16648
75;29;16667
75;30;16675
75;31;16724
75;32;16760
75;33;16769
75;34;16786
75;35;16890
75;36;16932
75;37;16942
75;38;16947
75;39;17002
75;40;17007
75;41;17016
75;42;17027
75;43;17108
75;44;17118
75;45;17135
75;46;17139
75;47;17143
76;1;14739
76;2;15049
76;3;15117
76;4;15137
76;5;15232
76;6;15277
76;7;15289
76;8;15645
76;9;15660
76;10;15664
76;11;15670
76;12;15680
76;13;15710
76;14;15722
76;15;15735
76;16;15790
76;17;15806
76;18;15864
76;19;16375
76;20;16492
76;21;16502
76;22;16508
76;23;16515
76;24;16989
76;25;16993
76;26;16998
76;27;17014
76;28;17017
76;29;17021
76;30;17033
76;31;17039
76;32;17058
76;33;17066
76;34;17128
76;35;17132
76;36;17137
76;37;17152
76;38;17165
76;39;17173
76;40;17185
76;41;17195
76;42;17217
76;43;17218
76;44;17222
77;1;13474
77;2;13779
77;3;13783
77;4;14197
77;5;14212
77;6;14244
77;7;14336
77;8;14803
77;9;15309
77;10;15328
77;11;15372
77;12;15891
77;13;16236
77;14;16248
77;15;16362
77;16;16375
77;17;16420
77;18;16438
77;19;16441
77;20;16463
77;21;16509
77;22;16568
77;23;16613
77;24;16617
77;25;16670
77;26;16736
77;27;16742
77;28;16754
77;29;16802
77;30;16834
77;31;16885
77;32;16895
77;33;16918
77;34;16944
77;35;16962
77;36;16974
77;37;16976
77;38;16987
77;39;16991
77;40;17001
77;41;17012
77;42;17013
77;43;17050
77;44;17054
77;45;17065
77;46;17080
77;47;17099
77;48;17139
77;49;17161
77;50;17171
77;51;17180
77;52;17181
78;1;12405
78;2;12860
78;3;12936
78;4;13236
78;5;13245
78;6;13764
78;7;14254
78;8;14611
78;9;14645
78;10;15029
78;11;15105
78;12;15109
78;13;15150
78;14;15600
78;15;15810
78;16;15919
78;17;15964
78;18;16022
78;19;16062
78;20;16081
78;21;16084
78;22;16134
78;23;16150
78;24;16246
78;25;16291
78;26;16314
78;27;16319
78;28;16324
78;29;16343
78;30;16355
78;31;16377
78;32;16766
78;33;16797
78;34;16805
78;35;16860
78;36;16861
78;37;16875
78;38;16907
78;39;16913
78;40;16928
78;41;16939
78;42;16980
78;43;17023
78;44;17051
78;45;17054
78;46;17089
78;47;17106
78;48;17109
78;49;17131
78;50;17167
78;51;17176
79;1;12840
79;2;12850
79;3;13306
79;4;13490
79;5;13812
79;6;14272
79;7;14761
79;8;14859
79;9;14879
79;10;14883
79;11;15265
79;12;15610
79;13;15655
79;14;15721
79;15;15743
79;16;15851
79;17;15962
79;18;15983
79;19;15996
79;20;16031
79;21;16085
79;22;16184
79;23;16195
79;24;16220
79;25;16242
79;26;16257
79;27;16260
79;28;16270
79;29;16275
79;30;16279
79;31;16835
79;32;16843
79;33;16855
79;34;16869
79;35;16884
79;36;16912
79;37;16922
79;38;16933
79;39;16974
79;40;16992
79;41;17014
79;42;17017
79;43;17062
79;44;17066
79;45;17080
79;46;17088
79;47;17094
79;48;17115
79;49;17120
79;50;17125
79;51;17126
80;1;12950
80;2;13344
80;3;13736
80;4;14178
80;5;14575
80;6;14633
80;7;14666
80;8;14802
80;9;15042
80;10;15295
80;11;15335
80;12;15396
80;13;15426
80;14;15444
80;15;15469
80;16;15473
80;17;15536
80;18;15674
80;19;15737
80;20;15865
80;21;15869
80;22;15944
80;23;15954
80;24;16032
80;25;16043
80;26;16055
80;27;16064
80;28;16074
80;29;16080
80;30;16144
80;31;16166
80;32;16182
80;33;16220
80;34;16742
80;35;16787
80;36;16839
80;37;16872
80;38;16876
80;39;16947
80;40;16987
80;41;17002
80;42;17022
80;43;17101
80;44;17103
80;45;17113
80;46;17138
80;47;17142
80;48;17149
81;1;13176
81;2;13221
81;3;13291
81;4;13335
81;5;13408
81;6;13831
81;7;14204
81;8;14208
81;9;14577
81;10;15088
81;11;15180
81;12;15594
81;13;15600
81;14;15645
81;15;15927
81;16;15955
81;17;16326
81;18;16349
81;19;16382
81;20;16447
81;21;16479
81;22;16494
81;23;16516
81;24;16567
81;25;16576
81;26;16589
81;27;16646
81;28;16763
81;29;16825
81;30;16842
81;31;16854
81;32;16866
81;33;16887
81;34;16891
81;35;16907
81;36;16949
81;37;16957
81;38;16965
81;39;16977
81;40;16992
81;41;17002
81;42;17011
81;43;17020
81;44;17035
81;45;17043
81;46;17046
81;47;17052
81;48;17056
81;49;17067
81;50;17081
81;51;17093
81;52;17103
81;53;17115
81;54;17135
81;55;17140
81;56;17144
81;57;17155
81;58;17170
81;59;17171
81;60;17172
82;1;12313
82;2;12642
82;3;13153
82;4;13483
82;5;13487
82;6;13498
82;7;13971
82;8;14217
82;9;14336
82;10;14344
82;11;14834
82;12;15011
82;13;15092
82;14;15605
82;15;15657
82;16;15697
82;17;15716
82;18;15811
82;19;15855
82;20;15859
82;21;15917
82;22;15923
82;23;15993
82;24;16016
82;25;16378
82;26;16399
82;27;16548
82;28;16575
82;29;16664
82;30;16686
82;31;16726
82;32;16794
82;33;16816
82;34;16884
82;35;16906
82;36;16910
82;37;16919
82;38;16978
82;39;17018
82;40;17044
82;41;17056
82;42;17058
82;43;17070
82;44;17087
82;45;17105
82;46;17120
82;47;17125
82;48;17135
82;49;17142
82;50;17146
82;51;17148
82;52;17155
82;53;17171
82;54;17175
83;1;12000
83;2;12374
83;3;12929
83;4;13265
83;5;13316
83;6;13338
83;7;13437
83;8;13568
83;9;13797
83;10;14270
83;11;14304
83;12;14429
83;13;14465
83;14;14850
83;15;14891
83;16;14935
83;17;14962
83;18;14964
83;19;14968
83;20;15000
83;21;15019
83;22;15458
83;23;15639
83;24;15680
83;25;15702
83;26;15721
83;27;15739
83;28;15743
83;29;16096
83;30;16167
83;31;16700
83;32;16736
83;33;16774
83;34;16792
83;35;16814
83;36;16835
83;37;16852
83;38;16858
83;39;16862
83;40;16926
83;41;16938
83;42;16941
83;43;16954
83;44;16972
83;45;16982
83;46;16996
83;47;17002
83;48;17021
83;49;17031
83;50;17040
83;51;17048
83;52;17052
83;53;17056
83;54;17092
83;55;17099
83;56;17119
83;57;17178
83;58;17200
84;1;12022
84;2;12583
84;3;13094
84;4;13668
84;5;13678
84;6;14048
84;7;14457
84;8;14491
84;9;14626
84;10;14762
84;11;14783
84;12;14815
84;13;14923
84;14;15433
84;15;15466
84;16;15565
84;17;15624
84;18;15632
84;19;15966
84;20;15972
84;21;16077
84;22;16554
84;23;16612
84;24;16624
84;25;16657
84;26;16675
84;27;16734
84;28;16814
84;29;16894
84;30;16909
84;31;16953
84;32;16989
84;33;16999
84;34;17020
84;35;17037
84;36;17061
84;37;17083
84;38;17103
84;39;17113
84;40;17121
84;41;17137
84;42;17150
84;43;17201
84;44;17218
84;45;17222
85;1;11317
85;2;11367
85;3;11496
85;4;11985
85;5;12021
85;6;12595
85;7;12733
85;8;13074
85;9;13374
85;10;13508
85;11;13901
85;12;13961
85;13;13963
85;14;14134
85;15;14322
85;16;14625
85;17;14835
85;18;14954
85;19;15242
85;20;15494
85;21;15612
85;22;15616
85;23;15661
85;24;15800
85;25;15854
85;26;15860
85;27;15880
85;28;15898
85;29;15916
85;30;15920
85;31;15935
85;32;15959
85;33;15967
85;34;15989
85;35;16379
85;36;16384
85;37;16399
85;38;16420
85;39;16426
85;40;16882
85;41;16926
85;42;16962
85;43;16993
85;44;16998
85;45;17038
85;46;17057
85;47;17079
85;48;17088
85;49;17105
85;50;17109
85;51;17123
85;52;17138
85;53;17139
86;1;13538
86;2;13628
86;3;13650
86;4;13664
86;5;13709
86;6;13731
86;7;13987
86;8;14055
86;9;14163
86;10;14504
86;11;14506
86;12;14597
86;13;14619
86;14;14664
86;15;14898
86;16;14967
86;17;14982
86;18;15003
86;19;15047
86;20;15177
86;21;15282
86;22;15380
86;23;15413
86;24;15625
86;25;15696
86;26;15750
86;27;15769
86;28;15775
86;29;15782
86;30;15839
86;31;15937
86;32;15950
86;33;15964
86;34;15979
86;35;16017
86;36;16090
86;37;16107
86;38;16393
86;39;16484
86;40;16493
86;41;16529
86;42;16603
86;43;16624
86;44;16628
86;45;16653
86;46;16663
86;47;16672
86;48;16745
86;49;16758
86;50;16836
86;51;16837
86;52;16849
86;53;16908
86;54;16928
86;55;16951
86;56;17013
86;57;17035
86;58;17037
86;59;17093
86;60;17103
86;61;17125
86;62;17135
86;63;17148
86;64;17158
86;65;17172
86;66;17188
86;67;17198
86;68;17222
87;1;13240
87;2;13699
87;3;13737
87;4;14108
87;5;14567
87;6;14756
87;7;14875
87;8;14911
87;9;15386
87;10;15800
87;11;15934
87;12;15986
87;13;16061
87;14;16550
87;15;16551
87;16;16587
87;17;16609
87;18;16645
87;19;16668
87;20;16686
87;21;16701
87;22;16724
87;23;16738
87;24;16744
87;25;16752
87;26;16834
87;27;16855
87;28;16900
87;29;16916
87;30;16935
87;31;16951
87;32;17019
87;33;17041
87;34;17103
87;35;17107
87;36;17109
87;37;17121
87;38;17125
87;39;17135
87;40;17154
87;41;17158
87;42;17182
87;43;17188
87;44;17192
88;1;10881
88;2;11250
88;3;11668
88;4;12036
88;5;12496
88;6;13004
88;7;13016
88;8;13108
88;9;13513
88;10;13518
88;11;13869
88;12;13910
88;13;13913
88;14;13949
88;15;13957
88;16;14313
88;17;14335
88;18;14341
88;19;14386
88;20;14392
88;21;14613
88;22;14634
88;23;14675
88;24;14690
88;25;15203
88;26;15670
88;27;16093
88;28;16131
88;29;16133
88;30;16145
88;31;16241
88;32;16246
88;33;16251
88;34;16255
88;35;16274
88;36;16282
88;37;16283
88;38;16314
88;39;16326
88;40;16806
88;41;16819
88;42;16883
88;43;16909
88;44;16910
88;45;16926
88;46;16929
88;47;16955
88;48;16970
88;49;16975
88;50;16997
88;51;17012
88;52;17021
88;53;17029
88;54;17033
88;55;17042
88;56;17096
88;57;17113
88;58;17123
88;59;17139
88;60;17140
88;61;17152
88;62;17159
88;63;17202
88;64;17218
88;65;17222
89;1;12828
89;2;13026
89;3;13035
89;4;13477
89;5;13548
89;6;13937
89;7;14036
89;8;14291
89;9;14306
89;10;14411
89;11;14453
89;12;14736
89;13;14800
89;14;14898
89;15;14995
89;16;15414
89;17;15497
89;18;15548
89;19;15594
89;20;15606
89;21;15628
89;22;15632
89;23;15664
89;24;15689
89;25;15734
89;26;15766
89;27;15785
89;28;15793
89;29;15847
89;30;15883
89;31;16344
89;32;16354
89;33;16366
89;34;16374
89;35;16394
89;36;16418
89;37;16432
89;38;16434
89;39;16475
89;40;16487
89;41;16495
89;42;16511
89;43;16543
89;44;16947
89;45;16952
89;46;16960
89;47;16967
89;48;16974
89;49;16978
89;50;17031
89;51;17041
89;52;17045
89;53;17055
89;54;17077
89;55;17081
89;56;17088
89;57;17098
89;58;17121
89;59;17125
89;60;17152
89;61;17171
89;62;17178
89;63;17200
89;64;17204
89;65;17206
89;66;17222
90;1;10757
90;2;10832
90;3;11267
90;4;11410
90;5;11828
90;6;11840
90;7;12462
90;8;12516
90;9;12814
90;10;12820
90;11;13002
90;12;13179
90;13;13617
90;14;13746
90;15;13750
90;16;13781
90;17;13822
90;18;13920
90;19;13965
90;20;14064
90;21;14248
90;22;14526
90;23;14684
90;24;14882
90;25;14936
90;26;15378
90;27;15400
90;28;15530
90;29;15544
90;30;16034
90;31;16045
90;32;16170
90;33;16173
90;34;16182
90;35;16201
90;36;16245
90;37;16290
90;38;16297
90;39;16306
90;40;16729
90;41;16738
90;42;16809
90;43;16854
90;44;16855
90;45;16859
90;46;16877
90;47;16900
90;48;16949
90;49;16980
90;50;17015
90;51;17037
90;52;17053
90;53;17057
90;54;17070
90;55;17076
90;56;17102
90;57;17111
90;58;17115
90;59;17117
90;60;17136
91;1;12754
91;2;12863
91;3;13353
91;4;13507
91;5;13688
91;6;13850
91;7;13967
91;8;13985
91;9;14216
91;10;14222
91;11;14231
91;12;14264
91;13;14368
91;14;14440
91;15;14739
91;16;15228
91;17;15309
91;18;15347
91;19;15528
91;20;15529
91;21;16042
91;22;16063
91;23;16071
91;24;16088
91;25;16100
91;26;16151
91;27;16187
91;28;16321
91;29;16339
91;30;16718
91;31;16754
91;32;16763
91;33;16799
91;34;16812
91;35;16839
91;36;16862
91;37;16880
91;38;16890
91;39;16914
91;40;16948
91;41;16967
91;42;16975
91;43;16985
91;44;16986
91;45;16990
91;46;17017
91;47;17021
91;48;17044
91;49;17062
91;50;17072
91;51;17076
91;52;17085
91;53;17095
91;54;17125
91;55;17147
91;56;17153
91;57;17157
91;58;17163
91;59;17167
92;1;11162
92;2;11206
92;3;11696
92;4;11717
92;5;12177
92;6;12555
92;7;13188
92;8;13445
92;9;13782
92;10;13836
92;11;13872
92;12;14089
92;13;14093
92;14;14536
92;15;15110
92;16;15181
92;17;15196
92;18;15248
92;19;15307
92;20;15340
92;21;15344
92;22;15350
92;23;15401
92;24;15424
92;25;15453
92;26;15463
92;27;15501
92;28;15521
92;29;15562
92;30;15637
92;31;15656
92;32;15669
92;33;15746
92;34;15757
92;35;15779
92;36;15811
92;37;15812
92;38;15814
92;39;15836
92;40;15872
92;41;15877
92;42;16359
92;43;16381
92;44;16390
92;45;16399
92;46;16426
92;47;16494
92;48;16548
92;49;16557
92;50;16580
92;51;16589
92;52;16608
92;53;16612
92;54;16650
92;55;17139
92;56;17149
92;57;17153
92;58;17175
93;1;10194
93;2;10539
93;3;10593
93;4;10653
93;5;11071
93;6;11547
93;7;11588
93;8;12044
93;9;12110
93;10;12492
93;11;12537
93;12;12924
93;13;12999
93;14;13007
93;15;13125
93;16;13141
93;17;13590
93;18;14063
93;19;14582
93;20;14592
93;21;14643
93;22;15057
93;23;15458
93;24;15468
93;25;15489
93;26;15888
93;27;16007
93;28;16576
93;29;16634
93;30;16675
93;31;16689
93;32;16698
93;33;16798
93;34;16805
93;35;16850
93;36;16865
93;37;16920
93;38;16932
93;39;16938
93;40;16946
93;41;16956
93;42;16962
93;43;16970
93;44;16977
93;45;16986
93;46;16996
93;47;16997
93;48;17001
93;49;17012
93;50;17053
93;51;17066
93;52;17089
93;53;17109
93;54;17114
93;55;17124
94;1;13912
94;2;14149
94;3;14167
94;4;14325
94;5;14439
94;6;15065
94;7;15465
94;8;15560
94;9;15690
94;10;15712
94;11;15731
94;12;15754
94;13;16110
94;14;16213
94;15;16721
94;16;16734
94;17;16743
94;18;16764
94;19;16772
94;20;16841
94;21;16893
94;22;16912
94;23;16945
94;24;16949
94;25;16971
94;26;16990
94;27;17012
94;28;17018
94;29;17022
94;30;17032
94;31;17080
94;32;17102
94;33;17138
94;34;17147
94;35;17148
94;36;17163
95;1;11711
95;2;12151
95;3;12580
95;4;12982
95;5;13508
95;6;13571
95;7;13580
95;8;13851
95;9;13919
95;10;14395
95;11;14435
95;12;14471
95;13;14609
95;14;14631
95;15;15029
95;16;15143
95;17;15583
95;18;15906
95;19;15935
95;20;15985
95;21;15993
95;22;16061
95;23;16119
95;24;16190
95;25;16202
95;26;16595
95;27;16607
95;28;16639
95;29;16657
95;30;16715
95;31;16725
95;32;16743
95;33;16746
95;34;16767
95;35;16771
95;36;16791
95;37;16796
95;38;16807
95;39;16852
95;40;16860
95;41;16862
95;42;16884
95;43;16899
95;44;16919
95;45;16934
95;46;16942
95;47;16944
95;48;16954
95;49;16959
95;50;17007
95;51;17015
95;52;17021
95;53;17031
95;54;17035
95;55;17076
96;1;13474
96;2;13496
96;3;13506
96;4;13510
96;5;13756
96;6;13778
96;7;13782
96;8;13961
96;9;13974
96;10;14019
96;11;14024
96;12;14543
96;13;14584
96;14;14654
96;15;15165
96;16;15497
96;17;15589
96;18;15593
96;19;15638
96;20;15650
96;21;15692
96;22;15711
96;23;16274
96;24;16280
96;25;16338
96;26;16381
96;27;16385
96;28;16437
96;29;16459
96;30;16482
96;31;16490
96;32;16510
96;33;16513
96;34;16517
96;35;16519
96;36;16540
96;37;17010
96;38;17017
96;39;17036
96;40;17047
96;41;17051
96;42;17055
96;43;17071
96;44;17081
96;45;17083
96;46;17098
97;1;13247
97;2;13690
97;3;13796
97;4;14176
97;5;14539
97;6;14579
97;7;15068
97;8;15076
97;9;15496
97;10;15537
97;11;15655
97;12;16147
97;13;16550
97;14;16608
97;15;16612
97;16;16614
97;17;16650
97;18;16733
97;19;16741
97;20;16745
97;21;16778
97;22;16823
97;23;16825
97;24;16826
97;25;16837
97;26;16841
97;27;16847
97;28;16856
97;29;16886
97;30;16908
97;31;16933
97;32;16934
97;33;16944
97;34;16970
97;35;16973
97;36;16995
97;37;17014
97;38;17035
97;39;17052
97;40;17064
97;41;17071
97;42;17093
97;43;17125
97;44;17141
97;45;17142
97;46;17151
97;47;17175
97;48;17186
97;49;17204
97;50;17216
97;51;17220
98;1;11553
98;2;11559
98;3;11567
98;4;12030
98;5;12395
98;6;12487
98;7;12631
98;8;12765
98;9;13154
98;10;13212
98;11;13460
98;12;13523
98;13;13596
98;14;14081
98;15;14101
98;16;14146
98;17;14182
98;18;14250
98;19;14261
98;20;14329
98;21;14370
98;22;14385
98;23;14467
98;24;14856
98;25;14868
98;26;14993
98;27;15017
98;28;15137
98;29;15178
98;30;15198
98;31;15201
98;32;15248
98;33;15249
98;34;15252
98;35;15309
98;36;15660
98;37;16225
98;38;16258
98;39;16280
98;40;16307
98;41;16699
98;42;16718
98;43;16736
98;44;16761
98;45;16784
98;46;16803
98;47;16860
98;48;16877
98;49;16930
98;50;16945
98;51;16964
98;52;16973
98;53;17005
98;54;17025
98;55;17061
98;56;17070
98;57;17103
98;58;17107
98;59;17117
99;1;13564
99;2;14023
99;3;14033
99;4;14532
99;5;14896
99;6;14932
99;7;15385
99;8;15453
99;9;15491
99;10;15504
99;11;15512
99;12;15632
99;13;15668
99;14;15686
99;15;16104
99;16;16169
99;17;16237
99;18;16756
99;19;16874
99;20;16922
99;21;16930
99;22;16949
99;23;16952
99;24;16961
99;25;16971
99;26;17020
99;27;17024
99;28;17039
99;29;17049
99;30;17060
99;31;17065
99;32;17069
99;33;17081
99;34;17107
99;35;17117
99;36;17162
99;37;17166
99;38;17181
99;39;17198
99;40;17202
100;1;10688
100;2;11188
100;3;11624
100;4;12107
100;5;12477
100;6;12486
100;7;12952
100;8;12997
100;9;13376
100;10;13850
100;11;14166
100;12;14206
100;13;14277
100;14;14685
100;15;14703
100;16;14884
100;17;15406
100;18;15439
100;19;15468
100;20;15480
100;21;15754
100;22;15798
100;23;15820
100;24;16015
100;25;16111
100;26;16125
100;27;16147
100;28;16152
100;29;16170
100;30;16179
100;31;16227
100;32;16522
100;33;16631
100;34;16654
100;35;16657
100;36;16669
100;37;16766
100;38;16788
100;39;16794
100;40;16798
100;41;16803
100;42;16825
100;43;16841
100;44;16866
100;45;16928
100;46;16982
100;47;17002
100;48;17017
100;49;17025
100;50;17050
100;51;17072
100;52;17091
100;53;17125
100;54;17135
100;55;17149
100;56;17180
100;57;17202
100;58;17211
100;59;17217
101;1;11954
101;2;12390
101;3;12849
101;4;13338
101;5;13341
101;6;13343
101;7;13676
101;8;14061
101;9;14076
101;10;14112
101;11;14512
101;12;14585
101;13;15225
101;14;15402
101;15;15477
101;16;15489
101;17;15522
101;18;15555
101;19;15923
101;20;15942
101;21;15957
101;22;15961
101;23;16045
101;24;16174
101;25;16202
101;26;16225
101;27;16243
101;28;16265
101;29;16288
101;30;16609
101;31;16642
101;32;16712
101;33;16740
101;34;16759
101;35;16812
101;36;16865
101;37;16875
101;38;16897
101;39;16909
101;40;16929
101;41;16947
101;42;16956
101;43;16958
101;44;16990
101;45;17006
101;46;17014
101;47;17023
101;48;17028
101;49;17037
101;50;17046
101;51;17068
101;52;17082
101;53;17097
101;54;17119
101;55;17146
101;56;17168
101;57;17172
101;58;17181
102;1;11246
102;2;11263
102;3;11616
102;4;12083
102;5;12137
102;6;12524
102;7;12598
102;8;12606
102;9;12631
102;10;13128
102;11;13459
102;12;13844
102;13;13942
102;14;13970
102;15;14341
102;16;14366
102;17;14827
102;18;14926
102;19;14942
102;20;14948
102;21;14970
102;22;15007
102;23;15076
102;24;15489
102;25;15495
102;26;15553
102;27;15557
102;28;15563
102;29;15565
102;30;15584
102;31;15877
102;32;15888
102;33;15969
102;34;16039
102;35;16067
102;36;16112
102;37;16116
102;38;16174
102;39;16284
102;40;16685
102;41;16702
102;42;16717
102;43;16790
102;44;16848
102;45;16854
102;46;16858
102;47;16864
102;48;16874
102;49;16899
102;50;16908
102;51;16915
102;52;16919
102;53;16923
102;54;16929
102;55;16941
102;56;16953
102;57;16962
102;58;16980
102;59;16988
102;60;16999
102;61;17008
102;62;17067
102;63;17074
102;64;17110
102;65;17115
103;1;11872
103;2;12197
103;3;12274
103;4;12322
103;5;12735
103;6;12945
103;7;13408
103;8;13870
103;9;13953
103;10;14101
103;11;14441
103;12;14819
103;13;14860
103;14;15409
103;15;15898
103;16;16409
103;17;16428
103;18;16433
103;19;16515
103;20;16583
103;21;16587
103;22;16649
103;23;16670
103;24;16699
103;25;16711
103;26;16747
103;27;16799
103;28;16804
103;29;16819
103;30;16888
103;31;16908
103;32;16930
103;33;16938
103;34;16970
103;35;16991
103;36;17010
103;37;17025
103;38;17030
103;39;17038
103;40;17065
103;41;17067
103;42;17075
103;43;17097
103;44;17114
103;45;17118
103;46;17148
103;47;17163
104;1;12061
104;2;12625
104;3;13115
104;4;13549
104;5;14115
104;6;14191
104;7;14325
104;8;14594
104;9;14652
104;10;14850
104;11;15293
104;12;15498
104;13;15912
104;14;16196
104;15;16262
104;16;16321
104;17;16382
104;18;16387
104;19;16478
104;20;16556
104;21;16642
104;22;16714
104;23;16727
104;24;16750
104;25;16772
104;26;16776
104;27;16779
104;28;16786
104;29;16805
104;30;16815
104;31;16822
104;32;16881
104;33;16903
104;34;16922
104;35;16955
104;36;16973
104;37;16979
104;38;16999
104;39;17007
104;40;17016
104;41;17020
104;42;17025
104;43;17068
104;44;17073
104;45;17079
104;46;17101
104;47;17137
104;48;17148
104;49;17163
105;1;11218
105;2;11230
105;3;11298
105;4;11614
105;5;11646
105;6;11665
105;7;12037
105;8;12455
105;9;13008
105;10;13527
105;11;14016
105;12;14066
105;13;14577
105;14;14618
105;15;15181
105;16;15432
105;17;15536
105;18;15958
105;19;16056
105;20;16420
105;21;16456
105;22;16492
105;23;16543
105;24;16602
105;25;16670
105;26;16692
105;27;16702
105;28;16719
105;29;16722
105;30;16727
105;31;16788
105;32;16794
105;33;16813
105;34;16846
105;35;16857
105;36;16874
105;37;16892
105;38;16904
105;39;16906
105;40;16907
105;41;16919
105;42;16930
105;43;16934
105;44;16944
105;45;16957
105;46;16997
105;47;17006
105;48;17010
105;49;17030
105;50;17041
105;51;17045
105;52;17046
105;53;17050
105;54;17066
105;55;17068
105;56;17084
105;57;17085
105;58;17089
105;59;17100
105;60;17101
105;61;17111
105;62;17122
105;63;17129
105;64;17133
105;65;17153
105;66;17163
105;67;17177
105;68;17181
105;69;17222
106;1;12762
106;2;12785
106;3;12851
106;4;12866
106;5;12872
106;6;12921
106;7;12943
106;8;13141
106;9;13189
106;10;13222
106;11;13668
106;12;13712
106;13;13715
106;14;14110
106;15;14155
106;16;14219
106;17;14587
106;18;15013
106;19;15502
106;20;15651
106;21;16022
106;22;16028
106;23;16048
106;24;16082
106;25;16110
106;26;16112
106;27;16115
106;28;16127
106;29;16677
106;30;16730
106;31;16823
106;32;16825
106;33;16843
106;34;16850
106;35;16853
106;36;16868
106;37;16883
106;38;16997
106;39;17037
106;40;17049
106;41;17053
106;42;17057
106;43;17072
106;44;17118
106;45;17130
106;46;17170
106;47;17171
106;48;17175
106;49;17177
106;50;17181
107;1;12386
107;2;12553
107;3;12621
107;4;13061
107;5;13554
107;6;13580
107;7;13958
107;8;13963
107;9;14377
107;10;14419
107;11;14469
107;12;14489
107;13;14504
107;14;15078
107;15;15176
107;16;15574
107;17;16043
107;18;16094
107;19;16228
107;20;16247
107;21;16252
107;22;16280
107;23;16306
107;24;16315
107;25;16323
107;26;16345
107;27;16356
107;28;16375
107;29;16379
107;30;16385
107;31;16445
107;32;16449
107;33;16471
107;34;16472
107;35;16473
107;36;16991
107;37;17011
107;38;17033
107;39;17052
107;40;17065
107;41;17073
107;42;17085
107;43;17108
107;44;17117
107;45;17125
107;46;17132
107;47;17142
107;48;17146
107;49;17164
107;50;17170
107;51;17192
108;1;12072
108;2;12143
108;3;12557
108;4;13070
108;5;13394
108;6;13791
108;7;14252
108;8;14267
108;9;14386
108;10;14396
108;11;14407
108;12;14429
108;13;14430
108;14;14434
108;15;14456
108;16;14475
108;17;14942
108;18;14993
108;19;15012
108;20;15125
108;21;15483
108;22;16039
108;23;16055
108;24;16069
108;25;16126
108;26;16138
108;27;16162
108;28;16174
108;29;16196
108;30;16202
108;31;16217
108;32;16667
108;33;16689
108;34;16711
108;35;16740
108;36;16798
108;37;16807
108;38;16817
108;39;16825
108;40;16848
108;41;16880
108;42;16891
108;43;16928
108;44;16950
108;45;16951
108;46;16956
108;47;16963
108;48;16971
108;49;16975
108;50;17011
108;51;17053
108;52;17054
108;53;17128
108;54;17150
109;1;11783
109;2;12218
109;3;12258
109;4;12643
109;5;13208
109;6;13608
109;7;14077
109;8;14088
109;9;14275
109;10;14448
109;11;14452
109;12;14497
109;13;14573
109;14;14582
109;15;14648
109;16;14668
109;17;14690
109;18;14989
109;19;15068
109;20;15088
109;21;15122
109;22;15417
109;23;15442
109;24;15619
109;25;15656
109;26;15662
109;27;15703
109;28;15736
109;29;15799
109;30;16085
109;31;16105
109;32;16167
109;33;16170
109;34;16184
109;35;16198
109;36;16217
109;37;16239
109;38;16241
109;39;16263
109;40;16274
109;41;16676
109;42;16697
109;43;16751
109;44;16767
109;45;16779
109;46;16798
109;47;16836
109;48;16840
109;49;16841
109;50;16863
109;51;16899
109;52;16943
109;53;16947
109;54;16967
109;55;16986
109;56;16996
109;57;17018
109;58;17040
109;59;17049
109;60;17076
109;61;17119
109;62;17130
109;63;17167
109;64;17177
109;65;17179
109;66;17183
110;1;11892
110;2;11895
110;3;12414
110;4;12782
110;5;13271
110;6;13560
110;7;13564
110;8;13618
110;9;13647
110;10;13959
110;11;14035
110;12;14489
110;13;14604
110;14;14994
110;15;15008
110;16;15027
110;17;15387
110;18;15467
110;19;15521
110;20;15858
110;21;15860
110;22;15893
110;23;15949
110;24;15961
110;25;16037
110;26;16071
110;27;16092
110;28;16110
110;29;16415
110;30;16523
110;31;16583
110;32;16585
110;33;16588
110;34;16619
110;35;16637
110;36;16653
110;37;16663
110;38;16671
110;39;16688
110;40;16692
110;41;16707
110;42;16743
110;43;16758
110;44;16791
110;45;16796
110;46;16800
110;47;16802
110;48;16824
110;49;16836
110;50;16901
110;51;16923
110;52;16945
110;53;16956
110;54;16961
110;55;16983
110;56;17013
110;57;17016
110;58;17028
110;59;17038
110;60;17047
110;61;17068
110;62;17094
110;63;17103
110;64;17118
110;65;17125
110;66;17158
110;67;17178
110;68;17194
111;1;12830
111;2;12851
111;3;13324
111;4;13392
111;5;13891
111;6;14259
111;7;14660
111;8;14682
111;9;14689
111;10;14734
111;11;14778
111;12;15293
111;13;15581
111;14;16094
111;15;16148
111;16;16192
111;17;16206
111;18;16266
111;19;16280
111;20;16355
111;21;16380
111;22;16468
111;23;16483
111;24;16506
111;25;16863
111;26;16937
111;27;16991
111;28;16997
111;29;17019
111;30;17039
111;31;17051
111;32;17061
111;33;17151
111;34;17157
111;35;17161
111;36;17168
111;37;17181
112;1;12688
112;2;13151
112;3;13662
112;4;13735
112;5;14147
112;6;14169
112;7;14525
112;8;14919
112;9;15078
112;10;15587
112;11;16077
112;12;16491
112;13;16501
112;14;16518
112;15;16555
112;16;16559
112;17;16573
112;18;16602
112;19;16622
112;20;16642
112;21;16696
112;22;16718
112;23;16735
112;24;16753
112;25;16759
112;26;16804
112;27;16809
112;28;16920
112;29;16932
112;30;16943
112;31;16944
112;32;16988
112;33;16997
112;34;17003
112;35;17005
112;36;17009
112;37;17024
112;38;17060
112;39;17071
112;40;17107
112;41;17109
112;42;17125
112;43;17135
112;44;17154
112;45;17155
112;46;17172
112;47;17176
112;48;17183
113;1;11754
113;2;12139
113;3;12495
113;4;12599
113;5;13112
113;6;13535
113;7;13580
113;8;13851
113;9;14350
113;10;14469
113;11;14761
113;12;14819
113;13;15204
113;14;15214
113;15;15282
113;16;15327
113;17;15729
113;18;15873
113;19;15885
113;20;15939
113;21;15980
113;22;16002
113;23;16065
113;24;16184
113;25;16202
113;26;16210
113;27;16222
113;28;16226
113;29;16266
113;30;16288
113;31;16323
113;32;16342
113;33;16346
113;34;16392
113;35;16464
113;36;16918
113;37;16940
113;38;16951
113;39;16967
113;40;16971
113;41;16981
113;42;17044
113;43;17063
113;44;17093
113;45;17097
113;46;17119
113;47;17143
113;48;17165
114;1;11198
114;2;11727
114;3;12051
114;4;12061
114;5;12533
114;6;12921
114;7;12991
114;8;13623
114;9;14098
114;10;14136
114;11;14257
114;12;14665
114;13;14698
114;14;14892
114;15;15301
114;16;15355
114;17;15373
114;18;15384
114;19;15390
114;20;15837
114;21;16046
114;22;16200
114;23;16260
114;24;16334
114;25;16379
114;26;16407
114;27;16415
114;28;16445
114;29;16912
114;30;16922
114;31;16951
114;32;16973
114;33;16995
114;34;17004
114;35;17010
114;36;17022
114;37;17026
114;38;17036
114;39;17079
114;40;17099
114;41;17104
114;42;17114
114;43;17131
114;44;17136
114;45;17139
114;46;17148
114;47;17157
114;48;17161
114;49;17165
114;50;17180
114;51;17181
115;1;12945
115;2;13298
115;3;13366
115;4;13746
115;5;13750
115;6;14212
115;7;14248
115;8;14346
115;9;14838
115;10;14910
115;11;15494
115;12;15921
115;13;15928
115;14;15973
115;15;16020
115;16;16037
115;17;16511
115;18;16520
115;19;16531
115;20;16593
115;21;16604
115;22;16608
115;23;16623
115;24;16627
115;25;16655
115;26;16678
115;27;16776
115;28;16861
115;29;16871
115;30;16893
115;31;16894
115;32;16900
115;33;16915
115;34;16924
115;35;16931
115;36;16939
115;37;17000
115;38;17041
115;39;17045
115;40;17054
115;41;17069
115;42;17085
115;43;17100
115;44;17121
115;45;17122
115;46;17141
115;47;17174
115;48;17186
115;49;17196
115;50;17206
116;1;12849
116;2;13318
116;3;13389
116;4;13448
116;5;13826
116;6;13858
116;7;13983
116;8;14391
116;9;14505
116;10;14931
116;11;14982
116;12;15018
116;13;15120
116;14;15124
116;15;15497
116;16;15503
116;17;15525
116;18;15534
116;19;15589
116;20;16071
116;21;16086
116;22;16114
116;23;16147
116;24;16154
116;25;16187
116;26;16195
116;27;16199
116;28;16515
116;29;16535
116;30;16562
116;31;16705
116;32;16719
116;33;16729
116;34;16783
116;35;16789
116;36;16804
116;37;16845
116;38;16853
116;39;16860
116;40;16863
116;41;16869
116;42;16901
116;43;16911
116;44;16915
116;45;16969
116;46;16981
116;47;16990
116;48;17008
116;49;17019
116;50;17022
116;51;17037
116;52;17041
116;53;17079
116;54;17119
116;55;17135
116;56;17139
116;57;17154
116;58;17173
116;59;17185
116;60;17194
117;1;12417
117;2;12435
117;3;12633
117;4;12741
117;5;13104
117;6;13126
117;7;13625
117;8;13750
117;9;14204
117;10;14474
117;11;14556
117;12;14866
117;13;14945
117;14;15456
117;15;15522
117;16;15535
117;17;15637
117;18;15690
117;19;15983
117;20;15987
117;21;16027
117;22;16041
117;23;16085
117;24;16446
117;25;16522
117;26;16552
117;27;16565
117;28;16592
117;29;16618
117;30;16628
117;31;16695
117;32;16706
117;33;16724
117;34;16742
117;35;16783
117;36;16792
117;37;16814
117;38;16817
117;39;16823
117;40;16827
117;41;16844
117;42;16845
117;43;16868
117;44;16874
117;45;16916
117;46;16922
117;47;16941
117;48;16945
117;49;16953
117;50;16998
117;51;17040
117;52;17044
117;53;17049
117;54;17071
117;55;17076
117;56;17078
118;1;12871
118;2;12952
118;3;13343
118;4;13349
118;5;13812
118;6;13993
118;7;14013
118;8;14017
118;9;14100
118;10;14132
118;11;14266
118;12;14301
118;13;14307
118;14;14377
118;15;14685
118;16;14696
118;17;14700
118;18;14747
118;19;15147
118;20;15341
118;21;15450
118;22;15802
118;23;16434
118;24;16437
118;25;16811
118;26;16843
118;27;16862
118;28;16876
118;29;16882
118;30;16941
118;31;16960
118;32;16968
118;33;17036
118;34;17046
118;35;17063
118;36;17067
118;37;17082
118;38;17086
118;39;17108
118;40;17134
118;41;17142
118;42;17147
118;43;17157
118;44;17166
118;45;17183
118;46;17187
119;1;11822
119;2;12016
119;3;12475
119;4;13013
119;5;13420
119;6;13443
119;7;13942
119;8;14352
119;9;14397
119;10;14401
119;11;14897
119;12;15130
119;13;15166
119;14;15604
119;15;15817
119;16;15936
119;17;15963
119;18;15978
119;19;16066
119;20;16070
119;21;16095
119;22;16102
119;23;16117
119;24;16143
119;25;16167
119;26;16189
119;27;16200
119;28;16274
119;29;16283
119;30;16402
119;31;16809
119;32;16846
119;33;16868
119;34;16876
119;35;16882
119;36;16932
119;37;16955
119;38;16959
119;39;16968
119;40;16984
119;41;17001
119;42;17003
119;43;17012
119;44;17022
119;45;17037
119;46;17038
119;47;17053
119;48;17081
119;49;17093
119;50;17115
119;51;17125
119;52;17134
119;53;17152
119;54;17158
119;55;17181
119;56;17188
119;57;17192
120;1;13321
120;2;13598
120;3;14097
120;4;14123
120;5;14281
120;6;14494
120;7;14862
120;8;14884
120;9;15304
120;10;15372
120;11;15384
120;12;15389
120;13;15412
120;14;15826
120;15;16165
120;16;16193
120;17;16203
120;18;16247
120;19;16252
120;20;16670
120;21;16692
120;22;16712
120;23;16774
120;24;16779
120;25;16785
120;26;16818
120;27;16858
120;28;16873
120;29;16908
120;30;16978
120;31;16988
120;32;17050
120;33;17072
120;34;17080
120;35;17084
120;36;17110
120;37;17120
120;38;17132
120;39;17136
120;40;17156
120;41;17171
120;42;17176
121;1;13296
121;2;13308
121;3;13384
121;4;13406
121;5;13616
121;6;14085
121;7;14697
121;8;15183
121;9;15525
121;10;15529
121;11;15607
121;12;15817
121;13;16257
121;14;16333
121;15;16356
121;16;16414
121;17;16477
121;18;16500
121;19;16598
121;20;16600
121;21;16622
121;22;16624
121;23;16672
121;24;16735
121;25;16806
121;26;16831
121;27;16853
121;28;16864
121;29;16880
121;30;16899
121;31;16912
121;32;16961
121;33;16983
121;34;17033
121;35;17043
121;36;17052
121;37;17056
121;38;17067
121;39;17080
121;40;17091
121;41;17094
121;42;17106
121;43;17120
121;44;17138
121;45;17140
121;46;17162
121;47;17166
121;48;17171
121;49;17178
121;50;17188
121;51;17192
121;52;17206
121;53;17228
122;1;9765
122;2;10258
122;3;10279
122;4;10409
122;5;10774
122;6;10778
122;7;11266
122;8;11718
122;9;11806
122;10;11935
122;11;12391
122;12;12489
122;13;13065
122;14;13401
122;15;13808
122;16;13834
122;17;14399
122;18;14474
122;19;14582
122;20;14602
122;21;14621
122;22;14639
122;23;14684
122;24;15128
122;25;15191
122;26;15237
122;27;15637
122;28;16213
122;29;16217
122;30;16223
122;31;16481
122;32;16529
122;33;16534
122;34;16549
122;35;16637
122;36;16638
122;37;16660
122;38;16671
122;39;16679
122;40;16684
122;41;16688
122;42;16733
122;43;16738
122;44;16753
122;45;16757
122;46;16779
122;47;16837
122;48;16870
122;49;16915
122;50;16965
122;51;16977
122;52;17017
122;53;17043
122;54;17052
122;55;17091
122;56;17167
122;57;17180
122;58;17202
123;1;11633
123;2;12077
123;3;12495
123;4;12784
123;5;13238
123;6;13275
123;7;13280
123;8;13685
123;9;13722
123;10;13852
123;11;13856
123;12;14375
123;13;14386
123;14;14406
123;15;14761
123;16;14771
123;17;14777
123;18;14822
123;19;14830
123;20;14892
123;21;15013
123;22;15061
123;23;15084
123;24;15098
123;25;15543
123;26;15548
123;27;16054
123;28;16498
123;29;16611
123;30;16734
123;31;16757
123;32;16808
123;33;16830
123;34;16923
123;35;16935
123;36;17003
123;37;17007
123;38;17025
123;39;17058
123;40;17062
123;41;17077
123;42;17096
123;43;17100
123;44;17112
123;45;17130
123;46;17140
123;47;17144
123;48;17150
123;49;17154
123;50;17176
123;51;17185
123;52;17200
124;1;12167
124;2;12175
124;3;12202
124;4;12234
124;5;12550
124;6;13056
124;7;13574
124;8;13605
124;9;14056
124;10;14378
124;11;14576
124;12;14675
124;13;14689
124;14;15101
124;15;15139
124;16;15492
124;17;15504
124;18;15616
124;19;15638
124;20;15658
124;21;15684
124;22;15717
124;23;15719
124;24;15731
124;25;15758
124;26;15779
124;27;15786
124;28;15829
124;29;16210
124;30;16229
124;31;16270
124;32;16290
124;33;16294
124;34;16430
124;35;16489
124;36;16493
124;37;16926
124;38;16971
124;39;16972
124;40;17026
124;41;17031
124;42;17067
124;43;17089
124;44;17099
124;45;17111
124;46;17112
124;47;17144
124;48;17148
124;49;17166
124;50;17187
125;1;13566
125;2;13593
125;3;14068
125;4;14104
125;5;14472
125;6;14982
125;7;15032
125;8;15353
125;9;15852
125;10;15873
125;11;15877
125;12;15931
125;13;15950
125;14;16018
125;15;16037
125;16;16059
125;17;16071
125;18;16102
125;19;16125
125;20;16127
125;21;16145
125;22;16167
125;23;16198
125;24;16221
125;25;16687
125;26;16691
125;27;16715
125;28;16718
125;29;16740
125;30;16748
125;31;16749
125;32;16759
125;33;16770
125;34;16785
125;35;16837
125;36;16859
125;37;16885
125;38;16906
125;39;16917
125;40;16925
125;41;16947
125;42;16954
125;43;16986
125;44;17018
125;45;17024
125;46;17033
125;47;17055
125;48;17063
125;49;17074
125;50;17079
126;1;12133
126;2;12177
126;3;12195
126;4;12201
126;5;12262
126;6;12754
126;7;13243
126;8;13703
126;9;14178
126;10;14347
126;11;14568
126;12;14580
126;13;14599
126;14;14611
126;15;15104
126;16;15467
126;17;15605
126;18;15613
126;19;15632
126;20;15935
126;21;16034
126;22;16093
126;23;16138
126;24;16604
126;25;16634
126;26;16655
126;27;16671
126;28;16679
126;29;16720
126;30;16742
126;31;16796
126;32;16842
126;33;16854
126;34;16859
126;35;16863
126;36;16911
126;37;16967
126;38;16971
126;39;16972
126;40;16976
126;41;16991
126;42;17000
126;43;17011
126;44;17026
126;45;17030
126;46;17049
126;47;17100
126;48;17101
126;49;17107
126;50;17117
126;51;17119
126;52;17150
126;53;17151
126;54;17161
127;1;11019
127;2;11030
127;3;11070
127;4;11479
127;5;11604
127;6;11999
127;7;12499
127;8;12558
127;9;12831
127;10;12869
127;11;13307
127;12;13639
127;13;13747
127;14;14228
127;15;14288
127;16;14685
127;17;14705
127;18;14830
127;19;14836
127;20;15076
127;21;15095
127;22;15101
127;23;15137
127;24;15271
127;25;15697
127;26;15717
127;27;15720
127;28;16061
127;29;16131
127;30;16153
127;31;16368
127;32;16382
127;33;16389
127;34;16523
127;35;16581
127;36;16634
127;37;16701
127;38;16723
127;39;16781
127;40;16789
127;41;16801
127;42;16860
127;43;16864
127;44;16867
127;45;16889
127;46;16890
127;47;16907
127;48;16928
127;49;16932
127;50;16947
127;51;16978
127;52;16989
127;53;16999
127;54;17067
127;55;17087
127;56;17109
127;57;17139
127;58;17154
127;59;17160
127;60;17164
127;61;17174
128;1;13204
128;2;13467
128;3;13547
128;4;13899
128;5;13937
128;6;13966
128;7;14058
128;8;14062
128;9;14121
128;10;14146
128;11;14167
128;12;14200
128;13;14719
128;14;15068
128;15;15097
128;16;15222
128;17;15664
128;18;15817
128;19;15867
128;20;15876
128;21;16173
128;22;16195
128;23;16204
128;24;16217
128;25;16292
128;26;16636
128;27;16647
128;28;16670
128;29;16718
128;30;16769
128;31;16778
128;32;16788
128;33;16811
128;34;16834
128;35;16876
128;36;16884
128;37;16916
128;38;16920
128;39;16932
128;40;16984
128;41;16993
128;42;17022
128;43;17026
128;44;17033
128;45;17048
128;46;17050
128;47;17062
128;48;17076
128;49;17085
128;50;17097
128;51;17107
128;52;17125
128;53;17135
128;54;17157
128;55;17168
128;56;17192
129;1;14460
129;2;14478
129;3;14601
129;4;14897
129;5;14909
129;6;14953
129;7;14998
129;8;15015
129;9;15037
129;10;15059
129;11;15532
129;12;15599
129;13;15629
129;14;15692
129;15;15732
129;16;16032
129;17;16226
129;18;16232
129;19;16266
129;20;16273
129;21;16280
129;22;16328
129;23;16355
129;24;16364
129;25;16375
129;26;16388
129;27;16418
129;28;16459
129;29;16469
129;30;16473
129;31;16479
129;32;16481
129;33;16503
129;34;16509
129;35;16512
129;36;16522
129;37;16530
129;38;17031
129;39;17032
129;40;17042
129;41;17064
129;42;17067
129;43;17098
129;44;17102
129;45;17123
129;46;17124
129;47;17128
129;48;17138
129;49;17152
129;50;17158
129;51;17196
129;52;17206
129;53;17228
130;1;10692
130;2;10810
130;3;10843
130;4;11255
130;5;11718
130;6;11754
130;7;12163
130;8;12288
130;9;12324
130;10;12369
130;11;12411
130;12;12449
130;13;12863
130;14;13373
130;15;13809
130;16;13817
130;17;13836
130;18;14349
130;19;14842
130;20;15341
130;21;15373
130;22;15381
130;23;15409
130;24;15444
130;25;15538
130;26;15558
130;27;15620
130;28;15622
130;29;15982
130;30;16409
130;31;16413
130;32;16458
130;33;16472
130;34;16494
130;35;16539
130;36;16562
130;37;16602
130;38;16608
130;39;16615
130;40;16655
130;41;16743
130;42;16797
130;43;16867
130;44;16870
130;45;16911
130;46;16970
130;47;16986
130;48;17002
130;49;17012
130;50;17031
130;51;17053
130;52;17059
130;53;17071
130;54;17078
130;55;17085
131;1;11990
131;2;12550
131;3;13115
131;4;13499
131;5;13503
131;6;13777
131;7;13931
131;8;14400
131;9;14558
131;10;15027
131;11;15457
131;12;15471
131;13;15498
131;14;15636
131;15;16002
131;16;16550
131;17;16591
131;18;16617
131;19;16655
131;20;16670
131;21;16680
131;22;16697
131;23;16715
131;24;16724
131;25;16741
131;26;16773
131;27;16796
131;28;16805
131;29;16813
131;30;16881
131;31;16900
131;32;16910
131;33;16932
131;34;16942
131;35;16951
131;36;16968
131;37;16994
131;38;16995
131;39;17020
131;40;17031
131;41;17046
131;42;17049
131;43;17068
131;44;17109
131;45;17119
131;46;17125
131;47;17135
131;48;17137
132;1;12073
132;2;12113
132;3;12678
132;4;13188
132;5;13699
132;6;14088
132;7;14502
132;8;14547
132;9;14570
132;10;15083
132;11;15314
132;12;15318
132;13;15319
132;14;15494
132;15;15914
132;16;15990
132;17;16013
132;18;16076
132;19;16117
132;20;16130
132;21;16146
132;22;16161
132;23;16497
132;24;16527
132;25;16579
132;26;16652
132;27;16655
132;28;16665
132;29;16711
132;30;16733
132;31;16772
132;32;16812
132;33;16822
132;34;16826
132;35;16845
132;36;16884
132;37;16904
132;38;16911
132;39;16933
132;40;16934
132;41;16988
132;42;16989
132;43;16991
132;44;16992
132;45;16995
132;46;16996
132;47;17013
132;48;17051
132;49;17061
132;50;17080
132;51;17081
132;52;17091
132;53;17095
132;54;17113
132;55;17114
132;56;17136
132;57;17170
132;58;17179
132;59;17187
132;60;17196
132;61;17203
132;62;17213
132;63;17217
133;1;12484
133;2;12546
133;3;12892
133;4;13026
133;5;13045
133;6;13217
133;7;13315
133;8;13771
133;9;14123
133;10;14142
133;11;14204
133;12;14262
133;13;14703
133;14;15189
133;15;15264
133;16;15362
133;17;15394
133;18;15905
133;19;15946
133;20;15978
133;21;16022
133;22;16051
133;23;16052
133;24;16071
133;25;16095
133;26;16173
133;27;16206
133;28;16228
133;29;16256
133;30;16550
133;31;16681
133;32;16700
133;33;16762
133;34;16862
133;35;16876
133;36;16908
133;37;16918
133;38;16940
133;39;16956
133;40;16983
133;41;17020
133;42;17028
133;43;17032
133;44;17045
133;45;17055
133;46;17074
133;47;17096
133;48;17115
133;49;17123
133;50;17139
134;1;10945
134;2;11409
134;3;11764
134;4;11894
134;5;11903
134;6;12450
134;7;12529
134;8;12970
134;9;13241
134;10;13274
134;11;13484
134;12;13504
134;13;13920
134;14;13926
134;15;14009
134;16;14658
134;17;14680
134;18;14681
134;19;14704
134;20;15194
134;21;15216
134;22;15233
134;23;15610
134;24;15664
134;25;15705
134;26;16018
134;27;16195
134;28;16263
134;29;16283
134;30;16298
134;31;16306
134;32;16661
134;33;16724
134;34;16756
134;35;16760
134;36;16795
134;37;16844
134;38;16878
134;39;16893
134;40;16928
134;41;16932
134;42;16941
134;43;16963
134;44;16972
134;45;17030
134;46;17052
134;47;17058
134;48;17068
134;49;17162
134;50;17166
134;51;17179
135;1;9418
135;2;9979
135;3;10384
135;4;10873
135;5;11522
135;6;11982
135;7;12547
135;8;12595
135;9;12859
135;10;12969
135;11;13522
135;12;13524
135;13;13907
135;14;14061
135;15;14141
135;16;14181
135;17;14680
135;18;14900
135;19;14911
135;20;15007
135;21;15115
135;22;15156
135;23;15224
135;24;15597
135;25;15603
135;26;15629
135;27;15685
135;28;15692
135;29;15709
135;30;15763
135;31;15770
135;32;15792
135;33;16114
135;34;16228
135;35;16232
135;36;16254
135;37;16711
135;38;16726
135;39;16740
135;40;16781
135;41;16792
135;42;16798
135;43;16812
135;44;16825
135;45;16827
135;46;16835
135;47;16836
135;48;16865
135;49;16919
135;50;16922
135;51;16953
135;52;16972
135;53;16984
135;54;16988
135;55;17005
135;56;17009
135;57;17013
135;58;17026
135;59;17048
135;60;17052
135;61;17115
135;62;17130
135;63;17132
135;64;17142
135;65;17154
135;66;17171
135;67;17175
135;68;17186
136;1;12214
136;2;12498
136;3;12530
136;4;12879
136;5;12887
136;6;13305
136;7;13309
136;8;13382
136;9;13386
136;10;13481
136;11;13633
136;12;13846
136;13;14411
136;14;14871
136;15;15381
136;16;15436
136;17;15791
136;18;15911
136;19;16043
136;20;16113
136;21;16117
136;22;16535
136;23;16548
136;24;16558
136;25;16581
136;26;16641
136;27;16650
136;28;16654
136;29;16679
136;30;16763
136;31;16799
136;32;16803
136;33;16827
136;34;16831
136;35;16886
136;36;16890
136;37;16912
136;38;16934
136;39;16956
136;40;16968
136;41;17009
136;42;17032
136;43;17041
136;44;17045
136;45;17073
136;46;17089
136;47;17104
136;48;17158
137;1;13425
137;2;13500
137;3;13972
137;4;13994
137;5;14056
137;6;14132
137;7;14621
137;8;14890
137;9;14968
137;10;14991
137;11;15061
137;12;15105
137;13;15180
137;14;15197
137;15;15595
137;16;16033
137;17;16045
137;18;16112
137;19;16541
137;20;16545
137;21;16621
137;22;16666
137;23;16685
137;24;16689
137;25;16709
137;26;16754
137;27;16766
137;28;16790
137;29;16825
137;30;16833
137;31;16848
137;32;16857
137;33;16860
137;34;16865
137;35;16887
137;36;16893
137;37;16903
137;38;16916
137;39;16935
137;40;16944
137;41;16950
137;42;16965
137;43;16974
137;44;17007
137;45;17009
137;46;17016
137;47;17026
137;48;17029
137;49;17099
137;50;17104
137;51;17106
137;52;17111
137;53;17124
137;54;17156
137;55;17178
137;56;17182
137;57;17186
138;1;12379
138;2;12517
138;3;12575
138;4;12611
138;5;13176
138;6;13194
138;7;13370
138;8;13443
138;9;13458
138;10;13491
138;11;13514
138;12;13534
138;13;13627
138;14;14137
138;15;14148
138;16;14301
138;17;14361
138;18;14440
138;19;14478
138;20;14852
138;21;14920
138;22;14942
138;23;14996
138;24;15049
138;25;15247
138;26;15719
138;27;15770
138;28;16184
138;29;16444
138;30;16551
138;31;16628
138;32;16675
138;33;16681
138;34;16697
138;35;16710
138;36;16714
138;37;16732
138;38;16744
138;39;16754
138;40;16798
138;41;16816
138;42;16836
138;43;16859
138;44;16892
138;45;16897
138;46;16915
138;47;16969
138;48;16978
138;49;16983
138;50;17009
138;51;17031
138;52;17057
138;53;17093
138;54;17113
138;55;17136
138;56;17152
138;57;17174
138;58;17179
138;59;17181
139;1;10917
139;2;11344
139;3;11631
139;4;12049
139;5;12067
139;6;12137
139;7;12596
139;8;13010
139;9;13454
139;10;14061
139;11;14447
139;12;14960
139;13;15002
139;14;15111
139;15;15210
139;16;15232
139;17;15237
139;18;15249
139;19;15255
139;20;15642
139;21;15651
139;22;15701
139;23;15771
139;24;15777
139;25;16282
139;26;16310
139;27;16320
139;28;16335
139;29;16344
139;30;16360
139;31;16361
139;32;16391
139;33;16401
139;34;16413
139;35;16449
139;36;16464
139;37;16486
139;38;16902
139;39;16917
139;40;16942
139;41;16996
139;42;17026
139;43;17030
139;44;17045
139;45;17067
139;46;17083
139;47;17101
139;48;17105
139;49;17122
139;50;17138
139;51;17140
139;52;17144
139;53;17151
140;1;10993
140;2;11292
140;3;11724
140;4;11746
140;5;12254
140;6;12663
140;7;13052
140;8;13182
140;9;13341
140;10;13771
140;11;14270
140;12;14280
140;13;14356
140;14;14714
140;15;14759
140;16;14825
140;17;15216
140;18;15275
140;19;15400
140;20;15435
140;21;15492
140;22;15511
140;23;15535
140;24;15560
140;25;15906
140;26;15981
140;27;16003
140;28;16032
140;29;16543
140;30;16554
140;31;16584
140;32;16622
140;33;16661
140;34;16720
140;35;16721
140;36;16725
140;37;16812
140;38;16820
140;39;16864
140;40;16872
140;41;16882
140;42;16891
140;43;16946
140;44;16960
140;45;16978
140;46;16980
140;47;16984
140;48;16992
140;49;16996
140;50;17018
140;51;17025
140;52;17036
140;53;17043
140;54;17057
140;55;17067
140;56;17071
140;57;17093
140;58;17095
140;59;17115
140;60;17136
140;61;17143
140;62;17151
140;63;17166
140;64;17172
140;65;17176
140;66;17183
140;67;17187
141;1;12379
141;2;12611
141;3;12715
141;4;12755
141;5;13177
141;6;13283
141;7;13758
141;8;13824
141;9;13865
141;10;14140
141;11;14489
141;12;14581
141;13;15023
141;14;15027
141;15;15029
141;16;15035
141;17;15044
141;18;15079
141;19;15442
141;20;15469
141;21;15517
141;22;15518
141;23;16011
141;24;16052
141;25;16060
141;26;16072
141;27;16086
141;28;16112
141;29;16140
141;30;16185
141;31;16195
141;32;16199
141;33;16208
141;34;16221
141;35;16236
141;36;16242
141;37;16264
141;38;16267
141;39;16283
141;40;16310
141;41;16330
141;42;16400
141;43;16454
141;44;17042
141;45;17052
141;46;17056
141;47;17067
141;48;17082
141;49;17091
141;50;17117
141;51;17135
141;52;17145
141;53;17149
141;54;17155
141;55;17171
141;56;17175
141;57;17177
141;58;17181
142;1;11927
142;2;12341
142;3;12906
142;4;12996
142;5;13014
142;6;13127
142;7;13553
142;8;13594
142;9;13652
142;10;13673
142;11;13853
142;12;14292
142;13;14803
142;14;14825
142;15;15336
142;16;15797
142;17;16247
142;18;16274
142;19;16670
142;20;16730
142;21;16784
142;22;16842
142;23;16846
142;24;16868
142;25;16888
142;26;16892
142;27;16896
142;28;16923
142;29;16945
142;30;17003
142;31;17013
142;32;17067
142;33;17071
142;34;17076
142;35;17080
142;36;17082
142;37;17086
142;38;17091
142;39;17101
142;40;17105
142;41;17117
142;42;17135
142;43;17139
142;44;17159
142;45;17169
142;46;17172
142;47;17176
142;48;17191
143;1;13023
143;2;13522
143;3;13615
143;4;14069
143;5;14157
143;6;14217
143;7;14218
143;8;14518
143;9;14578
143;10;14646
143;11;15109
143;12;15172
143;13;15517
143;14;15529
143;15;16017
143;16;16071
143;17;16131
143;18;16441
143;19;16459
143;20;16490
143;21;16508
143;22;16516
143;23;16577
143;24;16605
143;25;16623
143;26;16694
143;27;16731
143;28;16775
143;29;16787
143;30;16841
143;31;16863
143;32;16878
143;33;16884
143;34;16888
143;35;16897
143;36;16901
143;37;16905
143;38;16921
143;39;16924
143;40;16961
143;41;16997
143;42;16999
143;43;17057
143;44;17067
143;45;17069
143;46;17084
143;47;17085
143;48;17091
143;49;17113
143;50;17117
143;51;17118
144;1;12477
144;2;12851
144;3;12865
144;4;12919
144;5;12923
144;6;13304
144;7;13339
144;8;13347
144;9;13405
144;10;13999
144;11;14351
144;12;14405
144;13;14847
144;14;15262
144;15;15275
144;16;15283
144;17;15349
144;18;15740
144;19;15753
144;20;15794
144;21;16155
144;22;16191
144;23;16349
144;24;16365
144;25;16369
144;26;16410
144;27;16417
144;28;16421
144;29;16519
144;30;16566
144;31;16611
144;32;16633
144;33;16658
144;34;16672
144;35;16710
144;36;16783
144;37;16806
144;38;16812
144;39;16860
144;40;16930
144;41;16936
144;42;16942
144;43;16998
144;44;17002
144;45;17024
144;46;17029
144;47;17039
144;48;17101
144;49;17110
144;50;17117
144;51;17126
144;52;17136
144;53;17146
144;54;17150
144;55;17162
144;56;17163
145;1;11435
145;2;11765
145;3;12234
145;4;12303
145;5;12773
145;6;13136
145;7;13156
145;8;13180
145;9;13305
145;10;13394
145;11;13909
145;12;13913
145;13;13922
145;14;13969
145;15;13981
145;16;13987
145;17;13990
145;18;14426
145;19;14780
145;20;14961
145;21;14988
145;22;15084
145;23;15141
145;24;15550
145;25;16158
145;26;16203
145;27;16626
145;28;16660
145;29;16664
145;30;16671
145;31;16739
145;32;16751
145;33;16759
145;34;16895
145;35;16913
145;36;16946
145;37;16953
145;38;16976
145;39;16998
145;40;17021
145;41;17031
145;42;17072
145;43;17074
145;44;17083
145;45;17130
145;46;17145
145;47;17151
145;48;17152
146;1;13589
146;2;14028
146;3;14044
146;4;14432
146;5;14609
146;6;14625
146;7;14855
146;8;14909
146;9;14934
146;10;14966
146;11;15036
146;12;15293
146;13;15301
146;14;15369
146;15;15378
146;16;15399
146;17;15881
146;18;15885
146;19;16268
146;20;16351
146;21;16440
146;22;16506
146;23;16524
146;24;16583
146;25;16594
146;26;16656
146;27;16673
146;28;16709
146;29;16768
146;30;16790
146;31;16835
146;32;16850
146;33;16889
146;34;16899
146;35;16903
146;36;16944
146;37;16964
146;38;16970
146;39;16979
146;40;17000
146;41;17023
146;42;17038
146;43;17064
146;44;17074
146;45;17103
146;46;17112
146;47;17113
146;48;17124
146;49;17146
146;50;17149
146;51;17155
146;52;17177
146;53;17181
147;1;11478
147;2;11724
147;3;11800
147;4;12218
147;5;12707
147;6;12752
147;7;13251
147;8;13283
147;9;13781
147;10;14222
147;11;14544
147;12;14643
147;13;14649
147;14;15057
147;15;15111
147;16;15147
147;17;15165
147;18;15619
147;19;15623
147;20;15671
147;21;16127
147;22;16155
147;23;16644
147;24;16680
147;25;16688
147;26;16700
147;27;16709
147;28;16727
147;29;16735
147;30;16762
147;31;16780
147;32;16785
147;33;16786
147;34;16807
147;35;16824
147;36;16827
147;37;16860
147;38;16869
147;39;16879
147;40;16887
147;41;16902
147;42;16923
147;43;16935
147;44;16936
147;45;16948
147;46;16974
147;47;16992
147;48;17005
147;49;17036
147;50;17081
147;51;17085
147;52;17089
147;53;17111
147;54;17113
147;55;17119
147;56;17123
147;57;17146
147;58;17159
147;59;17161
147;60;17167
147;61;17177
147;62;17179
147;63;17183
148;1;12022
148;2;12472
148;3;12490
148;4;12534
148;5;12570
148;6;12801
148;7;13008
148;8;13067
148;9;13142
148;10;13178
148;11;13460
148;12;13473
148;13;13540
148;14;14051
148;15;14089
148;16;14504
148;17;14548
148;18;14557
148;19;14598
148;20;14613
148;21;15121
148;22;15319
148;23;15323
148;24;15481
148;25;15486
148;26;15554
148;27;15557
148;28;15613
148;29;15669
148;30;15707
148;31;15726
148;32;16205
148;33;16217
148;34;16230
148;35;16264
148;36;16625
148;37;16644
148;38;16683
148;39;16697
148;40;16711
148;41;16717
148;42;16731
148;43;16742
148;44;16749
148;45;16785
148;46;16806
148;47;16828
148;48;16832
148;49;16840
148;50;16876
148;51;16883
148;52;16884
148;53;16899
148;54;16928
148;55;16965
148;56;16984
148;57;17025
148;58;17050
148;59;17054
148;60;17063
148;61;17068
148;62;17078
148;63;17088
148;64;17111
148;65;17117
148;66;17163
149;1;11529
149;2;11560
149;3;12033
149;4;12422
149;5;12496
149;6;12511
149;7;12724
149;8;13187
149;9;13755
149;10;14198
149;11;14714
149;12;14786
149;13;14802
149;14;15174
149;15;15192
149;16;15254
149;17;15324
149;18;15398
149;19;15429
149;20;15851
149;21;15995
149;22;16004
149;23;16042
149;24;16135
149;25;16260
149;26;16264
149;27;16785
149;28;16829
149;29;16838
149;30;16865
149;31;16905
149;32;16927
149;33;16980
149;34;16981
149;35;17049
149;36;17058
149;37;17068
149;38;17074
149;39;17083
149;40;17092
149;41;17119
149;42;17125
149;43;17130
149;44;17133
149;45;17166
149;46;17170
149;47;17174
149;48;17181
150;1;12942
150;2;13034
150;3;13421
150;4;13483
150;5;13617
150;6;13671
150;7;14067
150;8;14099
150;9;14107
150;10;14161
150;11;14241
150;12;14637
150;13;14733
150;14;15244
150;15;15639
150;16;16075
150;17;16079
150;18;16101
150;19;16126
150;20;16224
150;21;16247
150;22;16825
150;23;16865
150;24;16870
150;25;16906
150;26;16912
150;27;16933
150;28;16937
150;29;16941
150;30;16949
150;31;16951
150;32;16969
150;33;17001
150;34;17045
150;35;17094
150;36;17098
150;37;17099
150;38;17135
150;39;17142
150;40;17146
150;41;17161
151;1;11992
151;2;12227
151;3;12249
151;4;12738
151;5;13111
151;6;13567
151;7;14043
151;8;14061
151;9;14106
151;10;14160
151;11;14201
151;12;14322
151;13;14341
151;14;14342
151;15;14349
151;16;14355
151;17;14999
151;18;15074
151;19;15125
151;20;15180
151;21;15699
151;22;15867
151;23;15902
151;24;15911
151;25;15921
151;26;16249
151;27;16253
151;28;16257
151;29;16272
151;30;16276
151;31;16291
151;32;16681
151;33;16698
151;34;16741
151;35;16849
151;36;16857
151;37;16864
151;38;16899
151;39;16909
151;40;16923
151;41;16967
151;42;17003
151;43;17008
151;44;17012
151;45;17035
151;46;17057
151;47;17060
151;48;17102
151;49;17114
151;50;17160
151;51;17182
151;52;17216
151;53;17226
152;1;13221
152;2;13246
152;3;13709
152;4;14199
152;5;14650
152;6;14994
152;7;15106
152;8;15572
152;9;16196
152;10;16206
152;11;16251
152;12;16295
152;13;16299
152;14;16322
152;15;16324
152;16;16346
152;17;16363
152;18;16803
152;19;16849
152;20;16858
152;21;16873
152;22;16917
152;23;16925
152;24;16947
152;25;16966
152;26;16970
152;27;16992
152;28;16994
152;29;17018
152;30;17033
152;31;17045
152;32;17049
152;33;17076
152;34;17096
152;35;17100
152;36;17109
152;37;17131
152;38;17153
152;39;17169
152;40;17170
153;1;12055
153;2;12389
153;3;12897
153;4;13143
153;5;13299
153;6;13335
153;7;13846
153;8;14306
153;9;14516
153;10;14536
153;11;14543
153;12;14674
153;13;15189
153;14;15813
153;15;15873
153;16;15888
153;17;15942
153;18;15962
153;19;15982
153;20;16360
153;21;16488
153;22;16636
153;23;16639
153;24;16707
153;25;16713
153;26;16754
153;27;16772
153;28;16775
153;29;16793
153;30;16802
153;31;16814
153;32;16819
153;33;16838
153;34;16843
153;35;16851
153;36;16881
153;37;16886
153;38;16892
153;39;16905
153;40;16910
153;41;16926
153;42;16928
153;43;16998
153;44;17002
153;45;17008
153;46;17070
153;47;17093
153;48;17101
153;49;17123
153;50;17142
153;51;17158
153;52;17180
153;53;17188
153;54;17204
153;55;17228
154;1;12356
154;2;12783
154;3;12894
154;4;12939
154;5;12964
154;6;13040
154;7;13606
154;8;13636
154;9;13749
154;10;14105
154;11;14137
154;12;14428
154;13;14494
154;14;14584
154;15;15073
154;16;15584
154;17;15658
154;18;15662
154;19;15706
154;20;15712
154;21;15721
154;22;15725
154;23;16057
154;24;16125
154;25;16187
154;26;16220
154;27;16241
154;28;16277
154;29;16287
154;30;16290
154;31;16389
154;32;16409
154;33;16413
154;34;16827
154;35;16828
154;36;16830
154;37;16859
154;38;16888
154;39;16913
154;40;16948
154;41;16962
154;42;17003
154;43;17013
154;44;17035
154;45;17039
154;46;17046
154;47;17078
154;48;17096
154;49;17106
154;50;17110
154;51;17144
154;52;17159
154;53;17193
154;54;17200
154;55;17212
154;56;17216
154;57;17226
155;1;11645
155;2;11699
155;3;11982
155;4;12456
155;5;12479
155;6;12499
155;7;13105
155;8;13120
155;9;13556
155;10;13994
155;11;14030
155;12;14075
155;13;14120
155;14;14544
155;15;14612
155;16;15177
155;17;15483
155;18;15614
155;19;15621
155;20;16224
155;21;16226
155;22;16711
155;23;16717
155;24;16725
155;25;16778
155;26;16797
155;27;16824
155;28;16865
155;29;16883
155;30;16887
155;31;16899
155;32;16911
155;33;16987
155;34;17034
155;35;17048
155;36;17059
155;37;17064
155;38;17086
155;39;17096
155;40;17137
155;41;17141
155;42;17143
155;43;17146
155;44;17150
155;45;17163
156;1;10282
156;2;10327
156;3;10820
156;4;11091
156;5;11500
156;6;11614
156;7;11659
156;8;11757
156;9;12275
156;10;12687
156;11;12779
156;12;13151
156;13;13270
156;14;13780
156;15;13784
156;16;14182
156;17;14253
156;18;14881
156;19;14938
156;20;15020
156;21;15047
156;22;15059
156;23;15499
156;24;15511
156;25;15532
156;26;15555
156;27;15919
156;28;15998
156;29;16066
156;30;16078
156;31;16485
156;32;16491
156;33;16511
156;34;16552
156;35;16620
156;36;16642
156;37;16659
156;38;16670
156;39;16706
156;40;16710
156;41;16719
156;42;16728
156;43;16758
156;44;16833
156;45;16846
156;46;16868
156;47;16870
156;48;16888
156;49;16904
156;50;16958
156;51;16973
156;52;16995
156;53;17017
156;54;17021
156;55;17023
156;56;17033
156;57;17035
156;58;17037
156;59;17059
156;60;17063
156;61;17078
156;62;17084
156;63;17105
156;64;17109
156;65;17124
156;66;17126
156;67;17142
156;68;17147
156;69;17151
156;70;17159
156;71;17174
156;72;17196
157;1;13249
157;2;13759
157;3;13799
157;4;13813
157;5;13825
157;6;13838
157;7;13841
157;8;13899
157;9;13943
157;10;14015
157;11;14060
157;12;14358
157;13;14404
157;14;14407
157;15;14647
157;16;14847
157;17;14880
157;18;15059
157;19;15078
157;20;15259
157;21;15269
157;22;15291
157;23;15566
157;24;15696
157;25;15718
157;26;15838
157;27;16227
157;28;16234
157;29;16658
157;30;16670
157;31;16677
157;32;16694
157;33;16700
157;34;16712
157;35;16719
157;36;16729
157;37;16747
157;38;16765
157;39;16781
157;40;16782
157;41;16826
157;42;16855
157;43;16898
157;44;16912
157;45;16921
157;46;16931
157;47;16935
157;48;16940
157;49;16955
157;50;16962
157;51;16963
157;52;16967
157;53;16990
157;54;17028
157;55;17032
157;56;17047
157;57;17054
157;58;17087
157;59;17091
157;60;17101
157;61;17105
157;62;17109
157;63;17120
157;64;17124
157;65;17134
157;66;17141
157;67;17144
157;68;17196
157;69;17200
157;70;17215
158;1;11310
158;2;11738
158;3;12061
158;4;12377
158;5;12867
158;6;12900
158;7;12960
158;8;13031
158;9;13500
158;10;13574
158;11;13576
158;12;13617
158;13;14029
158;14;14519
158;15;14565
158;16;14867
158;17;15061
158;18;15421
158;19;15443
158;20;15472
158;21;15834
158;22;15988
158;23;16172
158;24;16549
158;25;16662
158;26;16670
158;27;16682
158;28;16730
158;29;16732
158;30;16742
158;31;16758
158;32;16772
158;33;16778
158;34;16802
158;35;16837
158;36;16850
158;37;16871
158;38;16885
158;39;16904
158;40;16917
158;41;16927
158;42;16950
158;43;16973
158;44;16982
158;45;17018
158;46;17019
158;47;17041
158;48;17076
158;49;17084
158;50;17101
158;51;17131
158;52;17150
158;53;17154
158;54;17176
158;55;17181
158;56;17217
159;1;13108
159;2;13207
159;3;13667
159;4;14037
159;5;14105
159;6;14616
159;7;14688
159;8;14700
159;9;14998
159;10;15314
159;11;15491
159;12;15600
159;13;16009
159;14;16041
159;15;16094
159;16;16130
159;17;16138
159;18;16170
159;19;16212
159;20;16216
159;21;16223
159;22;16224
159;23;16656
159;24;16705
159;25;16726
159;26;16729
159;27;16748
159;28;16798
159;29;16816
159;30;16838
159;31;16844
159;32;16906
159;33;16931
159;34;16949
159;35;16953
159;36;16963
159;37;16969
159;38;16974
159;39;16996
159;40;17014
159;41;17023
159;42;17025
159;43;17060
159;44;17066
159;45;17099
159;46;17112
159;47;17124
159;48;17149
159;49;17171
159;50;17172
160;1;13921
160;2;13967
160;3;14456
160;4;14530
160;5;14569
160;6;15006
160;7;15051
160;8;15504
160;9;15924
160;10;16341
160;11;16539
160;12;16579
160;13;16615
160;14;16619
160;15;16626
160;16;16636
160;17;16640
160;18;16694
160;19;16697
160;20;16714
160;21;16732
160;22;16741
160;23;16774
160;24;16786
160;25;16790
160;26;16791
160;27;16801
160;28;16805
160;29;16924
160;30;16936
160;31;16944
160;32;16977
160;33;17010
160;34;17021
160;35;17040
160;36;17055
160;37;17059
160;38;17108
160;39;17113
160;40;17135
161;1;12851
161;2;13271
161;3;13805
161;4;13870
161;5;14248
161;6;14252
161;7;14261
161;8;14270
161;9;14312
161;10;14746
161;11;14782
161;12;14805
161;13;14808
161;14;14823
161;15;14829
161;16;15109
161;17;15568
161;18;15598
161;19;15835
161;20;15903
161;21;15919
161;22;16017
161;23;16046
161;24;16079
161;25;16093
161;26;16105
161;27;16117
161;28;16171
161;29;16179
161;30;16288
161;31;16296
161;32;16341
161;33;16348
161;34;16370
161;35;16382
161;36;16392
161;37;16482
161;38;16806
161;39;16935
161;40;17015
161;41;17019
161;42;17042
161;43;17060
161;44;17070
161;45;17083
161;46;17092
161;47;17110
161;48;17121
161;49;17125
161;50;17143
161;51;17148
161;52;17151
161;53;17160
161;54;17185
161;55;17206
161;56;17224
161;57;17228
162;1;11225
162;2;11446
162;3;11456
162;4;11898
162;5;12034
162;6;12536
162;7;13044
162;8;13608
162;9;14062
162;10;14128
162;11;14648
162;12;14961
162;13;15013
162;14;15075
162;15;15204
162;16;15703
162;17;15707
162;18;16130
162;19;16179
162;20;16187
162;21;16204
162;22;16226
162;23;16253
162;24;16305
162;25;16327
162;26;16386
162;27;16426
162;28;16472
162;29;16489
162;30;16534
162;31;16549
162;32;16552
162;33;16556
162;34;16587
162;35;16605
162;36;16608
162;37;16627
162;38;16652
162;39;16677
162;40;16681
162;41;16684
162;42;16699
162;43;16709
162;44;16982
162;45;16999
162;46;17176
162;47;17198
162;48;17202
163;1;12869
163;2;12927
163;3;13003
163;4;13061
163;5;13508
163;6;13926
163;7;14309
163;8;14723
163;9;15146
163;10;15636
163;11;15970
163;12;16000
163;13;16004
163;14;16018
163;15;16035
163;16;16060
163;17;16089
163;18;16111
163;19;16551
163;20;16569
163;21;16587
163;22;16595
163;23;16631
163;24;16648
163;25;16700
163;26;16705
163;27;16726
163;28;16758
163;29;16764
163;30;16775
163;31;16829
163;32;16837
163;33;16866
163;34;16877
163;35;16928
163;36;17068
163;37;17072
163;38;17100
163;39;17110
163;40;17125
163;41;17137
163;42;17147
163;43;17156
163;44;17169
163;45;17191
164;1;13341
164;2;13632
164;3;14145
164;4;14343
164;5;14442
164;6;14448
164;7;14484
164;8;14595
164;9;14660
164;10;15068
164;11;15567
164;12;15584
164;13;15661
164;14;15709
164;15;15720
164;16;15724
164;17;15727
164;18;15750
164;19;15763
164;20;15846
164;21;15898
164;22;16316
164;23;16357
164;24;16365
164;25;16374
164;26;16389
164;27;16428
164;28;16434
164;29;16935
164;30;16965
164;31;16975
164;32;17029
164;33;17034
164;34;17038
164;35;17039
164;36;17057
164;37;17089
164;38;17119
164;39;17141
164;40;17145
164;41;17149
164;42;17159
164;43;17164
164;44;17174
164;45;17181
164;46;17185
165;1;12015
165;2;12338
165;3;12415
165;4;12453
165;5;12946
165;6;12995
165;7;13000
165;8;13490
165;9;13628
165;10;14037
165;11;14086
165;12;14585
165;13;14601
165;14;14605
165;15;14719
165;16;14725
165;17;14750
165;18;15055
165;19;15115
165;20;15444
165;21;15489
165;22;15548
165;23;16035
165;24;16069
165;25;16487
165;26;16511
165;27;16665
165;28;16671
165;29;16736
165;30;16756
165;31;16766
165;32;16802
165;33;16809
165;34;16818
165;35;16822
165;36;16838
165;37;16883
165;38;16911
165;39;16915
165;40;16940
165;41;16981
165;42;16985
165;43;16989
165;44;17037
165;45;17055
165;46;17056
165;47;17076
165;48;17088
165;49;17103
165;50;17111
165;51;17139
165;52;17143
165;53;17145
165;54;17153
165;55;17170
165;56;17179
165;57;17183
165;58;17187
165;59;17202
166;1;10512
166;2;11073
166;3;11529
166;4;12019
166;5;12469
166;6;12969
166;7;12973
166;8;13006
166;9;13068
166;10;13576
166;11;13649
166;12;14034
166;13;14085
166;14;14499
166;15;14735
166;16;14744
166;17;14921
166;18;15036
166;19;15040
166;20;15537
166;21;15552
166;22;15620
166;23;15637
166;24;16084
166;25;16105
166;26;16125
166;27;16146
166;28;16160
166;29;16165
166;30;16180
166;31;16269
166;32;16296
166;33;16300
166;34;16371
166;35;16409
166;36;16432
166;37;16437
166;38;16811
166;39;16830
166;40;16833
166;41;16855
166;42;16876
166;43;16944
166;44;16980
166;45;16983
166;46;16993
166;47;17005
166;48;17027
166;49;17047
166;50;17072
166;51;17076
166;52;17078
166;53;17086
166;54;17095
166;55;17109
166;56;17132
166;57;17138
166;58;17148
166;59;17154
166;60;17177
166;61;17183
167;1;13622
167;2;13676
167;3;13775
167;4;13808
167;5;13826
167;6;14249
167;7;14251
167;8;14299
167;9;14723
167;10;15147
167;11;15169
167;12;15437
167;13;15548
167;14;15867
167;15;15884
167;16;16235
167;17;16268
167;18;16290
167;19;16331
167;20;16385
167;21;16399
167;22;16422
167;23;16437
167;24;16441
167;25;16485
167;26;16504
167;27;16560
167;28;16569
167;29;16573
167;30;16605
167;31;16623
167;32;16624
167;33;16680
167;34;16722
167;35;16735
167;36;16738
167;37;16760
167;38;16798
167;39;16808
167;40;16838
167;41;16859
167;42;16903
167;43;16981
167;44;16989
167;45;17011
167;46;17035
167;47;17048
167;48;17056
167;49;17075
167;50;17086
167;51;17094
167;52;17120
167;53;17138
167;54;17160
167;55;17174
167;56;17177
167;57;17181
168;1;11619
168;2;11712
168;3;11735
168;4;12166
168;5;12576
168;6;12598
168;7;13034
168;8;13408
168;9;13412
168;10;13839
168;11;13889
168;12;14382
168;13;14559
168;14;14578
168;15;14629
168;16;15036
168;17;15105
168;18;15488
168;19;15584
168;20;15652
168;21;15674
168;22;15681
168;23;15954
168;24;16454
168;25;16496
168;26;16529
168;27;16548
168;28;16568
168;29;16594
168;30;16618
168;31;16658
168;32;16798
168;33;16857
168;34;16861
168;35;16883
168;36;16891
168;37;16894
168;38;16902
168;39;16981
168;40;16988
168;41;17010
168;42;17013
168;43;17017
168;44;17036
168;45;17048
168;46;17085
168;47;17107
168;48;17126
168;49;17170
168;50;17188
168;51;17192
168;52;17224
168;53;17228
169;1;12739
169;2;13147
169;3;13658
169;4;14117
169;5;14140
169;6;14239
169;7;14258
169;8;14334
169;9;14651
169;10;14756
169;11;15238
169;12;15711
169;13;15733
169;14;15742
169;15;15808
169;16;16135
169;17;16175
169;18;16187
169;19;16246
169;20;16300
169;21;16393
169;22;16412
169;23;16416
169;24;16432
169;25;16455
169;26;16467
169;27;16477
169;28;16518
169;29;16536
169;30;16556
169;31;16570
169;32;16572
169;33;16612
169;34;16833
169;35;16962
169;36;16970
169;37;16991
169;38;17000
169;39;17041
169;40;17045
169;41;17066
169;42;17077
169;43;17081
169;44;17118
169;45;17128
169;46;17150
169;47;17159
169;48;17172
169;49;17177
169;50;17213
169;51;17217
170;1;13056
170;2;13522
170;3;13922
170;4;14382
170;5;14427
170;6;14725
170;7;15200
170;8;15273
170;9;15458
170;10;15462
170;11;15500
170;12;15677
170;13;15700
170;14;15773
170;15;15818
170;16;15851
170;17;15949
170;18;15960
170;19;15983
170;20;16081
170;21;16125
170;22;16470
170;23;16471
170;24;16486
170;25;16554
170;26;16645
170;27;16653
170;28;16676
170;29;16714
170;30;16759
170;31;16781
170;32;16796
170;33;16806
170;34;16833
170;35;16842
170;36;16884
170;37;16889
170;38;16891
170;39;16903
170;40;16907
170;41;16929
170;42;16939
170;43;16949
170;44;16971
170;45;17012
170;46;17016
170;47;17018
170;48;17023
170;49;17025
170;50;17029
170;51;17058
170;52;17080
170;53;17096
170;54;17099
170;55;17140
170;56;17152
170;57;17159
170;58;17177
170;59;17181
170;60;17186
171;1;13282
171;2;13299
171;3;13809
171;4;13824
171;5;13847
171;6;13887
171;7;13891
171;8;14366
171;9;14826
171;10;15280
171;11;15602
171;12;15605
171;13;16130
171;14;16583
171;15;16605
171;16;16651
171;17;16701
171;18;16716
171;19;16756
171;20;16807
171;21;16825
171;22;16826
171;23;16880
171;24;16909
171;25;16918
171;26;16920
171;27;16932
171;28;16941
171;29;16945
171;30;16989
171;31;17005
171;32;17019
171;33;17026
171;34;17041
171;35;17049
171;36;17061
171;37;17093
171;38;17094
171;39;17098
171;40;17115
171;41;17120
171;42;17124
171;43;17134
171;44;17137
171;45;17141
171;46;17146
172;1;10656
172;2;11222
172;3;11399
172;4;11777
172;5;12266
172;6;12284
172;7;12598
172;8;13006
172;9;13451
172;10;13455
172;11;14061
172;12;14131
172;13;14644
172;14;14975
172;15;15111
172;16;15617
172;17;15769
172;18;15778
172;19;15800
172;20;16164
172;21;16281
172;22;16292
172;23;16324
172;24;16361
172;25;16414
172;26;16418
172;27;16426
172;28;16759
172;29;16774
172;30;16791
172;31;16799
172;32;16805
172;33;16827
172;34;16868
172;35;16891
172;36;16898
172;37;16905
172;38;16916
172;39;16927
172;40;16933
172;41;16987
172;42;17028
172;43;17036
172;44;17048
172;45;17049
172;46;17055
172;47;17077
172;48;17092
172;49;17099
172;50;17117
172;51;17121
172;52;17124
172;53;17128
172;54;17131
172;55;17135
173;1;12473
173;2;12505
173;3;12851
173;4;13219
173;5;13594
173;6;13693
173;7;13919
173;8;13960
173;9;14238
173;10;14555
173;11;14648
173;12;15138
173;13;15180
173;14;15230
173;15;15572
173;16;15621
173;17;15629
173;18;15737
173;19;15867
173;20;15885
173;21;15930
173;22;15970
173;23;15988
173;24;16028
173;25;16032
173;26;16054
173;27;16058
173;28;16071
173;29;16109
173;30;16123
173;31;16128
173;32;16207
173;33;16230
173;34;16326
173;35;16806
173;36;16810
173;37;16814
173;38;16815
173;39;16822
173;40;16842
173;41;16861
173;42;16865
173;43;16866
173;44;16876
173;45;16888
173;46;16890
173;47;16920
173;48;16938
173;49;16942
173;50;16952
173;51;16956
173;52;16973
173;53;16982
173;54;16992
173;55;17019
173;56;17023
173;57;17046
173;58;17076
173;59;17094
173;60;17108
173;61;17116
173;62;17134
173;63;17150
173;64;17172
174;1;12305
174;2;12363
174;3;12373
174;4;12884
174;5;13403
174;6;13421
174;7;13475
174;8;13568
174;9;13677
174;10;14014
174;11;14579
174;12;14974
174;13;15034
174;14;15044
174;15;15066
174;16;15070
174;17;15521
174;18;15557
174;19;15888
174;20;15976
174;21;15978
174;22;16001
174;23;16096
174;24;16109
174;25;16119
174;26;16146
174;27;16163
174;28;16167
174;29;16580
174;30;16662
174;31;16665
174;32;16710
174;33;16726
174;34;16730
174;35;16752
174;36;16785
174;37;16793
174;38;16802
174;39;16805
174;40;16874
174;41;16919
174;42;16957
174;43;16980
174;44;17003
174;45;17017
174;46;17062
174;47;17082
174;48;17110
174;49;17132
174;50;17133
174;51;17148
174;52;17155
174;53;17159
174;54;17177
174;55;17181
175;1;10550
175;2;10577
175;3;11022
175;4;11535
175;5;11977
175;6;12027
175;7;12676
175;8;13051
175;9;13540
175;10;13562
175;11;13701
175;12;13832
175;13;13843
175;14;14351
175;15;14873
175;16;14936
175;17;14982
175;18;15019
175;19;15034
175;20;15496
175;21;15500
175;22;15517
175;23;15519
175;24;15540
175;25;15557
175;26;15576
175;27;15893
175;28;15919
175;29;15964
175;30;15974
175;31;16022
175;32;16067
175;33;16134
175;34;16158
175;35;16167
175;36;16235
175;37;16258
175;38;16276
175;39;16347
175;40;16358
175;41;16361
175;42;16372
175;43;16382
175;44;16398
175;45;16408
175;46;16412
175;47;16415
175;48;16741
175;49;16773
175;50;16824
175;51;16870
175;52;16913
175;53;16917
175;54;16938
175;55;16959
175;56;16978
175;57;17043
175;58;17051
175;59;17078
175;60;17095
175;61;17105
175;62;17110
175;63;17140
175;64;17181
176;1;12247
176;2;12301
176;3;12903
176;4;12907
176;5;13351
176;6;13731
176;7;13806
176;8;13877
176;9;13899
176;10;13935
176;11;14355
176;12;14733
176;13;14747
176;14;15187
176;15;15269
176;16;15375
176;17;15433
176;18;15721
176;19;15779
176;20;15815
176;21;16152
176;22;16167
176;23;16176
176;24;16212
176;25;16236
176;26;16248
176;27;16270
176;28;16295
176;29;16313
176;30;16333
176;31;16341
176;32;16377
176;33;16382
176;34;16407
176;35;16424
176;36;16425
176;37;16451
176;38;16539
176;39;16669
176;40;16729
176;41;16765
176;42;16775
176;43;16784
176;44;16796
176;45;16802
176;46;16811
176;47;16833
176;48;16843
176;49;16897
176;50;16905
176;51;16918
176;52;16927
176;53;16937
176;54;16949
176;55;16974
176;56;16993
176;57;17038
176;58;17045
176;59;17067
176;60;17071
176;61;17075
176;62;17091
176;63;17117
176;64;17135
176;65;17145
176;66;17147
176;67;17151
176;68;17196
176;69;17213
176;70;17217
177;1;12048
177;2;12052
177;3;12087
177;4;12503
177;5;12601
177;6;13089
177;7;13134
177;8;13658
177;9;14034
177;10;14037
177;11;14550
177;12;14649
177;13;14676
177;14;14752
177;15;15242
177;16;15316
177;17;15338
177;18;15394
177;19;15434
177;20;15532
177;21;15576
177;22;15579
177;23;16025
177;24;16159
177;25;16196
177;26;16237
177;27;16239
177;28;16301
177;29;16357
177;30;16368
177;31;16406
177;32;16410
177;33;16432
177;34;16456
177;35;16462
177;36;16488
177;37;16912
177;38;16924
177;39;16965
177;40;16988
177;41;16991
177;42;17021
177;43;17043
177;44;17065
177;45;17076
177;46;17077
177;47;17109
177;48;17113
177;49;17135
177;50;17136
178;1;11605
178;2;12023
178;3;12027
178;4;12535
178;5;13004
178;6;13062
178;7;13312
178;8;13334
178;9;13750
178;10;14263
178;11;14272
178;12;14383
178;13;14651
178;14;14655
178;15;14691
178;16;14713
178;17;14812
178;18;15302
178;19;15360
178;20;15405
178;21;15426
178;22;15455
178;23;15517
178;24;15536
178;25;15594
178;26;16057
178;27;16068
178;28;16069
178;29;16091
178;30;16100
178;31;16104
178;32;16180
178;33;16184
178;34;16206
178;35;16207
178;36;16256
178;37;16292
178;38;16296
178;39;16372
178;40;16417
178;41;16461
178;42;16469
178;43;16935
178;44;16961
178;45;16971
178;46;16985
178;47;17018
178;48;17022
178;49;17023
178;50;17039
178;51;17048
178;52;17065
178;53;17075
178;54;17090
178;55;17093
178;56;17115
178;57;17124
178;58;17128
178;59;17141
178;60;17148
178;61;17170
178;62;17174
178;63;17181
179;1;10116
179;2;10605
179;3;11166
179;4;11198
179;5;11225
179;6;11603
179;7;11673
179;8;11771
179;9;12281
179;10;12717
179;11;12740
179;12;13278
179;13;13603
179;14;14104
179;15;14121
179;16;14536
179;17;14876
179;18;14917
179;19;14923
179;20;15275
179;21;15323
179;22;15333
179;23;15369
179;24;15400
179;25;15410
179;26;15834
179;27;15867
179;28;15986
179;29;15990
179;30;16049
179;31;16071
179;32;16079
179;33;16114
179;34;16525
179;35;16533
179;36;16550
179;37;16562
179;38;16563
179;39;16580
179;40;16663
179;41;16687
179;42;16749
179;43;16768
179;44;16797
179;45;16806
179;46;16811
179;47;16814
179;48;16859
179;49;16860
179;50;16896
179;51;16950
179;52;16958
179;53;16972
179;54;16976
179;55;16991
179;56;17001
179;57;17009
179;58;17023
179;59;17038
179;60;17050
179;61;17073
179;62;17077
179;63;17122
179;64;17130
179;65;17149
179;66;17171
180;1;10370
180;2;10730
180;3;10884
180;4;10894
180;5;11255
180;6;11861
180;7;12350
180;8;12354
180;9;12408
180;10;12663
180;11;13095
180;12;13249
180;13;13290
180;14;13384
180;15;13826
180;16;14224
180;17;14247
180;18;14298
180;19;14310
180;20;14314
180;21;14751
180;22;14773
180;23;15313
180;24;15365
180;25;15747
180;26;15751
180;27;15847
180;28;15889
180;29;15905
180;30;15947
180;31;15991
180;32;16023
180;33;16114
180;34;16118
180;35;16130
180;36;16142
180;37;16196
180;38;16228
180;39;16248
180;40;16317
180;41;16327
180;42;16329
180;43;16346
180;44;16368
180;45;16382
180;46;16400
180;47;16407
180;48;16415
180;49;16476
180;50;16517
180;51;16553
180;52;16557
180;53;17013
180;54;17015
180;55;17048
180;56;17067
180;57;17085
180;58;17093
180;59;17105
180;60;17115
180;61;17122
180;62;17152
180;63;17161
180;64;17166
180;65;17170
180;66;17176
180;67;17188
180;68;17198
180;69;17202
180;70;17226
181;1;10978
181;2;11403
181;3;11584
181;4;11761
181;5;12091
181;6;12407
181;7;12983
181;8;13035
181;9;13089
181;10;13557
181;11;14132
181;12;14455
181;13;14532
181;14;15052
181;15;15145
181;16;15181
181;17;15450
181;18;15479
181;19;15483
181;20;15532
181;21;15890
181;22;15926
181;23;15939
181;24;15984
181;25;16089
181;26;16126
181;27;16151
181;28;16563
181;29;16617
181;30;16639
181;31;16725
181;32;16735
181;33;16741
181;34;16782
181;35;16791
181;36;16827
181;37;16837
181;38;16877
181;39;16879
181;40;16905
181;41;16930
181;42;16952
181;43;16967
181;44;16989
181;45;17033
181;46;17048
181;47;17056
181;48;17065
181;49;17083
181;50;17087
181;51;17092
181;52;17107
181;53;17126
181;54;17148
181;55;17161
181;56;17177
182;1;11369
182;2;11809
182;3;12298
182;4;12309
182;5;12332
182;6;12792
182;7;12818
182;8;13220
182;9;13707
182;10;14055
182;11;14435
182;12;14544
182;13;14678
182;14;14689
182;15;14712
182;16;14788
182;17;14807
182;18;14840
182;19;15284
182;20;15641
182;21;15687
182;22;15760
182;23;15878
182;24;15900
182;25;16224
182;26;16228
182;27;16241
182;28;16244
182;29;16303
182;30;16348
182;31;16356
182;32;16372
182;33;16409
182;34;16452
182;35;16840
182;36;16851
182;37;16875
182;38;16879
182;39;16911
182;40;16955
182;41;16961
182;42;16997
182;43;17009
182;44;17027
182;45;17049
182;46;17059
182;47;17078
182;48;17098
182;49;17108
182;50;17124
182;51;17160
183;1;11872
183;2;12328
183;3;12379
183;4;12956
183;5;13351
183;6;13928
183;7;14065
183;8;14179
183;9;14618
183;10;14663
183;11;14740
183;12;15074
183;13;15083
183;14;15087
183;15;15100
183;16;15123
183;17;15194
183;18;15631
183;19;15649
183;20;16194
183;21;16202
183;22;16677
183;23;16682
183;24;16711
183;25;16732
183;26;16761
183;27;16771
183;28;16779
183;29;16785
183;30;16798
183;31;16819
183;32;16828
183;33;16832
183;34;16841
183;35;16848
183;36;16860
183;37;16867
183;38;16874
183;39;16878
183;40;16896
183;41;16911
183;42;16918
183;43;16922
183;44;16925
183;45;16941
183;46;16956
183;47;16998
183;48;17020
183;49;17032
183;50;17045
183;51;17059
183;52;17060
183;53;17070
184;1;14592
184;2;15114
184;3;15523
184;4;15837
184;5;15882
184;6;15915
184;7;15955
184;8;15962
184;9;15981
184;10;16026
184;11;16043
184;12;16076
184;13;16110
184;14;16139
184;15;16155
184;16;16159
184;17;16204
184;18;16312
184;19;16326
184;20;16335
184;21;16463
184;22;16908
184;23;16932
184;24;16933
184;25;16987
184;26;17031
184;27;17046
184;28;17050
184;29;17072
184;30;17086
184;31;17118
184;32;17120
184;33;17148
184;34;17152
184;35;17161
184;36;17164
184;37;17168
184;38;17181
185;1;12674
185;2;13080
185;3;13485
185;4;13601
185;5;14074
185;6;14175
185;7;14799
185;8;14897
185;9;15177
185;10;15181
185;11;15273
185;12;15720
185;13;15874
185;14;15950
185;15;16001
185;16;16011
185;17;16083
185;18;16100
185;19;16524
185;20;16580
185;21;16584
185;22;16636
185;23;16677
185;24;16711
185;25;16779
185;26;16781
185;27;16895
185;28;16933
185;29;16955
185;30;16970
185;31;16976
185;32;17013
185;33;17017
185;34;17049
185;35;17055
185;36;17076
185;37;17080
185;38;17094
185;39;17106
185;40;17116
185;41;17157
186;1;12405
186;2;12422
186;3;12458
186;4;12876
186;5;13312
186;6;13371
186;7;13752
186;8;14211
186;9;14553
186;10;14623
186;11;14954
186;12;15026
186;13;15466
186;14;15520
186;15;15757
186;16;15792
186;17;15922
186;18;15955
186;19;15965
186;20;15993
186;21;16092
186;22;16213
186;23;16225
186;24;16279
186;25;16286
186;26;16331
186;27;16383
186;28;16428
186;29;16521
186;30;16532
186;31;16572
186;32;17017
186;33;17053
186;34;17072
186;35;17100
186;36;17101
186;37;17106
186;38;17116
186;39;17120
186;40;17129
186;41;17138
186;42;17142
186;43;17152
186;44;17161
186;45;17174
186;46;17175
186;47;17181
187;1;11526
187;2;11577
187;3;12016
187;4;12193
187;5;12692
187;6;12765
187;7;13144
187;8;13526
187;9;13651
187;10;13672
187;11;13879
187;12;13904
187;13;14329
187;14;14441
187;15;14464
187;16;14483
187;17;14938
187;18;15119
187;19;15368
187;20;15406
187;21;15877
187;22;15917
187;23;15922
187;24;15977
187;25;15995
187;26;16002
187;27;16041
187;28;16056
187;29;16114
187;30;16133
187;31;16155
187;32;16161
187;33;16186
187;34;16225
187;35;16240
187;36;16689
187;37;16696
187;38;16771
187;39;16779
187;40;16858
187;41;16881
187;42;16899
187;43;16917
187;44;16926
187;45;16930
187;46;16946
187;47;16968
187;48;16978
187;49;16982
187;50;16984
187;51;17028
187;52;17055
187;53;17060
187;54;17070
187;55;17087
187;56;17091
187;57;17096
187;58;17100
187;59;17115
187;60;17122
187;61;17137
187;62;17147
187;63;17169
187;64;17170
187;65;17174
187;66;17181
187;67;17217
188;1;10468
188;2;10648
188;3;11066
188;4;11072
188;5;11678
188;6;12056
188;7;12466
188;8;12933
188;9;12969
188;10;13426
188;11;13519
188;12;13564
188;13;13568
188;14;14058
188;15;14064
188;16;14586
188;17;14599
188;18;14866
188;19;15271
188;20;15407
188;21;15453
188;22;15867
188;23;15996
188;24;16018
188;25;16377
188;26;16389
188;27;16397
188;28;16465
188;29;16576
188;30;16598
188;31;16601
188;32;16605
188;33;16623
188;34;16737
188;35;16779
188;36;16799
188;37;16817
188;38;16821
188;39;16946
188;40;16969
188;41;16976
188;42;16985
188;43;16989
188;44;17031
188;45;17044
188;46;17048
188;47;17058
188;48;17067
188;49;17100
188;50;17122
188;51;17145
188;52;17160
188;53;17171
188;54;17181
189;1;13320
189;2;13728
189;3;14217
189;4;14389
189;5;14807
189;6;14918
189;7;14994
189;8;15039
189;9;15542
189;10;15582
189;11;15618
189;12;15638
189;13;15940
189;14;16455
189;15;16506
189;16;16582
189;17;16602
189;18;16605
189;19;16627
189;20;16642
189;21;16654
189;22;16658
189;23;16756
189;24;16781
189;25;16790
189;26;16849
189;27;16903
189;28;16918
189;29;16953
189;30;16957
189;31;17013
189;32;17033
189;33;17067
189;34;17086
189;35;17127
189;36;17146
189;37;17168
189;38;17178
189;39;17200
189;40;17204
189;41;17217
190;1;12591
190;2;12907
190;3;12915
190;4;13124
190;5;13145
190;6;13167
190;7;13171
190;8;13668
190;9;13712
190;10;13731
190;11;13762
190;12;13820
190;13;14163
190;14;14182
190;15;14246
190;16;14292
190;17;14712
190;18;14733
190;19;15255
190;20;15556
190;21;15600
190;22;15732
190;23;16298
190;24;16326
190;25;16801
190;26;16864
190;27;16883
190;28;16905
190;29;16910
190;30;16946
190;31;16955
190;32;16976
190;33;17038
190;34;17055
190;35;17105
190;36;17113
190;37;17145
190;38;17155
190;39;17172
190;40;17176
190;41;17195
190;42;17217
191;1;11706
191;2;12272
191;3;12684
191;4;13062
191;5;13116
191;6;13574
191;7;13633
191;8;14041
191;9;14359
191;10;14430
191;11;14445
191;12;14491
191;13;14899
191;14;14975
191;15;15011
191;16;15438
191;17;15636
191;18;15968
191;19;15991
191;20;16017
191;21;16124
191;22;16135
191;23;16143
191;24;16163
191;25;16201
191;26;16208
191;27;16230
191;28;16284
191;29;16755
191;30;16791
191;31;16830
191;32;16883
191;33;16890
191;34;16944
191;35;16966
191;36;16981
191;37;17003
191;38;17006
191;39;17010
191;40;17075
191;41;17156
191;42;17192
191;43;17204
191;44;17216
191;45;17222
191;46;17226
192;1;13582
192;2;13618
192;3;13626
192;4;14024
192;5;14044
192;6;14390
192;7;14603
192;8;14607
192;9;15019
192;10;15435
192;11;15747
192;12;15924
192;13;15937
192;14;16045
192;15;16046
192;16;16086
192;17;16131
192;18;16619
192;19;16663
192;20;16671
192;21;16675
192;22;16698
192;23;16757
192;24;16763
192;25;16794
192;26;16826
192;27;16840
192;28;16885
192;29;16907
192;30;16929
192;31;16949
192;32;16981
192;33;16985
192;34;16991
192;35;17045
192;36;17055
192;37;17062
192;38;17066
192;39;17081
192;40;17102
192;41;17120
192;42;17124
192;43;17128
192;44;17144
193;1;14169
193;2;14173
193;3;14581
193;4;14639
193;5;14663
193;6;14666
193;7;15141
193;8;15239
193;9;15245
193;10;15393
193;11;15443
193;12;15519
193;13;15523
193;14;15585
193;15;15607
193;16;16126
193;17;16654
193;18;16695
193;19;16697
193;20;16795
193;21;16842
193;22;16878
193;23;16907
193;24;16916
193;25;16969
193;26;16991
193;27;17007
193;28;17039
193;29;17046
193;30;17078
193;31;17082
193;32;17104
193;33;17117
193;34;17119
193;35;17138
193;36;17156
193;37;17164
193;38;17181
193;39;17185
193;40;17195
193;41;17196
193;42;17206
193;43;17222
194;1;12050
194;2;12171
194;3;12285
194;4;12736
194;5;13155
194;6;13708
194;7;14273
194;8;14759
194;9;14792
194;10;15193
194;11;15481
194;12;15499
194;13;15564
194;14;15568
194;15;15892
194;16;16051
194;17;16533
194;18;16578
194;19;16615
194;20;16676
194;21;16695
194;22;16721
194;23;16763
194;24;16821
194;25;16833
194;26;16849
194;27;16919
194;28;16929
194;29;16983
194;30;17003
194;31;17035
194;32;17039
194;33;17101
194;34;17120
194;35;17145
194;36;17158
194;37;17162
194;38;17171
194;39;17186
194;40;17222
195;1;13083
195;2;13255
195;3;13323
195;4;13376
195;5;13407
195;6;13848
195;7;14262
195;8;14670
195;9;14796
195;10;15148
195;11;15227
195;12;15232
195;13;15865
195;14;15910
195;15;15914
195;16;15989
195;17;16011
195;18;16466
195;19;16534
195;20;16567
195;21;16686
195;22;16726
195;23;16748
195;24;16763
195;25;16774
195;26;16794
195;27;16799
195;28;16838
195;29;16842
195;30;16862
195;31;16884
195;32;16936
195;33;16940
195;34;16952
195;35;16986
195;36;16996
195;37;16998
195;38;17000
195;39;17036
195;40;17054
195;41;17058
195;42;17067
195;43;17102
195;44;17124
195;45;17134
195;46;17138
195;47;17153
196;1;11302
196;2;11342
196;3;11698
196;4;12064
196;5;12162
196;6;12273
196;7;12811
196;8;12888
196;9;12911
196;10;13383
196;11;13885
196;12;13905
196;13;14270
196;14;14276
196;15;14282
196;16;14390
196;17;14426
196;18;14739
196;19;14740
196;20;14813
196;21;15445
196;22;15516
196;23;15777
196;24;15809
196;25;15939
196;26;15947
196;27;16082
196;28;16162
196;29;16175
196;30;16209
196;31;16232
196;32;16244
196;33;16256
196;34;16278
196;35;16280
196;36;16287
196;37;16292
196;38;16311
196;39;16432
196;40;16642
196;41;16755
196;42;16756
196;43;16810
196;44;16851
196;45;16854
196;46;16876
196;47;16898
196;48;16902
196;49;16912
196;50;16915
196;51;16926
196;52;16989
196;53;16998
196;54;17013
196;55;17023
196;56;17033
196;57;17055
196;58;17074
196;59;17078
196;60;17083
196;61;17103
196;62;17118
197;1;12828
197;2;13229
197;3;13688
197;4;13692
197;5;13707
197;6;14075
197;7;14420
197;8;14734
197;9;15146
197;10;15167
197;11;15329
197;12;15348
197;13;15441
197;14;15952
197;15;15962
197;16;15968
197;17;15990
197;18;16494
197;19;16539
197;20;16553
197;21;16629
197;22;16672
197;23;16689
197;24;16690
197;25;16694
197;26;16697
197;27;16730
197;28;16738
197;29;16744
197;30;16765
197;31;16795
197;32;16800
197;33;16845
197;34;16875
197;35;16896
197;36;16982
197;37;16991
197;38;16997
197;39;17009
197;40;17013
197;41;17053
197;42;17123
197;43;17185
197;44;17188
197;45;17204
197;46;17217
198;1;12428
198;2;12870
198;3;13392
198;4;13891
198;5;13945
198;6;13949
198;7;13993
198;8;14483
198;9;14548
198;10;14594
198;11;14606
198;12;14614
198;13;14709
198;14;15174
198;15;15185
198;16;15277
198;17;15278
198;18;15325
198;19;15333
198;20;15407
198;21;15452
198;22;15857
198;23;15864
198;24;15869
198;25;15980
198;26;16002
198;27;16012
198;28;16063
198;29;16552
198;30;16570
198;31;16613
198;32;16646
198;33;16647
198;34;16675
198;35;16702
198;36;16707
198;37;16722
198;38;16779
198;39;16784
198;40;16920
198;41;16921
198;42;16943
198;43;16959
198;44;16995
198;45;16997
198;46;17007
198;47;17061
198;48;17067
198;49;17070
198;50;17072
198;51;17087
198;52;17096
198;53;17106
198;54;17108
198;55;17119
198;56;17126
198;57;17144
199;1;13124
199;2;13312
199;3;13370
199;4;13883
199;5;14384
199;6;14486
199;7;14946
199;8;15507
199;9;15513
199;10;15561
199;11;15579
199;12;15639
199;13;15651
199;14;15965
199;15;15973
199;16;16358
199;17;16394
199;18;16415
199;19;16437
199;20;16448
199;21;16479
199;22;16533
199;23;16555
199;24;16559
199;25;16617
199;26;16649
199;27;16703
199;28;16761
199;29;16792
199;30;16814
199;31;16825
199;32;16829
199;33;16847
199;34;16858
199;35;16862
199;36;16884
199;37;16893
199;38;16930
199;39;16953
199;40;16961
199;41;16971
199;42;16984
199;43;17007
199;44;17027
199;45;17049
199;46;17108
199;47;17112
199;48;17122
199;49;17132
199;50;17176
199;51;17180
199;52;17184
199;53;17206
199;54;17228
200;1;14340
200;2;14376
200;3;14830
200;4;15124
200;5;15134
200;6;15146
200;7;15158
200;8;15216
200;9;15432
200;10;15637
200;11;16076
200;12;16202
200;13;16217
200;14;16239
200;15;16279
200;16;16700
200;17;16722
200;18;16726
200;19;16734
200;20;16759
200;21;16768
200;22;16774
200;23;16796
200;24;16850
200;25;16861
200;26;16923
200;27;16935
200;28;16952
200;29;16974
200;30;16984
200;31;17019
200;32;17041
200;33;17056
200;34;17066
200;35;17068
200;36;17093
200;37;17097
200;38;17119
200;39;17134
200;40;17158
200;41;17177
200;42;17181
200;43;17188
200;44;17192
201;1;10761
201;2;11173
201;3;11647
201;4;11988
201;5;12498
201;6;13033
201;7;13650
201;8;14015
201;9;14046
201;10;14096
201;11;14171
201;12;14190
201;13;14479
201;14;14577
201;15;14711
201;16;14762
201;17;15117
201;18;15136
201;19;15181
201;20;15578
201;21;15632
201;22;15708
201;23;16051
201;24;16080
201;25;16085
201;26;16144
201;27;16252
201;28;16592
201;29;16654
201;30;16685
201;31;16717
201;32;16744
201;33;16799
201;34;16857
201;35;16867
201;36;16875
201;37;16902
201;38;16956
201;39;16968
201;40;16988
201;41;16996
201;42;17007
201;43;17015
201;44;17018
201;45;17059
201;46;17069
201;47;17077
201;48;17079
201;49;17084
201;50;17100
201;51;17101
201;52;17111
201;53;17126
201;54;17128
201;55;17168
201;56;17177
201;57;17199
201;58;17205
201;59;17215
202;1;12961
202;2;13007
202;3;13015
202;4;13090
202;5;13102
202;6;13135
202;7;13628
202;8;13687
202;9;13732
202;10;14238
202;11;14616
202;12;15076
202;13;15589
202;14;15601
202;15;15610
202;16;15633
202;17;15658
202;18;15663
202;19;16092
202;20;16120
202;21;16134
202;22;16138
202;23;16161
202;24;16176
202;25;16195
202;26;16214
202;27;16680
202;28;16709
202;29;16763
202;30;16786
202;31;16821
202;32;16894
202;33;16973
202;34;16986
202;35;17005
202;36;17008
202;37;17012
202;38;17015
202;39;17024
202;40;17032
202;41;17035
202;42;17057
202;43;17080
202;44;17095
202;45;17104
202;46;17114
202;47;17132
202;48;17136
202;49;17137
203;1;10814
203;2;11388
203;3;11724
203;4;12234
203;5;12835
203;6;13002
203;7;13179
203;8;13277
203;9;13321
203;10;13338
203;11;13404
203;12;13833
203;13;14187
203;14;14341
203;15;14623
203;16;14644
203;17;14717
203;18;14758
203;19;15107
203;20;15182
203;21;15274
203;22;15283
203;23;15899
203;24;15962
203;25;15968
203;26;15972
203;27;15973
203;28;16023
203;29;16077
203;30;16111
203;31;16120
203;32;16128
203;33;16154
203;34;16161
203;35;16592
203;36;16595
203;37;16605
203;38;16633
203;39;16655
203;40;16667
203;41;16718
203;42;16733
203;43;16753
203;44;16762
203;45;16770
203;46;16789
203;47;16800
203;48;16870
203;49;16885
203;50;16895
203;51;16917
203;52;16926
203;53;16931
203;54;17010
203;55;17032
203;56;17036
203;57;17053
203;58;17056
203;59;17072
203;60;17086
203;61;17094
203;62;17103
203;63;17125
203;64;17131
203;65;17141
203;66;17155
203;67;17187
203;68;17191
203;69;17206
204;1;10794
204;2;11416
204;3;12065
204;4;12473
204;5;13011
204;6;13530
204;7;13942
204;8;14056
204;9;14432
204;10;14993
204;11;15231
204;12;15274
204;13;15420
204;14;15514
204;15;15773
204;16;16262
204;17;16338
204;18;16411
204;19;16443
204;20;16458
204;21;16472
204;22;16480
204;23;16492
204;24;16497
204;25;16530
204;26;16549
204;27;16625
204;28;16664
204;29;16674
204;30;16696
204;31;16738
204;32;16768
204;33;16784
204;34;16818
204;35;16834
204;36;16840
204;37;16865
204;38;16868
204;39;16904
204;40;16914
204;41;16918
204;42;16944
204;43;16966
204;44;16987
204;45;17002
204;46;17043
204;47;17052
204;48;17056
204;49;17058
204;50;17063
204;51;17075
204;52;17084
204;53;17105
204;54;17146
204;55;17159
204;56;17161
204;57;17183
205;1;10987
205;2;11009
205;3;11451
205;4;11950
205;5;12364
205;6;12827
205;7;12873
205;8;13311
205;9;13321
205;10;13730
205;11;13732
205;12;13736
205;13;13949
205;14;14048
205;15;14119
205;16;14452
205;17;14472
205;18;14525
205;19;14599
205;20;14600
205;21;15138
205;22;15641
205;23;15675
205;24;15676
205;25;15688
205;26;16056
205;27;16103
205;28;16141
205;29;16182
205;30;16200
205;31;16206
205;32;16650
205;33;16672
205;34;16724
205;35;16734
205;36;16779
205;37;16785
205;38;16788
205;39;16792
205;40;16837
205;41;16860
205;42;16909
205;43;16920
205;44;16939
205;45;16941
205;46;16956
205;47;16960
205;48;16975
205;49;17034
205;50;17049
205;51;17069
205;52;17073
205;53;17099
205;54;17109
205;55;17135
205;56;17145
205;57;17188
205;58;17192
206;1;10433
206;2;10847
206;3;11346
206;4;11724
206;5;12086
206;6;12516
206;7;12813
206;8;13215
206;9;13684
206;10;13760
206;11;13868
206;12;13875
206;13;14205
206;14;14418
206;15;14478
206;16;14529
206;17;14969
206;18;15011
206;19;15012
206;20;15103
206;21;15267
206;22;15323
206;23;15327
206;24;15328
206;25;15402
206;26;15900
206;27;16367
206;28;16373
206;29;16381
206;30;16401
206;31;16439
206;32;16493
206;33;16567
206;34;16592
206;35;16600
206;36;16744
206;37;16791
206;38;16836
206;39;16840
206;40;16857
206;41;16860
206;42;16864
206;43;16874
206;44;16896
206;45;16912
206;46;16921
206;47;16931
206;48;16933
206;49;16951
206;50;16957
206;51;16963
206;52;16983
206;53;17021
206;54;17065
206;55;17069
206;56;17085
206;57;17095
206;58;17105
206;59;17128
206;60;17135
206;61;17139
206;62;17149
207;1;12263
207;2;12489
207;3;12510
207;4;12669
207;5;13158
207;6;13191
207;7;13453
207;8;13461
207;9;13737
207;10;13782
207;11;14238
207;12;14593
207;13;14638
207;14;14692
207;15;14729
207;16;15183
207;17;15243
207;18;15270
207;19;15306
207;20;15368
207;21;15376
207;22;15401
207;23;15509
207;24;15647
207;25;16019
207;26;16121
207;27;16391
207;28;16435
207;29;16493
207;30;16515
207;31;16574
207;32;16687
207;33;16713
207;34;16729
207;35;16740
207;36;16750
207;37;16794
207;38;16800
207;39;16821
207;40;16856
207;41;16858
207;42;16872
207;43;16895
207;44;16906
207;45;16925
207;46;16960
207;47;16965
207;48;16985
207;49;17021
207;50;17040
207;51;17050
207;52;17062
207;53;17072
207;54;17098
207;55;17107
207;56;17118
207;57;17122
207;58;17131
207;59;17135
207;60;17136
207;61;17151
207;62;17167
207;63;17176
207;64;17177
207;65;17179
207;66;17183
208;1;9512
208;2;9924
208;3;9942
208;4;10431
208;5;10921
208;6;10944
208;7;11124
208;8;11519
208;9;11542
208;10;11996
208;11;12002
208;12;12022
208;13;12098
208;14;12140
208;15;12548
208;16;12646
208;17;12668
208;18;13178
208;19;13637
208;20;13746
208;21;13791
208;22;13925
208;23;14232
208;24;14548
208;25;14987
208;26;15019
208;27;15117
208;28;15163
208;29;15567
208;30;15592
208;31;15611
208;32;15615
208;33;15967
208;34;15976
208;35;16012
208;36;16085
208;37;16092
208;38;16104
208;39;16126
208;40;16144
208;41;16159
208;42;16213
208;43;16234
208;44;16256
208;45;16262
208;46;16266
208;47;16289
208;48;16320
208;49;16356
208;50;16376
208;51;16385
208;52;16407
208;53;16439
208;54;16461
208;55;16465
208;56;16985
208;57;16990
208;58;16998
208;59;17024
208;60;17059
208;61;17098
208;62;17099
208;63;17107
208;64;17117
208;65;17134
208;66;17138
208;67;17142
208;68;17147
208;69;17157
208;70;17160
208;71;17178
208;72;17206
208;73;17222
209;1;13329
209;2;13662
209;3;13776
209;4;13796
209;5;14170
209;6;14178
209;7;14617
209;8;14699
209;9;14767
209;10;14826
209;11;15245
209;12;15319
209;13;15597
209;14;15605
209;15;15668
209;16;15713
209;17;15746
209;18;15808
209;19;15835
209;20;16236
209;21;16248
209;22;16697
209;23;16755
209;24;16777
209;25;16792
209;26;16815
209;27;16825
209;28;16839
209;29;16843
209;30;16846
209;31;16851
209;32;16905
209;33;16912
209;34;16927
209;35;16939
209;36;16961
209;37;16968
209;38;16977
209;39;16987
209;40;16991
209;41;17013
209;42;17118
209;43;17128
209;44;17137
209;45;17149
209;46;17164
209;47;17170
209;48;17186
210;1;12815
210;2;12837
210;3;12930
210;4;12998
210;5;13487
210;6;13702
210;7;13706
210;8;13764
210;9;13863
210;10;14038
210;11;14112
210;12;14415
210;13;14434
210;14;14632
210;15;14891
210;16;15319
210;17;15355
210;18;15464
210;19;15487
210;20;15545
210;21;15866
210;22;15881
210;23;15886
210;24;15908
210;25;16437
210;26;16463
210;27;16527
210;28;16531
210;29;16551
210;30;16552
210;31;16702
210;32;16718
210;33;16744
210;34;16753
210;35;16767
210;36;16784
210;37;16804
210;38;16843
210;39;16865
210;40;16871
210;41;16909
210;42;16913
210;43;16924
210;44;16949
210;45;16970
210;46;16983
210;47;17005
210;48;17006
210;49;17016
210;50;17021
210;51;17040
210;52;17048
210;53;17070
210;54;17080
210;55;17089
210;56;17105
210;57;17133
210;58;17155
210;59;17177
210;60;17181
210;61;17191
210;62;17195
210;63;17211
210;64;17217
211;1;12261
211;2;12738
211;3;13244
211;4;13671
211;5;13707
211;6;13785
211;7;14030
211;8;14129
211;9;14141
211;10;14207
211;11;14648
211;12;14708
211;13;14730
211;14;15249
211;15;15530
211;16;15629
211;17;15767
211;18;15802
211;19;15807
211;20;15819
211;21;15835
211;22;15844
211;23;15866
211;24;15911
211;25;15913
211;26;15931
211;27;15954
211;28;16071
211;29;16561
211;30;16583
211;31;16659
211;32;16687
211;33;16714
211;34;16723
211;35;16728
211;36;16768
211;37;16776
211;38;16786
211;39;16809
211;40;16813
211;41;16831
211;42;16835
211;43;16897
211;44;16902
211;45;16964
211;46;16968
211;47;16986
211;48;17008
211;49;17012
211;50;17015
211;51;17019
211;52;17071
211;53;17127
211;54;17149
211;55;17162
211;56;17170
211;57;17190
211;58;17195
211;59;17205
211;60;17215
212;1;13097
212;2;13737
212;3;13807
212;4;13830
212;5;14227
212;6;14448
212;7;14465
212;8;14721
212;9;14743
212;10;14905
212;11;14976
212;12;15028
212;13;15090
212;14;15362
212;15;15487
212;16;15510
212;17;15969
212;18;15985
212;19;16439
212;20;16486
212;21;16556
212;22;16564
212;23;16584
212;24;16672
212;25;16710
212;26;16778
212;27;16782
212;28;16808
212;29;16828
212;30;16840
212;31;16862
212;32;16870
212;33;16879
212;34;16885
212;35;16904
212;36;16919
212;37;16944
212;38;16948
212;39;16962
212;40;16982
212;41;17062
212;42;17084
212;43;17087
212;44;17091
212;45;17101
212;46;17146
212;47;17162
212;48;17179
212;49;17183
212;50;17196
213;1;12149
213;2;12157
213;3;12227
213;4;12421
213;5;12630
213;6;12701
213;7;12720
213;8;13147
213;9;13192
213;10;13249
213;11;13762
213;12;13830
213;13;13884
213;14;14252
213;15;14323
213;16;14479
213;17;14496
213;18;14575
213;19;14919
213;20;14922
213;21;14999
213;22;15069
213;23;15084
213;24;15090
213;25;15525
213;26;15533
213;27;15965
213;28;15987
213;29;16083
213;30;16150
213;31;16427
213;32;16621
213;33;16639
213;34;16666
213;35;16734
213;36;16766
213;37;16805
213;38;16809
213;39;16810
213;40;16890
213;41;16910
213;42;16916
213;43;16934
213;44;16946
213;45;16956
213;46;16968
213;47;17007
213;48;17026
213;49;17066
213;50;17084
213;51;17088
213;52;17098
213;53;17170
213;54;17179
213;55;17190
213;56;17226
214;1;11112
214;2;11131
214;3;11696
214;4;12076
214;5;12475
214;6;12519
214;7;12524
214;8;13000
214;9;13461
214;10;13586
214;11;13766
214;12;14160
214;13;14491
214;14;14542
214;15;14546
214;16;14780
214;17;15200
214;18;15218
214;19;15586
214;20;15740
214;21;15785
214;22;15856
214;23;15896
214;24;15910
214;25;15968
214;26;15997
214;27;16030
214;28;16053
214;29;16066
214;30;16084
214;31;16117
214;32;16294
214;33;16306
214;34;16309
214;35;16342
214;36;16400
214;37;16422
214;38;16431
214;39;16456
214;40;16477
214;41;16487
214;42;16498
214;43;16514
214;44;16526
214;45;16536
214;46;16924
214;47;16956
214;48;16975
214;49;16998
214;50;17041
214;51;17056
214;52;17060
214;53;17131
214;54;17136
214;55;17145
214;56;17147
214;57;17157
214;58;17185
214;59;17191
214;60;17201
214;61;17218
214;62;17222
215;1;12769
215;2;13296
215;3;13371
215;4;13386
215;5;13795
215;6;14306
215;7;14640
215;8;14782
215;9;14900
215;10;15355
215;11;15425
215;12;15502
215;13;15766
215;14;15828
215;15;16026
215;16;16062
215;17;16120
215;18;16127
215;19;16142
215;20;16163
215;21;16206
215;22;16635
215;23;16650
215;24;16703
215;25;16712
215;26;16722
215;27;16731
215;28;16732
215;29;16739
215;30;16748
215;31;16759
215;32;16827
215;33;16884
215;34;16898
215;35;16902
215;36;16908
215;37;16916
215;38;16956
215;39;16975
215;40;17015
215;41;17025
215;42;17047
215;43;17054
215;44;17055
215;45;17074
215;46;17096
215;47;17111
215;48;17121
215;49;17128
215;50;17145
216;1;10207
216;2;10232
216;3;10247
216;4;10655
216;5;11138
216;6;11523
216;7;12163
216;8;12506
216;9;12528
216;10;12596
216;11;12929
216;12;13440
216;13;13461
216;14;13469
216;15;13538
216;16;13692
216;17;14121
216;18;14594
216;19;14851
216;20;15287
216;21;15879
216;22;15954
216;23;15960
216;24;15993
216;25;16002
216;26;16007
216;27;16052
216;28;16067
216;29;16103
216;30;16108
216;31;16422
216;32;16426
216;33;16488
216;34;16566
216;35;16599
216;36;16604
216;37;16672
216;38;16679
216;39;16700
216;40;16711
216;41;16755
216;42;16777
216;43;16813
216;44;16864
216;45;16886
216;46;16894
216;47;16902
216;48;16906
216;49;16917
216;50;16927
216;51;16936
216;52;16937
216;53;16953
216;54;16968
216;55;16983
216;56;17024
216;57;17046
216;58;17049
216;59;17082
216;60;17102
216;61;17143
216;62;17150
216;63;17157
217;1;13951
217;2;14387
217;3;14409
217;4;14433
217;5;14508
217;6;14513
217;7;14690
217;8;14725
217;9;15194
217;10;15198
217;11;15847
217;12;16160
217;13;16602
217;14;16611
217;15;16696
217;16;16728
217;17;16763
217;18;16799
217;19;16819
217;20;16827
217;21;16845
217;22;16851
217;23;16882
217;24;16898
217;25;16912
217;26;16930
217;27;16955
217;28;16965
217;29;17006
217;30;17018
217;31;17023
217;32;17046
217;33;17082
217;34;17091
217;35;17100
217;36;17104
217;37;17119
217;38;17123
217;39;17130
217;40;17145
217;41;17147
217;42;17151
217;43;17185
217;44;17206
217;45;17222
218;1;12109
218;2;12163
218;3;12662
218;4;13050
218;5;13525
218;6;13623
218;7;13633
218;8;13854
218;9;13858
218;10;14201
218;11;14217
218;12;14331
218;13;14333
218;14;14345
218;15;14657
218;16;15060
218;17;15105
218;18;15124
218;19;15614
218;20;15878
218;21;16007
218;22;16018
218;23;16278
218;24;16491
218;25;16600
218;26;16607
218;27;16639
218;28;16676
218;29;16693
218;30;16745
218;31;16753
218;32;16778
218;33;16848
218;34;16884
218;35;16895
218;36;16912
218;37;16914
218;38;16954
218;39;16960
218;40;16976
218;41;17012
218;42;17034
218;43;17043
218;44;17061
218;45;17062
218;46;17085
218;47;17107
218;48;17141
218;49;17177
219;1;13213
219;2;13460
219;3;13483
219;4;13681
219;5;14200
219;6;14510
219;7;14611
219;8;15243
219;9;15606
219;10;15620
219;11;15657
219;12;16044
219;13;16045
219;14;16132
219;15;16169
219;16;16181
219;17;16197
219;18;16559
219;19;16577
219;20;16639
219;21;16764
219;22;16794
219;23;16870
219;24;16874
219;25;16879
219;26;16901
219;27;16938
219;28;16942
219;29;16957
219;30;17023
219;31;17039
219;32;17061
219;33;17068
219;34;17083
219;35;17093
219;36;17095
219;37;17109
219;38;17118
219;39;17123
219;40;17125
219;41;17130
219;42;17142
219;43;17158
219;44;17162
219;45;17164
219;46;17168
220;1;11749
220;2;12117
220;3;12509
220;4;12945
220;5;13463
220;6;13495
220;7;13499
220;8;14009
220;9;14451
220;10;14573
220;11;14754
220;12;14774
220;13;15038
220;14;15205
220;15;15209
220;16;15269
220;17;15367
220;18;15407
220;19;15878
220;20;15956
220;21;15967
220;22;15991
220;23;16037
220;24;16053
220;25;16094
220;26;16111
220;27;16602
220;28;16606
220;29;16614
220;30;16668
220;31;16676
220;32;16699
220;33;16721
220;34;16731
220;35;16735
220;36;16758
220;37;16791
220;38;16801
220;39;16833
220;40;16851
220;41;16855
220;42;16931
220;43;16935
220;44;16979
220;45;17002
220;46;17009
220;47;17047
220;48;17068
220;49;17086
220;50;17087
220;51;17119
220;52;17123
220;53;17134
220;54;17196
220;55;17207
220;56;17217
221;1;11438
221;2;11460
221;3;11979
221;4;12380
221;5;12855
221;6;12913
221;7;13223
221;8;13481
221;9;13521
221;10;13651
221;11;14111
221;12;14113
221;13;14151
221;14;14398
221;15;14797
221;16;15136
221;17;15330
221;18;15467
221;19;15581
221;20;15610
221;21;15941
221;22;16154
221;23;16528
221;24;16545
221;25;16551
221;26;16626
221;27;16630
221;28;16675
221;29;16796
221;30;16818
221;31;16829
221;32;16843
221;33;16845
221;34;16853
221;35;16856
221;36;16859
221;37;16870
221;38;16874
221;39;16897
221;40;16898
221;41;16899
221;42;16921
221;43;16947
221;44;17015
221;45;17028
221;46;17050
221;47;17103
221;48;17125
221;49;17128
221;50;17132
221;51;17145
222;1;11787
222;2;12298
222;3;12374
222;4;12852
222;5;13159
222;6;13167
222;7;13301
222;8;13787
222;9;14153
222;10;14157
222;11;14189
222;12;14231
222;13;14235
222;14;14267
222;15;14767
222;16;14821
222;17;14883
222;18;15320
222;19;15328
222;20;15414
222;21;15436
222;22;15821
222;23;15906
222;24;15926
222;25;15955
222;26;15973
222;27;16460
222;28;16568
222;29;16580
222;30;16581
222;31;16625
222;32;16692
222;33;16707
222;34;16734
222;35;16751
222;36;16776
222;37;16786
222;38;16798
222;39;16802
222;40;16806
222;41;16876
222;42;16895
222;43;16901
222;44;16923
222;45;16924
222;46;16937
222;47;16959
222;48;16983
222;49;16997
222;50;16999
222;51;17015
222;52;17035
222;53;17103
222;54;17107
222;55;17116
222;56;17126
222;57;17138
222;58;17147
222;59;17160
222;60;17182
222;61;17186
223;1;10896
223;2;11370
223;3;11489
223;4;11493
223;5;11953
223;6;11971
223;7;12016
223;8;12108
223;9;12166
223;10;12608
223;11;12628
223;12;13045
223;13;13166
223;14;13225
223;15;13683
223;16;13787
223;17;14286
223;18;14696
223;19;15079
223;20;15085
223;21;15147
223;22;15179
223;23;15191
223;24;15201
223;25;15241
223;26;15303
223;27;15325
223;28;15436
223;29;15841
223;30;15874
223;31;16008
223;32;16296
223;33;16737
223;34;16743
223;35;16779
223;36;16799
223;37;16807
223;38;16830
223;39;16843
223;40;16852
223;41;16888
223;42;16892
223;43;16926
223;44;16932
223;45;16953
223;46;16965
223;47;17007
223;48;17019
223;49;17045
223;50;17067
223;51;17076
223;52;17095
223;53;17112
223;54;17137
223;55;17156
223;56;17161
223;57;17183
223;58;17187
223;59;17202
224;1;11866
224;2;11965
224;3;12328
224;4;12351
224;5;12912
224;6;12971
224;7;13363
224;8;13938
224;9;14109
224;10;14134
224;11;14227
224;12;14792
224;13;14909
224;14;15354
224;15;15784
224;16;15874
224;17;15895
224;18;15940
224;19;16021
224;20;16075
224;21;16126
224;22;16135
224;23;16650
224;24;16654
224;25;16752
224;26;16774
224;27;16863
224;28;16871
224;29;16929
224;30;16934
224;31;16974
224;32;16984
224;33;16998
224;34;17016
224;35;17019
224;36;17029
224;37;17048
224;38;17063
224;39;17085
224;40;17089
224;41;17110
224;42;17117
224;43;17121
224;44;17143
224;45;17176
224;46;17226
225;1;13106
225;2;13184
225;3;13623
225;4;13641
225;5;13674
225;6;13680
225;7;14110
225;8;14155
225;9;14191
225;10;14209
225;11;14583
225;12;14935
225;13;14945
225;14;15510
225;15;15528
225;16;15531
225;17;15539
225;18;15540
225;19;15855
225;20;15857
225;21;15959
225;22;15968
225;23;16006
225;24;16012
225;25;16029
225;26;16054
225;27;16122
225;28;16144
225;29;16158
225;30;16622
225;31;16649
225;32;16693
225;33;16780
225;34;16793
225;35;16830
225;36;16852
225;37;16866
225;38;16871
225;39;16881
225;40;16889
225;41;16898
225;42;16910
225;43;16935
225;44;16993
225;45;17014
225;46;17024
225;47;17064
225;48;17083
225;49;17105
225;50;17109
225;51;17125
225;52;17126
225;53;17151
225;54;17160
225;55;17185
225;56;17216
225;57;17222
226;1;13501
226;2;13612
226;3;13648
226;4;13652
226;5;13845
226;6;13925
226;7;14359
226;8;14563
226;9;15128
226;10;15143
226;11;15202
226;12;15381
226;13;15599
226;14;16186
226;15;16233
226;16;16253
226;17;16290
226;18;16313
226;19;16317
226;20;16332
226;21;16377
226;22;16681
226;23;16705
226;24;16726
226;25;16748
226;26;16762
226;27;16807
226;28;16809
226;29;16841
226;30;16843
226;31;16939
226;32;16947
226;33;16967
226;34;16970
226;35;16998
226;36;17005
226;37;17016
226;38;17037
226;39;17043
226;40;17065
226;41;17086
226;42;17088
226;43;17098
226;44;17113
226;45;17124
226;46;17147
226;47;17162
226;48;17170
226;49;17186
226;50;17222
227;1;11121
227;2;11157
227;3;11496
227;4;11854
227;5;11864
227;6;12357
227;7;12378
227;8;12498
227;9;13027
227;10;13095
227;11;13585
227;12;13710
227;13;14019
227;14;14027
227;15;14464
227;16;14914
227;17;15012
227;18;15184
227;19;15187
227;20;15260
227;21;15328
227;22;15354
227;23;15363
227;24;15396
227;25;15397
227;26;15620
227;27;15629
227;28;15694
227;29;15795
227;30;15802
227;31;15859
227;32;15913
227;33;15917
227;34;15925
227;35;15929
227;36;15962
227;37;16300
227;38;16337
227;39;16341
227;40;16343
227;41;16553
227;42;16678
227;43;16719
227;44;16741
227;45;16756
227;46;16812
227;47;16852
227;48;16856
227;49;16875
227;50;16907
227;51;16965
227;52;16969
227;53;16973
227;54;16997
227;55;17007
227;56;17019
227;57;17036
227;58;17062
227;59;17063
227;60;17083
227;61;17098
227;62;17099
227;63;17105
227;64;17114
227;65;17136
227;66;17138
227;67;17144
227;68;17148
228;1;14094
228;2;14612
228;3;15160
228;4;15162
228;5;15580
228;6;16030
228;7;16435
228;8;16507
228;9;16665
228;10;16674
228;11;16688
228;12;16692
228;13;16701
228;14;16771
228;15;16839
228;16;16902
228;17;16922
228;18;16963
228;19;17008
228;20;17009
228;21;17010
228;22;17022
228;23;17026
228;24;17032
228;25;17033
228;26;17055
228;27;17074
228;28;17084
228;29;17106
228;30;17110
228;31;17113
228;32;17125
228;33;17147
228;34;17172
228;35;17188
228;36;17204
228;37;17228
229;1;12519
229;2;12861
229;3;13350
229;4;13856
229;5;13981
229;6;14100
229;7;14136
229;8;14544
229;9;14984
229;10;15025
229;11;15421
229;12;15671
229;13;16041
229;14;16063
229;15;16084
229;16;16102
229;17;16115
229;18;16259
229;19;16312
229;20;16360
229;21;16432
229;22;16454
229;23;16508
229;24;16541
229;25;16591
229;26;16635
229;27;16645
229;28;16764
229;29;16781
229;30;16800
229;31;16812
229;32;16841
229;33;16869
229;34;16905
229;35;16973
229;36;16983
229;37;16998
229;38;17015
229;39;17023
229;40;17029
229;41;17041
229;42;17051
229;43;17076
229;44;17098
229;45;17114
229;46;17132
229;47;17134
229;48;17142
229;49;17151
229;50;17156
229;51;17173
229;52;17177
229;53;17222
230;1;11573
230;2;11641
230;3;12071
230;4;12387
230;5;12906
230;6;13419
230;7;13779
230;8;14239
230;9;14247
230;10;14283
230;11;14708
230;12;15168
230;13;15184
230;14;15187
230;15;15636
230;16;15676
230;17;15730
230;18;15746
230;19;15855
230;20;15861
230;21;15882
230;22;15914
230;23;15921
230;24;15966
230;25;16006
230;26;16021
230;27;16438
230;28;16500
230;29;16534
230;30;16538
230;31;16558
230;32;16561
230;33;16577
230;34;16600
230;35;16622
230;36;16669
230;37;16692
230;38;16806
230;39;16810
230;40;16812
230;41;16822
230;42;16837
230;43;16859
230;44;16897
230;45;16924
230;46;16956
230;47;16957
230;48;16960
230;49;16974
230;50;17007
230;51;17030
230;52;17037
230;53;17059
230;54;17060
230;55;17082
230;56;17093
230;57;17103
230;58;17130
230;59;17132
230;60;17140
230;61;17157
230;62;17161
230;63;17173
230;64;17183
231;1;12649
231;2;13112
231;3;13148
231;4;13607
231;5;14067
231;6;14444
231;7;14837
231;8;15300
231;9;15362
231;10;15535
231;11;15557
231;12;15688
231;13;15731
231;14;15770
231;15;15866
231;16;15910
231;17;16421
231;18;16466
231;19;16484
231;20;16546
231;21;16568
231;22;16574
231;23;16578
231;24;16594
231;25;16598
231;26;16618
231;27;16648
231;28;16714
231;29;16718
231;30;16786
231;31;16819
231;32;16837
231;33;16842
231;34;16899
231;35;16947
231;36;16954
231;37;16965
231;38;16978
231;39;16993
231;40;17015
231;41;17037
231;42;17051
231;43;17055
231;44;17057
231;45;17067
231;46;17077
231;47;17082
231;48;17092
231;49;17100
231;50;17122
231;51;17135
232;1;12716
232;2;13206
232;3;13274
232;4;13278
232;5;13738
232;6;14213
232;7;14509
232;8;14602
232;9;14668
232;10;14727
232;11;15016
232;12;15052
232;13;15196
232;14;15212
232;15;15466
232;16;15660
232;17;15666
232;18;16069
232;19;16105
232;20;16521
232;21;16539
232;22;16564
232;23;16589
232;24;16599
232;25;16603
232;26;16717
232;27;16776
232;28;16795
232;29;16817
232;30;16885
232;31;16894
232;32;16898
232;33;16902
232;34;16925
232;35;16936
232;36;17055
232;37;17071
232;38;17094
232;39;17103
232;40;17119
232;41;17134
232;42;17155
232;43;17177
232;44;17183
233;1;14012
233;2;14374
233;3;14410
233;4;14425
233;5;14456
233;6;14478
233;7;14510
233;8;14951
233;9;14999
233;10;15276
233;11;15277
233;12;15284
233;13;15313
233;14;15815
233;15;15915
233;16;15948
233;17;15984
233;18;16001
233;19;16037
233;20;16057
233;21;16070
233;22;16090
233;23;16224
233;24;16689
233;25;16698
233;26;16725
233;27;16739
233;28;16771
233;29;16814
233;30;16818
233;31;16840
233;32;16857
233;33;16878
233;34;16892
233;35;16973
233;36;17027
233;37;17028
233;38;17046
233;39;17062
233;40;17084
233;41;17088
233;42;17093
233;43;17102
233;44;17128
233;45;17151
233;46;17185
234;1;12082
234;2;12473
234;3;12496
234;4;12932
234;5;13041
234;6;13552
234;7;13575
234;8;13754
234;9;13763
234;10;13829
234;11;14207
234;12;14219
234;13;14246
234;14;14320
234;15;14450
234;16;14455
234;17;14908
234;18;15271
234;19;15292
234;20;15314
234;21;15343
234;22;15861
234;23;15959
234;24;16087
234;25;16114
234;26;16133
234;27;16154
234;28;16199
234;29;16227
234;30;16569
234;31;16607
234;32;16624
234;33;16664
234;34;16718
234;35;16741
234;36;16745
234;37;16781
234;38;16852
234;39;16854
234;40;16898
234;41;16912
234;42;16916
234;43;16938
234;44;16948
234;45;16966
234;46;16977
234;47;16981
234;48;16982
234;49;16992
234;50;17001
234;51;17007
234;52;17017
234;53;17037
234;54;17039
234;55;17048
234;56;17085
234;57;17091
234;58;17101
234;59;17105
234;60;17123
234;61;17129
234;62;17150
234;63;17156
234;64;17172
234;65;17178
234;66;17206
234;67;17228
235;1;12283
235;2;12612
235;3;13048
235;4;13093
235;5;13131
235;6;13154
235;7;13623
235;8;13949
235;9;13971
235;10;14016
235;11;14078
235;12;14105
235;13;14235
235;14;14532
235;15;14625
235;16;14679
235;17;14753
235;18;14851
235;19;14877
235;20;14985
235;21;15058
235;22;15080
235;23;15084
235;24;15347
235;25;15348
235;26;15403
235;27;15415
235;28;15432
235;29;15440
235;30;15450
235;31;15519
235;32;15577
235;33;15622
235;34;15803
235;35;15826
235;36;15906
235;37;15926
235;38;16034
235;39;16068
235;40;16090
235;41;16107
235;42;16142
235;43;16144
235;44;16150
235;45;16157
235;46;16165
235;47;16175
235;48;16186
235;49;16200
235;50;16213
235;51;16245
235;52;16299
235;53;16304
235;54;16325
235;55;16849
235;56;16968
235;57;16995
235;58;17034
235;59;17056
235;60;17069
235;61;17096
235;62;17106
235;63;17116
235;64;17118
235;65;17128
235;66;17196
235;67;17202
236;1;12222
236;2;12262
236;3;12504
236;4;13015
236;5;13107
236;6;13713
236;7;14247
236;8;14327
236;9;14817
236;10;15230
236;11;15702
236;12;15735
236;13;15743
236;14;15954
236;15;16014
236;16;16107
236;17;16138
236;18;16179
236;19;16392
236;20;16462
236;21;16516
236;22;16571
236;23;16585
236;24;16607
236;25;16666
236;26;16687
236;27;16744
236;28;16798
236;29;16802
236;30;16814
236;31;16836
236;32;16840
236;33;16850
236;34;16854
236;35;16950
236;36;16971
236;37;16999
236;38;17003
236;39;17018
236;40;17035
236;41;17036
236;42;17040
236;43;17057
236;44;17067
236;45;17081
236;46;17082
236;47;17084
236;48;17106
236;49;17107
236;50;17117
236;51;17125
236;52;17136
236;53;17147
236;54;17162
236;55;17170
236;56;17192
237;1;12503
237;2;12848
237;3;12978
237;4;13046
237;5;13147
237;6;13162
237;7;13220
237;8;13709
237;9;13859
237;10;14038
237;11;14042
237;12;14496
237;13;14709
237;14;14715
237;15;14777
237;16;14851
237;17;15125
237;18;15553
237;19;15621
237;20;16140
237;21;16145
237;22;16436
237;23;16451
237;24;16452
237;25;16489
237;26;16525
237;27;16610
237;28;16625
237;29;16633
237;30;16650
237;31;16672
237;32;16682
237;33;16701
237;34;16752
237;35;16771
237;36;16781
237;37;16789
237;38;16799
237;39;16825
237;40;16900
237;41;16954
237;42;16958
237;43;16962
237;44;16980
237;45;16989
237;46;16993
237;47;17001
237;48;17005
237;49;17020
237;50;17036
237;51;17052
237;52;17060
237;53;17061
237;54;17067
237;55;17071
237;56;17074
237;57;17128
237;58;17143
237;59;17148
237;60;17149
237;61;17159
237;62;17204
237;63;17216
237;64;17220
238;1;12818
238;2;12916
238;3;13324
238;4;13679
238;5;14303
238;6;14516
238;7;14847
238;8;15337
238;9;15349
238;10;15389
238;11;15482
238;12;15955
238;13;15963
238;14;15983
238;15;15987
238;16;16039
238;17;16084
238;18;16117
238;19;16132
238;20;16144
238;21;16145
238;22;16160
238;23;16211
238;24;16219
238;25;16264
238;26;16913
238;27;16971
238;28;16983
238;29;16995
238;30;16998
238;31;17035
238;32;17044
238;33;17066
238;34;17076
238;35;17116
238;36;17122
238;37;17138
238;38;17144
239;1;12192
239;2;12679
239;3;13033
239;4;13500
239;5;13504
239;6;13912
239;7;13980
239;8;14479
239;9;14514
239;10;14568
239;11;15196
239;12;15574
239;13;15582
239;14;16051
239;15;16128
239;16;16162
239;17;16178
239;18;16211
239;19;16215
239;20;16532
239;21;16566
239;22;16588
239;23;16600
239;24;16616
239;25;16638
239;26;16643
239;27;16695
239;28;16698
239;29;16709
239;30;16719
239;31;16755
239;32;16782
239;33;16819
239;34;16893
239;35;16897
239;36;16963
239;37;16985
239;38;16997
239;39;17015
239;40;17018
239;41;17022
239;42;17024
239;43;17070
239;44;17090
239;45;17134
239;46;17144
240;1;13542
240;2;13553
240;3;13573
240;4;13757
240;5;13770
240;6;14137
240;7;14145
240;8;14165
240;9;14351
240;10;14373
240;11;14431
240;12;14809
240;13;15298
240;14;15765
240;15;15797
240;16;15799
240;17;16078
240;18;16506
240;19;16546
240;20;16564
240;21;16662
240;22;16681
240;23;16751
240;24;16766
240;25;16808
240;26;16842
240;27;16861
240;28;16893
240;29;16917
240;30;16976
240;31;16985
240;32;17002
240;33;17046
240;34;17058
240;35;17070
240;36;17079
240;37;17122
240;38;17126
240;39;17150
240;40;17151
240;41;17185
241;1;10662
241;2;10667
241;3;10983
241;4;11632
241;5;12122
241;6;12137
241;7;12199
241;8;12470
241;9;12600
241;10;13020
241;11;13080
241;12;13112
241;13;13498
241;14;14059
241;15;14067
241;16;14497
241;17;14691
241;18;14727
241;19;15298
241;20;15375
241;21;15420
241;22;15479
241;23;15504
241;24;15550
241;25;15643
241;26;15662
241;27;15685
241;28;15699
241;29;15708
241;30;15786
241;31;16209
241;32;16272
241;33;16629
241;34;16631
241;35;16650
241;36;16665
241;37;16677
241;38;16721
241;39;16744
241;40;16755
241;41;16777
241;42;16810
241;43;16879
241;44;16899
241;45;16939
241;46;16962
241;47;16980
241;48;16989
241;49;17001
241;50;17005
241;51;17068
241;52;17088
241;53;17103
241;54;17124
241;55;17134
241;56;17139
241;57;17154
241;58;17162
241;59;17179
241;60;17183
242;1;13040
242;2;13448
242;3;13496
242;4;13541
242;5;13552
242;6;13614
242;7;14238
242;8;14600
242;9;14904
242;10;15465
242;11;15501
242;12;15659
242;13;15675
242;14;15694
242;15;15699
242;16;15711
242;17;16080
242;18;16101
242;19;16144
242;20;16158
242;21;16488
242;22;16502
242;23;16521
242;24;16573
242;25;16594
242;26;16607
242;27;16641
242;28;16656
242;29;16732
242;30;16757
242;31;16820
242;32;16842
242;33;16885
242;34;16895
242;35;16906
242;36;16915
242;37;16977
242;38;16981
242;39;17001
242;40;17010
242;41;17031
242;42;17085
242;43;17093
242;44;17103
242;45;17125
242;46;17138
242;47;17139
242;48;17171
243;1;13922
243;2;14428
243;3;14881
243;4;15268
243;5;15713
243;6;16055
243;7;16414
243;8;16523
243;9;16525
243;10;16531
243;11;16543
243;12;16569
243;13;16591
243;14;16630
243;15;16639
243;16;16658
243;17;16691
243;18;16693
243;19;16703
243;20;16714
243;21;16758
243;22;16791
243;23;16813
243;24;16841
243;25;16845
243;26;16852
243;27;16855
243;28;16909
243;29;16913
243;30;16965
243;31;16969
243;32;17008
243;33;17066
243;34;17093
243;35;17113
243;36;17123
243;37;17132
243;38;17136
243;39;17138
243;40;17139
243;41;17161
243;42;17183
244;1;14407
244;2;14865
244;3;14897
244;4;15305
244;5;15326
244;6;15333
244;7;15395
244;8;15851
244;9;15926
244;10;15980
244;11;16020
244;12;16539
244;13;16598
244;14;16621
244;15;16627
244;16;16672
244;17;16695
244;18;16708
244;19;16712
244;20;16825
244;21;16827
244;22;16856
244;23;16878
244;24;16882
244;25;16907
244;26;16964
244;27;17000
244;28;17004
244;29;17017
244;30;17029
244;31;17041
244;32;17065
244;33;17087
244;34;17112
244;35;17146
244;36;17156
244;37;17171
245;1;10879
245;2;10883
245;3;11342
245;4;11817
245;5;12224
245;6;12825
245;7;13335
245;8;13415
245;9;13435
245;10;14000
245;11;14361
245;12;14677
245;13;14686
245;14;15122
245;15;15134
245;16;15419
245;17;15892
245;18;15896
245;19;15902
245;20;16015
245;21;16138
245;22;16152
245;23;16172
245;24;16670
245;25;16706
245;26;16727
245;27;16741
245;28;16762
245;29;16816
245;30;16839
245;31;16854
245;32;16876
245;33;16879
245;34;16899
245;35;16911
245;36;16940
245;37;16959
245;38;16960
245;39;16973
245;40;16978
245;41;16990
245;42;17002
245;43;17011
245;44;17019
245;45;17029
245;46;17042
245;47;17073
245;48;17078
245;49;17096
245;50;17107
245;51;17119
245;52;17150
245;53;17172
245;54;17181
246;1;10570
246;2;11006
246;3;11099
246;4;11144
246;5;11545
246;6;11963
246;7;12462
246;8;12621
246;9;13041
246;10;13531
246;11;13563
246;12;14073
246;13;14429
246;14;14559
246;15;14622
246;16;14630
246;17;14637
246;18;14713
246;19;14766
246;20;14772
246;21;15020
246;22;15052
246;23;15196
246;24;15223
246;25;15232
246;26;15721
246;27;15725
246;28;15753
246;29;15821
246;30;16045
246;31;16067
246;32;16072
246;33;16109
246;34;16137
246;35;16246
246;36;16257
246;37;16355
246;38;16733
246;39;16755
246;40;16757
246;41;16784
246;42;16815
246;43;16820
246;44;16848
246;45;16889
246;46;17014
246;47;17038
246;48;17040
246;49;17054
246;50;17062
246;51;17074
246;52;17089
246;53;17100
246;54;17103
246;55;17136
246;56;17146
246;57;17156
246;58;17171
247;1;11609
247;2;11908
247;3;12404
247;4;12864
247;5;13339
247;6;13847
247;7;14068
247;8;14366
247;9;14380
247;10;14388
247;11;14949
247;12;15459
247;13;15507
247;14;15695
247;15;15804
247;16;15835
247;17;15886
247;18;15898
247;19;15920
247;20;16029
247;21;16043
247;22;16438
247;23;16526
247;24;16545
247;25;16589
247;26;16631
247;27;16663
247;28;16669
247;29;16687
247;30;16697
247;31;16719
247;32;16775
247;33;16794
247;34;16815
247;35;16817
247;36;16820
247;37;16842
247;38;16896
247;39;16906
247;40;16941
247;41;16951
247;42;16965
247;43;16973
247;44;16984
247;45;17000
247;46;17040
247;47;17057
247;48;17066
247;49;17123
247;50;17144
247;51;17159
247;52;17169
247;53;17192
247;54;17216
247;55;17220
248;1;11526
248;2;11542
248;3;12151
248;4;12225
248;5;12786
248;6;12792
248;7;12997
248;8;13365
248;9;13438
248;10;13479
248;11;13897
248;12;14423
248;13;14877
248;14;14985
248;15;15008
248;16;15025
248;17;15093
248;18;15488
248;19;15888
248;20;16413
248;21;16417
248;22;16462
248;23;16482
248;24;16527
248;25;16531
248;26;16614
248;27;16620
248;28;16656
248;29;16678
248;30;16679
248;31;16696
248;32;16715
248;33;16725
248;34;16747
248;35;16753
248;36;16763
248;37;16767
248;38;16829
248;39;16862
248;40;16880
248;41;16913
248;42;16935
248;43;16953
248;44;16961
248;45;16966
248;46;16975
248;47;16980
248;48;17003
248;49;17032
248;50;17086
248;51;17091
248;52;17101
248;53;17104
248;54;17108
248;55;17111
248;56;17136
249;1;12993
249;2;13015
249;3;13145
249;4;13498
249;5;13775
249;6;14121
249;7;14590
249;8;14688
249;9;14742
249;10;14787
249;11;15340
249;12;15725
249;13;16171
249;14;16183
249;15;16244
249;16;16418
249;17;16441
249;18;16450
249;19;16485
249;20;16604
249;21;16658
249;22;16666
249;23;16687
249;24;16703
249;25;16708
249;26;16755
249;27;16775
249;28;16798
249;29;16841
249;30;16851
249;31;16855
249;32;16894
249;33;16917
249;34;16923
249;35;16966
249;36;16991
249;37;16995
249;38;17040
249;39;17108
249;40;17117
249;41;17130
249;42;17134
249;43;17157
249;44;17172
250;1;12226
250;2;12289
250;3;12295
250;4;12731
250;5;13145
250;6;13592
250;7;13642
250;8;13980
250;9;14013
250;10;14422
250;11;14776
250;12;15218
250;13;15334
250;14;15361
250;15;15411
250;16;15502
250;17;15656
250;18;15657
250;19;15691
250;20;16198
250;21;16277
250;22;16299
250;23;16314
250;24;16407
250;25;16421
250;26;16434
250;27;16466
250;28;16504
250;29;16525
250;30;16534
250;31;16553
250;32;16560
250;33;16573
250;34;16592
250;35;16668
250;36;16677
250;37;16713
250;38;16717
250;39;16737
250;40;16759
250;41;16767
250;42;16772
250;43;16782
250;44;16793
250;45;16813
250;46;16814
250;47;16832
250;48;16841
250;49;16895
250;50;16896
250;51;16900
250;52;16914
250;53;16926
250;54;16931
250;55;16946
250;56;16954
250;57;16958
250;58;16972
250;59;17002
250;60;17028
250;61;17047
250;62;17048
250;63;17064
250;64;17067
250;65;17111
250;66;17133
250;67;17155
250;68;17159
250;69;17175
250;70;17178
250;71;17182
250;72;17186
251;1;11774
251;2;11778
251;3;11963
251;4;12322
251;5;12447
251;6;12524
251;7;12536
251;8;12996
251;9;13011
251;10;13062
251;11;13241
251;12;13714
251;13;14200
251;14;14568
251;15;15058
251;16;15533
251;17;15545
251;18;15593
251;19;15627
251;20;15634
251;21;15640
251;22;15649
251;23;15674
251;24;15685
251;25;15730
251;26;15749
251;27;15756
251;28;16182
251;29;16322
251;30;16336
251;31;16352
251;32;16356
251;33;16369
251;34;16395
251;35;16410
251;36;16425
251;37;16447
251;38;16456
251;39;16466
251;40;16799
251;41;16835
251;42;16843
251;43;16933
251;44;16947
251;45;17005
251;46;17031
251;47;17053
251;48;17080
251;49;17084
251;50;17106
251;51;17128
251;52;17138
251;53;17145
251;54;17153
251;55;17160
251;56;17169
251;57;17205
252;1;11891
252;2;11945
252;3;12323
252;4;12453
252;5;12754
252;6;13173
252;7;13325
252;8;13365
252;9;13680
252;10;14023
252;11;14339
252;12;14432
252;13;14882
252;14;14919
252;15;14939
252;16;15406
252;17;15410
252;18;15508
252;19;15868
252;20;15883
252;21;16411
252;22;16456
252;23;16500
252;24;16512
252;25;16563
252;26;16591
252;27;16636
252;28;16684
252;29;16751
252;30;16774
252;31;16882
252;32;16941
252;33;16963
252;34;16969
252;35;16973
252;36;16977
252;37;16986
252;38;17038
252;39;17044
252;40;17062
252;41;17072
252;42;17076
252;43;17122
252;44;17136
252;45;17158
253;1;10886
253;2;11285
253;3;11784
253;4;12407
253;5;12411
253;6;12750
253;7;13060
253;8;13598
253;9;14012
253;10;14110
253;11;14156
253;12;14540
253;13;14671
253;14;14695
253;15;15082
253;16;15161
253;17;15458
253;18;15528
253;19;15642
253;20;15734
253;21;15757
253;22;15985
253;23;16183
253;24;16201
253;25;16226
253;26;16438
253;27;16617
253;28;16632
253;29;16637
253;30;16644
253;31;16648
253;32;16675
253;33;16723
253;34;16727
253;35;16777
253;36;16805
253;37;16817
253;38;16840
253;39;16847
253;40;16905
253;41;16909
253;42;16929
253;43;16951
253;44;16987
253;45;16997
253;46;17006
253;47;17010
253;48;17060
253;49;17074
253;50;17096
253;51;17122
253;52;17126
253;53;17132
253;54;17142
253;55;17158
253;56;17162
253;57;17163
253;58;17186
254;1;12087
254;2;12453
254;3;12535
254;4;12733
254;5;12795
254;6;12804
254;7;13041
254;8;13056
254;9;13405
254;10;13446
254;11;13890
254;12;13931
254;13;14400
254;14;14411
254;15;14900
254;16;15354
254;17;15422
254;18;15440
254;19;15558
254;20;15576
254;21;15601
254;22;15982
254;23;16074
254;24;16140
254;25;16162
254;26;16191
254;27;16195
254;28;16249
254;29;16821
254;30;16853
254;31;16896
254;32;16929
254;33;16933
254;34;16944
254;35;16954
254;36;16995
254;37;17000
254;38;17010
254;39;17025
254;40;17041
254;41;17056
254;42;17063
254;43;17078
254;44;17079
254;45;17082
254;46;17094
254;47;17117
254;48;17118
254;49;17119
254;50;17123
254;51;17133
254;52;17152
255;1;12743
255;2;12753
255;3;13275
255;4;13320
255;5;13370
255;6;13392
255;7;13428
255;8;13482
255;9;13981
255;10;14450
255;11;14464
255;12;14884
255;13;15254
255;14;15331
255;15;15340
255;16;15344
255;17;15351
255;18;15373
255;19;15380
255;20;15432
255;21;15441
255;22;15459
255;23;15495
255;24;16037
255;25;16064
255;26;16324
255;27;16328
255;28;16538
255;29;16577
255;30;16583
255;31;16646
255;32;16671
255;33;16732
255;34;16754
255;35;16771
255;36;16802
255;37;16804
255;38;16810
255;39;16846
255;40;16869
255;41;16878
255;42;16889
255;43;16902
255;44;16932
255;45;16968
255;46;16977
255;47;17017
255;48;17057
255;49;17066
255;50;17087
255;51;17097
255;52;17113
255;53;17135
255;54;17174
255;55;17175
256;1;12923
256;2;13149
256;3;13168
256;4;13218
256;5;13594
256;6;13656
256;7;13689
256;8;13783
256;9;14213
256;10;14317
256;11;14817
256;12;15167
256;13;15326
256;14;15424
256;15;15469
256;16;15489
256;17;15530
256;18;15553
256;19;15554
256;20;15932
256;21;15977
256;22;16008
256;23;16077
256;24;16093
256;25;16147
256;26;16215
256;27;16234
256;28;16257
256;29;16302
256;30;16318
256;31;16319
256;32;16325
256;33;16329
256;34;16342
256;35;16408
256;36;16420
256;37;16869
256;38;16894
256;39;16944
256;40;17019
256;41;17027
256;42;17037
256;43;17038
256;44;17062
256;45;17066
256;46;17083
256;47;17099
256;48;17100
256;49;17104
256;50;17119
256;51;17129
256;52;17139
256;53;17149
256;54;17217
257;1;12511
257;2;12925
257;3;13326
257;4;13622
257;5;14059
257;6;14487
257;7;14917
257;8;15487
257;9;15538
257;10;15561
257;11;15573
257;12;15619
257;13;15679
257;14;16175
257;15;16196
257;16;16200
257;17;16223
257;18;16282
257;19;16570
257;20;16590
257;21;16610
257;22;16668
257;23;16701
257;24;16733
257;25;16741
257;26;16752
257;27;16774
257;28;16807
257;29;16816
257;30;16882
257;31;16936
257;32;16941
257;33;16967
257;34;16973
257;35;16985
257;36;17021
257;37;17043
257;38;17052
257;39;17077
257;40;17097
257;41;17156
257;42;17171
257;43;17172
258;1;12753
258;2;13194
258;3;13227
258;4;13355
258;5;13740
258;6;13754
258;7;13975
258;8;14031
258;9;14055
258;10;14071
258;11;14430
258;12;14462
258;13;14972
258;14;15001
258;15;15013
258;16;15064
258;17;15553
258;18;15598
258;19;15721
258;20;16161
258;21;16253
258;22;16316
258;23;16334
258;24;16635
258;25;16648
258;26;16666
258;27;16675
258;28;16685
258;29;16689
258;30;16693
258;31;16697
258;32;16725
258;33;16782
258;34;16840
258;35;16888
258;36;16892
258;37;16944
258;38;16963
258;39;17003
258;40;17011
258;41;17021
258;42;17046
258;43;17056
258;44;17074
258;45;17086
258;46;17109
258;47;17115
258;48;17124
258;49;17129
258;50;17159
258;51;17174
258;52;17179
258;53;17181
259;1;12329
259;2;12726
259;3;13144
259;4;13168
259;5;13226
259;6;13288
259;7;13626
259;8;14093
259;9;14157
259;10;14161
259;11;14180
259;12;14829
259;13;15203
259;14;15266
259;15;15479
259;16;15581
259;17;15615
259;18;15980
259;19;16002
259;20;16019
259;21;16060
259;22;16533
259;23;16585
259;24;16647
259;25;16655
259;26;16704
259;27;16726
259;28;16737
259;29;16862
259;30;16903
259;31;16935
259;32;16975
259;33;16984
259;34;17006
259;35;17058
259;36;17070
259;37;17100
259;38;17109
259;39;17117
259;40;17120
259;41;17124
259;42;17127
259;43;17142
259;44;17154
259;45;17158
259;46;17170
259;47;17174
259;48;17175
260;1;11290
260;2;11892
260;3;11955
260;4;12502
260;5;12942
260;6;13423
260;7;13877
260;8;14023
260;9;14027
260;10;14538
260;11;14883
260;12;14893
260;13;14896
260;14;14995
260;15;15037
260;16;15072
260;17;15374
260;18;15518
260;19;15540
260;20;15558
260;21;15566
260;22;15899
260;23;15983
260;24;16028
260;25;16114
260;26;16129
260;27;16648
260;28;16723
260;29;16735
260;30;16739
260;31;16764
260;32;16770
260;33;16802
260;34;16809
260;35;16828
260;36;16830
260;37;16834
260;38;16837
260;39;16843
260;40;16879
260;41;16884
260;42;16894
260;43;16921
260;44;16930
260;45;16941
260;46;17000
260;47;17004
260;48;17020
260;49;17051
260;50;17067
260;51;17091
260;52;17129
260;53;17139
260;54;17148
260;55;17193
260;56;17201
260;57;17217
261;1;11157
261;2;11690
261;3;11815
261;4;11883
261;5;11937
261;6;12426
261;7;12503
261;8;12522
261;9;13060
261;10;13137
261;11;13561
261;12;13812
261;13;13842
261;14;14019
261;15;14431
261;16;14996
261;17;14999
261;18;15552
261;19;15564
261;20;15934
261;21;16007
261;22;16388
261;23;16433
261;24;16441
261;25;16552
261;26;16553
261;27;16616
261;28;16656
261;29;16675
261;30;16713
261;31;16731
261;32;16753
261;33;16861
261;34;16870
261;35;16882
261;36;16922
261;37;16931
261;38;16943
261;39;16950
261;40;16953
261;41;16961
261;42;17042
261;43;17050
261;44;17075
261;45;17076
261;46;17086
261;47;17102
261;48;17113
261;49;17123
261;50;17130
261;51;17151
261;52;17161
261;53;17173
261;54;17177
261;55;17191
262;1;10627
262;2;10649
262;3;10757
262;4;10780
262;5;11291
262;6;11745
262;7;11799
262;8;12049
262;9;12158
262;10;12203
262;11;12212
262;12;12647
262;13;12986
262;14;13385
262;15;13397
262;16;13442
262;17;13471
262;18;13661
262;19;13815
262;20;14109
262;21;14160
262;22;14166
262;23;14170
262;24;14171
262;25;14449
262;26;14571
262;27;14591
262;28;14642
262;29;14674
262;30;15110
262;31;15240
262;32;15262
262;33;15310
262;34;15386
262;35;15875
262;36;15885
262;37;15955
262;38;15967
262;39;15972
262;40;16013
262;41;16032
262;42;16051
262;43;16137
262;44;16148
262;45;16154
262;46;16166
262;47;16179
262;48;16255
262;49;16277
262;50;16285
262;51;16304
262;52;16307
262;53;16749
262;54;16753
262;55;16785
262;56;16818
262;57;16827
262;58;16837
262;59;16884
262;60;16885
262;61;16887
262;62;16899
262;63;16905
262;64;16938
262;65;16939
262;66;16961
262;67;16969
262;68;16978
262;69;16996
262;70;17000
262;71;17019
262;72;17023
262;73;17031
262;74;17032
262;75;17041
262;76;17048
262;77;17075
262;78;17095
262;79;17110
262;80;17126
262;81;17199
262;82;17207
262;83;17224
262;84;17228
263;1;11695
263;2;11789
263;3;12279
263;4;12377
263;5;12598
263;6;13088
263;7;13202
263;8;13336
263;9;13796
263;10;14164
263;11;14183
263;12;14622
263;13;14638
263;14;14647
263;15;15166
263;16;15248
263;17;15453
263;18;15457
263;19;15611
263;20;16071
263;21;16121
263;22;16130
263;23;16153
263;24;16247
263;25;16256
263;26;16266
263;27;16320
263;28;16345
263;29;16354
263;30;16356
263;31;16382
263;32;16399
263;33;16414
263;34;16440
263;35;16459
263;36;16479
263;37;16489
263;38;16568
263;39;16576
263;40;16579
263;41;16605
263;42;16620
263;43;16999
263;44;17005
263;45;17027
263;46;17058
263;47;17093
263;48;17105
263;49;17121
263;50;17143
263;51;17145
263;52;17159
263;53;17169
264;1;11962
264;2;12371
264;3;12717
264;4;12729
264;5;12735
264;6;12755
264;7;12886
264;8;12926
264;9;12985
264;10;12995
264;11;13508
264;12;13974
264;13;14015
264;14;14526
264;15;14904
264;16;15250
264;17;15309
264;18;15799
264;19;16274
264;20;16585
264;21;16594
264;22;16599
264;23;16605
264;24;16618
264;25;16633
264;26;16674
264;27;16678
264;28;16694
264;29;16731
264;30;16758
264;31;16860
264;32;16888
264;33;16921
264;34;16975
264;35;16986
264;36;16990
264;37;17006
264;38;17028
264;39;17072
264;40;17082
264;41;17118
264;42;17121
264;43;17135
264;44;17147
264;45;17169
264;46;17191
265;1;10211
265;2;10331
265;3;10844
265;4;10953
265;5;11412
265;6;11741
265;7;11839
265;8;12479
265;9;13062
265;10;13107
265;11;13536
265;12;13549
265;13;14001
265;14;14312
265;15;14823
265;16;14948
265;17;14963
265;18;15311
265;19;15333
265;20;15352
265;21;15361
265;22;15398
265;23;15839
265;24;15845
265;25;15973
265;26;16003
265;27;16048
265;28;16537
265;29;16648
265;30;16658
265;31;16671
265;32;16675
265;33;16681
265;34;16720
265;35;16729
265;36;16744
265;37;16779
265;38;16799
265;39;16821
265;40;16824
265;41;16846
265;42;16848
265;43;16852
265;44;16853
265;45;16904
265;46;16918
265;47;16937
265;48;16959
265;49;16995
265;50;17010
265;51;17020
265;52;17078
265;53;17088
265;54;17132
265;55;17139
265;56;17169
265;57;17173
265;58;17183
265;59;17188
265;60;17192
266;1;12884
266;2;13450
266;3;13526
266;4;13856
266;5;14474
266;6;14501
266;7;14921
266;8;14962
266;9;14986
266;10;15062
266;11;15442
266;12;15848
266;13;15916
266;14;15920
266;15;16176
266;16;16198
266;17;16313
266;18;16325
266;19;16347
266;20;16693
266;21;16738
266;22;16810
266;23;16854
266;24;16876
266;25;16898
266;26;16899
266;27;16919
266;28;16930
266;29;16934
266;30;17007
266;31;17028
266;32;17052
266;33;17060
266;34;17112
266;35;17127
266;36;17159
266;37;17176
266;38;17180
266;39;17193
266;40;17204
266;41;17220
267;1;9405
267;2;9411
267;3;9419
267;4;9805
267;5;10316
267;6;10364
267;7;10804
267;8;10826
267;9;11428
267;10;11562
267;11;11985
267;12;12312
267;13;12868
267;14;12901
267;15;13315
267;16;13342
267;17;13419
267;18;13464
267;19;13726
267;20;14202
267;21;14332
267;22;14842
267;23;14851
267;24;14881
267;25;14890
267;26;14935
267;27;15067
267;28;15203
267;29;15245
267;30;15342
267;31;15359
267;32;15382
267;33;15401
267;34;15504
267;35;16153
267;36;16187
267;37;16197
267;38;16229
267;39;16610
267;40;16633
267;41;16641
267;42;16673
267;43;16727
267;44;16735
267;45;16739
267;46;16837
267;47;16840
267;48;16842
267;49;16886
267;50;16909
267;51;16962
267;52;17002
267;53;17023
267;54;17025
267;55;17065
267;56;17083
267;57;17084
267;58;17088
267;59;17098
267;60;17120
267;61;17158
267;62;17168
268;1;11414
268;2;11896
268;3;11908
268;4;12267
268;5;12278
268;6;12308
268;7;12586
268;8;12688
268;9;12714
268;10;12736
268;11;12737
268;12;12985
268;13;13425
268;14;13429
268;15;13573
268;16;13973
268;17;14391
268;18;14910
268;19;14945
268;20;15126
268;21;15127
268;22;15279
268;23;15790
268;24;15992
268;25;16100
268;26;16133
268;27;16209
268;28;16213
268;29;16675
268;30;16681
268;31;16682
268;32;16733
268;33;16757
268;34;16764
268;35;16768
268;36;16808
268;37;16836
268;38;16874
268;39;16883
268;40;16897
268;41;16917
268;42;16968
268;43;16993
268;44;17049
268;45;17057
268;46;17064
268;47;17075
268;48;17094
268;49;17116
268;50;17122
268;51;17124
268;52;17139
268;53;17162
268;54;17171
268;55;17172
269;1;13397
269;2;13824
269;3;14313
269;4;14728
269;5;14789
269;6;14798
269;7;15076
269;8;15114
269;9;15426
269;10;15458
269;11;15588
269;12;15594
269;13;15606
269;14;15624
269;15;15683
269;16;16102
269;17;16156
269;18;16167
269;19;16187
269;20;16209
269;21;16231
269;22;16235
269;23;16732
269;24;16754
269;25;16776
269;26;16781
269;27;16794
269;28;16842
269;29;16878
269;30;16881
269;31;16911
269;32;16969
269;33;16984
269;34;17006
269;35;17027
269;36;17028
269;37;17043
269;38;17050
269;39;17054
269;40;17076
269;41;17112
269;42;17120
269;43;17124
269;44;17138
269;45;17142
269;46;17161
269;47;17183
270;1;11910
270;2;12351
270;3;12417
270;4;12422
270;5;12858
270;6;13491
270;7;13951
270;8;13972
270;9;14263
270;10;14745
270;11;14786
270;12;15154
270;13;15427
270;14;15463
270;15;15657
270;16;15660
270;17;15718
270;18;15769
270;19;15811
270;20;15891
270;21;16227
270;22;16288
270;23;16330
270;24;16352
270;25;16364
270;26;16374
270;27;16418
270;28;16427
270;29;16853
270;30;16923
270;31;16985
270;32;17039
270;33;17061
270;34;17066
270;35;17083
270;36;17087
270;37;17093
270;38;17097
270;39;17099
270;40;17103
270;41;17122
270;42;17144
270;43;17156
270;44;17157
270;45;17164
270;46;17166
270;47;17170
270;48;17182
270;49;17192
271;1;11850
271;2;11869
271;3;11971
271;4;12379
271;5;12397
271;6;12887
271;7;13064
271;8;13454
271;9;13466
271;10;13894
271;11;13917
271;12;13956
271;13;13960
271;14;14005
271;15;14014
271;16;14103
271;17;14523
271;18;14548
271;19;14863
271;20;14895
271;21;14928
271;22;14986
271;23;14996
271;24;15047
271;25;15083
271;26;15466
271;27;15510
271;28;15595
271;29;15650
271;30;15998
271;31;16052
271;32;16090
271;33;16100
271;34;16111
271;35;16574
271;36;16600
271;37;16634
271;38;16681
271;39;16703
271;40;16714
271;41;16750
271;42;16754
271;43;16762
271;44;16768
271;45;16793
271;46;16801
271;47;16811
271;48;16821
271;49;16836
271;50;16840
271;51;16855
271;52;16858
271;53;16899
271;54;16903
271;55;16936
271;56;16944
271;57;16982
271;58;16992
271;59;17014
271;60;17065
271;61;17133
271;62;17139
271;63;17161
271;64;17180
271;65;17181
271;66;17192
271;67;17204
271;68;17226
272;1;11089
272;2;11345
272;3;11844
272;4;12231
272;5;12385
272;6;12451
272;7;12762
272;8;12820
272;9;13453
272;10;13486
272;11;13927
272;12;13958
272;13;14002
272;14;14069
272;15;14249
272;16;14312
272;17;14650
272;18;15126
272;19;15130
272;20;15217
272;21;15225
272;22;15577
272;23;15631
272;24;15649
272;25;16017
272;26;16048
272;27;16056
272;28;16545
272;29;16549
272;30;16553
272;31;16580
272;32;16595
272;33;16613
272;34;16644
272;35;16652
272;36;16662
272;37;16669
272;38;16737
272;39;16752
272;40;16780
272;41;16784
272;42;16805
272;43;16822
272;44;16837
272;45;16882
272;46;16886
272;47;16920
272;48;16926
272;49;16970
272;50;16976
272;51;16980
272;52;17016
272;53;17020
272;54;17037
272;55;17047
272;56;17051
272;57;17083
272;58;17108
272;59;17151
272;60;17160
272;61;17170
272;62;17172
272;63;17176
273;1;14026
273;2;14046
273;3;14094
273;4;14135
273;5;14329
273;6;14602
273;7;14611
273;8;15116
273;9;15475
273;10;15486
273;11;15522
273;12;15737
273;13;15862
273;14;15981
273;15;16071
273;16;16081
273;17;16116
273;18;16138
273;19;16150
273;20;16223
273;21;16231
273;22;16240
273;23;16297
273;24;16631
273;25;16691
273;26;16705
273;27;16773
273;28;16793
273;29;16826
273;30;16844
273;31;16862
273;32;16880
273;33;16907
273;34;16939
273;35;16956
273;36;16975
273;37;16980
273;38;16988
273;39;16993
273;40;17025
273;41;17048
273;42;17058
273;43;17080
273;44;17088
273;45;17100
273;46;17104
273;47;17113
273;48;17128
273;49;17135
274;1;10328
274;2;10360
274;3;10868
274;4;11025
274;5;11373
274;6;11832
274;7;12272
274;8;12482
274;9;12626
274;10;12751
274;11;13124
274;12;13606
274;13;13966
274;14;14002
274;15;14043
274;16;14484
274;17;14510
274;18;14915
274;19;14973
274;20;15341
274;21;15374
274;22;15438
274;23;15566
274;24;15620
274;25;15628
274;26;15686
274;27;15727
274;28;15735
274;29;16197
274;30;16251
274;31;16286
274;32;16295
274;33;16305
274;34;16352
274;35;16373
274;36;16465
274;37;16467
274;38;16473
274;39;16484
274;40;16507
274;41;16529
274;42;16551
274;43;16565
274;44;16581
274;45;16593
274;46;16615
274;47;16630
274;48;16659
274;49;16663
274;50;16669
274;51;17076
274;52;17085
274;53;17104
274;54;17114
274;55;17116
274;56;17120
274;57;17123
274;58;17127
274;59;17137
274;60;17164
275;1;11452
275;2;11551
275;3;11794
275;4;12299
275;5;12457
275;6;12477
275;7;12781
275;8;13382
275;9;13427
275;10;13495
275;11;13777
275;12;14185
275;13;14204
275;14;14307
275;15;14383
275;16;14408
275;17;14923
275;18;14955
275;19;14978
275;20;15000
275;21;15510
275;22;15561
275;23;15583
275;24;16093
275;25;16141
275;26;16150
275;27;16482
275;28;16486
275;29;16492
275;30;16577
275;31;16595
275;32;16631
275;33;16671
275;34;16716
275;35;16764
275;36;16791
275;37;16814
275;38;16818
275;39;16839
275;40;16843
275;41;16851
275;42;16887
275;43;16891
275;44;16896
275;45;16936
275;46;16946
275;47;16958
275;48;16962
275;49;16980
275;50;17010
275;51;17054
275;52;17063
275;53;17079
275;54;17085
275;55;17095
275;56;17097
275;57;17112
275;58;17113
275;59;17133
275;60;17174
275;61;17178
275;62;17206
275;63;17222
276;1;11241
276;2;11253
276;3;11806
276;4;12262
276;5;12776
276;6;13409
276;7;13421
276;8;13449
276;9;13924
276;10;13928
276;11;14306
276;12;14600
276;13;15049
276;14;15183
276;15;15192
276;16;15225
276;17;15237
276;18;15255
276;19;15696
276;20;15979
276;21;16040
276;22;16050
276;23;16059
276;24;16092
276;25;16130
276;26;16180
276;27;16202
276;28;16241
276;29;16242
276;30;16253
276;31;16611
276;32;16710
276;33;16777
276;34;16794
276;35;16841
276;36;16855
276;37;16896
276;38;16939
276;39;16961
276;40;16978
276;41;16989
276;42;17015
276;43;17037
276;44;17052
276;45;17060
276;46;17082
276;47;17089
276;48;17090
276;49;17098
276;50;17149
276;51;17190
276;52;17196
276;53;17200
276;54;17202
277;1;12301
277;2;12374
277;3;12393
277;4;12411
277;5;12865
277;6;12944
277;7;13282
277;8;13840
277;9;14362
277;10;14768
277;11;14899
277;12;14931
277;13;14982
277;14;15026
277;15;15097
277;16;15517
277;17;15727
277;18;15731
277;19;15736
277;20;15754
277;21;16132
277;22;16136
277;23;16157
277;24;16179
277;25;16233
277;26;16280
277;27;16313
277;28;16335
277;29;16374
277;30;16407
277;31;16423
277;32;16456
277;33;16471
277;34;16487
277;35;16491
277;36;16746
277;37;16944
277;38;16945
277;39;16955
277;40;16961
277;41;16979
277;42;16980
277;43;17003
277;44;17005
277;45;17027
277;46;17032
277;47;17042
277;48;17092
277;49;17167
277;50;17176
277;51;17183
277;52;17206
277;53;17222
278;1;14106
278;2;14128
278;3;14556
278;4;14564
278;5;14900
278;6;14937
278;7;15005
278;8;15395
278;9;15449
278;10;15467
278;11;15502
278;12;15852
278;13;16312
278;14;16321
278;15;16420
278;16;16470
278;17;16494
278;18;16592
278;19;16646
278;20;16698
278;21;16703
278;22;16801
278;23;16866
278;24;16874
278;25;16875
278;26;16884
278;27;16896
278;28;16928
278;29;16987
278;30;17055
278;31;17061
278;32;17065
278;33;17087
278;34;17102
278;35;17104
278;36;17114
278;37;17121
278;38;17122
278;39;17137
278;40;17161
279;1;11852
279;2;12190
279;3;12261
279;4;12506
279;5;12940
279;6;13450
279;7;13483
279;8;13861
279;9;13865
279;10;14340
279;11;14358
279;12;14366
279;13;14510
279;14;14951
279;15;15044
279;16;15081
279;17;15093
279;18;15495
279;19;15549
279;20;16009
279;21;16031
279;22;16116
279;23;16135
279;24;16180
279;25;16250
279;26;16573
279;27;16681
279;28;16689
279;29;16823
279;30;16859
279;31;16933
279;32;16937
279;33;16973
279;34;16978
279;35;17017
279;36;17028
279;37;17032
279;38;17049
279;39;17060
279;40;17079
279;41;17087
279;42;17091
279;43;17105
279;44;17140
279;45;17150
279;46;17154
279;47;17170
279;48;17172
279;49;17176
279;50;17204
279;51;17216
279;52;17220
280;1;12642
280;2;12646
280;3;12754
280;4;12948
280;5;12971
280;6;13407
280;7;13882
280;8;14335
280;9;14469
280;10;14959
280;11;15436
280;12;15443
280;13;15444
280;14;15452
280;15;15805
280;16;16073
280;17;16092
280;18;16124
280;19;16162
280;20;16179
280;21;16211
280;22;16296
280;23;16307
280;24;16317
280;25;16332
280;26;16344
280;27;16366
280;28;16531
280;29;16549
280;30;16570
280;31;16582
280;32;16587
280;33;16613
280;34;16622
280;35;16641
280;36;16648
280;37;16655
280;38;16665
280;39;16698
280;40;16702
280;41;16724
280;42;16787
280;43;16801
280;44;16805
280;45;16827
280;46;16835
280;47;16867
280;48;16907
280;49;16912
280;50;16918
280;51;16922
280;52;16974
280;53;17028
280;54;17047
280;55;17055
280;56;17096
280;57;17104
280;58;17105
280;59;17114
280;60;17124
280;61;17140
280;62;17146
280;63;17166
280;64;17181
281;1;12370
281;2;12731
281;3;12767
281;4;12800
281;5;13227
281;6;13471
281;7;13547
281;8;13741
281;9;14208
281;10;14707
281;11;15212
281;12;15375
281;13;15451
281;14;15455
281;15;15494
281;16;16013
281;17;16400
281;18;16440
281;19;16475
281;20;16492
281;21;16518
281;22;16572
281;23;16770
281;24;16773
281;25;16783
281;26;16837
281;27;16859
281;28;16874
281;29;16878
281;30;16900
281;31;16904
281;32;16941
281;33;16978
281;34;16982
281;35;17002
281;36;17024
281;37;17039
281;38;17043
281;39;17055
281;40;17131
281;41;17163
281;42;17166
281;43;17170
281;44;17188
281;45;17192
282;1;11119
282;2;11155
282;3;11493
282;4;11504
282;5;11827
282;6;11903
282;7;11983
282;8;12446
282;9;12891
282;10;12935
282;11;13350
282;12;13443
282;13;13918
282;14;14391
282;15;14706
282;16;14751
282;17;14757
282;18;14849
282;19;15170
282;20;15176
282;21;15195
282;22;15314
282;23;15347
282;24;15369
282;25;15373
282;26;15487
282;27;15864
282;28;15920
282;29;15941
282;30;16007
282;31;16050
282;32;16084
282;33;16214
282;34;16226
282;35;16262
282;36;16266
282;37;16292
282;38;16723
282;39;16745
282;40;16799
282;41;16811
282;42;16856
282;43;16881
282;44;16884
282;45;16893
282;46;16906
282;47;16935
282;48;16945
282;49;16958
282;50;17003
282;51;17015
282;52;17025
282;53;17035
282;54;17043
282;55;17103
282;56;17111
282;57;17133
282;58;17169
282;59;17170
282;60;17182
282;61;17206
282;62;17228
283;1;11716
283;2;11762
283;3;12252
283;4;12272
283;5;12277
283;6;12667
283;7;13186
283;8;13624
283;9;14099
283;10;14139
283;11;14193
283;12;14312
283;13;14334
283;14;14759
283;15;15137
283;16;15584
283;17;15882
283;18;16354
283;19;16391
283;20;16441
283;21;16459
283;22;16471
283;23;16493
283;24;16505
283;25;16509
283;26;16535
283;27;16554
283;28;16643
283;29;16695
283;30;16733
283;31;16755
283;32;16824
283;33;16857
283;34;16861
283;35;16867
283;36;16934
283;37;16956
283;38;16969
283;39;16976
283;40;16998
283;41;17006
283;42;17023
283;43;17032
283;44;17054
283;45;17058
283;46;17108
283;47;17129
283;48;17130
283;49;17133
283;50;17139
283;51;17147
283;52;17162
283;53;17169
283;54;17173
283;55;17183
284;1;12141
284;2;12156
284;3;12600
284;4;12933
284;5;13146
284;6;13621
284;7;14159
284;8;14167
284;9;14568
284;10;14602
284;11;14624
284;12;14670
284;13;15025
284;14;15029
284;15;15043
284;16;15066
284;17;15069
284;18;15477
284;19;15531
284;20;16010
284;21;16029
284;22;16050
284;23;16062
284;24;16082
284;25;16108
284;26;16153
284;27;16477
284;28;16494
284;29;16498
284;30;16542
284;31;16546
284;32;16591
284;33;16600
284;34;16644
284;35;16666
284;36;16676
284;37;16691
284;38;16699
284;39;16744
284;40;16820
284;41;16831
284;42;16839
284;43;16852
284;44;16886
284;45;16890
284;46;16901
284;47;16935
284;48;16950
284;49;16951
284;50;16974
284;51;16980
284;52;17004
284;53;17063
284;54;17066
284;55;17110
284;56;17125
284;57;17128
284;58;17147
284;59;17151
284;60;17152
285;1;12242
285;2;12243
285;3;12339
285;4;12401
285;5;12497
285;6;12905
285;7;13380
285;8;13808
285;9;14425
285;10;14643
285;11;14722
285;12;14725
285;13;14798
285;14;14936
285;15;14977
285;16;14993
285;17;15075
285;18;15332
285;19;15438
285;20;15444
285;21;15818
285;22;15826
285;23;15889
285;24;16398
285;25;16420
285;26;16440
285;27;16495
285;28;16517
285;29;16558
285;30;16671
285;31;16715
285;32;16746
285;33;16761
285;34;16782
285;35;16796
285;36;16811
285;37;16830
285;38;16840
285;39;16844
285;40;16866
285;41;16874
285;42;16883
285;43;16886
285;44;16933
285;45;16968
285;46;16980
285;47;16998
285;48;17003
285;49;17023
285;50;17035
285;51;17054
285;52;17059
285;53;17072
285;54;17087
285;55;17128
285;56;17144
285;57;17154
285;58;17170
286;1;12165
286;2;12673
286;3;13028
286;4;13072
286;5;13637
286;6;13682
286;7;13722
286;8;14101
286;9;14210
286;10;14660
286;11;14731
286;12;15230
286;13;15660
286;14;16171
286;15;16180
286;16;16235
286;17;16305
286;18;16518
286;19;16611
286;20;16633
286;21;16646
286;22;16659
286;23;16664
286;24;16714
286;25;16747
286;26;16749
286;27;16781
286;28;16810
286;29;16832
286;30;16855
286;31;16907
286;32;16916
286;33;16970
286;34;16976
286;35;16978
286;36;16988
286;37;16992
286;38;17053
286;39;17064
286;40;17068
286;41;17080
286;42;17085
286;43;17090
286;44;17094
286;45;17109
286;46;17175
286;47;17179
286;48;17185
286;49;17204
286;50;17206
286;51;17222
287;1;12734
287;2;13157
287;3;13474
287;4;13882
287;5;14372
287;6;14373
287;7;14666
287;8;14675
287;9;15179
287;10;15400
287;11;15460
287;12;15470
287;13;15474
287;14;15497
287;15;15882
287;16;15903
287;17;15904
287;18;15922
287;19;15996
287;20;16021
287;21;16066
287;22;16077
287;23;16117
287;24;16185
287;25;16208
287;26;16256
287;27;16303
287;28;16313
287;29;16335
287;30;16357
287;31;16610
287;32;16823
287;33;16899
287;34;16911
287;35;16923
287;36;16926
287;37;16927
287;38;16946
287;39;16968
287;40;16989
287;41;17048
287;42;17067
287;43;17071
287;44;17096
287;45;17108
287;46;17119
287;47;17133
287;48;17155
287;49;17162
287;50;17163
287;51;17173
287;52;17177
287;53;17183
288;1;12405
288;2;12526
288;3;13015
288;4;13033
288;5;13038
288;6;13418
288;7;13668
288;8;14135
288;9;14293
288;10;14819
288;11;14989
288;12;15232
288;13;15312
288;14;15802
288;15;15895
288;16;15936
288;17;15957
288;18;16006
288;19;16010
288;20;16043
288;21;16065
288;22;16101
288;23;16123
288;24;16169
288;25;16181
288;26;16230
288;27;16240
288;28;16244
288;29;16262
288;30;16316
288;31;16843
288;32;16894
288;33;16898
288;34;16902
288;35;16938
288;36;16960
288;37;16965
288;38;17006
288;39;17028
288;40;17032
288;41;17044
288;42;17045
288;43;17060
288;44;17080
288;45;17126
288;46;17148
288;47;17163
289;1;10610
289;2;10650
289;3;11104
289;4;11158
289;5;11585
289;6;12011
289;7;12423
289;8;12818
289;9;12929
289;10;13494
289;11;13592
289;12;13615
289;13;13669
289;14;13714
289;15;13768
289;16;13791
289;17;13813
289;18;14252
289;19;14559
289;20;14577
289;21;14715
289;22;15106
289;23;15382
289;24;15456
289;25;15611
289;26;15642
289;27;15986
289;28;15999
289;29;16031
289;30;16129
289;31;16264
289;32;16685
289;33;16689
289;34;16705
289;35;16714
289;36;16733
289;37;16755
289;38;16795
289;39;16799
289;40;16841
289;41;16850
289;42;16854
289;43;16855
289;44;16868
289;45;16871
289;46;16886
289;47;16908
289;48;16951
289;49;16963
289;50;16982
289;51;17017
289;52;17028
289;53;17040
289;54;17043
289;55;17058
289;56;17062
289;57;17080
289;58;17081
289;59;17097
289;60;17103
289;61;17135
290;1;13362
290;2;13875
290;3;13884
290;4;13890
290;5;13900
290;6;13958
290;7;14054
290;8;14084
290;9;14088
290;10;14379
290;11;14504
290;12;14544
290;13;14817
290;14;14951
290;15;14989
290;16;15057
290;17;15075
290;18;15111
290;19;15518
290;20;15624
290;21;15660
290;22;15696
290;23;15719
290;24;16071
290;25;16132
290;26;16208
290;27;16209
290;28;16229
290;29;16744
290;30;16812
290;31;16816
290;32;16826
290;33;16827
290;34;16837
290;35;16841
290;36;16857
290;37;16875
290;38;16885
290;39;16889
290;40;16894
290;41;16896
290;42;16912
290;43;16916
290;44;16935
290;45;16937
290;46;16945
290;47;16957
290;48;16961
290;49;16965
290;50;16985
290;51;17009
290;52;17021
290;53;17057
290;54;17062
290;55;17080
290;56;17089
290;57;17094
290;58;17123
290;59;17139
290;60;17146
290;61;17147
290;62;17157
290;63;17162
290;64;17172
290;65;17173
290;66;17177
290;67;17183
291;1;12823
291;2;13156
291;3;13177
291;4;13189
291;5;13323
291;6;13731
291;7;13811
291;8;13949
291;9;14265
291;10;14724
291;11;15226
291;12;15324
291;13;15679
291;14;15915
291;15;16314
291;16;16390
291;17;16396
291;18;16450
291;19;16453
291;20;16563
291;21;16573
291;22;16593
291;23;16614
291;24;16676
291;25;16690
291;26;16693
291;27;16726
291;28;16748
291;29;16749
291;30;16761
291;31;16765
291;32;16773
291;33;16809
291;34;16831
291;35;16833
291;36;16842
291;37;16874
291;38;16920
291;39;16941
291;40;16966
291;41;16981
291;42;16985
291;43;17021
291;44;17075
291;45;17107
291;46;17109
291;47;17143
291;48;17155
291;49;17177
291;50;17183
291;51;17185
291;52;17204
291;53;17228
292;1;13568
292;2;13946
292;3;14014
292;4;14113
292;5;14211
292;6;14244
292;7;14656
292;8;15063
292;9;15107
292;10;15577
292;11;15951
292;12;16005
292;13;16070
292;14;16080
292;15;16124
292;16;16170
292;17;16200
292;18;16212
292;19;16222
292;20;16228
292;21;16652
292;22;16656
292;23;16657
292;24;16666
292;25;16674
292;26;16686
292;27;16741
292;28;16750
292;29;16769
292;30;16780
292;31;16825
292;32;16833
292;33;16878
292;34;16944
292;35;16959
292;36;16997
292;37;17007
292;38;17016
292;39;17078
292;40;17082
292;41;17086
292;42;17107
292;43;17175
292;44;17190
292;45;17205
292;46;17226
293;1;13549
293;2;13809
293;3;14217
293;4;14226
293;5;14403
293;6;15027
293;7;15383
293;8;15494
293;9;15498
293;10;15511
293;11;15556
293;12;15569
293;13;15617
293;14;15618
293;15;15643
293;16;16035
293;17;16076
293;18;16097
293;19;16123
293;20;16125
293;21;16139
293;22;16163
293;23;16202
293;24;16212
293;25;16221
293;26;16256
293;27;16767
293;28;16785
293;29;16788
293;30;16810
293;31;16833
293;32;16855
293;33;16865
293;34;16892
293;35;16896
293;36;16907
293;37;16909
293;38;16915
293;39;16937
293;40;16945
293;41;16951
293;42;16952
293;43;16954
293;44;16958
293;45;16994
293;46;17004
293;47;17013
293;48;17028
293;49;17060
293;50;17064
293;51;17069
293;52;17103
293;53;17120
293;54;17147
293;55;17156
293;56;17176
294;1;12523
294;2;12959
294;3;13052
294;4;13072
294;5;13094
294;6;13135
294;7;13577
294;8;14024
294;9;14262
294;10;14413
294;11;14458
294;12;14602
294;13;14655
294;14;14839
294;15;15033
294;16;15052
294;17;15057
294;18;15061
294;19;15067
294;20;15310
294;21;15323
294;22;15336
294;23;15425
294;24;15459
294;25;15469
294;26;15472
294;27;15909
294;28;15913
294;29;15924
294;30;15968
294;31;15975
294;32;15993
294;33;15997
294;34;16030
294;35;16041
294;36;16053
294;37;16123
294;38;16170
294;39;16187
294;40;16209
294;41;16320
294;42;16321
294;43;16333
294;44;16334
294;45;16654
294;46;16733
294;47;16753
294;48;16789
294;49;16811
294;50;16820
294;51;16826
294;52;16840
294;53;16841
294;54;16938
294;55;16960
294;56;16970
294;57;16985
294;58;16989
294;59;17020
294;60;17026
294;61;17042
294;62;17043
294;63;17053
294;64;17065
294;65;17088
294;66;17117
294;67;17139
294;68;17140
294;69;17167
294;70;17176
294;71;17177
294;72;17179
294;73;17183
295;1;11205
295;2;11517
295;3;11958
295;4;12405
295;5;13022
295;6;13443
295;7;13759
295;8;13791
295;9;14183
295;10;14652
295;11;15180
295;12;15301
295;13;15584
295;14;15589
295;15;16001
295;16;16474
295;17;16494
295;18;16526
295;19;16538
295;20;16547
295;21;16580
295;22;16596
295;23;16609
295;24;16629
295;25;16636
295;26;16698
295;27;16715
295;28;16748
295;29;16777
295;30;16796
295;31;16818
295;32;16860
295;33;16872
295;34;16919
295;35;16920
295;36;16928
295;37;16938
295;38;16947
295;39;16951
295;40;16961
295;41;16970
295;42;16987
295;43;17016
295;44;17024
295;45;17037
295;46;17040
295;47;17044
295;48;17086
295;49;17089
295;50;17098
295;51;17108
295;52;17118
295;53;17122
295;54;17126
295;55;17138
295;56;17148
295;57;17154
295;58;17155
295;59;17167
295;60;17171
295;61;17177
295;62;17181
296;1;11093
296;2;11116
296;3;11213
296;4;11817
296;5;12271
296;6;12396
296;7;12441
296;8;12850
296;9;12870
296;10;13202
296;11;13540
296;12;13908
296;13;13912
296;14;13934
296;15;14390
296;16;14889
296;17;14893
296;18;15005
296;19;15059
296;20;15071
296;21;15410
296;22;15485
296;23;15579
296;24;16106
296;25;16118
296;26;16214
296;27;16658
296;28;16678
296;29;16682
296;30;16710
296;31;16725
296;32;16765
296;33;16771
296;34;16793
296;35;16812
296;36;16831
296;37;16853
296;38;16863
296;39;16923
296;40;16933
296;41;16943
296;42;16965
296;43;16977
296;44;16981
296;45;16988
296;46;16989
296;47;16998
296;48;17006
296;49;17017
296;50;17026
296;51;17031
296;52;17050
296;53;17052
296;54;17059
296;55;17074
296;56;17084
296;57;17112
296;58;17120
296;59;17129
296;60;17133
296;61;17145
296;62;17160
296;63;17166
296;64;17187
297;1;12310
297;2;12365
297;3;12499
297;4;12929
297;5;13451
297;6;13455
297;7;13857
297;8;14297
297;9;14302
297;10;14424
297;11;14554
297;12;14632
297;13;14672
297;14;14691
297;15;14749
297;16;14776
297;17;15287
297;18;15669
297;19;16072
297;20;16081
297;21;16096
297;22;16132
297;23;16206
297;24;16209
297;25;16227
297;26;16231
297;27;16679
297;28;16702
297;29;16707
297;30;16752
297;31;16777
297;32;16798
297;33;16806
297;34;16816
297;35;16834
297;36;16851
297;37;16867
297;38;16890
297;39;16917
297;40;16925
297;41;16961
297;42;16970
297;43;16971
297;44;16975
297;45;16980
297;46;16987
297;47;17006
297;48;17022
297;49;17080
297;50;17098
297;51;17114
297;52;17117
297;53;17119
297;54;17123
297;55;17127
297;56;17139
297;57;17175
297;58;17185
298;1;11732
298;2;11947
298;3;12106
298;4;12514
298;5;13025
298;6;13057
298;7;13083
298;8;13141
298;9;13555
298;10;13980
298;11;14230
298;12;14690
298;13;14801
298;14;14982
298;15;15437
298;16;15747
298;17;15787
298;18;15815
298;19;15855
298;20;15867
298;21;15914
298;22;16034
298;23;16465
298;24;16500
298;25;16571
298;26;16592
298;27;16632
298;28;16686
298;29;16689
298;30;16694
298;31;16708
298;32;16722
298;33;16726
298;34;16742
298;35;16764
298;36;16843
298;37;16865
298;38;16887
298;39;16897
298;40;16951
298;41;16972
298;42;16979
298;43;16982
298;44;17034
298;45;17042
298;46;17048
298;47;17058
298;48;17146
298;49;17184
298;50;17206
299;1;12087
299;2;12110
299;3;12684
299;4;12739
299;5;12761
299;6;13108
299;7;13127
299;8;13498
299;9;13702
299;10;13734
299;11;14308
299;12;14502
299;13;14508
299;14;14526
299;15;14609
299;16;14654
299;17;15165
299;18;15535
299;19;15945
299;20;15965
299;21;15971
299;22;16010
299;23;16041
299;24;16049
299;25;16069
299;26;16079
299;27;16106
299;28;16143
299;29;16584
299;30;16590
299;31;16593
299;32;16629
299;33;16650
299;34;16661
299;35;16683
299;36;16701
299;37;16737
299;38;16762
299;39;16787
299;40;16807
299;41;16848
299;42;16863
299;43;16879
299;44;16887
299;45;16922
299;46;16926
299;47;16966
299;48;16989
299;49;16994
299;50;17016
299;51;17089
299;52;17110
299;53;17128
299;54;17145
299;55;17161
299;56;17174
299;57;17181
300;1;10787
300;2;11298
300;3;11806
300;4;11879
300;5;12354
300;6;12394
300;7;12426
300;8;12760
300;9;13029
300;10;13102
300;11;13173
300;12;13692
300;13;14077
300;14;14253
300;15;14304
300;16;14380
300;17;14748
300;18;14749
300;19;14763
300;20;14764
300;21;14774
300;22;15234
300;23;15280
300;24;15292
300;25;15411
300;26;15418
300;27;15466
300;28;15994
300;29;16035
300;30;16070
300;31;16119
300;32;16122
300;33;16185
300;34;16224
300;35;16234
300;36;16270
300;37;16318
300;38;16340
300;39;16356
300;40;16405
300;41;16492
300;42;16559
300;43;16566
300;44;16578
300;45;16582
300;46;16589
300;47;16599
300;48;16608
300;49;17065
300;50;17076
300;51;17081
300;52;17091
300;53;17093
300;54;17138
300;55;17174
300;56;17181
301;1;13735
301;2;13757
301;3;14363
301;4;14817
301;5;14869
301;6;14968
301;7;15013
301;8;15019
301;9;15488
301;10;15834
301;11;15874
301;12;16282
301;13;16434
301;14;16722
301;15;16727
301;16;16782
301;17;16784
301;18;16808
301;19;16830
301;20;16850
301;21;16872
301;22;16879
301;23;16952
301;24;16953
301;25;16957
301;26;16978
301;27;16988
301;28;17003
301;29;17017
301;30;17029
301;31;17038
301;32;17057
301;33;17077
301;34;17087
301;35;17119
301;36;17127
301;37;17137
302;1;11070
302;2;11569
302;3;11987
302;4;12540
302;5;13033
302;6;13045
302;7;13143
302;8;13717
302;9;14207
302;10;14249
302;11;14705
302;12;14729
302;13;15147
302;14;15188
302;15;15611
302;16;15899
302;17;16320
302;18;16337
302;19;16391
302;20;16437
302;21;16478
302;22;16506
302;23;16526
302;24;16541
302;25;16573
302;26;16577
302;27;16593
302;28;16599
302;29;16618
302;30;16640
302;31;16642
302;32;16645
302;33;16655
302;34;16661
302;35;16757
302;36;16761
302;37;16812
302;38;16861
302;39;16865
302;40;16867
302;41;16907
302;42;16922
302;43;16944
302;44;16990
302;45;16994
302;46;17019
302;47;17062
302;48;17089
302;49;17099
302;50;17108
302;51;17112
302;52;17130
303;1;12080
303;2;12348
303;3;12757
303;4;12798
303;5;13308
303;6;13317
303;7;13327
303;8;13719
303;9;13752
303;10;13823
303;11;13853
303;12;13889
303;13;13970
303;14;14330
303;15;14340
303;16;14365
303;17;14930
303;18;15327
303;19;15775
303;20;15784
303;21;15807
303;22;15829
303;23;15847
303;24;15909
303;25;15936
303;26;15977
303;27;15988
303;28;16086
303;29;16185
303;30;16197
303;31;16217
303;32;16221
303;33;16253
303;34;16821
303;35;16858
303;36;16938
303;37;16957
303;38;16979
303;39;16985
303;40;16987
303;41;17021
303;42;17038
303;43;17057
303;44;17061
303;45;17067
303;46;17089
303;47;17092
303;48;17118
303;49;17128
303;50;17137
303;51;17146
303;52;17150
303;53;17151
304;1;12209
304;2;12712
304;3;12771
304;4;12925
304;5;13414
304;6;13889
304;7;14297
304;8;14665
304;9;14883
304;10;14952
304;11;15471
304;12;15477
304;13;15968
304;14;15989
304;15;16028
304;16;16498
304;17;16521
304;18;16537
304;19;16546
304;20;16570
304;21;16606
304;22;16610
304;23;16646
304;24;16672
304;25;16694
304;26;16739
304;27;16755
304;28;16788
304;29;16808
304;30;16827
304;31;16841
304;32;16847
304;33;16867
304;34;16885
304;35;16910
304;36;16976
304;37;16986
304;38;17001
304;39;17010
304;40;17011
304;41;17032
304;42;17033
304;43;17045
304;44;17062
304;45;17066
304;46;17068
304;47;17085
304;48;17095
304;49;17117
304;50;17158
304;51;17170
304;52;17171
304;53;17181
305;1;11405
305;2;11491
305;3;11892
305;4;12266
305;5;12774
305;6;13167
305;7;13728
305;8;14191
305;9;14195
305;10;14492
305;11;14519
305;12;14644
305;13;14984
305;14;14994
305;15;15002
305;16;15350
305;17;15398
305;18;15702
305;19;15756
305;20;15773
305;21;15785
305;22;15821
305;23;15874
305;24;16290
305;25;16327
305;26;16330
305;27;16443
305;28;16468
305;29;16470
305;30;16544
305;31;16550
305;32;16570
305;33;16579
305;34;16599
305;35;16603
305;36;16624
305;37;16643
305;38;16647
305;39;16656
305;40;16665
305;41;16672
305;42;16702
305;43;16741
305;44;16763
305;45;16771
305;46;16775
305;47;16778
305;48;16800
305;49;16886
305;50;16905
305;51;16916
305;52;16931
305;53;16941
305;54;16945
305;55;16946
305;56;16957
305;57;16967
305;58;17003
305;59;17025
305;60;17093
305;61;17103
305;62;17114
305;63;17128
305;64;17143
306;1;13112
306;2;13183
306;3;13243
306;4;13756
306;5;13850
306;6;14340
306;7;14662
306;8;15151
306;9;15526
306;10;16022
306;11;16045
306;12;16116
306;13;16151
306;14;16161
306;15;16180
306;16;16528
306;17;16741
306;18;16842
306;19;16864
306;20;16868
306;21;16876
306;22;16930
306;23;16962
306;24;16968
306;25;16982
306;26;16987
306;27;17049
306;28;17063
306;29;17084
306;30;17106
306;31;17115
306;32;17120
306;33;17131
306;34;17176
307;1;12167
307;2;12175
307;3;12300
307;4;12734
307;5;13105
307;6;13185
307;7;13398
307;8;13610
307;9;14070
307;10;14644
307;11;15085
307;12;15462
307;13;15854
307;14;15877
307;15;16325
307;16;16342
307;17;16351
307;18;16384
307;19;16476
307;20;16498
307;21;16585
307;22;16590
307;23;16606
307;24;16615
307;25;16627
307;26;16636
307;27;16644
307;28;16721
307;29;16744
307;30;16766
307;31;16783
307;32;16806
307;33;16829
307;34;16833
307;35;16868
307;36;16913
307;37;16998
307;38;17004
307;39;17026
307;40;17058
307;41;17067
307;42;17074
307;43;17092
307;44;17115
307;45;17118
307;46;17134
307;47;17139
307;48;17140
307;49;17159
307;50;17180
307;51;17198
307;52;17201
307;53;17212
307;54;17222
308;1;14306
308;2;14324
308;3;14346
308;4;14444
308;5;14480
308;6;14538
308;7;14546
308;8;15051
308;9;15464
308;10;15537
308;11;15977
308;12;15992
308;13;16040
308;14;16475
308;15;16567
308;16;16574
308;17;16589
308;18;16600
308;19;16664
308;20;16680
308;21;16688
308;22;16691
308;23;16759
308;24;16772
308;25;16782
308;26;16783
308;27;16790
308;28;16791
308;29;16813
308;30;16832
308;31;16876
308;32;16885
308;33;16887
308;34;16932
308;35;16935
308;36;16947
308;37;16958
308;38;16967
308;39;16982
308;40;17062
308;41;17069
308;42;17092
308;43;17120
308;44;17139
308;45;17161
309;1;14049
309;2;14508
309;3;14520
309;4;14528
309;5;14543
309;6;14877
309;7;14918
309;8;15313
309;9;15618
309;10;15651
309;11;16093
309;12;16151
309;13;16152
309;14;16174
309;15;16180
309;16;16199
309;17;16447
309;18;16451
309;19;16581
309;20;16606
309;21;16622
309;22;16630
309;23;16643
309;24;16698
309;25;16721
309;26;16735
309;27;16776
309;28;16788
309;29;16790
309;30;16800
309;31;16862
309;32;16866
309;33;16870
309;34;16886
309;35;16895
309;36;16914
309;37;16918
309;38;16921
309;39;16937
309;40;16945
309;41;16967
309;42;17003
309;43;17024
309;44;17064
309;45;17070
309;46;17084
309;47;17106
309;48;17129
309;49;17139
309;50;17147
309;51;17162
309;52;17171
309;53;17176
309;54;17179
309;55;17183
310;1;12695
310;2;12726
310;3;13166
310;4;13174
310;5;13232
310;6;13725
310;7;13732
310;8;13749
310;9;14247
310;10;14373
310;11;14394
310;12;14493
310;13;14962
310;14;15248
310;15;15297
310;16;15365
310;17;15939
310;18;16270
310;19;16400
310;20;16499
310;21;16553
310;22;16681
310;23;16790
310;24;16794
310;25;16842
310;26;16846
310;27;16882
310;28;16905
310;29;16915
310;30;16955
310;31;16956
310;32;16964
310;33;16982
310;34;17014
310;35;17018
310;36;17028
310;37;17029
310;38;17051
310;39;17052
310;40;17060
310;41;17064
310;42;17069
310;43;17091
310;44;17100
310;45;17105
310;46;17109
310;47;17119
310;48;17134
310;49;17141
310;50;17154
310;51;17170
310;52;17220
311;1;13589
311;2;13710
311;3;14089
311;4;14127
311;5;14683
311;6;15169
311;7;15575
311;8;15687
311;9;15742
311;10;16158
311;11;16181
311;12;16205
311;13;16245
311;14;16255
311;15;16265
311;16;16273
311;17;16317
311;18;16724
311;19;16729
311;20;16731
311;21;16736
311;22;16747
311;23;16748
311;24;16752
311;25;16808
311;26;16857
311;27;16872
311;28;16881
311;29;16891
311;30;16899
311;31;16901
311;32;16912
311;33;16934
311;34;16987
311;35;16988
311;36;17014
311;37;17017
311;38;17025
311;39;17075
311;40;17097
311;41;17116
311;42;17118
311;43;17139
311;44;17150
311;45;17160
311;46;17176
311;47;17177
312;1;12311
312;2;12725
312;3;13190
312;4;13199
312;5;13335
312;6;13809
312;7;13827
312;8;14316
312;9;14568
312;10;14613
312;11;14621
312;12;14771
312;13;15196
312;14;15255
312;15;15765
312;16;15775
312;17;15784
312;18;15872
312;19;15876
312;20;15956
312;21;15976
312;22;16424
312;23;16438
312;24;16446
312;25;16473
312;26;16475
312;27;16487
312;28;16523
312;29;16581
312;30;16602
312;31;16606
312;32;16705
312;33;16725
312;34;16779
312;35;16820
312;36;16842
312;37;16846
312;38;16871
312;39;16874
312;40;16901
312;41;16905
312;42;16907
312;43;16927
312;44;16961
312;45;16983
312;46;16993
312;47;17008
312;48;17012
312;49;17064
312;50;17118
312;51;17122
312;52;17138
312;53;17145
312;54;17147
312;55;17151
313;1;12703
313;2;12734
313;3;12807
313;4;13296
313;5;13340
313;6;13749
313;7;14375
313;8;14396
313;9;14645
313;10;14665
313;11;14774
313;12;15212
313;13;15342
313;14;15705
313;15;15788
313;16;15811
313;17;15834
313;18;16004
313;19;16202
313;20;16300
313;21;16617
313;22;16677
313;23;16684
313;24;16720
313;25;16759
313;26;16764
313;27;16767
313;28;16789
313;29;16804
313;30;16870
313;31;16875
313;32;16891
313;33;16901
313;34;16946
313;35;16970
313;36;16992
313;37;17014
313;38;17021
313;39;17025
313;40;17035
313;41;17073
313;42;17088
313;43;17091
313;44;17100
313;45;17111
313;46;17115
313;47;17131
313;48;17138
313;49;17142
313;50;17144
313;51;17160
313;52;17164
313;53;17174
313;54;17175
314;1;14033
314;2;14056
314;3;14689
314;4;15212
314;5;15671
314;6;15675
314;7;15923
314;8;15931
314;9;16065
314;10;16089
314;11;16157
314;12;16161
314;13;16183
314;14;16206
314;15;16255
314;16;16536
314;17;16558
314;18;16637
314;19;16659
314;20;16671
314;21;16691
314;22;16703
314;23;16745
314;24;16767
314;25;16812
314;26;16854
314;27;16858
314;28;16908
314;29;16920
314;30;16942
314;31;16960
314;32;17000
314;33;17029
314;34;17036
314;35;17051
314;36;17055
314;37;17069
314;38;17091
314;39;17114
314;40;17137
314;41;17147
314;42;17164
314;43;17166
314;44;17174
314;45;17206
315;1;12410
315;2;12541
315;3;13031
315;4;13347
315;5;13866
315;6;13975
315;7;14438
315;8;14818
315;9;14841
315;10;14908
315;11;14924
315;12;14960
315;13;15341
315;14;15390
315;15;15394
315;16;15453
315;17;15465
315;18;15715
315;19;15909
315;20;15936
315;21;16002
315;22;16012
315;23;16037
315;24;16059
315;25;16066
315;26;16107
315;27;16526
315;28;16540
315;29;16542
315;30;16572
315;31;16635
315;32;16639
315;33;16649
315;34;16661
315;35;16697
315;36;16708
315;37;16718
315;38;16726
315;39;16870
315;40;16912
315;41;16935
315;42;16942
315;43;16951
315;44;16979
315;45;16982
315;46;16992
315;47;16997
315;48;17019
315;49;17021
315;50;17028
315;51;17053
315;52;17063
315;53;17074
315;54;17078
315;55;17082
315;56;17093
315;57;17100
315;58;17104
315;59;17119
315;60;17141
315;61;17145
315;62;17160
315;63;17167
315;64;17176
315;65;17181
315;66;17182
316;1;12289
316;2;12651
316;3;12694
316;4;13165
316;5;13730
316;6;13884
316;7;13947
316;8;13963
316;9;14410
316;10;14464
316;11;14472
316;12;14492
316;13;14525
316;14;14583
316;15;15029
316;16;15539
316;17;15613
316;18;15918
316;19;15969
316;20;16037
316;21;16588
316;22;16639
316;23;16644
316;24;16685
316;25;16744
316;26;16798
316;27;16815
316;28;16837
316;29;16857
316;30;16876
316;31;16898
316;32;16943
316;33;16950
316;34;16954
316;35;16966
316;36;16976
316;37;16994
316;38;17048
316;39;17053
316;40;17065
316;41;17113
316;42;17116
316;43;17120
316;44;17124
316;45;17150
316;46;17154
316;47;17169
316;48;17174
316;49;17186
316;50;17202
316;51;17204
316;52;17220
317;1;13369
317;2;13477
317;3;13545
317;4;13643
317;5;14035
317;6;14060
317;7;14072
317;8;14355
317;9;14414
317;10;14826
317;11;14934
317;12;14979
317;13;14991
317;14;15504
317;15;15798
317;16;15830
317;17;15904
317;18;16215
317;19;16216
317;20;16393
317;21;16438
317;22;16557
317;23;16576
317;24;16598
317;25;16647
317;26;16680
317;27;16684
317;28;16706
317;29;16714
317;30;16720
317;31;16730
317;32;16788
317;33;16796
317;34;16821
317;35;16929
317;36;16933
317;37;16974
317;38;16996
317;39;17072
317;40;17084
317;41;17102
317;42;17109
317;43;17131
317;44;17144
317;45;17146
317;46;17150
317;47;17160
317;48;17183
318;1;10375
318;2;10414
318;3;10572
318;4;10658
318;5;10699
318;6;11168
318;7;11220
318;8;11837
318;9;11981
318;10;12028
318;11;12061
318;12;12140
318;13;12629
318;14;13104
318;15;13670
318;16;13729
318;17;13733
318;18;14149
318;19;14171
318;20;14243
318;21;14362
318;22;14384
318;23;14831
318;24;15260
318;25;15272
318;26;15276
318;27;15342
318;28;15719
318;29;15736
318;30;15751
318;31;15849
318;32;15851
318;33;16370
318;34;16388
318;35;16396
318;36;16401
318;37;16403
318;38;16827
318;39;16836
318;40;16839
318;41;16861
318;42;16876
318;43;16944
318;44;16975
318;45;17008
318;46;17039
318;47;17054
318;48;17076
318;49;17097
318;50;17100
318;51;17137
318;52;17159
318;53;17169
318;54;17196
318;55;17207
318;56;17217
319;1;11182
319;2;11743
319;3;12262
319;4;12358
319;5;12383
319;6;12419
319;7;12888
319;8;12939
319;9;13015
319;10;13292
319;11;13314
319;12;13359
319;13;13981
319;14;14314
319;15;14867
319;16;14887
319;17;14923
319;18;15117
319;19;15528
319;20;15539
319;21;15830
319;22;16007
319;23;16008
319;24;16023
319;25;16099
319;26;16111
319;27;16117
319;28;16178
319;29;16609
319;30;16621
319;31;16634
319;32;16677
319;33;16702
319;34;16756
319;35;16785
319;36;16792
319;37;16814
319;38;16818
319;39;16873
319;40;16889
319;41;16969
319;42;16971
319;43;17008
319;44;17022
319;45;17044
319;46;17053
319;47;17094
319;48;17103
319;49;17125
319;50;17146
319;51;17165
319;52;17183
319;53;17196
320;1;13531
320;2;13538
320;3;14026
320;4;14044
320;5;14394
320;6;14852
320;7;15476
320;8;15966
320;9;16419
320;10;16475
320;11;16489
320;12;16557
320;13;16601
320;14;16610
320;15;16668
320;16;16687
320;17;16697
320;18;16739
320;19;16815
320;20;16826
320;21;16836
320;22;16869
320;23;16943
320;24;16945
320;25;16990
320;26;17031
320;27;17042
320;28;17060
320;29;17066
320;30;17085
320;31;17089
320;32;17125
320;33;17147
320;34;17148
320;35;17155
320;36;17161
320;37;17183
321;1;13384
321;2;13714
321;3;13832
321;4;13865
321;5;13870
321;6;13892
321;7;14402
321;8;14408
321;9;14416
321;10;14547
321;11;14589
321;12;14634
321;13;15026
321;14;15062
321;15;15133
321;16;15137
321;17;15477
321;18;15889
321;19;15964
321;20;15983
321;21;15992
321;22;16012
321;23;16034
321;24;16044
321;25;16089
321;26;16134
321;27;16528
321;28;16604
321;29;16617
321;30;16634
321;31;16656
321;32;16701
321;33;16716
321;34;16726
321;35;16746
321;36;16752
321;37;16777
321;38;16840
321;39;16906
321;40;16914
321;41;16923
321;42;16935
321;43;16994
321;44;17003
321;45;17026
321;46;17042
321;47;17061
321;48;17094
321;49;17104
321;50;17121
321;51;17130
321;52;17145
321;53;17209
321;54;17213
321;55;17222
322;1;11728
322;2;11872
322;3;12101
322;4;12451
322;5;12950
322;6;12960
322;7;13341
322;8;13647
322;9;13824
322;10;13875
322;11;14281
322;12;14410
322;13;14432
322;14;14921
322;15;14992
322;16;15040
322;17;15553
322;18;15848
322;19;15858
322;20;15916
322;21;15926
322;22;15953
322;23;15967
322;24;15979
322;25;16006
322;26;16016
322;27;16090
322;28;16112
322;29;16121
322;30;16144
322;31;16169
322;32;16214
322;33;16241
322;34;16259
322;35;16280
322;36;16287
322;37;16309
322;38;16389
322;39;16889
322;40;16899
322;41;16921
322;42;16943
322;43;16947
322;44;16956
322;45;16961
322;46;16971
322;47;16979
322;48;16989
322;49;16996
322;50;17035
322;51;17037
322;52;17052
322;53;17092
322;54;17110
322;55;17119
322;56;17150
322;57;17163
322;58;17167
322;59;17176
322;60;17179
322;61;17212
322;62;17216
322;63;17220
323;1;11818
323;2;12337
323;3;12755
323;4;12842
323;5;13491
323;6;14002
323;7;14320
323;8;14347
323;9;14472
323;10;14481
323;11;14522
323;12;14588
323;13;15111
323;14;15132
323;15;15442
323;16;15931
323;17;16007
323;18;16075
323;19;16117
323;20;16161
323;21;16165
323;22;16217
323;23;16262
323;24;16508
323;25;16531
323;26;16626
323;27;16693
323;28;16696
323;29;16721
323;30;16766
323;31;16824
323;32;16856
323;33;16915
323;34;16923
323;35;16934
323;36;16952
323;37;16996
323;38;17011
323;39;17020
323;40;17022
323;41;17026
323;42;17049
323;43;17065
323;44;17101
323;45;17105
323;46;17127
323;47;17132
323;48;17134
323;49;17142
323;50;17175
323;51;17177
323;52;17181
323;53;17183
324;1;11960
324;2;12388
324;3;12722
324;4;13244
324;5;13612
324;6;14009
324;7;14248
324;8;14711
324;9;14720
324;10;15121
324;11;15162
324;12;15198
324;13;15757
324;14;15768
324;15;16333
324;16;16371
324;17;16391
324;18;16419
324;19;16464
324;20;16486
324;21;16510
324;22;16532
324;23;16549
324;24;16598
324;25;16633
324;26;16659
324;27;16678
324;28;16740
324;29;16772
324;30;16779
324;31;16800
324;32;16814
324;33;16842
324;34;16873
324;35;16893
324;36;16961
324;37;16986
324;38;17014
324;39;17038
324;40;17053
324;41;17076
324;42;17090
324;43;17112
324;44;17114
324;45;17130
324;46;17135
324;47;17145
324;48;17151
324;49;17152
325;1;11986
325;2;12079
325;3;12539
325;4;12864
325;5;12939
325;6;13295
325;7;13336
325;8;13340
325;9;13799
325;10;13865
325;11;13939
325;12;14107
325;13;14205
325;14;14854
325;15;14908
325;16;15377
325;17;15421
325;18;15429
325;19;15518
325;20;15521
325;21;15542
325;22;15662
325;23;15672
325;24;15744
325;25;15819
325;26;15940
325;27;16439
325;28;16460
325;29;16519
325;30;16522
325;31;16544
325;32;16578
325;33;16646
325;34;16653
325;35;16675
325;36;16706
325;37;16716
325;38;16725
325;39;16766
325;40;16895
325;41;16910
325;42;16914
325;43;16946
325;44;16961
325;45;17029
325;46;17075
325;47;17160
325;48;17176
325;49;17181
326;1;10295
326;2;10426
326;3;11050
326;4;11652
326;5;12035
326;6;12596
326;7;13038
326;8;13174
326;9;13196
326;10;13648
326;11;13664
326;12;13703
326;13;13735
326;14;14089
326;15;14131
326;16;14604
326;17;14606
326;18;14762
326;19;15004
326;20;15007
326;21;15014
326;22;15347
326;23;15369
326;24;15391
326;25;15435
326;26;15834
326;27;15871
326;28;16009
326;29;16102
326;30;16229
326;31;16252
326;32;16263
326;33;16275
326;34;16684
326;35;16716
326;36;16770
326;37;16801
326;38;16838
326;39;16867
326;40;16912
326;41;16937
326;42;16944
326;43;16948
326;44;16969
326;45;16978
326;46;16993
326;47;17004
326;48;17006
326;49;17029
326;50;17042
326;51;17052
326;52;17073
326;53;17082
326;54;17126
326;55;17154
326;56;17160
326;57;17172
326;58;17173
326;59;17183
326;60;17192
327;1;12438
327;2;12949
327;3;13424
327;4;13825
327;5;13844
327;6;14186
327;7;14240
327;8;14472
327;9;14926
327;10;14948
327;11;15087
327;12;15501
327;13;15546
327;14;15557
327;15;15572
327;16;15612
327;17;15629
327;18;15645
327;19;16016
327;20;16019
327;21;16027
327;22;16240
327;23;16266
327;24;16311
327;25;16315
327;26;16330
327;27;16375
327;28;16401
327;29;16434
327;30;16438
327;31;16488
327;32;16513
327;33;16517
327;34;16527
327;35;16896
327;36;16937
327;37;16952
327;38;16966
327;39;16981
327;40;16987
327;41;17002
327;42;17010
327;43;17035
327;44;17044
327;45;17046
327;46;17047
327;47;17053
327;48;17056
327;49;17074
327;50;17078
327;51;17103
327;52;17105
327;53;17128
327;54;17140
327;55;17150
327;56;17156
327;57;17157
327;58;17173
327;59;17177
328;1;12012
328;2;12027
328;3;12538
328;4;13007
328;5;13047
328;6;13160
328;7;13279
328;8;13541
328;9;13637
328;10;13730
328;11;14039
328;12;14375
328;13;14426
328;14;14475
328;15;14791
328;16;14849
328;17;15077
328;18;15185
328;19;15606
328;20;15657
328;21;15716
328;22;16188
328;23;16209
328;24;16253
328;25;16260
328;26;16338
328;27;16687
328;28;16724
328;29;16809
328;30;16832
328;31;16848
328;32;16849
328;33;16907
328;34;16919
328;35;16937
328;36;16947
328;37;16951
328;38;16959
328;39;16974
328;40;16997
328;41;17017
328;42;17019
328;43;17038
328;44;17039
328;45;17124
328;46;17139
328;47;17170
328;48;17176
328;49;17181
329;1;13358
329;2;13403
329;3;13433
329;4;13587
329;5;13796
329;6;13905
329;7;13973
329;8;14387
329;9;14952
329;10;15465
329;11;15486
329;12;15996
329;13;16096
329;14;16132
329;15;16146
329;16;16198
329;17;16210
329;18;16268
329;19;16278
329;20;16840
329;21;16885
329;22;16894
329;23;16903
329;24;16919
329;25;16960
329;26;16980
329;27;16988
329;28;17041
329;29;17077
329;30;17083
329;31;17100
329;32;17103
329;33;17125
329;34;17142
329;35;17146
330;1;12482
330;2;12538
330;3;13037
330;4;13056
330;5;13510
330;6;13889
330;7;14103
330;8;14432
330;9;14464
330;10;14503
330;11;14558
330;12;14599
330;13;14697
330;14;14720
330;15;14991
330;16;15060
330;17;15110
330;18;15588
330;19;15615
330;20;15660
330;21;15682
330;22;15730
330;23;15731
330;24;15988
330;25;15994
330;26;16048
330;27;16110
330;28;16141
330;29;16168
330;30;16178
330;31;16210
330;32;16246
330;33;16250
330;34;16273
330;35;16351
330;36;16355
330;37;16377
330;38;16389
330;39;16452
330;40;16470
330;41;16495
330;42;16883
330;43;16894
330;44;16912
330;45;16917
330;46;16926
330;47;16945
330;48;16947
330;49;16950
330;50;16965
330;51;16976
330;52;17003
330;53;17012
330;54;17022
330;55;17026
330;56;17050
330;57;17059
330;58;17088
330;59;17092
330;60;17103
330;61;17133
330;62;17144
330;63;17159
330;64;17170
330;65;17192
331;1;12494
331;2;12671
331;3;13116
331;4;13576
331;5;13696
331;6;13741
331;7;13989
331;8;14500
331;9;14908
331;10;15407
331;11;15591
331;12;15605
331;13;15614
331;14;16104
331;15;16109
331;16;16163
331;17;16175
331;18;16280
331;19;16348
331;20;16370
331;21;16388
331;22;16663
331;23;16731
331;24;16750
331;25;16775
331;26;16802
331;27;16817
331;28;16881
331;29;16915
331;30;16932
331;31;16951
331;32;16966
331;33;16976
331;34;16987
331;35;17027
331;36;17046
331;37;17054
331;38;17063
331;39;17082
331;40;17084
331;41;17094
331;42;17137
331;43;17141
331;44;17154
332;1;9555
332;2;9956
332;3;10334
332;4;10433
332;5;10887
332;6;10920
332;7;10993
332;8;11468
332;9;11826
332;10;12326
332;11;12335
332;12;12662
332;13;13191
332;14;13815
332;15;14380
332;16;14456
332;17;14478
332;18;14490
332;19;14526
332;20;14532
332;21;14931
332;22;14948
332;23;14956
332;24;15077
332;25;15521
332;26;15525
332;27;15528
332;28;15926
332;29;15930
332;30;16044
332;31;16099
332;32;16404
332;33;16625
332;34;16644
332;35;16651
332;36;16670
332;37;16672
332;38;16692
332;39;16707
332;40;16760
332;41;16792
332;42;16825
332;43;16866
332;44;16867
332;45;16882
332;46;16898
332;47;16908
332;48;16913
332;49;16921
332;50;16929
332;51;16940
332;52;16962
332;53;16971
332;54;17025
332;55;17027
332;56;17033
332;57;17065
332;58;17070
332;59;17074
332;60;17086
332;61;17108
332;62;17127
332;63;17137
333;1;13283
333;2;13305
333;3;13483
333;4;13637
333;5;13974
333;6;14539
333;7;14638
333;8;14639
333;9;14671
333;10;15073
333;11;15139
333;12;15213
333;13;15249
333;14;15295
333;15;15755
333;16;16146
333;17;16204
333;18;16302
333;19;16314
333;20;16755
333;21;16765
333;22;16809
333;23;16858
333;24;16874
333;25;16893
333;26;16905
333;27;16915
333;28;16930
333;29;16945
333;30;17002
333;31;17026
333;32;17028
333;33;17049
333;34;17061
333;35;17075
333;36;17085
333;37;17107
333;38;17152
333;39;17201
333;40;17218
333;41;17222
334;1;12642
334;2;12680
334;3;13136
334;4;13144
334;5;13206
334;6;13217
334;7;13633
334;8;13648
334;9;14213
334;10;14279
334;11;14644
334;12;15116
334;13;15508
334;14;15559
334;15;15635
334;16;16100
334;17;16140
334;18;16484
334;19;16525
334;20;16593
334;21;16662
334;22;16713
334;23;16735
334;24;16780
334;25;16786
334;26;16825
334;27;16844
334;28;16866
334;29;16880
334;30;16916
334;31;16938
334;32;16956
334;33;16998
334;34;17013
334;35;17023
334;36;17051
334;37;17055
334;38;17077
334;39;17096
334;40;17113
334;41;17122
334;42;17170
334;43;17174
334;44;17184
334;45;17206
334;46;17207
334;47;17214
334;48;17224
334;49;17228
335;1;10394
335;2;10467
335;3;10975
335;4;11488
335;5;11868
335;6;11961
335;7;12258
335;8;12593
335;9;12608
335;10;12650
335;11;13237
335;12;13273
335;13;13300
335;14;13866
335;15;13871
335;16;13893
335;17;13896
335;18;13936
335;19;14266
335;20;14443
335;21;14831
335;22;14854
335;23;15308
335;24;15755
335;25;15787
335;26;15822
335;27;16185
335;28;16325
335;29;16330
335;30;16371
335;31;16383
335;32;16403
335;33;16415
335;34;16435
335;35;16505
335;36;16751
335;37;16805
335;38;16825
335;39;16881
335;40;16913
335;41;16935
335;42;16951
335;43;17025
335;44;17035
335;45;17050
335;46;17072
335;47;17080
335;48;17090
335;49;17096
335;50;17100
335;51;17112
335;52;17119
335;53;17135
335;54;17137
336;1;10766
336;2;10801
336;3;10824
336;4;11015
336;5;11525
336;6;11748
336;7;11770
336;8;11843
336;9;11911
336;10;12132
336;11;12483
336;12;12581
336;13;13032
336;14;13124
336;15;13187
336;16;13241
336;17;13650
336;18;14096
336;19;14467
336;20;14536
336;21;14587
336;22;14707
336;23;15023
336;24;15320
336;25;15724
336;26;15725
336;27;15758
336;28;15778
336;29;15848
336;30;15857
336;31;15880
336;32;15883
336;33;16314
336;34;16372
336;35;16417
336;36;16435
336;37;16501
336;38;16504
336;39;16513
336;40;16529
336;41;16549
336;42;16624
336;43;16646
336;44;16700
336;45;16702
336;46;16724
336;47;16753
336;48;16759
336;49;16771
336;50;16793
336;51;16802
336;52;16835
336;53;16850
336;54;16853
336;55;16857
336;56;16879
336;57;16911
336;58;16944
336;59;16966
336;60;16967
336;61;16968
336;62;16990
336;63;17001
336;64;17009
336;65;17045
336;66;17060
336;67;17096
336;68;17104
336;69;17114
336;70;17133
336;71;17135
336;72;17159
336;73;17168
336;74;17190
336;75;17206
337;1;13750
337;2;13786
337;3;14261
337;4;14280
337;5;14761
337;6;15170
337;7;15326
337;8;15406
337;9;15435
337;10;15834
337;11;15947
337;12;15990
337;13;15996
337;14;16006
337;15;16264
337;16;16416
337;17;16452
337;18;16520
337;19;16545
337;20;16563
337;21;16621
337;22;16624
337;23;16698
337;24;16739
337;25;16757
337;26;16767
337;27;16821
337;28;16827
337;29;16836
337;30;16844
337;31;16887
337;32;16905
337;33;16912
337;34;16934
337;35;16951
337;36;16955
337;37;17001
337;38;17023
337;39;17026
337;40;17048
337;41;17063
337;42;17117
337;43;17142
337;44;17152
337;45;17174
337;46;17176
338;1;10555
338;2;10996
338;3;11602
338;4;11743
338;5;12253
338;6;12480
338;7;12680
338;8;12760
338;9;12777
338;10;12828
338;11;13434
338;12;13443
338;13;13931
338;14;14061
338;15;14489
338;16;14511
338;17;14869
338;18;14898
338;19;14974
338;20;15493
338;21;15996
338;22;16054
338;23;16112
338;24;16194
338;25;16202
338;26;16225
338;27;16706
338;28;16728
338;29;16798
338;30;16802
338;31;16811
338;32;16826
338;33;16837
338;34;16845
338;35;16851
338;36;16913
338;37;16923
338;38;16942
338;39;17000
338;40;17022
338;41;17031
338;42;17037
338;43;17085
338;44;17099
338;45;17118
338;46;17127
338;47;17181
338;48;17188
338;49;17192
339;1;12787
339;2;12797
339;3;12839
339;4;12910
339;5;13054
339;6;13128
339;7;13560
339;8;13618
339;9;13727
339;10;14293
339;11;14369
339;12;14685
339;13;14730
339;14;14931
339;15;14948
339;16;14952
339;17;15010
339;18;15117
339;19;15471
339;20;15528
339;21;15573
339;22;16038
339;23;16053
339;24;16078
339;25;16101
339;26;16115
339;27;16119
339;28;16173
339;29;16625
339;30;16636
339;31;16652
339;32;16703
339;33;16731
339;34;16742
339;35;16764
339;36;16800
339;37;16810
339;38;16837
339;39;16847
339;40;16879
339;41;16899
339;42;16910
339;43;16913
339;44;16934
339;45;16943
339;46;16980
339;47;16984
339;48;17007
339;49;17017
339;50;17053
339;51;17073
339;52;17077
339;53;17097
339;54;17115
339;55;17137
339;56;17159
339;57;17161
339;58;17171
339;59;17181
339;60;17182
339;61;17188
339;62;17192
340;1;12269
340;2;12629
340;3;13092
340;4;13114
340;5;13675
340;6;13681
340;7;13977
340;8;14437
340;9;14948
340;10;15384
340;11;15425
340;12;15539
340;13;15572
340;14;15986
340;15;16026
340;16;16095
340;17;16098
340;18;16172
340;19;16176
340;20;16194
340;21;16210
340;22;16214
340;23;16235
340;24;16259
340;25;16281
340;26;16290
340;27;16291
340;28;16301
340;29;16319
340;30;16320
340;31;16321
340;32;16325
340;33;16337
340;34;16386
340;35;16397
340;36;16411
340;37;16471
340;38;16483
340;39;16501
340;40;16523
340;41;16527
340;42;16549
340;43;16571
340;44;16583
340;45;16608
340;46;16613
340;47;16617
340;48;17021
340;49;17089
340;50;17125
340;51;17134
340;52;17149
340;53;17165
340;54;17183
341;1;10396
341;2;10970
341;3;11252
341;4;11634
341;5;12121
341;6;12213
341;7;12311
341;8;12317
341;9;12416
341;10;12657
341;11;12669
341;12;12890
341;13;12926
341;14;13061
341;15;13116
341;16;13469
341;17;13587
341;18;13851
341;19;13880
341;20;14322
341;21;14344
341;22;14771
341;23;15128
341;24;15286
341;25;15296
341;26;15719
341;27;15799
341;28;15860
341;29;15883
341;30;16288
341;31;16351
341;32;16397
341;33;16506
341;34;16586
341;35;16613
341;36;16685
341;37;16700
341;38;16711
341;39;16738
341;40;16760
341;41;16780
341;42;16799
341;43;16803
341;44;16854
341;45;16856
341;46;16878
341;47;16887
341;48;16931
341;49;16974
341;50;16978
341;51;16999
341;52;17018
341;53;17020
341;54;17035
341;55;17056
341;56;17071
341;57;17083
341;58;17103
341;59;17104
341;60;17122
341;61;17127
341;62;17140
341;63;17146
341;64;17150
341;65;17157
341;66;17228
342;1;12193
342;2;12627
342;3;12969
342;4;13002
342;5;13374
342;6;13419
342;7;13887
342;8;14282
342;9;14724
342;10;14901
342;11;14923
342;12;15442
342;13;15474
342;14;15843
342;15;15862
342;16;15866
342;17;15945
342;18;15999
342;19;16053
342;20;16637
342;21;16795
342;22;16807
342;23;16810
342;24;16829
342;25;16843
342;26;16869
342;27;16929
342;28;16944
342;29;16952
342;30;16953
342;31;16957
342;32;16959
342;33;17024
342;34;17040
342;35;17050
342;36;17072
342;37;17078
342;38;17087
342;39;17096
342;40;17103
342;41;17109
342;42;17121
342;43;17125
342;44;17129
342;45;17133
342;46;17148
342;47;17160
342;48;17182
342;49;17186
342;50;17196
342;51;17200
342;52;17215
343;1;13887
343;2;14324
343;3;14606
343;4;14633
343;5;15036
343;6;15144
343;7;15165
343;8;15201
343;9;15237
343;10;15286
343;11;15331
343;12;15333
343;13;15564
343;14;15638
343;15;15729
343;16;15843
343;17;15865
343;18;15896
343;19;15991
343;20;16550
343;21;16556
343;22;16574
343;23;16678
343;24;16685
343;25;16709
343;26;16731
343;27;16735
343;28;16741
343;29;16749
343;30;16861
343;31;16867
343;32;16876
343;33;16887
343;34;16906
343;35;16914
343;36;16936
343;37;16949
343;38;16971
343;39;16980
343;40;16983
343;41;17024
343;42;17040
343;43;17083
343;44;17124
343;45;17143
343;46;17160
343;47;17181
343;48;17188
343;49;17192
344;1;11769
344;2;11927
344;3;12493
344;4;12774
344;5;13246
344;6;13561
344;7;13564
344;8;14023
344;9;14432
344;10;14487
344;11;14941
344;12;14952
344;13;15031
344;14;15508
344;15;15531
344;16;15661
344;17;15759
344;18;16130
344;19;16140
344;20;16185
344;21;16191
344;22;16195
344;23;16215
344;24;16237
344;25;16241
344;26;16256
344;27;16295
344;28;16299
344;29;16672
344;30;16703
344;31;16744
344;32;16755
344;33;16763
344;34;16811
344;35;16847
344;36;16901
344;37;16907
344;38;16931
344;39;16975
344;40;16990
344;41;17010
344;42;17033
344;43;17053
344;44;17055
344;45;17073
344;46;17081
344;47;17082
344;48;17115
344;49;17120
344;50;17142
344;51;17144
344;52;17148
344;53;17154
344;54;17160
344;55;17181
345;1;14355
345;2;14764
345;3;15070
345;4;15136
345;5;15204
345;6;15540
345;7;15551
345;8;15719
345;9;15741
345;10;15744
345;11;15852
345;12;15937
345;13;16007
345;14;16090
345;15;16109
345;16;16113
345;17;16128
345;18;16459
345;19;16495
345;20;16556
345;21;16560
345;22;16582
345;23;16693
345;24;16741
345;25;16755
345;26;16763
345;27;16765
345;28;16792
345;29;16804
345;30;16825
345;31;16847
345;32;16849
345;33;16882
345;34;16901
345;35;16916
345;36;16918
345;37;16921
345;38;16925
345;39;16934
345;40;16944
345;41;16960
345;42;16978
345;43;16998
345;44;17003
345;45;17048
345;46;17064
345;47;17126
345;48;17128
346;1;12714
346;2;13082
346;3;13367
346;4;13794
346;5;13902
346;6;14526
346;7;14966
346;8;14988
346;9;15081
346;10;15591
346;11;15818
346;12;15827
346;13;15867
346;14;15871
346;15;15933
346;16;15948
346;17;16369
346;18;16397
346;19;16441
346;20;16507
346;21;16548
346;22;16554
346;23;16590
346;24;16592
346;25;16619
346;26;16624
346;27;16634
346;28;16688
346;29;16697
346;30;16705
346;31;16730
346;32;16752
346;33;16803
346;34;16835
346;35;16844
346;36;16866
346;37;16909
346;38;16929
346;39;16939
346;40;17022
346;41;17024
346;42;17028
346;43;17053
346;44;17065
346;45;17074
346;46;17078
346;47;17097
346;48;17106
346;49;17117
346;50;17127
346;51;17185
346;52;17198
346;53;17206
346;54;17212
346;55;17222
347;1;12076
347;2;12498
347;3;12594
347;4;12998
347;5;13044
347;6;13534
347;7;13549
347;8;13993
347;9;14045
347;10;14325
347;11;14348
347;12;14353
347;13;14679
347;14;14730
347;15;14889
347;16;15007
347;17;15385
347;18;15425
347;19;15741
347;20;15752
347;21;16249
347;22;16324
347;23;16359
347;24;16410
347;25;16420
347;26;16459
347;27;16505
347;28;16508
347;29;16571
347;30;16604
347;31;16627
347;32;16649
347;33;16661
347;34;16758
347;35;16767
347;36;16803
347;37;16828
347;38;16850
347;39;16855
347;40;16875
347;41;16893
347;42;16916
347;43;16936
347;44;17005
347;45;17018
347;46;17040
347;47;17055
347;48;17106
347;49;17116
347;50;17120
347;51;17139
347;52;17161
348;1;12825
348;2;12917
348;3;12976
348;4;13292
348;5;13803
348;6;14263
348;7;14335
348;8;14727
348;9;14750
348;10;14794
348;11;14797
348;12;15207
348;13;15689
348;14;15693
348;15;15732
348;16;15820
348;17;15875
348;18;15945
348;19;15964
348;20;16021
348;21;16080
348;22;16088
348;23;16094
348;24;16114
348;25;16147
348;26;16148
348;27;16537
348;28;16581
348;29;16639
348;30;16687
348;31;16732
348;32;16749
348;33;16790
348;34;16795
348;35;16817
348;36;16821
348;37;16831
348;38;16863
348;39;16883
348;40;16885
348;41;16900
348;42;16904
348;43;16927
348;44;16960
348;45;16976
348;46;16999
348;47;17074
348;48;17081
348;49;17083
348;50;17087
348;51;17103
348;52;17108
349;1;11005
349;2;11417
349;3;11480
349;4;11909
349;5;12216
349;6;12630
349;7;12930
349;8;12985
349;9;13342
349;10;13364
349;11;13385
349;12;13406
349;13;13464
349;14;13514
349;15;13639
349;16;14230
349;17;14266
349;18;14374
349;19;14428
349;20;14698
349;21;14890
349;22;14999
349;23;15605
349;24;15987
349;25;15996
349;26;16050
349;27;16234
349;28;16302
349;29;16350
349;30;16725
349;31;16747
349;32;16799
349;33;16848
349;34;16852
349;35;16874
349;36;16879
349;37;16899
349;38;16903
349;39;16908
349;40;16916
349;41;16927
349;42;16942
349;43;16959
349;44;16977
349;45;16987
349;46;17004
349;47;17005
349;48;17024
349;49;17041
349;50;17064
349;51;17078
349;52;17081
349;53;17082
349;54;17084
349;55;17125
349;56;17138
349;57;17142
349;58;17151
349;59;17182
349;60;17186
350;1;12006
350;2;12400
350;3;12417
350;4;12802
350;5;13179
350;6;13338
350;7;13360
350;8;13849
350;9;13882
350;10;13885
350;11;14339
350;12;14872
350;13;14971
350;14;15019
350;15;15079
350;16;15418
350;17;15446
350;18;15466
350;19;15502
350;20;15511
350;21;15522
350;22;15896
350;23;15960
350;24;16588
350;25;16651
350;26;16659
350;27;16695
350;28;16714
350;29;16715
350;30;16725
350;31;16766
350;32;16770
350;33;16794
350;34;16806
350;35;16810
350;36;16820
350;37;16821
350;38;16831
350;39;16846
350;40;16860
350;41;16877
350;42;16881
350;43;16927
350;44;16943
350;45;16947
350;46;16952
350;47;16962
350;48;16969
350;49;16973
350;50;16975
350;51;17002
350;52;17025
350;53;17033
350;54;17041
350;55;17049
350;56;17058
350;57;17065
350;58;17099
350;59;17121
350;60;17136
350;61;17146
350;62;17150
350;63;17162
350;64;17181
350;65;17228
351;1;13075
351;2;13588
351;3;13621
351;4;14029
351;5;14033
351;6;14071
351;7;14367
351;8;14401
351;9;14863
351;10;15249
351;11;15267
351;12;15287
351;13;15305
351;14;15341
351;15;15774
351;16;15801
351;17;15819
351;18;15882
351;19;15886
351;20;15954
351;21;16028
351;22;16048
351;23;16093
351;24;16562
351;25;16566
351;26;16587
351;27;16597
351;28;16600
351;29;16622
351;30;16682
351;31;16707
351;32;16747
351;33;16766
351;34;16775
351;35;16789
351;36;16830
351;37;16839
351;38;16884
351;39;16946
351;40;16958
351;41;17012
351;42;17034
351;43;17038
351;44;17041
351;45;17082
351;46;17097
351;47;17119
351;48;17129
351;49;17146
351;50;17150
351;51;17163
352;1;11780
352;2;12165
352;3;12290
352;4;12315
352;5;12319
352;6;12808
352;7;13211
352;8;13730
352;9;13742
352;10;14364
352;11;14765
352;12;14950
352;13;15148
352;14;15540
352;15;15552
352;16;15832
352;17;15884
352;18;15970
352;19;16044
352;20;16048
352;21;16059
352;22;16061
352;23;16172
352;24;16205
352;25;16698
352;26;16734
352;27;16744
352;28;16757
352;29;16766
352;30;16770
352;31;16838
352;32;16893
352;33;16941
352;34;16995
352;35;16998
352;36;17003
352;37;17008
352;38;17034
352;39;17074
352;40;17084
352;41;17088
352;42;17109
352;43;17111
352;44;17142
352;45;17161
352;46;17183
353;1;12242
353;2;12580
353;3;12634
353;4;13094
353;5;13103
353;6;13201
353;7;13641
353;8;14077
353;9;14147
353;10;14613
353;11;14801
353;12;14842
353;13;14940
353;14;15061
353;15;15124
353;16;15595
353;17;15682
353;18;15727
353;19;15749
353;20;16200
353;21;16204
353;22;16214
353;23;16632
353;24;16643
353;25;16790
353;26;16861
353;27;16865
353;28;16883
353;29;16902
353;30;16927
353;31;16946
353;32;17004
353;33;17008
353;34;17018
353;35;17050
353;36;17083
353;37;17102
353;38;17127
353;39;17149
354;1;13023
354;2;13457
354;3;13590
354;4;14151
354;5;14227
354;6;14268
354;7;14696
354;8;14764
354;9;14768
354;10;14786
354;11;14806
354;12;14808
354;13;14862
354;14;15230
354;15;15648
354;16;15658
354;17;15734
354;18;15738
354;19;15741
354;20;15761
354;21;15766
354;22;16187
354;23;16202
354;24;16303
354;25;16314
354;26;16372
354;27;16394
354;28;16403
354;29;16918
354;30;16921
354;31;16937
354;32;16956
354;33;16965
354;34;16986
354;35;16996
354;36;17050
354;37;17060
354;38;17150
354;39;17172
354;40;17176
354;41;17179
354;42;17183
355;1;11841
355;2;12248
355;3;12357
355;4;12751
355;5;13236
355;6;13281
355;7;13926
355;8;14242
355;9;14246
355;10;14408
355;11;14430
355;12;14850
355;13;15360
355;14;15411
355;15;15609
355;16;15649
355;17;15717
355;18;15718
355;19;15963
355;20;15972
355;21;16142
355;22;16182
355;23;16187
355;24;16229
355;25;16241
355;26;16276
355;27;16311
355;28;16355
355;29;16369
355;30;16385
355;31;16789
355;32;16795
355;33;16806
355;34;16810
355;35;16818
355;36;16833
355;37;16855
355;38;16896
355;39;16911
355;40;16920
355;41;16927
355;42;16937
355;43;16972
355;44;17031
355;45;17044
355;46;17066
355;47;17072
355;48;17088
355;49;17090
355;50;17100
355;51;17113
355;52;17122
355;53;17126
355;54;17127
355;55;17141
355;56;17163
356;1;11368
356;2;11466
356;3;11621
356;4;11696
356;5;11737
356;6;12279
356;7;12301
356;8;12761
356;9;12794
356;10;12811
356;11;13252
356;12;13634
356;13;13640
356;14;14000
356;15;14015
356;16;14027
356;17;14441
356;18;14932
356;19;15430
356;20;15502
356;21;15524
356;22;15734
356;23;15759
356;24;15851
356;25;16227
356;26;16251
356;27;16261
356;28;16267
356;29;16809
356;30;16842
356;31;16857
356;32;16911
356;33;17009
356;34;17013
356;35;17022
356;36;17041
356;37;17063
356;38;17068
356;39;17070
356;40;17074
356;41;17076
356;42;17081
356;43;17087
356;44;17097
356;45;17104
356;46;17114
356;47;17140
356;48;17146
356;49;17155
356;50;17162
356;51;17171
356;52;17172
357;1;12589
357;2;12665
357;3;13083
357;4;13086
357;5;13126
357;6;13240
357;7;13286
357;8;13552
357;9;13771
357;10;13954
357;11;13963
357;12;13985
357;13;14008
357;14;14119
357;15;14196
357;16;14535
357;17;15113
357;18;15703
357;19;15949
357;20;16358
357;21;16381
357;22;16385
357;23;16395
357;24;16406
357;25;16410
357;26;16425
357;27;16483
357;28;16499
357;29;16518
357;30;16524
357;31;16658
357;32;16698
357;33;16724
357;34;16782
357;35;16800
357;36;16816
357;37;16842
357;38;16867
357;39;16873
357;40;16904
357;41;16914
357;42;17065
357;43;17069
357;44;17070
357;45;17071
357;46;17096
357;47;17109
357;48;17119
357;49;17125
357;50;17128
357;51;17139
357;52;17141
357;53;17147
357;54;17157
357;55;17171
357;56;17172
357;57;17174
357;58;17196
357;59;17206
358;1;12606
358;2;13131
358;3;13565
358;4;13916
358;5;13920
358;6;13943
358;7;14360
358;8;14769
358;9;14777
358;10;15047
358;11;15091
358;12;15153
358;13;15613
358;14;15654
358;15;15698
358;16;15723
358;17;15735
358;18;16237
358;19;16245
358;20;16249
358;21;16550
358;22;16628
358;23;16647
358;24;16660
358;25;16777
358;26;16813
358;27;16820
358;28;16929
358;29;16933
358;30;16943
358;31;17018
358;32;17035
358;33;17076
358;34;17086
358;35;17094
358;36;17103
358;37;17125
358;38;17131
358;39;17135
358;40;17137
358;41;17139
358;42;17141
358;43;17145
358;44;17153
358;45;17157
358;46;17159
358;47;17178
358;48;17179
358;49;17183
358;50;17185
358;51;17198
359;1;10983
359;2;11193
359;3;11520
359;4;11989
359;5;12324
359;6;12837
359;7;13104
359;8;13179
359;9;13309
359;10;13672
359;11;13707
359;12;13743
359;13;13775
359;14;14274
359;15;14316
359;16;14377
359;17;14486
359;18;14802
359;19;14865
359;20;14887
359;21;15362
359;22;15448
359;23;15522
359;24;15545
359;25;15580
359;26;15590
359;27;15594
359;28;15623
359;29;15700
359;30;15725
359;31;15740
359;32;15749
359;33;16219
359;34;16644
359;35;16666
359;36;16677
359;37;16685
359;38;16695
359;39;16727
359;40;16789
359;41;16871
359;42;16888
359;43;16947
359;44;16957
359;45;16982
359;46;16986
359;47;16989
359;48;16997
359;49;17009
359;50;17032
359;51;17036
359;52;17037
359;53;17059
359;54;17077
359;55;17095
359;56;17099
360;1;11318
360;2;11411
360;3;11887
360;4;12387
360;5;12404
360;6;12805
360;7;12827
360;8;13001
360;9;13419
360;10;13773
360;11;13889
360;12;13955
360;13;13986
360;14;14084
360;15;14204
360;16;14675
360;17;14679
360;18;14758
360;19;14778
360;20;14885
360;21;14993
360;22;15016
360;23;15466
360;24;15488
360;25;15501
360;26;15540
360;27;15550
360;28;15567
360;29;15588
360;30;15663
360;31;15729
360;32;15739
360;33;15795
360;34;15805
360;35;16196
360;36;16204
360;37;16225
360;38;16261
360;39;16306
360;40;16335
360;41;16417
360;42;16439
360;43;16470
360;44;16490
360;45;16552
360;46;16959
360;47;16986
360;48;16988
360;49;17002
360;50;17004
360;51;17036
360;52;17051
360;53;17070
360;54;17113
360;55;17120
360;56;17124
360;57;17139
360;58;17171
361;1;12554
361;2;13068
361;3;13510
361;4;13687
361;5;14090
361;6;14526
361;7;14902
361;8;14935
361;9;15339
361;10;15372
361;11;15780
361;12;15807
361;13;15899
361;14;15935
361;15;15937
361;16;15946
361;17;16000
361;18;16066
361;19;16572
361;20;16576
361;21;16606
361;22;16629
361;23;16682
361;24;16722
361;25;16765
361;26;16838
361;27;16848
361;28;16855
361;29;16860
361;30;16882
361;31;16892
361;32;16901
361;33;16915
361;34;16926
361;35;16966
361;36;16978
361;37;16983
361;38;17000
361;39;17008
361;40;17010
361;41;17036
361;42;17047
361;43;17055
361;44;17067
361;45;17087
361;46;17102
361;47;17106
361;48;17108
361;49;17109
361;50;17115
361;51;17122
361;52;17130
361;53;17147
361;54;17151
361;55;17161
361;56;17177
361;57;17182
361;58;17192
362;1;13025
362;2;13402
362;3;13912
362;4;14288
362;5;14350
362;6;14386
362;7;14434
362;8;14507
362;9;14540
362;10;14562
362;11;15006
362;12;15012
362;13;15274
362;14;15706
362;15;15707
362;16;15756
362;17;15810
362;18;15814
362;19;15829
362;20;15833
362;21;15917
362;22;15942
362;23;15986
362;24;16031
362;25;16049
362;26;16050
362;27;16277
362;28;16353
362;29;16407
362;30;16429
362;31;16462
362;32;16470
362;33;16515
362;34;16518
362;35;16528
362;36;16579
362;37;16587
362;38;16623
362;39;16635
362;40;16769
362;41;16791
362;42;16798
362;43;16810
362;44;16818
362;45;16822
362;46;16826
362;47;16846
362;48;16868
362;49;16938
362;50;16949
362;51;16968
362;52;17004
362;53;17007
362;54;17017
362;55;17026
362;56;17071
362;57;17094
362;58;17140
362;59;17145
362;60;17154
362;61;17158
362;62;17166
362;63;17172
362;64;17188
362;65;17204
362;66;17206
362;67;17222
363;1;13133
363;2;13481
363;3;13547
363;4;14057
363;5;14075
363;6;14324
363;7;14377
363;8;14470
363;9;14532
363;10;14586
363;11;14603
363;12;15071
363;13;15515
363;14;15942
363;15;15956
363;16;15960
363;17;15969
363;18;16000
363;19;16013
363;20;16018
363;21;16021
363;22;16043
363;23;16068
363;24;16072
363;25;16086
363;26;16108
363;27;16168
363;28;16227
363;29;16263
363;30;16299
363;31;16331
363;32;16364
363;33;16374
363;34;16378
363;35;16400
363;36;16767
363;37;16779
363;38;16797
363;39;16798
363;40;16853
363;41;16890
363;42;16901
363;43;16923
363;44;16933
363;45;16988
363;46;16996
363;47;17000
363;48;17003
363;49;17007
363;50;17022
363;51;17025
363;52;17080
363;53;17092
363;54;17124
363;55;17139
363;56;17164
363;57;17174
363;58;17191
363;59;17195
363;60;17217
364;1;12288
364;2;12297
364;3;12307
364;4;12872
364;5;12889
364;6;13483
364;7;13681
364;8;13684
364;9;14203
364;10;14445
364;11;14522
364;12;15117
364;13;15527
364;14;15572
364;15;15632
364;16;15833
364;17;15914
364;18;16089
364;19;16119
364;20;16143
364;21;16526
364;22;16548
364;23;16593
364;24;16664
364;25;16722
364;26;16724
364;27;16783
364;28;16842
364;29;16861
364;30;16889
364;31;16926
364;32;16939
364;33;16945
364;34;16967
364;35;16974
364;36;16983
364;37;17002
364;38;17014
364;39;17035
364;40;17058
364;41;17068
364;42;17072
364;43;17081
364;44;17088
364;45;17093
364;46;17103
364;47;17113
364;48;17114
364;49;17120
364;50;17129
364;51;17158
364;52;17170
364;53;17174
364;54;17176
364;55;17181
365;1;11173
365;2;11581
365;3;12035
365;4;12149
365;5;12258
365;6;12747
365;7;13077
365;8;13098
365;9;13557
365;10;13561
365;11;13975
365;12;14054
365;13;14226
365;14;14301
365;15;14761
365;16;15176
365;17;15221
365;18;15667
365;19;15735
365;20;16234
365;21;16332
365;22;16672
365;23;16694
365;24;16700
365;25;16714
365;26;16715
365;27;16750
365;28;16779
365;29;16829
365;30;16855
365;31;16865
365;32;16867
365;33;16890
365;34;16909
365;35;16916
365;36;16927
365;37;16949
365;38;16996
365;39;17017
365;40;17024
365;41;17082
365;42;17092
365;43;17137
365;44;17159
365;45;17164
365;46;17174
365;47;17182
365;48;17186
366;1;12606
366;2;12980
366;3;13499
366;4;13815
366;5;13898
366;6;14397
366;7;14442
366;8;14476
366;9;14508
366;10;14913
366;11;14957
366;12;15007
366;13;15029
366;14;15050
366;15;15406
366;16;15412
366;17;15448
366;18;15924
366;19;15942
366;20;15992
366;21;16017
366;22;16152
366;23;16182
366;24;16236
366;25;16294
366;26;16330
366;27;16347
366;28;16357
366;29;16370
366;30;16425
366;31;16458
366;32;16502
366;33;16506
366;34;16529
366;35;16562
366;36;16966
366;37;16974
366;38;16983
366;39;17005
366;40;17022
366;41;17038
366;42;17053
366;43;17054
366;44;17095
366;45;17117
366;46;17127
366;47;17129
366;48;17145
366;49;17153
366;50;17159
366;51;17169
366;52;17193
366;53;17196
366;54;17202
366;55;17218
366;56;17222
367;1;10688
367;2;10802
367;3;10862
367;4;11464
367;5;11535
367;6;11545
367;7;11627
367;8;12005
367;9;12495
367;10;12620
367;11;13119
367;12;13215
367;13;13561
367;14;14099
367;15;14143
367;16;14158
367;17;14341
367;18;14364
367;19;14883
367;20;14913
367;21;14971
367;22;15042
367;23;15082
367;24;15104
367;25;15505
367;26;15661
367;27;15670
367;28;15769
367;29;15773
367;30;15786
367;31;15898
367;32;15966
367;33;15985
367;34;15987
367;35;16055
367;36;16077
367;37;16110
367;38;16115
367;39;16136
367;40;16154
367;41;16190
367;42;16194
367;43;16209
367;44;16218
367;45;16226
367;46;16248
367;47;16252
367;48;16253
367;49;16691
367;50;16700
367;51;16702
367;52;16710
367;53;16712
367;54;16770
367;55;16792
367;56;16868
367;57;16899
367;58;16914
367;59;16934
367;60;16938
367;61;16975
367;62;16977
367;63;17001
367;64;17032
367;65;17038
367;66;17064
367;67;17085
367;68;17106
367;69;17112
367;70;17137
367;71;17159
367;72;17180
367;73;17193
367;74;17206
367;75;17228
368;1;11605
368;2;11962
368;3;12055
368;4;12109
368;5;12340
368;6;12708
368;7;13032
368;8;13230
368;9;13414
368;10;13887
368;11;14182
368;12;14607
368;13;14654
368;14;15000
368;15;15336
368;16;15376
368;17;15423
368;18;15431
368;19;15507
368;20;15525
368;21;16015
368;22;16051
368;23;16096
368;24;16105
368;25;16372
368;26;16421
368;27;16476
368;28;16495
368;29;16531
368;30;16556
368;31;16655
368;32;16711
368;33;16733
368;34;16752
368;35;16761
368;36;16776
368;37;16780
368;38;16800
368;39;16868
368;40;16875
368;41;16911
368;42;16922
368;43;16924
368;44;16934
368;45;16942
368;46;16953
368;47;16994
368;48;17014
368;49;17023
368;50;17032
368;51;17038
368;52;17057
368;53;17079
368;54;17095
368;55;17103
368;56;17108
368;57;17123
368;58;17130
368;59;17162
368;60;17181
369;1;11409
369;2;11833
369;3;12168
369;4;12512
369;5;12939
369;6;13354
369;7;13413
369;8;13924
369;9;14172
369;10;14200
369;11;14254
369;12;14277
369;13;14313
369;14;14364
369;15;14839
369;16;15215
369;17;15277
369;18;15297
369;19;15405
369;20;15478
369;21;15482
369;22;15965
369;23;15969
369;24;16027
369;25;16081
369;26;16577
369;27;16679
369;28;16784
369;29;16792
369;30;16814
369;31;16875
369;32;16883
369;33;16896
369;34;16919
369;35;16929
369;36;16932
369;37;16986
369;38;17005
369;39;17038
369;40;17040
369;41;17083
369;42;17091
369;43;17101
369;44;17111
369;45;17112
369;46;17121
369;47;17122
369;48;17144
369;49;17148
369;50;17149
369;51;17159
369;52;17171
369;53;17175
369;54;17181
370;1;11700
370;2;11798
370;3;11804
370;4;12294
370;5;12609
370;6;12630
370;7;13004
370;8;13431
370;9;13481
370;10;13988
370;11;13997
370;12;14550
370;13;14590
370;14;14612
370;15;14980
370;16;15204
370;17;15237
370;18;15405
370;19;15543
370;20;15597
370;21;15841
370;22;15949
370;23;16016
370;24;16084
370;25;16088
370;26;16110
370;27;16559
370;28;16577
370;29;16603
370;30;16641
370;31;16661
370;32;16727
370;33;16735
370;34;16757
370;35;16790
370;36;16823
370;37;16832
370;38;16842
370;39;16913
370;40;16934
370;41;16947
370;42;16951
370;43;16959
370;44;16968
370;45;16978
370;46;17005
370;47;17014
370;48;17057
370;49;17061
370;50;17065
370;51;17066
370;52;17081
370;53;17092
370;54;17103
371;1;13421
371;2;13872
371;3;13894
371;4;14267
371;5;14325
371;6;14860
371;7;14872
371;8;14896
371;9;14922
371;10;15229
371;11;15338
371;12;15342
371;13;15359
371;14;15376
371;15;15450
371;16;15512
371;17;15518
371;18;15544
371;19;15548
371;20;15564
371;21;15568
371;22;15592
371;23;15610
371;24;15651
371;25;15657
371;26;15678
371;27;15720
371;28;15733
371;29;15735
371;30;15773
371;31;15823
371;32;15841
371;33;15849
371;34;15890
371;35;15894
371;36;15919
371;37;16317
371;38;16319
371;39;16322
371;40;16349
371;41;16353
371;42;16362
371;43;16407
371;44;16423
371;45;16433
371;46;16442
371;47;16464
371;48;16469
371;49;16473
371;50;16518
371;51;16533
371;52;17092
371;53;17096
371;54;17099
371;55;17101
371;56;17103
371;57;17118
371;58;17146
371;59;17154
371;60;17166
371;61;17170
371;62;17182
371;63;17193
371;64;17202
371;65;17215
372;1;14164
372;2;14233
372;3;14531
372;4;15044
372;5;15106
372;6;15474
372;7;15519
372;8;15524
372;9;15527
372;10;15626
372;11;16054
372;12;16113
372;13;16119
372;14;16127
372;15;16142
372;16;16150
372;17;16172
372;18;16191
372;19;16265
372;20;16277
372;21;16353
372;22;16686
372;23;16688
372;24;16723
372;25;16741
372;26;16763
372;27;16782
372;28;16784
372;29;16852
372;30;16878
372;31;16888
372;32;16938
372;33;16942
372;34;16987
372;35;17008
372;36;17018
372;37;17028
372;38;17044
372;39;17054
372;40;17060
372;41;17097
372;42;17100
372;43;17145
372;44;17160
372;45;17170
373;1;13668
373;2;13716
373;3;13985
373;4;14082
373;5;14372
373;6;14826
373;7;15047
373;8;15051
373;9;15182
373;10;15185
373;11;15253
373;12;15335
373;13;15620
373;14;15674
373;15;16147
373;16;16199
373;17;16244
373;18;16290
373;19;16302
373;20;16360
373;21;16369
373;22;16385
373;23;16418
373;24;16517
373;25;16538
373;26;17027
373;27;17031
373;28;17053
373;29;17062
373;30;17072
373;31;17092
373;32;17108
373;33;17123
373;34;17133
373;35;17143
374;1;10798
374;2;10856
374;3;10901
374;4;11255
374;5;11711
374;6;11715
374;7;12175
374;8;12618
374;9;13036
374;10;13401
374;11;13477
374;12;13483
374;13;13573
374;14;13614
374;15;13680
374;16;13977
374;17;14396
374;18;14573
374;19;14636
374;20;14647
374;21;14653
374;22;15107
374;23;15487
374;24;15506
374;25;15510
374;26;15542
374;27;16093
374;28;16102
374;29;16178
374;30;16622
374;31;16626
374;32;16691
374;33;16695
374;34;16783
374;35;16816
374;36;16824
374;37;16848
374;38;16850
374;39;16877
374;40;16905
374;41;16909
374;42;16919
374;43;16930
374;44;16946
374;45;16957
374;46;16968
374;47;16978
374;48;16989
374;49;17004
374;50;17047
374;51;17066
374;52;17095
374;53;17104
374;54;17110
374;55;17120
374;56;17139
374;57;17143
374;58;17146
374;59;17158
374;60;17179
374;61;17180
374;62;17184
374;63;17196
374;64;17206
374;65;17224
374;66;17228
375;1;12368
375;2;12390
375;3;12764
375;4;12916
375;5;13368
375;6;13417
375;7;13420
375;8;13435
375;9;13474
375;10;13496
375;11;13812
375;12;14311
375;13;14362
375;14;14599
375;15;14691
375;16;15221
375;17;15283
375;18;15328
375;19;15388
375;20;15400
375;21;15767
375;22;15781
375;23;15789
375;24;15803
375;25;15811
375;26;15903
375;27;15909
375;28;15938
375;29;15963
375;30;15975
375;31;15986
375;32;16017
375;33;16032
375;34;16044
375;35;16676
375;36;16724
375;37;16746
375;38;16782
375;39;16804
375;40;16819
375;41;16825
375;42;16843
375;43;16853
375;44;16857
375;45;16879
375;46;16904
375;47;16923
375;48;16927
375;49;16945
375;50;16949
375;51;16956
375;52;16960
375;53;16984
375;54;16994
375;55;17005
375;56;17024
375;57;17064
375;58;17073
375;59;17109
375;60;17119
375;61;17138
375;62;17143
375;63;17160
375;64;17162
375;65;17207
375;66;17217
375;67;17224
375;68;17228
376;1;9656
376;2;10041
376;3;10461
376;4;10934
376;5;11005
376;6;11524
376;7;12050
376;8;12401
376;9;12412
376;10;12675
376;11;12696
376;12;13185
376;13;13615
376;14;14175
376;15;14197
376;16;14611
376;17;15172
376;18;15625
376;19;15634
376;20;15667
376;21;15690
376;22;15849
376;23;15908
376;24;16007
376;25;16061
376;26;16077
376;27;16145
376;28;16632
376;29;16730
376;30;16775
376;31;16780
376;32;16802
376;33;16820
376;34;16825
376;35;16871
376;36;16907
376;37;16965
376;38;16984
376;39;17021
376;40;17085
376;41;17091
376;42;17095
376;43;17107
376;44;17143
376;45;17153
376;46;17159
376;47;17163
376;48;17168
376;49;17172
376;50;17176
376;51;17177
376;52;17181
376;53;17185
376;54;17187
376;55;17192
377;1;12888
377;2;13378
377;3;13792
377;4;14314
377;5;14354
377;6;14373
377;7;15022
377;8;15351
377;9;15733
377;10;15864
377;11;15912
377;12;15944
377;13;16058
377;14;16117
377;15;16237
377;16;16246
377;17;16706
377;18;16710
377;19;16716
377;20;16745
377;21;16821
377;22;16844
377;23;16862
377;24;16866
377;25;16881
377;26;16922
377;27;16923
377;28;16926
377;29;16948
377;30;16955
377;31;16968
377;32;16977
377;33;16988
377;34;17001
377;35;17046
377;36;17051
377;37;17061
377;38;17085
377;39;17111
377;40;17114
377;41;17143
377;42;17156
377;43;17165
377;44;17170
377;45;17180
377;46;17181
377;47;17188
377;48;17192
378;1;11259
378;2;11642
378;3;11715
378;4;12205
378;5;12454
378;6;12667
378;7;13142
378;8;13181
378;9;13277
378;10;13790
378;11;13831
378;12;13835
378;13;14354
378;14;14829
378;15;14860
378;16;14914
378;17;14960
378;18;15026
378;19;15049
378;20;15059
378;21;15076
378;22;15383
378;23;15490
378;24;15811
378;25;15891
378;26;15932
378;27;15940
378;28;15952
378;29;16003
378;30;16034
378;31;16091
378;32;16107
378;33;16127
378;34;16201
378;35;16220
378;36;16230
378;37;16563
378;38;16580
378;39;16603
378;40;16604
378;41;16626
378;42;16634
378;43;16651
378;44;16699
378;45;16708
378;46;16746
378;47;16782
378;48;16784
378;49;16810
378;50;16820
378;51;16826
378;52;16862
378;53;16865
378;54;16875
378;55;16918
378;56;16922
378;57;16929
378;58;16942
378;59;16943
378;60;16980
378;61;16990
378;62;16995
378;63;17005
378;64;17038
378;65;17053
378;66;17057
378;67;17059
378;68;17074
378;69;17078
378;70;17134
378;71;17136
378;72;17149
378;73;17172
378;74;17182
378;75;17186
379;1;13502
379;2;13817
379;3;13898
379;4;13996
379;5;14414
379;6;14477
379;7;14564
379;8;14613
379;9;14771
379;10;14807
379;11;14853
379;12;14857
379;13;14995
379;14;15036
379;15;15338
379;16;15371
379;17;15439
379;18;15450
379;19;15472
379;20;15482
379;21;15549
379;22;15584
379;23;16116
379;24;16120
379;25;16183
379;26;16187
379;27;16196
379;28;16247
379;29;16255
379;30;16282
379;31;16340
379;32;16344
379;33;16359
379;34;16395
379;35;16420
379;36;16432
379;37;16441
379;38;16451
379;39;16454
379;40;16787
379;41;16849
379;42;16857
379;43;16928
379;44;16936
379;45;16954
379;46;16990
379;47;16997
379;48;17001
379;49;17010
379;50;17021
379;51;17058
379;52;17059
379;53;17081
379;54;17102
379;55;17124
379;56;17138
379;57;17147
379;58;17165
379;59;17187
379;60;17191
380;1;12699
380;2;13166
380;3;13655
380;4;13887
380;5;13927
380;6;13963
380;7;13978
380;8;14423
380;9;14832
380;10;15185
380;11;15324
380;12;15366
380;13;15655
380;14;15674
380;15;15706
380;16;15717
380;17;16324
380;18;16503
380;19;16540
380;20;16567
380;21;16589
380;22;16607
380;23;16657
380;24;16685
380;25;16720
380;26;16765
380;27;16786
380;28;16805
380;29;16827
380;30;16878
380;31;16888
380;32;16927
380;33;16989
380;34;16993
380;35;17029
380;36;17044
380;37;17055
380;38;17071
380;39;17078
381;1;11916
381;2;11966
381;3;12426
381;4;12835
381;5;13211
381;6;13705
381;7;13773
381;8;14266
381;9;14318
381;10;14417
381;11;14572
381;12;14943
381;13;15187
381;14;15249
381;15;15369
381;16;15399
381;17;15405
381;18;15415
381;19;15483
381;20;15749
381;21;15787
381;22;15925
381;23;16201
381;24;16209
381;25;16283
381;26;16296
381;27;16480
381;28;16605
381;29;16641
381;30;16655
381;31;16675
381;32;16691
381;33;16710
381;34;16712
381;35;16716
381;36;16721
381;37;16754
381;38;16757
381;39;16841
381;40;16857
381;41;16859
381;42;16931
381;43;16953
381;44;16961
381;45;17005
381;46;17017
381;47;17057
381;48;17071
381;49;17093
381;50;17097
381;51;17116
381;52;17138
381;53;17142
381;54;17149
382;1;12499
382;2;12597
382;3;12601
382;4;12693
382;5;12701
382;6;12716
382;7;12738
382;8;12754
382;9;13191
382;10;13630
382;11;13853
382;12;14243
382;13;14659
382;14;14775
382;15;14865
382;16;14897
382;17;15007
382;18;15497
382;19;16008
382;20;16042
382;21;16105
382;22;16131
382;23;16137
382;24;16146
382;25;16181
382;26;16198
382;27;16266
382;28;16269
382;29;16286
382;30;16334
382;31;16379
382;32;16762
382;33;16793
382;34;16811
382;35;16812
382;36;16842
382;37;16853
382;38;16889
382;39;16910
382;40;16920
382;41;16960
382;42;16967
382;43;17000
382;44;17021
382;45;17040
382;46;17062
382;47;17070
382;48;17086
382;49;17107
382;50;17145
382;51;17160
382;52;17182
382;53;17191
383;1;12895
383;2;13314
383;3;13352
383;4;13657
383;5;14156
383;6;14648
383;7;14825
383;8;15180
383;9;15479
383;10;15578
383;11;15632
383;12;15676
383;13;15687
383;14;15844
383;15;16206
383;16;16210
383;17;16646
383;18;16667
383;19;16700
383;20;16712
383;21;16732
383;22;16806
383;23;16864
383;24;16875
383;25;16886
383;26;16915
383;27;16941
383;28;16963
383;29;16973
383;30;16985
383;31;16989
383;32;16995
383;33;17057
383;34;17058
383;35;17083
383;36;17105
383;37;17154
383;38;17176
383;39;17183
384;1;11765
384;2;11819
384;3;12249
384;4;12357
384;5;12367
384;6;12376
384;7;12889
384;8;12909
384;9;13402
384;10;13823
384;11;13843
384;12;13865
384;13;14153
384;14;14298
384;15;14820
384;16;15207
384;17;15666
384;18;15675
384;19;16164
384;20;16304
384;21;16349
384;22;16360
384;23;16366
384;24;16672
384;25;16691
384;26;16727
384;27;16804
384;28;16866
384;29;16880
384;30;16884
384;31;16917
384;32;16947
384;33;16979
384;34;16997
384;35;17002
384;36;17003
384;37;17007
384;38;17029
384;39;17109
384;40;17114
384;41;17128
384;42;17143
384;43;17149
384;44;17164
384;45;17170
384;46;17192
385;1;11998
385;2;12369
385;3;12390
385;4;12653
385;5;12866
385;6;13399
385;7;13427
385;8;13887
385;9;13941
385;10;14066
385;11;14317
385;12;14431
385;13;14901
385;14;14906
385;15;15223
385;16;15297
385;17;15405
385;18;15409
385;19;15431
385;20;15518
385;21;15830
385;22;15927
385;23;16434
385;24;16443
385;25;16476
385;26;16529
385;27;16550
385;28;16562
385;29;16607
385;30;16627
385;31;16673
385;32;16693
385;33;16734
385;34;16770
385;35;16789
385;36;16849
385;37;16893
385;38;16915
385;39;16919
385;40;16920
385;41;16942
385;42;16964
385;43;16972
385;44;17012
385;45;17044
385;46;17048
385;47;17055
385;48;17063
385;49;17086
385;50;17098
385;51;17108
385;52;17112
385;53;17127
385;54;17130
385;55;17146
385;56;17163
385;57;17172
385;58;17176
385;59;17183
386;1;12014
386;2;12026
386;3;12032
386;4;12453
386;5;12511
386;6;13026
386;7;13475
386;8;13751
386;9;13910
386;10;13914
386;11;14153
386;12;14191
386;13;14261
386;14;14302
386;15;14311
386;16;14413
386;17;14417
386;18;14444
386;19;14778
386;20;14811
386;21;14834
386;22;14846
386;23;14858
386;24;14873
386;25;15170
386;26;15203
386;27;15209
386;28;15213
386;29;15338
386;30;15360
386;31;15372
386;32;15390
386;33;15659
386;34;15745
386;35;16326
386;36;16347
386;37;16524
386;38;16578
386;39;16646
386;40;16654
386;41;16692
386;42;16757
386;43;16789
386;44;16795
386;45;16805
386;46;16807
386;47;16829
386;48;16833
386;49;16844
386;50;16862
386;51;16873
386;52;16883
386;53;16892
386;54;16896
386;55;16911
386;56;16943
386;57;16952
386;58;16971
386;59;16974
386;60;16993
386;61;16996
386;62;17015
386;63;17032
386;64;17039
386;65;17049
386;66;17071
386;67;17080
386;68;17085
386;69;17096
386;70;17112
386;71;17120
386;72;17127
386;73;17136
386;74;17140
386;75;17148
386;76;17163
387;1;12166
387;2;12185
387;3;12625
387;4;13128
387;5;13142
387;6;13200
387;7;13669
387;8;14115
387;9;14173
387;10;14191
387;11;14206
387;12;14696
387;13;14816
387;14;14874
387;15;14961
387;16;15019
387;17;15087
387;18;15112
387;19;15475
387;20;15568
387;21;15582
387;22;15618
387;23;15697
387;24;16080
387;25;16110
387;26;16557
387;27;16635
387;28;16668
387;29;16688
387;30;16709
387;31;16719
387;32;16720
387;33;16774
387;34;16832
387;35;16854
387;36;16962
387;37;17010
387;38;17021
387;39;17075
387;40;17094
387;41;17098
387;42;17115
387;43;17119
387;44;17129
387;45;17130
387;46;17151
388;1;12160
388;2;12470
388;3;12473
388;4;12624
388;5;12738
388;6;12840
388;7;13248
388;8;13253
388;9;13278
388;10;13296
388;11;13771
388;12;14019
388;13;14217
388;14;14677
388;15;14681
388;16;14883
388;17;14940
388;18;15390
388;19;15426
388;20;15468
388;21;15517
388;22;15536
388;23;15842
388;24;15950
388;25;15964
388;26;15982
388;27;16004
388;28;16066
388;29;16088
388;30;16098
388;31;16125
388;32;16129
388;33;16156
388;34;16179
388;35;16183
388;36;16195
388;37;16280
388;38;16307
388;39;16329
388;40;16340
388;41;16356
388;42;16415
388;43;16427
388;44;16462
388;45;16483
388;46;16484
388;47;16495
388;48;16499
388;49;16508
388;50;16512
388;51;16527
388;52;16528
388;53;16532
388;54;17018
388;55;17034
388;56;17038
388;57;17045
388;58;17054
388;59;17096
388;60;17102
388;61;17111
388;62;17114
388;63;17128
388;64;17150
388;65;17159
388;66;17182
388;67;17186
389;1;12150
389;2;12196
389;3;12317
389;4;12329
389;5;12333
389;6;12342
389;7;12422
389;8;12458
389;9;12922
389;10;13405
389;11;13838
389;12;14292
389;13;14336
389;14;14741
389;15;14804
389;16;14838
389;17;14938
389;18;15001
389;19;15011
389;20;15028
389;21;15102
389;22;15178
389;23;15200
389;24;15236
389;25;15247
389;26;15446
389;27;15490
389;28;15518
389;29;15526
389;30;15530
389;31;15533
389;32;15569
389;33;15578
389;34;15603
389;35;16252
389;36;16270
389;37;16274
389;38;16292
389;39;16318
389;40;16706
389;41;16742
389;42;16760
389;43;16820
389;44;16824
389;45;16834
389;46;16886
389;47;16890
389;48;16963
389;49;17012
389;50;17027
389;51;17039
389;52;17055
389;53;17065
389;54;17067
389;55;17074
389;56;17075
389;57;17093
389;58;17109
389;59;17118
389;60;17123
389;61;17128
389;62;17137
389;63;17145
389;64;17149
389;65;17164
389;66;17170
389;67;17182
389;68;17186
390;1;10798
390;2;11213
390;3;11238
390;4;11334
390;5;11357
390;6;11402
390;7;11837
390;8;11967
390;9;12345
390;10;12475
390;11;12774
390;12;13150
390;13;13182
390;14;13190
390;15;13371
390;16;13548
390;17;13619
390;18;14017
390;19;14148
390;20;14216
390;21;14769
390;22;15204
390;23;15707
390;24;16171
390;25;16530
390;26;16588
390;27;16608
390;28;16653
390;29;16664
390;30;16677
390;31;16731
390;32;16749
390;33;16751
390;34;16802
390;35;16804
390;36;16816
390;37;16837
390;38;16840
390;39;16881
390;40;16883
390;41;16894
390;42;16898
390;43;16934
390;44;16943
390;45;16945
390;46;16963
390;47;16985
390;48;17027
390;49;17132
390;50;17139
390;51;17143
390;52;17157
390;53;17163
390;54;17175
390;55;17176
390;56;17186
391;1;12283
391;2;12305
391;3;12426
391;4;12534
391;5;12932
391;6;12963
391;7;12988
391;8;13507
391;9;13637
391;10;13906
391;11;14229
391;12;14365
391;13;14631
391;14;14650
391;15;14663
391;16;14951
391;17;15049
391;18;15145
391;19;15614
391;20;15641
391;21;15650
391;22;15729
391;23;15747
391;24;15759
391;25;15857
391;26;15867
391;27;15881
391;28;15914
391;29;15918
391;30;16057
391;31;16132
391;32;16193
391;33;16484
391;34;16567
391;35;16615
391;36;16632
391;37;16647
391;38;16653
391;39;16665
391;40;16715
391;41;16761
391;42;16762
391;43;16774
391;44;16825
391;45;16837
391;46;16841
391;47;16856
391;48;16898
391;49;16906
391;50;16913
391;51;16935
391;52;16941
391;53;16953
391;54;16955
391;55;16986
391;56;16990
391;57;16996
391;58;17006
391;59;17008
391;60;17013
391;61;17023
391;62;17034
391;63;17044
391;64;17073
391;65;17091
391;66;17113
391;67;17114
391;68;17137
391;69;17159
391;70;17166
391;71;17170
391;72;17186
391;73;17222
392;1;13416
392;2;13575
392;3;13638
392;4;14079
392;5;14082
392;6;14484
392;7;14851
392;8;14857
392;9;15340
392;10;15360
392;11;15537
392;12;15545
392;13;15566
392;14;15701
392;15;16133
392;16;16331
392;17;16440
392;18;16489
392;19;16492
392;20;16512
392;21;16521
392;22;16590
392;23;16626
392;24;16632
392;25;16695
392;26;16736
392;27;16789
392;28;16795
392;29;16804
392;30;16850
392;31;16858
392;32;16871
392;33;16886
392;34;16909
392;35;16931
392;36;16953
392;37;16974
392;38;16979
392;39;16983
392;40;16992
392;41;17003
392;42;17018
392;43;17034
392;44;17049
392;45;17061
392;46;17065
392;47;17082
392;48;17083
392;49;17105
392;50;17107
392;51;17114
392;52;17119
392;53;17135
393;1;14103
393;2;14145
393;3;14166
393;4;14463
393;5;14467
393;6;14507
393;7;14520
393;8;14979
393;9;15008
393;10;15460
393;11;15494
393;12;15632
393;13;16010
393;14;16055
393;15;16064
393;16;16494
393;17;16514
393;18;16559
393;19;16635
393;20;16720
393;21;16724
393;22;16730
393;23;16776
393;24;16798
393;25;16843
393;26;16958
393;27;16962
393;28;16967
393;29;16975
393;30;16985
393;31;16987
393;32;16993
393;33;16997
393;34;17019
393;35;17056
393;36;17071
393;37;17074
393;38;17078
393;39;17082
393;40;17094
393;41;17106
393;42;17155
393;43;17177
393;44;17179
393;45;17183
393;46;17185
393;47;17200
394;1;13924
394;2;14001
394;3;14225
394;4;14261
394;5;14320
394;6;14365
394;7;14395
394;8;14475
394;9;14479
394;10;14543
394;11;14681
394;12;15088
394;13;15156
394;14;15406
394;15;15439
394;16;15569
394;17;15590
394;18;16080
394;19;16603
394;20;16676
394;21;16686
394;22;16785
394;23;16861
394;24;16894
394;25;16903
394;26;16940
394;27;16959
394;28;16963
394;29;16968
394;30;17031
394;31;17064
394;32;17087
394;33;17089
394;34;17109
394;35;17118
394;36;17128
394;37;17129
394;38;17148
394;39;17160
394;40;17170
395;1;14331
395;2;14575
395;3;14752
395;4;14757
395;5;15175
395;6;15429
395;7;15898
395;8;15921
395;9;15971
395;10;16464
395;11;16486
395;12;16507
395;13;16508
395;14;16530
395;15;16531
395;16;16535
395;17;16551
395;18;16568
395;19;16659
395;20;16671
395;21;16676
395;22;16694
395;23;16716
395;24;16741
395;25;16784
395;26;16814
395;27;16820
395;28;16828
395;29;16841
395;30;16874
395;31;16884
395;32;16894
395;33;16916
395;34;16940
395;35;16944
395;36;16949
395;37;16959
395;38;16963
395;39;16984
395;40;17025
395;41;17036
395;42;17037
395;43;17045
395;44;17054
395;45;17058
396;1;12191
396;2;12231
396;3;12694
396;4;12749
396;5;13248
396;6;13661
396;7;14134
396;8;14612
396;9;14653
396;10;15047
396;11;15455
396;12;15477
396;13;15522
396;14;15630
396;15;15704
396;16;15780
396;17;16167
396;18;16585
396;19;16600
396;20;16656
396;21;16671
396;22;16712
396;23;16800
396;24;16809
396;25;16828
396;26;16836
396;27;16881
396;28;16886
396;29;16895
396;30;16914
396;31;16917
396;32;16919
396;33;16941
396;34;16967
396;35;16979
396;36;17023
396;37;17033
396;38;17044
396;39;17053
396;40;17072
396;41;17080
396;42;17104
396;43;17126
396;44;17133
396;45;17135
396;46;17136
396;47;17142
396;48;17164
396;49;17168
397;1;11047
397;2;11070
397;3;11694
397;4;11790
397;5;11794
397;6;11887
397;7;12356
397;8;12533
397;9;12960
397;10;13396
397;11;13418
397;12;13852
397;13;13990
397;14;14064
397;15;14559
397;16;15013
397;17;15464
397;18;15518
397;19;15608
397;20;15985
397;21;15991
397;22;16033
397;23;16043
397;24;16061
397;25;16607
397;26;16612
397;27;16644
397;28;16663
397;29;16693
397;30;16708
397;31;16793
397;32;16797
397;33;16801
397;34;16875
397;35;16883
397;36;16905
397;37;16918
397;38;16972
397;39;17034
397;40;17039
397;41;17080
397;42;17089
397;43;17106
397;44;17112
397;45;17135
398;1;9611
398;2;10024
398;3;10523
398;4;10589
398;5;11092
398;6;11102
398;7;11607
398;8;12015
398;9;12422
398;10;12882
398;11;13403
398;12;13812
398;13;13881
398;14;14012
398;15;14071
398;16;14299
398;17;14948
398;18;15177
398;19;15199
398;20;15291
398;21;15751
398;22;15761
398;23;15836
398;24;15894
398;25;15921
398;26;15972
398;27;16207
398;28;16298
398;29;16342
398;30;16400
398;31;16432
398;32;16467
398;33;16476
398;34;16477
398;35;16531
398;36;16537
398;37;16618
398;38;16633
398;39;16644
398;40;16645
398;41;16675
398;42;16683
398;43;16703
398;44;16735
398;45;16739
398;46;16747
398;47;16769
398;48;16811
398;49;16851
398;50;16965
398;51;16981
398;52;16990
398;53;17012
398;54;17063
398;55;17071
398;56;17087
398;57;17100
398;58;17104
398;59;17149
398;60;17168
399;1;13333
399;2;13823
399;3;14156
399;4;14192
399;5;14233
399;6;14613
399;7;14687
399;8;14691
399;9;14700
399;10;14964
399;11;15475
399;12;15567
399;13;15979
399;14;16497
399;15;16503
399;16;16543
399;17;16589
399;18;16605
399;19;16661
399;20;16681
399;21;16724
399;22;16808
399;23;16813
399;24;16862
399;25;16864
399;26;16922
399;27;16932
399;28;16954
399;29;16968
399;30;16979
399;31;16982
399;32;16984
399;33;17051
399;34;17055
399;35;17056
399;36;17078
399;37;17093
399;38;17103
400;1;11276
400;2;11653
400;3;12064
400;4;12198
400;5;12625
400;6;13102
400;7;13456
400;8;13894
400;9;13948
400;10;13970
400;11;13990
400;12;14424
400;13;14444
400;14;14829
400;15;14860
400;16;14919
400;17;14931
400;18;14937
400;19;14958
400;20;14980
400;21;14989
400;22;15034
400;23;15133
400;24;15595
400;25;15983
400;26;15995
400;27;16010
400;28;16064
400;29;16160
400;30;16195
400;31;16210
400;32;16215
400;33;16658
400;34;16717
400;35;16744
400;36;16780
400;37;16794
400;38;16803
400;39;16809
400;40;16854
400;41;16861
400;42;16874
400;43;16976
400;44;16998
400;45;17007
400;46;17017
400;47;17028
400;48;17038
400;49;17068
400;50;17090
400;51;17105
400;52;17110
400;53;17118
400;54;17122
400;55;17131
400;56;17164
400;57;17165
400;58;17175
400;59;17181
401;1;11493
401;2;11991
401;3;12036
401;4;12039
401;5;12483
401;6;12784
401;7;12920
401;8;13054
401;9;13075
401;10;13079
401;11;13134
401;12;13624
401;13;13692
401;14;13725
401;15;14047
401;16;14062
401;17;14636
401;18;14668
401;19;14680
401;20;15023
401;21;15027
401;22;15075
401;23;15126
401;24;15130
401;25;15641
401;26;15671
401;27;16047
401;28;16225
401;29;16291
401;30;16306
401;31;16371
401;32;16416
401;33;16490
401;34;16954
401;35;16976
401;36;17034
401;37;17081
401;38;17091
401;39;17099
401;40;17108
401;41;17118
401;42;17127
401;43;17153
401;44;17172
402;1;12636
402;2;13044
402;3;13083
402;4;13157
402;5;13611
402;6;13665
402;7;13673
402;8;13677
402;9;13732
402;10;14110
402;11;14501
402;12;14614
402;13;14626
402;14;14634
402;15;14763
402;16;14825
402;17;14955
402;18;15444
402;19;15469
402;20;15479
402;21;15802
402;22;15927
402;23;15950
402;24;15969
402;25;15987
402;26;16041
402;27;16086
402;28;16115
402;29;16119
402;30;16177
402;31;16186
402;32;16196
402;33;16210
402;34;16232
402;35;16244
402;36;16257
402;37;16278
402;38;16367
402;39;16804
402;40;16813
402;41;16848
402;42;16856
402;43;16866
402;44;16924
402;45;16930
402;46;16934
402;47;16938
402;48;16942
402;49;16946
402;50;16949
402;51;16985
402;52;16990
402;53;17016
402;54;17026
402;55;17030
402;56;17052
402;57;17077
402;58;17121
402;59;17130
402;60;17140
402;61;17152
402;62;17174
402;63;17175
403;1;10621
403;2;11075
403;3;11538
403;4;11596
403;5;12050
403;6;12587
403;7;12924
403;8;13548
403;9;14086
403;10;14565
403;11;14571
403;12;14593
403;13;14969
403;14;15068
403;15;15197
403;16;15205
403;17;15241
403;18;15667
403;19;16094
403;20;16098
403;21;16102
403;22;16108
403;23;16124
403;24;16191
403;25;16201
403;26;16204
403;27;16278
403;28;16318
403;29;16322
403;30;16360
403;31;16386
403;32;16406
403;33;16419
403;34;16429
403;35;16915
403;36;16919
403;37;17038
403;38;17053
403;39;17074
403;40;17078
403;41;17096
403;42;17114
403;43;17118
403;44;17136
403;45;17141
404;1;11283
404;2;11351
404;3;11973
404;4;12289
404;5;12385
404;6;12895
404;7;13210
404;8;13213
404;9;13223
404;10;13245
404;11;13303
404;12;13757
404;13;14232
404;14;14751
404;15;14777
404;16;14810
404;17;14879
404;18;15330
404;19;15693
404;20;15724
404;21;15774
404;22;15784
404;23;15803
404;24;15862
404;25;15865
404;26;16168
404;27;16188
404;28;16205
404;29;16217
404;30;16222
404;31;16280
404;32;16769
404;33;16824
404;34;16856
404;35;16857
404;36;16864
404;37;16872
404;38;16936
404;39;16942
404;40;16978
404;41;16988
404;42;17055
404;43;17064
404;44;17090
404;45;17153
405;1;12809
405;2;13309
405;3;13354
405;4;13700
405;5;14265
405;6;14298
405;7;14330
405;8;14331
405;9;14353
405;10;14749
405;11;14810
405;12;14818
405;13;14838
405;14;14914
405;15;14988
405;16;15105
405;17;15556
405;18;16107
405;19;16129
405;20;16165
405;21;16183
405;22;16189
405;23;16211
405;24;16262
405;25;16378
405;26;16749
405;27;16779
405;28;16801
405;29;16859
405;30;16903
405;31;16907
405;32;16929
405;33;16937
405;34;16945
405;35;16962
405;36;16998
405;37;17008
405;38;17047
405;39;17070
405;40;17085
405;41;17119
405;42;17129
405;43;17152
406;1;11326
406;2;11762
406;3;12020
406;4;12419
406;5;12828
406;6;12919
406;7;12964
406;8;13335
406;9;13434
406;10;13476
406;11;13828
406;12;13860
406;13;13869
406;14;14283
406;15;14635
406;16;15237
406;17;15381
406;18;15387
406;19;15517
406;20;15536
406;21;15602
406;22;15625
406;23;15676
406;24;16090
406;25;16103
406;26;16126
406;27;16142
406;28;16524
406;29;16547
406;30;16557
406;31;16558
406;32;16569
406;33;16576
406;34;16604
406;35;16639
406;36;16703
406;37;16811
406;38;16815
406;39;16821
406;40;16883
406;41;16906
406;42;16921
406;43;16967
406;44;16975
406;45;17026
406;46;17036
406;47;17044
406;48;17072
406;49;17081
406;50;17107
406;51;17139
406;52;17193
406;53;17215
407;1;11768
407;2;11876
407;3;12375
407;4;12675
407;5;13270
407;6;13369
407;7;13844
407;8;14093
407;9;14218
407;10;14253
407;11;14352
407;12;14432
407;13;14490
407;14;14852
407;15;15208
407;16;15214
407;17;15490
407;18;15552
407;19;15561
407;20;15638
407;21;16131
407;22;16304
407;23;16413
407;24;16434
407;25;16504
407;26;16518
407;27;16572
407;28;16613
407;29;16624
407;30;16669
407;31;16672
407;32;16707
407;33;16905
407;34;16919
407;35;16941
407;36;16949
407;37;16964
407;38;16983
407;39;17014
407;40;17030
407;41;17074
407;42;17096
407;43;17113
407;44;17123
407;45;17145
407;46;17149
407;47;17164
407;48;17179
408;1;12045
408;2;12067
408;3;12077
408;4;12089
408;5;12527
408;6;12854
408;7;12873
408;8;12957
408;9;13203
408;10;13236
408;11;13413
408;12;13704
408;13;14226
408;14;14604
408;15;14605
408;16;14620
408;17;14665
408;18;14693
408;19;14697
408;20;14741
408;21;15055
408;22;15070
408;23;15414
408;24;15429
408;25;15517
408;26;15555
408;27;15613
408;28;15669
408;29;16047
408;30;16310
408;31;16346
408;32;16358
408;33;16378
408;34;16384
408;35;16503
408;36;16511
408;37;16537
408;38;16555
408;39;16559
408;40;16597
408;41;16623
408;42;16652
408;43;16678
408;44;16703
408;45;16712
408;46;16754
408;47;16797
408;48;16801
408;49;16821
408;50;16836
408;51;16858
408;52;16867
408;53;16890
408;54;16895
408;55;16928
408;56;16931
408;57;16932
408;58;16936
408;59;16965
408;60;16975
408;61;16990
408;62;16991
408;63;17000
408;64;17022
408;65;17041
408;66;17074
408;67;17078
408;68;17088
408;69;17098
408;70;17110
408;71;17114
408;72;17117
408;73;17121
408;74;17172
408;75;17188
408;76;17200
408;77;17204
408;78;17217
409;1;10799
409;2;11165
409;3;11353
409;4;11863
409;5;12293
409;6;12305
409;7;12384
409;8;12404
409;9;12840
409;10;13446
409;11;13454
409;12;13813
409;13;13912
409;14;14290
409;15;14702
409;16;15095
409;17;15559
409;18;15648
409;19;15655
409;20;15723
409;21;15848
409;22;15849
409;23;15872
409;24;16256
409;25;16278
409;26;16350
409;27;16364
409;28;16376
409;29;16395
409;30;16399
409;31;16420
409;32;16424
409;33;16468
409;34;16471
409;35;16492
409;36;16858
409;37;16870
409;38;16874
409;39;16890
409;40;16899
409;41;16914
409;42;16929
409;43;16951
409;44;16955
409;45;16990
409;46;16993
409;47;17055
409;48;17063
409;49;17067
409;50;17073
409;51;17080
409;52;17084
409;53;17108
409;54;17130
409;55;17134
409;56;17148
409;57;17169
409;58;17191
409;59;17196
409;60;17217
410;1;13102
410;2;13577
410;3;13970
410;4;14372
410;5;14516
410;6;14523
410;7;14589
410;8;15100
410;9;15369
410;10;15465
410;11;15477
410;12;15488
410;13;15511
410;14;15579
410;15;15668
410;16;15816
410;17;15856
410;18;16040
410;19;16083
410;20;16105
410;21;16109
410;22;16145
410;23;16210
410;24;16263
410;25;16288
410;26;16298
410;27;16307
410;28;16325
410;29;16384
410;30;16390
410;31;16409
410;32;16413
410;33;16489
410;34;16492
410;35;16504
410;36;16527
410;37;16539
410;38;16549
410;39;16564
410;40;16995
410;41;17016
410;42;17038
410;43;17060
410;44;17099
410;45;17109
410;46;17110
410;47;17150
410;48;17151
410;49;17163
410;50;17167
410;51;17177
410;52;17179
410;53;17183
411;1;11583
411;2;11951
411;3;12056
411;4;12446
411;5;12471
411;6;12934
411;7;12972
411;8;13357
411;9;13832
411;10;13930
411;11;14321
411;12;14354
411;13;14376
411;14;14751
411;15;14817
411;16;15339
411;17;15516
411;18;15589
411;19;15616
411;20;16016
411;21;16071
411;22;16094
411;23;16351
411;24;16421
411;25;16457
411;26;16476
411;27;16498
411;28;16650
411;29;16694
411;30;16712
411;31;16752
411;32;16760
411;33;16796
411;34;16797
411;35;16852
411;36;16897
411;37;16962
411;38;16977
411;39;16995
411;40;16998
411;41;17005
411;42;17009
411;43;17019
411;44;17034
411;45;17046
411;46;17062
411;47;17106
411;48;17123
411;49;17127
411;50;17133
411;51;17157
411;52;17175
411;53;17179
411;54;17183
411;55;17198
411;56;17202
412;1;11577
412;2;11619
412;3;11796
412;4;12256
412;5;12296
412;6;12373
412;7;12939
412;8;12983
412;9;13288
412;10;13696
412;11;13746
412;12;13768
412;13;14099
412;14;14135
412;15;14319
412;16;14689
412;17;14809
412;18;14854
412;19;14858
412;20;14902
412;21;15475
412;22;15506
412;23;15547
412;24;15572
412;25;15574
412;26;15586
412;27;16052
412;28;16353
412;29;16515
412;30;16649
412;31;16674
412;32;16678
412;33;16691
412;34;16709
412;35;16731
412;36;16744
412;37;16765
412;38;16767
412;39;16770
412;40;16844
412;41;16885
412;42;16896
412;43;16897
412;44;16959
412;45;16979
412;46;16989
412;47;16992
412;48;17021
412;49;17036
412;50;17046
412;51;17068
412;52;17115
412;53;17134
412;54;17135
412;55;17137
412;56;17147
412;57;17163
412;58;17170
413;1;12643
413;2;12953
413;3;12989
413;4;13299
413;5;13810
413;6;13821
413;7;13879
413;8;13920
413;9;13940
413;10;14161
413;11;14183
413;12;14243
413;13;14786
413;14;14788
413;15;14932
413;16;15316
413;17;15414
413;18;15539
413;19;15543
413;20;15887
413;21;16100
413;22;16115
413;23;16124
413;24;16169
413;25;16433
413;26;16554
413;27;16587
413;28;16632
413;29;16695
413;30;16716
413;31;16793
413;32;16829
413;33;16869
413;34;16873
413;35;16875
413;36;16885
413;37;16897
413;38;16932
413;39;16990
413;40;16994
413;41;17004
413;42;17008
413;43;17031
413;44;17069
413;45;17084
413;46;17124
414;1;11478
414;2;11699
414;3;11985
414;4;12503
414;5;12963
414;6;13503
414;7;13561
414;8;13686
414;9;13704
414;10;14089
414;11;14385
414;12;14822
414;13;14837
414;14;14923
414;15;14982
414;16;15045
414;17;15055
414;18;15136
414;19;15234
414;20;15745
414;21;16004
414;22;16009
414;23;16072
414;24;16134
414;25;16152
414;26;16448
414;27;16452
414;28;16506
414;29;16576
414;30;16644
414;31;16654
414;32;16698
414;33;16703
414;34;16736
414;35;16738
414;36;16760
414;37;16781
414;38;16835
414;39;16880
414;40;16932
414;41;16951
414;42;16981
414;43;16993
414;44;17015
414;45;17026
414;46;17080
414;47;17092
414;48;17105
414;49;17113
414;50;17125
414;51;17128
414;52;17150
414;53;17165
414;54;17180
414;55;17216
414;56;17220
415;1;13440
415;2;13598
415;3;13602
415;4;13719
415;5;14094
415;6;14202
415;7;14206
415;8;14522
415;9;14980
415;10;15337
415;11;15777
415;12;15802
415;13;15838
415;14;15957
415;15;15973
415;16;16415
415;17;16420
415;18;16518
415;19;16586
415;20;16640
415;21;16646
415;22;16714
415;23;16717
415;24;16723
415;25;16744
415;26;16775
415;27;16798
415;28;16812
415;29;16866
415;30;16876
415;31;16898
415;32;16904
415;33;16907
415;34;16911
415;35;16919
415;36;16925
415;37;16930
415;38;16942
415;39;16948
415;40;16967
415;41;16971
415;42;16993
415;43;16996
415;44;17006
415;45;17021
415;46;17031
415;47;17050
415;48;17107
415;49;17124
415;50;17125
415;51;17151
415;52;17182
415;53;17188
415;54;17192
416;1;13518
416;2;14120
416;3;14124
416;4;14436
416;5;14504
416;6;14529
416;7;14552
416;8;14574
416;9;14596
416;10;14852
416;11;15231
416;12;15249
416;13;15290
416;14;15396
416;15;15421
416;16;15459
416;17;15513
416;18;15571
416;19;15575
416;20;15894
416;21;16011
416;22;16013
416;23;16022
416;24;16030
416;25;16052
416;26;16063
416;27;16136
416;28;16509
416;29;16531
416;30;16542
416;31;16571
416;32;16587
416;33;16648
416;34;16693
416;35;16697
416;36;16727
416;37;16781
416;38;16790
416;39;16794
416;40;16802
416;41;16815
416;42;16834
416;43;16859
416;44;16881
416;45;16917
416;46;16927
416;47;16947
416;48;16965
416;49;16972
416;50;16987
416;51;17002
416;52;17016
416;53;17036
416;54;17058
416;55;17070
416;56;17088
416;57;17096
416;58;17097
416;59;17105
416;60;17121
416;61;17122
416;62;17126
416;63;17139
416;64;17144
416;65;17159
416;66;17161
416;67;17173
416;68;17177
416;69;17183
417;1;12245
417;2;12653
417;3;13107
417;4;13543
417;5;14033
417;6;14131
417;7;14230
417;8;14627
417;9;14696
417;10;15014
417;11;15082
417;12;15475
417;13;15905
417;14;15913
417;15;15919
417;16;15924
417;17;15958
417;18;16017
417;19;16035
417;20;16049
417;21;16061
417;22;16085
417;23;16110
417;24;16470
417;25;16503
417;26;16524
417;27;16530
417;28;16532
417;29;16600
417;30;16626
417;31;16638
417;32;16667
417;33;16729
417;34;16739
417;35;16757
417;36;16790
417;37;16813
417;38;16822
417;39;16845
417;40;16861
417;41;16921
417;42;16971
417;43;16993
417;44;17013
417;45;17027
417;46;17031
417;47;17036
417;48;17079
417;49;17085
417;50;17090
417;51;17103
417;52;17113
417;53;17120
417;54;17135
417;55;17140
417;56;17149
417;57;17165
417;58;17181
418;1;11154
418;2;11681
418;3;12111
418;4;12633
418;5;13041
418;6;13177
418;7;13595
418;8;13624
418;9;13661
418;10;14151
418;11;14180
418;12;14222
418;13;14715
418;14;14717
418;15;14732
418;16;14967
418;17;15000
418;18;15045
418;19;15110
418;20;15179
418;21;15200
418;22;15652
418;23;15657
418;24;15665
418;25;15668
418;26;15727
418;27;15769
418;28;16254
418;29;16259
418;30;16263
418;31;16266
418;32;16285
418;33;16353
418;34;16357
418;35;16402
418;36;16417
418;37;16419
418;38;16456
418;39;17026
418;40;17044
418;41;17046
418;42;17056
418;43;17084
418;44;17138
418;45;17141
418;46;17145
418;47;17151
418;48;17157
418;49;17169
418;50;17173
418;51;17177
418;52;17190
418;53;17194
419;1;13142
419;2;13532
419;3;13909
419;4;14027
419;5;14494
419;6;14512
419;7;14975
419;8;14997
419;9;15453
419;10;15474
419;11;15499
419;12;15558
419;13;15604
419;14;15919
419;15;15929
419;16;15932
419;17;15991
419;18;16025
419;19;16034
419;20;16082
419;21;16350
419;22;16502
419;23;16612
419;24;16655
419;25;16667
419;26;16702
419;27;16742
419;28;16764
419;29;16802
419;30;16849
419;31;16870
419;32;16895
419;33;16930
419;34;16942
419;35;16950
419;36;16960
419;37;16980
419;38;16990
419;39;17005
419;40;17006
419;41;17010
419;42;17017
419;43;17029
419;44;17031
419;45;17037
419;46;17069
419;47;17115
419;48;17125
419;49;17126
419;50;17127
419;51;17137
420;1;13028
420;2;13113
420;3;13731
420;4;13752
420;5;13892
420;6;13914
420;7;14045
420;8;14567
420;9;14575
420;10;15113
420;11;15389
420;12;15425
420;13;15452
420;14;15872
420;15;15960
420;16;15993
420;17;16011
420;18;16015
420;19;16110
420;20;16129
420;21;16152
420;22;16178
420;23;16201
420;24;16222
420;25;16226
420;26;16236
420;27;16567
420;28;16589
420;29;16616
420;30;16626
420;31;16652
420;32;16714
420;33;16736
420;34;16740
420;35;16752
420;36;16810
420;37;16873
420;38;16941
420;39;16951
420;40;16977
420;41;16999
420;42;17003
420;43;17030
420;44;17032
420;45;17073
420;46;17082
420;47;17144
420;48;17152
420;49;17186
421;1;11106
421;2;11498
421;3;11558
421;4;11945
421;5;12351
421;6;12614
421;7;12649
421;8;12753
421;9;13252
421;10;13763
421;11;13834
421;12;14362
421;13;14498
421;14;14883
421;15;15261
421;16;15329
421;17;15711
421;18;15744
421;19;15776
421;20;15784
421;21;15803
421;22;15813
421;23;15838
421;24;15860
421;25;15862
421;26;15920
421;27;15934
421;28;15937
421;29;15955
421;30;16009
421;31;16021
421;32;16054
421;33;16094
421;34;16099
421;35;16667
421;36;16685
421;37;16689
421;38;16695
421;39;16728
421;40;16736
421;41;16801
421;42;16822
421;43;16840
421;44;16848
421;45;16863
421;46;16864
421;47;16922
421;48;16929
421;49;16936
421;50;16940
421;51;16980
421;52;17051
421;53;17062
421;54;17098
421;55;17113
421;56;17116
421;57;17120
421;58;17130
421;59;17134
421;60;17144
421;61;17145
421;62;17151
421;63;17154
421;64;17163
421;65;17178
421;66;17179
421;67;17196
421;68;17200
421;69;17213
421;70;17217
421;71;17226
422;1;11854
422;2;11992
422;3;12205
422;4;12678
422;5;13138
422;6;13373
422;7;13895
422;8;14413
422;9;14428
422;10;14429
422;11;14894
422;12;14913
422;13;14987
422;14;15498
422;15;15533
422;16;15591
422;17;15633
422;18;15673
422;19;15695
422;20;16032
422;21;16040
422;22;16049
422;23;16063
422;24;16077
422;25;16145
422;26;16200
422;27;16219
422;28;16271
422;29;16610
422;30;16670
422;31;16692
422;32;16717
422;33;16741
422;34;16764
422;35;16781
422;36;16795
422;37;16811
422;38;16825
422;39;16844
422;40;16920
422;41;16924
422;42;16948
422;43;16965
422;44;16990
422;45;17023
422;46;17043
422;47;17070
422;48;17106
422;49;17117
422;50;17127
422;51;17137
422;52;17147
422;53;17148
422;54;17166
422;55;17187
423;1;12623
423;2;13112
423;3;13509
423;4;13529
423;5;13541
423;6;13914
423;7;14033
423;8;14467
423;9;14581
423;10;14661
423;11;14881
423;12;14906
423;13;15176
423;14;15198
423;15;15204
423;16;15272
423;17;15304
423;18;15308
423;19;15316
423;20;15392
423;21;15414
423;22;15875
423;23;15893
423;24;15912
423;25;15935
423;26;16015
423;27;16028
423;28;16070
423;29;16074
423;30;16158
423;31;16202
423;32;16212
423;33;16221
423;34;16229
423;35;16265
423;36;16280
423;37;16286
423;38;16318
423;39;16331
423;40;16380
423;41;16383
423;42;16402
423;43;16424
423;44;16434
423;45;16443
423;46;16446
423;47;16469
423;48;16476
423;49;16494
423;50;16504
423;51;16833
423;52;16844
423;53;16860
423;54;16863
423;55;16886
423;56;16887
423;57;16934
423;58;16939
423;59;16948
423;60;16993
423;61;17015
423;62;17018
423;63;17022
423;64;17029
423;65;17044
423;66;17052
423;67;17057
423;68;17072
423;69;17089
423;70;17098
423;71;17120
423;72;17130
423;73;17135
424;1;12638
424;2;12654
424;3;13095
424;4;13136
424;5;13155
424;6;13209
424;7;13403
424;8;13804
424;9;14294
424;10;14318
424;11;14695
424;12;15034
424;13;15054
424;14;15073
424;15;15419
424;16;15509
424;17;15970
424;18;15990
424;19;16009
424;20;16027
424;21;16044
424;22;16050
424;23;16054
424;24;16101
424;25;16137
424;26;16149
424;27;16152
424;28;16185
424;29;16199
424;30;16201
424;31;16223
424;32;16239
424;33;16358
424;34;16380
424;35;16385
424;36;16391
424;37;16400
424;38;16404
424;39;16427
424;40;16452
424;41;16454
424;42;16458
424;43;16462
424;44;16478
424;45;16501
424;46;16516
424;47;16536
424;48;17054
424;49;17139
425;1;12414
425;2;12714
425;3;12782
425;4;13295
425;5;13783
425;6;13818
425;7;14135
425;8;14344
425;9;14402
425;10;14798
425;11;14804
425;12;14837
425;13;14862
425;14;14863
425;15;14890
425;16;14899
425;17;15020
425;18;15028
425;19;15073
425;20;15441
425;21;15480
425;22;15515
425;23;15613
425;24;15625
425;25;15657
425;26;15711
425;27;16122
425;28;16556
425;29;16578
425;30;16587
425;31;16599
425;32;16636
425;33;16682
425;34;16715
425;35;16727
425;36;16731
425;37;16741
425;38;16807
425;39;16820
425;40;16836
425;41;16846
425;42;16852
425;43;16856
425;44;16877
425;45;16892
425;46;16917
425;47;16985
425;48;17010
425;49;17035
425;50;17070
425;51;17091
425;52;17101
425;53;17105
425;54;17115
425;55;17131
425;56;17135
425;57;17142
426;1;11474
426;2;11797
426;3;11865
426;4;12279
426;5;12683
426;6;12728
426;7;13334
426;8;13814
426;9;13939
426;10;13975
426;11;13979
426;12;14458
426;13;14551
426;14;14585
426;15;14662
426;16;15177
426;17;15464
426;18;15622
426;19;15721
426;20;16116
426;21;16162
426;22;16182
426;23;16205
426;24;16225
426;25;16462
426;26;16516
426;27;16595
426;28;16602
426;29;16603
426;30;16677
426;31;16682
426;32;16686
426;33;16697
426;34;16742
426;35;16807
426;36;16809
426;37;16818
426;38;16824
426;39;16839
426;40;16875
426;41;16879
426;42;16938
426;43;16956
426;44;16976
426;45;17020
426;46;17029
426;47;17040
426;48;17055
426;49;17061
426;50;17083
426;51;17123
426;52;17127
426;53;17149
426;54;17195
426;55;17206
426;56;17216
426;57;17217
427;1;10594
427;2;11002
427;3;11468
427;4;11800
427;5;12114
427;6;12550
427;7;13025
427;8;13524
427;9;13987
427;10;14060
427;11;14474
427;12;14843
427;13;15222
427;14;15296
427;15;15945
427;16;15980
427;17;16354
427;18;16366
427;19;16377
427;20;16425
427;21;16488
427;22;16534
427;23;16535
427;24;16540
427;25;16556
427;26;16596
427;27;16624
427;28;16627
427;29;16648
427;30;16694
427;31;16730
427;32;16770
427;33;16814
427;34;16916
427;35;16925
427;36;16929
427;37;16983
427;38;17014
427;39;17019
427;40;17035
427;41;17039
427;42;17054
427;43;17057
427;44;17066
427;45;17120
427;46;17124
427;47;17139
428;1;12434
428;2;12706
428;3;13221
428;4;13289
428;5;13743
428;6;14202
428;7;14278
428;8;14777
428;9;14957
428;10;15056
428;11;15455
428;12;15694
428;13;15704
428;14;16158
428;15;16177
428;16;16236
428;17;16240
428;18;16682
428;19;16711
428;20;16736
428;21;16764
428;22;16806
428;23;16828
428;24;16842
428;25;16852
428;26;16872
428;27;16887
428;28;16912
428;29;16920
428;30;16939
428;31;16949
428;32;17003
428;33;17015
428;34;17021
428;35;17022
428;36;17024
428;37;17042
428;38;17052
428;39;17055
428;40;17077
428;41;17099
428;42;17109
428;43;17152
428;44;17156
428;45;17178
428;46;17206
428;47;17222
429;1;12788
429;2;12834
429;3;12947
429;4;13446
429;5;13772
429;6;13817
429;7;13848
429;8;13918
429;9;14011
429;10;14292
429;11;14830
429;12;14930
429;13;15321
429;14;15952
429;15;16010
429;16;16026
429;17;16034
429;18;16553
429;19;16584
429;20;16651
429;21;16749
429;22;16785
429;23;16823
429;24;16848
429;25;16859
429;26;16885
429;27;16901
429;28;16905
429;29;16933
429;30;16941
429;31;16955
429;32;16970
429;33;17024
429;34;17025
429;35;17044
429;36;17066
429;37;17070
429;38;17082
429;39;17095
429;40;17107
429;41;17111
429;42;17119
429;43;17142
429;44;17154
429;45;17218
429;46;17222
430;1;11218
430;2;11721
430;3;12095
430;4;12527
430;5;12563
430;6;12621
430;7;12625
430;8;12922
430;9;12941
430;10;13344
430;11;13417
430;12;13636
430;13;13720
430;14;13743
430;15;13747
430;16;14341
430;17;14366
430;18;14417
430;19;14492
430;20;14600
430;21;14601
430;22;14668
430;23;14848
430;24;15164
430;25;15223
430;26;15239
430;27;15240
430;28;15244
430;29;15266
430;30;15288
430;31;15684
430;32;15729
430;33;15783
430;34;15803
430;35;15812
430;36;15814
430;37;16248
430;38;16250
430;39;16258
430;40;16262
430;41;16277
430;42;16313
430;43;16321
430;44;16336
430;45;16387
430;46;16454
430;47;16487
430;48;16502
430;49;16512
430;50;16564
430;51;16908
430;52;16916
430;53;16926
430;54;16947
430;55;16959
430;56;16973
430;57;16991
430;58;16999
430;59;17032
430;60;17040
430;61;17057
430;62;17077
430;63;17081
430;64;17122
430;65;17143
430;66;17158
430;67;17181
430;68;17192
431;1;11817
431;2;12108
431;3;12166
431;4;12183
431;5;12561
431;6;13071
431;7;13333
431;8;13601
431;9;13694
431;10;13726
431;11;13824
431;12;13854
431;13;14281
431;14;14293
431;15;14320
431;16;14340
431;17;14470
431;18;14528
431;19;15052
431;20;15316
431;21;15364
431;22;15646
431;23;15655
431;24;15657
431;25;15750
431;26;15758
431;27;15760
431;28;15818
431;29;15868
431;30;15896
431;31;15900
431;32;16474
431;33;16476
431;34;16490
431;35;16496
431;36;16536
431;37;16576
431;38;16622
431;39;16662
431;40;16684
431;41;16720
431;42;16728
431;43;16743
431;44;16761
431;45;16771
431;46;16807
431;47;16861
431;48;16894
431;49;16907
431;50;16929
431;51;16959
431;52;16995
431;53;17017
431;54;17018
431;55;17040
431;56;17048
431;57;17060
431;58;17075
431;59;17103
431;60;17162
431;61;17202
431;62;17228
432;1;11457
432;2;11779
432;3;12328
432;4;12764
432;5;12883
432;6;13376
432;7;13684
432;8;14131
432;9;14369
432;10;14384
432;11;14793
432;12;14801
432;13;14860
432;14;14896
432;15;15015
432;16;15021
432;17;15039
432;18;15139
432;19;15372
432;20;15440
432;21;15496
432;22;15504
432;23;15540
432;24;15559
432;25;15562
432;26;15608
432;27;15630
432;28;15689
432;29;16007
432;30;16093
432;31;16192
432;32;16214
432;33;16254
432;34;16258
432;35;16273
432;36;16291
432;37;16297
432;38;16301
432;39;16303
432;40;16388
432;41;16402
432;42;16701
432;43;16797
432;44;16866
432;45;16875
432;46;16883
432;47;16928
432;48;16940
432;49;16972
432;50;16985
432;51;17020
432;52;17043
432;53;17052
432;54;17055
432;55;17086
432;56;17118
432;57;17122
432;58;17125
432;59;17137
432;60;17158
432;61;17160
432;62;17170
432;63;17171
432;64;17181
432;65;17186
433;1;9822
433;2;9890
433;3;10450
433;4;10828
433;5;11236
433;6;11692
433;7;11760
433;8;12159
433;9;12167
433;10;12680
433;11;13095
433;12;13697
433;13;13910
433;14;14429
433;15;14644
433;16;14666
433;17;14691
433;18;14789
433;19;14793
433;20;15109
433;21;15416
433;22;15461
433;23;15497
433;24;15787
433;25;16241
433;26;16275
433;27;16287
433;28;16341
433;29;16360
433;30;16371
433;31;16405
433;32;16415
433;33;16426
433;34;16449
433;35;16470
433;36;16480
433;37;16505
433;38;16509
433;39;16532
433;40;16574
433;41;16603
433;42;16606
433;43;16672
433;44;16697
433;45;16719
433;46;16748
433;47;16761
433;48;16773
433;49;16798
433;50;16840
433;51;16861
433;52;16897
433;53;16903
433;54;16912
433;55;16930
433;56;16952
433;57;16972
433;58;16987
433;59;16997
433;60;17001
433;61;17046
433;62;17052
433;63;17063
433;64;17078
433;65;17082
433;66;17083
433;67;17105
433;68;17127
433;69;17129
433;70;17144
433;71;17156
433;72;17160
433;73;17161
433;74;17176
433;75;17183
434;1;10685
434;2;11144
434;3;11468
434;4;11978
434;5;12516
434;6;12526
434;7;12944
434;8;12967
434;9;13062
434;10;13525
434;11;13811
434;12;13885
434;13;14299
434;14;14512
434;15;14557
434;16;14606
434;17;15103
434;18;15157
434;19;15616
434;20;15995
434;21;15998
434;22;16015
434;23;16037
434;24;16068
434;25;16083
434;26;16087
434;27;16149
434;28;16203
434;29;16235
434;30;16301
434;31;16319
434;32;16789
434;33;16800
434;34;16808
434;35;16817
434;36;16819
434;37;16849
434;38;16859
434;39;16891
434;40;16900
434;41;16922
434;42;16993
434;43;17022
434;44;17030
434;45;17038
434;46;17053
434;47;17062
434;48;17066
434;49;17080
434;50;17102
434;51;17104
434;52;17119
434;53;17124
434;54;17135
434;55;17153
434;56;17157
434;57;17162
434;58;17179
434;59;17183
434;60;17195
434;61;17196
434;62;17217
435;1;13150
435;2;13370
435;3;13803
435;4;14211
435;5;14722
435;6;14906
435;7;14951
435;8;14954
435;9;14964
435;10;14976
435;11;14986
435;12;15049
435;13;15089
435;14;15129
435;15;15133
435;16;15195
435;17;15607
435;18;15611
435;19;15616
435;20;15620
435;21;15706
435;22;15726
435;23;15794
435;24;16152
435;25;16214
435;26;16278
435;27;16295
435;28;16305
435;29;16310
435;30;16318
435;31;16394
435;32;16408
435;33;16482
435;34;16851
435;35;16868
435;36;16880
435;37;16903
435;38;16992
435;39;17014
435;40;17073
435;41;17082
435;42;17092
435;43;17101
435;44;17126
435;45;17148
435;46;17152
435;47;17161
435;48;17174
435;49;17181
436;1;12850
436;2;13301
436;3;13847
436;4;13966
436;5;14257
436;6;14711
436;7;14728
436;8;14799
436;9;15224
436;10;15573
436;11;15647
436;12;15713
436;13;15719
436;14;15840
436;15;15896
436;16;16186
436;17;16197
436;18;16204
436;19;16700
436;20;16709
436;21;16759
436;22;16785
436;23;16854
436;24;16908
436;25;16919
436;26;16923
436;27;16949
436;28;16958
436;29;16966
436;30;17020
436;31;17035
436;32;17037
436;33;17038
436;34;17060
436;35;17070
436;36;17091
436;37;17127
436;38;17167
436;39;17176
437;1;12370
437;2;12798
437;3;13351
437;4;13840
437;5;14156
437;6;14490
437;7;14785
437;8;14864
437;9;14922
437;10;14937
437;11;15405
437;12;15526
437;13;15944
437;14;15970
437;15;15976
437;16;15986
437;17;16021
437;18;16487
437;19;16491
437;20;16590
437;21;16612
437;22;16635
437;23;16671
437;24;16675
437;25;16734
437;26;16738
437;27;16760
437;28;16764
437;29;16783
437;30;16845
437;31;16893
437;32;16903
437;33;16915
437;34;16921
437;35;16931
437;36;16983
437;37;16984
437;38;17006
437;39;17068
437;40;17072
437;41;17103
437;42;17106
437;43;17110
437;44;17128
437;45;17132
437;46;17142
437;47;17161
437;48;17164
437;49;17176
437;50;17192
437;51;17202
437;52;17205
437;53;17226
438;1;12685
438;2;12718
438;3;13014
438;4;13433
438;5;13448
438;6;13450
438;7;13508
438;8;13830
438;9;14295
438;10;14479
438;11;14990
438;12;15307
438;13;15595
438;14;15639
438;15;15793
438;16;15826
438;17;15867
438;18;15898
438;19;15913
438;20;15949
438;21;16013
438;22;16023
438;23;16045
438;24;16060
438;25;16066
438;26;16070
438;27;16129
438;28;16132
438;29;16157
438;30;16183
438;31;16202
438;32;16218
438;33;16256
438;34;16272
438;35;16298
438;36;16308
438;37;16312
438;38;16321
438;39;16329
438;40;16406
438;41;16423
438;42;16444
438;43;16452
438;44;16465
438;45;16962
438;46;16985
438;47;16997
438;48;17057
438;49;17072
438;50;17080
438;51;17088
438;52;17101
438;53;17105
438;54;17114
438;55;17154
438;56;17176
438;57;17177
438;58;17183
439;1;12978
439;2;13497
439;3;13674
439;4;13767
439;5;13835
439;6;13908
439;7;13919
439;8;14001
439;9;14033
439;10;14346
439;11;14399
439;12;14411
439;13;14983
439;14;15006
439;15;15009
439;16;15527
439;17;15538
439;18;15579
439;19;15637
439;20;16029
439;21;16049
439;22;16079
439;23;16083
439;24;16092
439;25;16162
439;26;16184
439;27;16229
439;28;16269
439;29;16331
439;30;16821
439;31;16825
439;32;16828
439;33;16867
439;34;16875
439;35;16886
439;36;16896
439;37;16921
439;38;16933
439;39;16988
439;40;17048
439;41;17057
439;42;17069
439;43;17092
439;44;17117
439;45;17147
439;46;17152
439;47;17154
439;48;17176
439;49;17177
439;50;17181
439;51;17183
440;1;11825
440;2;11846
440;3;12309
440;4;12315
440;5;12391
440;6;12410
440;7;12819
440;8;12836
440;9;13248
440;10;13681
440;11;13994
440;12;14052
440;13;14103
440;14;14165
440;15;14481
440;16;14822
440;17;15264
440;18;15279
440;19;15326
440;20;15822
440;21;15840
440;22;15842
440;23;15875
440;24;16357
440;25;16536
440;26;16552
440;27;16553
440;28;16561
440;29;16630
440;30;16632
440;31;16633
440;32;16685
440;33;16705
440;34;16735
440;35;16769
440;36;16831
440;37;16856
440;38;16867
440;39;16899
440;40;16918
440;41;16926
440;42;16932
440;43;16934
440;44;16965
440;45;16987
440;46;16996
440;47;17016
440;48;17031
440;49;17043
440;50;17052
440;51;17053
440;52;17068
440;53;17090
440;54;17094
440;55;17098
440;56;17112
440;57;17117
440;58;17138
440;59;17139
440;60;17175
441;1;12407
441;2;12515
441;3;12590
441;4;12646
441;5;13031
441;6;13440
441;7;13485
441;8;13525
441;9;13627
441;10;13738
441;11;14077
441;12;14099
441;13;14598
441;14;15009
441;15;15053
441;16;15208
441;17;15212
441;18;15661
441;19;15769
441;20;15842
441;21;15901
441;22;15959
441;23;16004
441;24;16035
441;25;16053
441;26;16158
441;27;16190
441;28;16224
441;29;16278
441;30;16718
441;31;16742
441;32;16781
441;33;16802
441;34;16861
441;35;16876
441;36;16898
441;37;16906
441;38;16923
441;39;16959
441;40;16983
441;41;16991
441;42;17008
441;43;17012
442;1;11212
442;2;11240
442;3;11678
442;4;12093
442;5;12460
442;6;12968
442;7;13342
442;8;13966
442;9;14025
442;10;14452
442;11;14653
442;12;14707
442;13;15178
442;14;15520
442;15;15545
442;16;15555
442;17;15574
442;18;15589
442;19;15598
442;20;15642
442;21;15663
442;22;16048
442;23;16077
442;24;16081
442;25;16126
442;26;16151
442;27;16162
442;28;16177
442;29;16200
442;30;16688
442;31;16719
442;32;16729
442;33;16774
442;34;16816
442;35;16829
442;36;16874
442;37;16876
442;38;16879
442;39;16888
442;40;16922
442;41;16926
442;42;16948
442;43;16968
442;44;16972
442;45;16983
442;46;16991
442;47;17006
442;48;17023
442;49;17036
442;50;17040
442;51;17048
442;52;17054
442;53;17063
442;54;17089
442;55;17130
442;56;17134
442;57;17149
442;58;17217
443;1;12263
443;2;12268
443;3;12751
443;4;13138
443;5;13146
443;6;13609
443;7;13611
443;8;13985
443;9;14394
443;10;14901
443;11;14986
443;12;15196
443;13;15477
443;14;15499
443;15;15503
443;16;15533
443;17;15578
443;18;15653
443;19;15693
443;20;15874
443;21;15906
443;22;15921
443;23;16570
443;24;16615
443;25;16633
443;26;16654
443;27;16675
443;28;16692
443;29;16704
443;30;16758
443;31;16781
443;32;16785
443;33;16799
443;34;16808
443;35;16823
443;36;16833
443;37;16859
443;38;16873
443;39;16897
443;40;16905
443;41;16909
443;42;16945
443;43;16981
443;44;16987
443;45;17000
443;46;17022
443;47;17026
443;48;17049
443;49;17059
443;50;17068
443;51;17074
443;52;17081
443;53;17131
443;54;17153
443;55;17159
443;56;17163
443;57;17171
443;58;17181
443;59;17185
443;60;17204
443;61;17228
444;1;10680
444;2;11021
444;3;11152
444;4;11329
444;5;11785
444;6;12239
444;7;12708
444;8;13151
444;9;13161
444;10;13587
444;11;13807
444;12;14447
444;13;14826
444;14;15387
444;15;15814
444;16;15879
444;17;15901
444;18;15907
444;19;15910
444;20;15914
444;21;15968
444;22;15999
444;23;16033
444;24;16062
444;25;16686
444;26;16700
444;27;16709
444;28;16753
444;29;16774
444;30;16796
444;31;16813
444;32;16822
444;33;16827
444;34;16837
444;35;16856
444;36;16875
444;37;16910
444;38;16918
444;39;16939
444;40;16942
444;41;16952
444;42;16999
444;43;17011
444;44;17044
444;45;17110
444;46;17129
444;47;17133
444;48;17170
444;49;17185
444;50;17195
444;51;17198
444;52;17202
444;53;17217
445;1;12886
445;2;12900
445;3;13340
445;4;13353
445;5;13789
445;6;13805
445;7;13811
445;8;13945
445;9;14359
445;10;14760
445;11;15095
445;12;15203
445;13;15257
445;14;15746
445;15;15787
445;16;15791
445;17;15826
445;18;15838
445;19;15845
445;20;15884
445;21;15952
445;22;15963
445;23;16011
445;24;16015
445;25;16149
445;26;16155
445;27;16184
445;28;16194
445;29;16213
445;30;16235
445;31;16252
445;32;16258
445;33;16780
445;34;16802
445;35;16861
445;36;16869
445;37;16910
445;38;16924
445;39;16983
445;40;16990
445;41;16996
445;42;17000
445;43;17010
445;44;17026
445;45;17041
445;46;17047
445;47;17054
445;48;17072
445;49;17094
445;50;17110
445;51;17114
445;52;17146
445;53;17160
445;54;17182
445;55;17185
446;1;13031
446;2;13081
446;3;13417
446;4;13480
446;5;13934
446;6;14043
446;7;14101
446;8;14116
446;9;14137
446;10;14158
446;11;14209
446;12;14232
446;13;14236
446;14;14749
446;15;14785
446;16;15270
446;17;15763
446;18;15856
446;19;15955
446;20;15993
446;21;16002
446;22;16007
446;23;16036
446;24;16087
446;25;16099
446;26;16119
446;27;16125
446;28;16135
446;29;16154
446;30;16208
446;31;16232
446;32;16265
446;33;16269
446;34;16294
446;35;16341
446;36;16359
446;37;16423
446;38;16493
446;39;16505
446;40;16918
446;41;16954
446;42;16962
446;43;16990
446;44;16996
446;45;16997
446;46;17009
446;47;17012
446;48;17029
446;49;17038
446;50;17060
446;51;17067
446;52;17077
446;53;17122
446;54;17137
446;55;17161
446;56;17165
446;57;17166
446;58;17170
446;59;17192
447;1;14137
447;2;14517
447;3;14589
447;4;14601
447;5;14710
447;6;14731
447;7;14883
447;8;15181
447;9;15243
447;10;15266
447;11;15270
447;12;15276
447;13;15714
447;14;15796
447;15;15824
447;16;15834
447;17;16197
447;18;16296
447;19;16308
447;20;16320
447;21;16323
447;22;16335
447;23;16589
447;24;16622
447;25;16715
447;26;16737
447;27;16787
447;28;16797
447;29;16838
447;30;16839
447;31;16883
447;32;16912
447;33;16929
447;34;16997
447;35;17015
447;36;17037
447;37;17058
447;38;17072
447;39;17086
447;40;17096
447;41;17105
447;42;17117
447;43;17128
447;44;17140
447;45;17142
447;46;17146
447;47;17152
447;48;17156
447;49;17160
447;50;17169
447;51;17179
447;52;17183
448;1;12272
448;2;12292
448;3;12791
448;4;12897
448;5;12901
448;6;13387
448;7;13478
448;8;13587
448;9;13610
448;10;13662
448;11;14076
448;12;14450
448;13;14466
448;14;14907
448;15;14916
448;16;15321
448;17;15365
448;18;15398
448;19;15776
448;20;15796
448;21;15869
448;22;16325
448;23;16378
448;24;16431
448;25;16435
448;26;16489
448;27;16521
448;28;16526
448;29;16528
448;30;16532
448;31;16536
448;32;16669
448;33;16711
448;34;16722
448;35;16733
448;36;16755
448;37;16822
448;38;16867
448;39;16909
448;40;16927
448;41;16935
448;42;16946
448;43;16955
448;44;16964
448;45;17003
448;46;17025
448;47;17039
448;48;17058
448;49;17072
448;50;17081
448;51;17085
448;52;17093
448;53;17096
448;54;17104
448;55;17105
448;56;17107
448;57;17122
448;58;17132
448;59;17198
448;60;17202
448;61;17217
449;1;13203
449;2;13780
449;3;13790
449;4;14249
449;5;14712
449;6;14720
449;7;15088
449;8;15092
449;9;15542
449;10;15547
449;11;15592
449;12;15703
449;13;16157
449;14;16168
449;15;16638
449;16;16650
449;17;16666
449;18;16675
449;19;16678
449;20;16722
449;21;16735
449;22;16746
449;23;16837
449;24;16873
449;25;16877
449;26;16883
449;27;16916
449;28;16927
449;29;16928
449;30;16932
449;31;16939
449;32;16949
449;33;17026
449;34;17030
449;35;17032
449;36;17047
449;37;17049
449;38;17056
449;39;17061
449;40;17079
449;41;17167
449;42;17183
449;43;17185
449;44;17187
450;1;10491
450;2;10945
450;3;11357
450;4;11735
450;5;12337
450;6;12855
450;7;13372
450;8;13428
450;9;13436
450;10;13876
450;11;14321
450;12;14342
450;13;14727
450;14;14778
450;15;15110
450;16;15285
450;17;15297
450;18;15412
450;19;15521
450;20;15527
450;21;15624
450;22;15644
450;23;15972
450;24;16018
450;25;16048
450;26;16081
450;27;16600
450;28;16615
450;29;16669
450;30;16705
450;31;16745
450;32;16790
450;33;16831
450;34;16839
450;35;16843
450;36;16868
450;37;16904
450;38;16921
450;39;16925
450;40;16957
450;41;16967
450;42;16998
450;43;17039
450;44;17058
450;45;17076
450;46;17100
450;47;17104
450;48;17120
450;49;17125
450;50;17141
450;51;17159
450;52;17175
450;53;17177
450;54;17186
451;1;9846
451;2;10271
451;3;10347
451;4;10741
451;5;10917
451;6;10929
451;7;11439
451;8;11593
451;9;11613
451;10;11890
451;11;11982
451;12;12040
451;13;12045
451;14;12556
451;15;12564
451;16;13014
451;17;13392
451;18;13743
451;19;13751
451;20;13778
451;21;13803
451;22;13811
451;23;14216
451;24;14331
451;25;14404
451;26;14433
451;27;14488
451;28;14496
451;29;14802
451;30;14861
451;31;15038
451;32;15581
451;33;15643
451;34;16259
451;35;16269
451;36;16681
451;37;16747
451;38;16791
451;39;16813
451;40;16870
451;41;16933
451;42;16955
451;43;16965
451;44;16982
451;45;17001
451;46;17004
451;47;17010
451;48;17027
451;49;17062
451;50;17081
451;51;17103
451;52;17115
451;53;17131
451;54;17135
451;55;17169
451;56;17193
451;57;17218
451;58;17222
452;1;11387
452;2;11880
452;3;11884
452;4;12086
452;5;12447
452;6;12601
452;7;12610
452;8;13228
452;9;13271
452;10;13577
452;11;13581
452;12;13794
452;13;13835
452;14;14023
452;15;14043
452;16;14064
452;17;14359
452;18;14513
452;19;14535
452;20;14543
452;21;14611
452;22;15038
452;23;15071
452;24;15414
452;25;15512
452;26;15591
452;27;16000
452;28;16036
452;29;16059
452;30;16104
452;31;16731
452;32;16749
452;33;16798
452;34;16814
452;35;16837
452;36;16853
452;37;16898
452;38;16920
452;39;16960
452;40;17004
452;41;17036
452;42;17058
452;43;17062
452;44;17097
452;45;17119
452;46;17128
452;47;17130
452;48;17145
452;49;17160
452;50;17177
452;51;17181
453;1;12500
453;2;13013
453;3;13132
453;4;13186
453;5;13752
453;6;13814
453;7;14379
453;8;14751
453;9;14787
453;10;15046
453;11;15099
453;12;15120
453;13;15143
453;14;15147
453;15;15526
453;16;15986
453;17;15997
453;18;16000
453;19;16066
453;20;16091
453;21;16099
453;22;16132
453;23;16164
453;24;16165
453;25;16183
453;26;16190
453;27;16194
453;28;16198
453;29;16228
453;30;16246
453;31;16770
453;32;16859
453;33;16871
453;34;16890
453;35;16901
453;36;16932
453;37;16939
453;38;16971
453;39;16981
453;40;16985
453;41;17010
453;42;17021
453;43;17044
453;44;17064
453;45;17073
453;46;17096
453;47;17124
453;48;17139
453;49;17172
453;50;17182
453;51;17186
454;1;12856
454;2;12919
454;3;13472
454;4;13880
454;5;13921
454;6;13933
454;7;13973
454;8;13991
454;9;14175
454;10;14189
454;11;14217
454;12;14225
454;13;14247
454;14;14266
454;15;14424
454;16;14749
454;17;15090
454;18;15112
454;19;15552
454;20;15856
454;21;16275
454;22;16301
454;23;16431
454;24;16525
454;25;16549
454;26;16574
454;27;16608
454;28;16662
454;29;16681
454;30;16688
454;31;16724
454;32;16746
454;33;16758
454;34;16770
454;35;16786
454;36;16789
454;37;16807
454;38;16831
454;39;16839
454;40;16849
454;41;16858
454;42;16880
454;43;16890
454;44;16905
454;45;16911
454;46;16926
454;47;16986
454;48;16998
454;49;17008
454;50;17024
454;51;17028
454;52;17050
454;53;17060
454;54;17075
454;55;17097
454;56;17114
454;57;17124
454;58;17128
454;59;17130
454;60;17148
454;61;17149
454;62;17192
454;63;17196
454;64;17200
454;65;17215
455;1;11228
455;2;11646
455;3;12046
455;4;12087
455;5;12503
455;6;12526
455;7;13042
455;8;13634
455;9;14153
455;10;14611
455;11;14613
455;12;14689
455;13;14711
455;14;15057
455;15;15060
455;16;15352
455;17;15466
455;18;15534
455;19;15549
455;20;15564
455;21;15585
455;22;15639
455;23;15654
455;24;15708
455;25;16020
455;26;16088
455;27;16126
455;28;16170
455;29;16247
455;30;16251
455;31;16644
455;32;16651
455;33;16659
455;34;16665
455;35;16705
455;36;16754
455;37;16762
455;38;16775
455;39;16797
455;40;16809
455;41;16861
455;42;16865
455;43;16909
455;44;16970
455;45;17001
455;46;17005
455;47;17013
455;48;17017
455;49;17026
455;50;17073
455;51;17095
455;52;17104
455;53;17106
455;54;17121
455;55;17125
455;56;17129
455;57;17130
455;58;17148
455;59;17164
455;60;17168
455;61;17192
455;62;17226
456;1;13732
456;2;13736
456;3;13804
456;4;14143
456;5;14277
456;6;14326
456;7;14462
456;8;14915
456;9;15393
456;10;15404
456;11;15758
456;12;15780
456;13;15789
456;14;16108
456;15;16115
456;16;16151
456;17;16187
456;18;16209
456;19;16595
456;20;16599
456;21;16657
456;22;16701
456;23;16751
456;24;16759
456;25;16813
456;26;16829
456;27;16833
456;28;16842
456;29;16852
456;30;16867
456;31;16885
456;32;16886
456;33;16905
456;34;16926
456;35;16934
456;36;16969
456;37;16988
456;38;17021
456;39;17043
456;40;17115
456;41;17135
456;42;17154
456;43;17170
456;44;17171
456;45;17172
456;46;17217
457;1;12238
457;2;12334
457;3;12807
457;4;13219
457;5;13729
457;6;14214
457;7;14702
457;8;15191
457;9;15349
457;10;15408
457;11;15578
457;12;15614
457;13;15632
457;14;15695
457;15;15699
457;16;16112
457;17;16148
457;18;16170
457;19;16174
457;20;16250
457;21;16258
457;22;16264
457;23;16286
457;24;16322
457;25;16623
457;26;16639
457;27;16652
457;28;16657
457;29;16670
457;30;16677
457;31;16699
457;32;16702
457;33;16733
457;34;16751
457;35;16755
457;36;16763
457;37;16778
457;38;16804
457;39;16817
457;40;16823
457;41;16891
457;42;16913
457;43;16917
457;44;16926
457;45;16938
457;46;16969
457;47;17001
457;48;17011
457;49;17033
457;50;17040
457;51;17050
457;52;17077
457;53;17078
457;54;17101
457;55;17129
457;56;17138
457;57;17139
458;1;11863
458;2;11883
458;3;12308
458;4;12716
458;5;13238
458;6;13646
458;7;14127
458;8;14211
458;9;14579
458;10;14756
458;11;14822
458;12;14930
458;13;15057
458;14;15059
458;15;15077
458;16;15099
458;17;15141
458;18;15552
458;19;15611
458;20;15669
458;21;16047
458;22;16083
458;23;16155
458;24;16216
458;25;16219
458;26;16253
458;27;16259
458;28;16276
458;29;16284
458;30;16339
458;31;16343
458;32;16437
458;33;16454
458;34;16567
458;35;16602
458;36;16667
458;37;16737
458;38;16821
458;39;16854
458;40;16858
458;41;16859
458;42;16881
458;43;16891
458;44;16907
458;45;16922
458;46;16954
458;47;16958
458;48;16961
458;49;16983
458;50;17028
458;51;17090
458;52;17127
458;53;17136
458;54;17158
458;55;17165
458;56;17180
458;57;17183
458;58;17187
458;59;17226
459;1;11147
459;2;11558
459;3;11666
459;4;11688
459;5;12190
459;6;12638
459;7;13098
459;8;13197
459;9;13571
459;10;13574
459;11;13692
459;12;13750
459;13;13848
459;14;14339
459;15;14343
459;16;14761
459;17;14836
459;18;14837
459;19;14887
459;20;14903
459;21;15297
459;22;15300
459;23;15360
459;24;15418
459;25;15440
459;26;15488
459;27;15508
459;28;15530
459;29;15811
459;30;15873
459;31;16022
459;32;16122
459;33;16130
459;34;16178
459;35;16214
459;36;16218
459;37;16609
459;38;16629
459;39;16665
459;40;16687
459;41;16711
459;42;16714
459;43;16781
459;44;16787
459;45;16829
459;46;16875
459;47;16897
459;48;16907
459;49;16956
459;50;16972
459;51;16976
459;52;16979
459;53;16995
459;54;17010
459;55;17018
459;56;17024
459;57;17031
459;58;17053
459;59;17063
459;60;17076
459;61;17092
459;62;17108
459;63;17131
459;64;17148
459;65;17154
459;66;17172
459;67;17174
459;68;17176
459;69;17178
459;70;17206
459;71;17228
460;1;12197
460;2;12568
460;3;12634
460;4;12926
460;5;13120
460;6;13631
460;7;13701
460;8;13809
460;9;14239
460;10;14728
460;11;15188
460;12;15299
460;13;15304
460;14;15358
460;15;15851
460;16;16320
460;17;16329
460;18;16672
460;19;16748
460;20;16770
460;21;16772
460;22;16855
460;23;16862
460;24;16881
460;25;16904
460;26;16926
460;27;16936
460;28;16947
460;29;16977
460;30;17002
460;31;17024
460;32;17037
460;33;17046
460;34;17056
460;35;17066
460;36;17087
460;37;17091
460;38;17113
460;39;17120
460;40;17131
460;41;17136
460;42;17140
460;43;17145
460;44;17160
460;45;17186
461;1;14338
461;2;14347
461;3;14801
461;4;15209
461;5;15606
461;6;15610
461;7;15703
461;8;15897
461;9;16032
461;10;16108
461;11;16126
461;12;16128
461;13;16170
461;14;16228
461;15;16287
461;16;16860
461;17;16870
461;18;16889
461;19;16896
461;20;16901
461;21;16923
461;22;16927
461;23;16939
461;24;16950
461;25;16965
461;26;16967
461;27;16976
461;28;16979
461;29;16983
461;30;16986
461;31;16987
461;32;16992
461;33;17002
461;34;17058
461;35;17068
461;36;17104
461;37;17151
461;38;17160
461;39;17169
461;40;17197
461;41;17205
461;42;17222
461;43;17226
462;1;11538
462;2;12032
462;3;12073
462;4;12566
462;5;12731
462;6;13292
462;7;13390
462;8;13416
462;9;14011
462;10;14109
462;11;14110
462;12;14185
462;13;14613
462;14;14634
462;15;15139
462;16;15183
462;17;15184
462;18;15520
462;19;15986
462;20;16031
462;21;16060
462;22;16073
462;23;16081
462;24;16095
462;25;16110
462;26;16132
462;27;16162
462;28;16182
462;29;16831
462;30;16854
462;31;16876
462;32;16934
462;33;16942
462;34;16954
462;35;16963
462;36;16992
462;37;17046
462;38;17069
462;39;17084
462;40;17098
462;41;17100
462;42;17101
463;1;12500
463;2;12781
463;3;12891
463;4;12919
463;5;13430
463;6;13448
463;7;13669
463;8;13702
463;9;13757
463;10;14175
463;11;14184
463;12;14833
463;13;15260
463;14;15328
463;15;15593
463;16;15670
463;17;15693
463;18;15733
463;19;15939
463;20;15946
463;21;15968
463;22;16006
463;23;16043
463;24;16062
463;25;16076
463;26;16704
463;27;16765
463;28;16787
463;29;16827
463;30;16860
463;31;16903
463;32;16913
463;33;16917
463;34;16938
463;35;16960
463;36;16970
463;37;16975
463;38;16989
463;39;16993
463;40;17015
463;41;17040
463;42;17050
463;43;17072
463;44;17076
463;45;17086
463;46;17100
463;47;17115
463;48;17126
463;49;17148
463;50;17161
464;1;12634
464;2;12989
464;3;12993
464;4;13449
464;5;13809
464;6;13821
464;7;14340
464;8;14561
464;9;14882
464;10;15036
464;11;15128
464;12;15507
464;13;15530
464;14;15540
464;15;15558
464;16;15562
464;17;16051
464;18;16423
464;19;16464
464;20;16485
464;21;16594
464;22;16630
464;23;16645
464;24;16699
464;25;16711
464;26;16738
464;27;16760
464;28;16774
464;29;16796
464;30;16837
464;31;16842
464;32;16862
464;33;16877
464;34;16888
464;35;16898
464;36;16914
464;37;16936
464;38;16947
464;39;16950
464;40;17027
464;41;17049
464;42;17080
464;43;17083
464;44;17105
464;45;17120
464;46;17129
464;47;17139
464;48;17144
464;49;17156
464;50;17160
464;51;17165
464;52;17171
464;53;17181
464;54;17182
464;55;17186
465;1;12915
465;2;13239
465;3;13353
465;4;13674
465;5;13696
465;6;14002
465;7;14239
465;8;14258
465;9;14275
465;10;14384
465;11;14501
465;12;15014
465;13;15098
465;14;15206
465;15;15227
465;16;15543
465;17;15567
465;18;15645
465;19;15919
465;20;15927
465;21;15949
465;22;15964
465;23;15972
465;24;15973
465;25;15987
465;26;15992
465;27;16015
465;28;16019
465;29;16041
465;30;16077
465;31;16139
465;32;16158
465;33;16607
465;34;16801
465;35;16842
465;36;16908
465;37;16934
465;38;16936
465;39;16940
465;40;16959
465;41;16981
465;42;16993
465;43;17009
465;44;17012
465;45;17025
465;46;17043
465;47;17056
465;48;17065
465;49;17069
465;50;17084
465;51;17157
465;52;17167
465;53;17174
465;54;17179
465;55;17224
465;56;17228
466;1;11526
466;2;11581
466;3;11951
466;4;12329
466;5;12365
466;6;12639
466;7;12710
466;8;13027
466;9;13660
466;10;13904
466;11;13980
466;12;14034
466;13;14066
466;14;14106
466;15;14118
466;16;14143
466;17;14188
466;18;14502
466;19;14534
466;20;14585
466;21;14654
466;22;15127
466;23;15172
466;24;15409
466;25;15441
466;26;15449
466;27;15454
466;28;15472
466;29;15478
466;30;15480
466;31;15777
466;32;15818
466;33;15948
466;34;15981
466;35;15989
466;36;15992
466;37;16000
466;38;16017
466;39;16029
466;40;16103
466;41;16125
466;42;16207
466;43;16209
466;44;16211
466;45;16218
466;46;16238
466;47;16288
466;48;16304
466;49;16319
466;50;16824
466;51;16832
466;52;16854
466;53;16908
466;54;16923
466;55;16925
466;56;16940
466;57;16953
466;58;16963
466;59;16967
466;60;16974
466;61;16982
466;62;16997
466;63;17032
466;64;17073
466;65;17077
466;66;17078
466;67;17094
466;68;17118
466;69;17122
466;70;17124
466;71;17136
466;72;17152
466;73;17156
466;74;17182
467;1;12825
467;2;12909
467;3;13428
467;4;13854
467;5;13874
467;6;14183
467;7;14228
467;8;14287
467;9;14310
467;10;14468
467;11;14548
467;12;14890
467;13;14938
467;14;15013
467;15;15234
467;16;15342
467;17;15486
467;18;15997
467;19;16120
467;20;16143
467;21;16172
467;22;16574
467;23;16586
467;24;16598
467;25;16602
467;26;16609
467;27;16615
467;28;16622
467;29;16633
467;30;16719
467;31;16728
467;32;16797
467;33;16813
467;34;16825
467;35;16837
467;36;16842
467;37;16864
467;38;16885
467;39;16922
467;40;16931
467;41;16945
467;42;16978
467;43;16982
467;44;17004
467;45;17023
467;46;17038
467;47;17043
467;48;17058
467;49;17062
467;50;17070
467;51;17092
467;52;17118
467;53;17128
467;54;17138
467;55;17154
467;56;17166
467;57;17170
467;58;17204
467;59;17226
468;1;13252
468;2;13771
468;3;14149
468;4;14355
468;5;14359
468;6;14497
468;7;14565
468;8;14601
468;9;15207
468;10;15229
468;11;15265
468;12;15287
468;13;15362
468;14;15398
468;15;15735
468;16;16068
468;17;16105
468;18;16168
468;19;16187
468;20;16197
468;21;16235
468;22;16268
468;23;16315
468;24;16355
468;25;16383
468;26;16418
468;27;16455
468;28;16524
468;29;16528
468;30;16591
468;31;17067
468;32;17089
468;33;17122
468;34;17163
468;35;17167
468;36;17174
468;37;17179
468;38;17183
468;39;17228
469;1;11487
469;2;11927
469;3;12137
469;4;12243
469;5;12301
469;6;12394
469;7;12592
469;8;12669
469;9;13058
469;10;13548
469;11;14008
469;12;14053
469;13;14089
469;14;14582
469;15;14728
469;16;15239
469;17;15301
469;18;15622
469;19;15634
469;20;15885
469;21;15915
469;22;16004
469;23;16021
469;24;16030
469;25;16049
469;26;16055
469;27;16073
469;28;16077
469;29;16092
469;30;16228
469;31;16298
469;32;16320
469;33;16326
469;34;16371
469;35;16383
469;36;16387
469;37;16909
469;38;16925
469;39;16933
469;40;16943
469;41;16949
469;42;17024
469;43;17085
469;44;17107
469;45;17108
469;46;17144
470;1;11806
470;2;12218
470;3;12660
470;4;12760
470;5;13155
470;6;13795
470;7;14171
470;8;14216
470;9;14587
470;10;14961
470;11;15002
470;12;15456
470;13;15473
470;14;15485
470;15;15543
470;16;15552
470;17;15662
470;18;15670
470;19;16122
470;20;16191
470;21;16209
470;22;16224
470;23;16515
470;24;16558
470;25;16562
470;26;16566
470;27;16664
470;28;16672
470;29;16681
470;30;16699
470;31;16740
470;32;16750
470;33;16762
470;34;16830
470;35;16838
470;36;16853
470;37;16871
470;38;16875
470;39;16911
470;40;16920
470;41;16935
470;42;16957
470;43;16976
470;44;17030
470;45;17039
470;46;17049
470;47;17080
470;48;17103
470;49;17105
470;50;17114
470;51;17132
470;52;17176
470;53;17186
470;54;17220
471;1;10147
471;2;10508
471;3;11035
471;4;11386
471;5;11544
471;6;12054
471;7;12148
471;8;12510
471;9;12514
471;10;12983
471;11;13196
471;12;13315
471;13;13357
471;14;13715
471;15;13997
471;16;14019
471;17;14239
471;18;14729
471;19;14783
471;20;14981
471;21;15016
471;22;15435
471;23;15479
471;24;15659
471;25;15670
471;26;15795
471;27;15807
471;28;15826
471;29;15894
471;30;15964
471;31;16062
471;32;16087
471;33;16131
471;34;16132
471;35;16153
471;36;16159
471;37;16756
471;38;16757
471;39;16782
471;40;16796
471;41;16825
471;42;16837
471;43;16870
471;44;16926
471;45;16936
471;46;16944
471;47;16953
471;48;16964
471;49;16966
471;50;16985
471;51;17025
471;52;17026
471;53;17048
471;54;17068
471;55;17083
471;56;17098
471;57;17104
471;58;17144
471;59;17166
471;60;17171
471;61;17178
471;62;17188
471;63;17192
472;1;12907
472;2;13176
472;3;13650
472;4;13937
472;5;14343
472;6;14388
472;7;14453
472;8;14469
472;9;14487
472;10;14803
472;11;14805
472;12;14881
472;13;14979
472;14;15133
472;15;15194
472;16;15197
472;17;15487
472;18;15595
472;19;15610
472;20;15633
472;21;15701
472;22;15713
472;23;16187
472;24;16632
472;25;16649
472;26;16703
472;27;16717
472;28;16720
472;29;16752
472;30;16762
472;31;16803
472;32;16809
472;33;16832
472;34;16844
472;35;16862
472;36;16867
472;37;16871
472;38;16892
472;39;16900
472;40;16912
472;41;16920
472;42;16930
472;43;17003
472;44;17047
472;45;17059
472;46;17069
472;47;17110
472;48;17117
472;49;17150
472;50;17169
472;51;17172
472;52;17176
472;53;17191
473;1;11724
473;2;11844
473;3;11865
473;4;12302
473;5;12756
473;6;13148
473;7;13393
473;8;13803
473;9;14260
473;10;14314
473;11;14432
473;12;14850
473;13;14872
473;14;14917
473;15;14954
473;16;14999
473;17;15061
473;18;15574
473;19;15582
473;20;15671
473;21;15684
473;22;15694
473;23;15990
473;24;16066
473;25;16120
473;26;16129
473;27;16556
473;28;16578
473;29;16591
473;30;16614
473;31;16616
473;32;16649
473;33;16681
473;34;16735
473;35;16744
473;36;16756
473;37;16760
473;38;16816
473;39;16868
473;40;16883
473;41;16887
473;42;16904
473;43;16988
473;44;17010
473;45;17017
473;46;17029
473;47;17051
473;48;17054
473;49;17064
473;50;17079
473;51;17112
473;52;17123
473;53;17148
473;54;17149
473;55;17159
473;56;17175
474;1;14117
474;2;14766
474;3;14934
474;4;15027
474;5;15580
474;6;15764
474;7;15768
474;8;16123
474;9;16164
474;10;16176
474;11;16198
474;12;16270
474;13;16333
474;14;16369
474;15;16412
474;16;16452
474;17;16738
474;18;16754
474;19;16771
474;20;16794
474;21;16817
474;22;16832
474;23;16875
474;24;16884
474;25;16909
474;26;16968
474;27;17022
474;28;17026
474;29;17048
474;30;17058
474;31;17080
474;32;17096
474;33;17111
474;34;17128
474;35;17135
475;1;13562
475;2;13757
475;3;13955
475;4;14429
475;5;14517
475;6;14987
475;7;15049
475;8;15094
475;9;15100
475;10;15154
475;11;15179
475;12;15183
475;13;15186
475;14;15600
475;15;15617
475;16;15668
475;17;15681
475;18;15691
475;19;15765
475;20;15771
475;21;15791
475;22;15842
475;23;16138
475;24;16258
475;25;16266
475;26;16352
475;27;16384
475;28;16425
475;29;16434
475;30;16502
475;31;16505
475;32;16542
475;33;16552
475;34;16572
475;35;16594
475;36;16609
475;37;16625
475;38;17075
475;39;17085
475;40;17107
475;41;17131
475;42;17150
475;43;17181
475;44;17192
475;45;17204
475;46;17226
476;1;13798
476;2;13820
476;3;14247
476;4;14270
476;5;14792
476;6;14824
476;7;14916
476;8;15291
476;9;15327
476;10;15349
476;11;15359
476;12;15470
476;13;15529
476;14;15565
476;15;16076
476;16;16093
476;17;16103
476;18;16135
476;19;16437
476;20;16440
476;21;16449
476;22;16515
476;23;16530
476;24;16589
476;25;16611
476;26;16699
476;27;16712
476;28;16745
476;29;16748
476;30;16774
476;31;16777
476;32;16790
476;33;16805
476;34;16821
476;35;16857
476;36;16866
476;37;16870
476;38;16892
476;39;16924
476;40;16932
476;41;16951
476;42;16953
476;43;17013
476;44;17015
476;45;17035
476;46;17038
476;47;17050
476;48;17057
476;49;17074
476;50;17078
476;51;17094
476;52;17120
476;53;17121
476;54;17124
476;55;17132
476;56;17142
476;57;17146
476;58;17177
476;59;17196
476;60;17212
476;61;17222
477;1;13453
477;2;13456
477;3;14105
477;4;14150
477;5;14643
477;6;14737
477;7;14788
477;8;15158
477;9;15511
477;10;15537
477;11;15572
477;12;15848
477;13;15992
477;14;16001
477;15;16047
477;16;16062
477;17;16085
477;18;16197
477;19;16216
477;20;16634
477;21;16659
477;22;16735
477;23;16782
477;24;16806
477;25;16819
477;26;16831
477;27;16836
477;28;16849
477;29;16895
477;30;16918
477;31;16940
477;32;16949
477;33;17001
477;34;17021
477;35;17036
477;36;17037
477;37;17041
477;38;17042
477;39;17061
477;40;17082
477;41;17087
477;42;17098
477;43;17114
477;44;17120
478;1;11395
478;2;11885
478;3;12253
478;4;12367
478;5;12405
478;6;12559
478;7;13208
478;8;13246
478;9;13735
478;10;14157
478;11;14190
478;12;14213
478;13;14273
478;14;14589
478;15;14687
478;16;14764
478;17;15142
478;18;15652
478;19;16103
478;20;16114
478;21;16203
478;22;16230
478;23;16235
478;24;16247
478;25;16251
478;26;16255
478;27;16263
478;28;16782
478;29;16796
478;30;16801
478;31;16811
478;32;16856
478;33;16863
478;34;16872
478;35;16892
478;36;16911
478;37;16933
478;38;16940
478;39;16944
478;40;16980
478;41;16996
478;42;17019
478;43;17023
478;44;17030
478;45;17040
478;46;17044
478;47;17049
478;48;17059
478;49;17061
478;50;17090
478;51;17094
478;52;17103
478;53;17104
478;54;17113
478;55;17114
478;56;17153
478;57;17158
478;58;17164
478;59;17174
478;60;17178
478;61;17186
478;62;17202
478;63;17226
479;1;11692
479;2;12104
479;3;12512
479;4;12710
479;5;12874
479;6;12993
479;7;13068
479;8;13072
479;9;13583
479;10;13825
479;11;14219
479;12;14661
479;13;14753
479;14;14930
479;15;14970
479;16;14982
479;17;14997
479;18;15032
479;19;15034
479;20;15045
479;21;15061
479;22;15491
479;23;15515
479;24;15929
479;25;15933
479;26;16046
479;27;16105
479;28;16530
479;29;16555
479;30;16573
479;31;16627
479;32;16663
479;33;16667
479;34;16774
479;35;16814
479;36;16824
479;37;16843
479;38;16851
479;39;16867
479;40;16870
479;41;16875
479;42;16911
479;43;16915
479;44;16948
479;45;16960
479;46;16985
479;47;17004
479;48;17026
479;49;17049
479;50;17071
479;51;17090
479;52;17096
479;53;17112
479;54;17159
479;55;17164
479;56;17176
479;57;17186
480;1;12620
480;2;13095
480;3;13584
480;4;13588
480;5;13598
480;6;13859
480;7;13972
480;8;14038
480;9;14079
480;10;14087
480;11;14435
480;12;14554
480;13;14922
480;14;15441
480;15;15542
480;16;15611
480;17;15959
480;18;16010
480;19;16060
480;20;16064
480;21;16095
480;22;16605
480;23;16631
480;24;16676
480;25;16698
480;26;16712
480;27;16720
480;28;16729
480;29;16779
480;30;16783
480;31;16798
480;32;16824
480;33;16846
480;34;16865
480;35;16916
480;36;16929
480;37;16977
480;38;16978
480;39;17018
480;40;17022
480;41;17026
480;42;17027
480;43;17037
480;44;17049
480;45;17059
480;46;17130
480;47;17144
480;48;17151
480;49;17163
480;50;17172
480;51;17176
480;52;17177
480;53;17183
481;1;10999
481;2;11020
481;3;11539
481;4;11575
481;5;12003
481;6;12023
481;7;12072
481;8;12139
481;9;12517
481;10;13150
481;11;13535
481;12;13673
481;13;13764
481;14;13885
481;15;14329
481;16;14375
481;17;14767
481;18;14788
481;19;14913
481;20;15279
481;21;15288
481;22;15314
481;23;15355
481;24;15767
481;25;16202
481;26;16204
481;27;16615
481;28;16623
481;29;16664
481;30;16704
481;31;16802
481;32;16870
481;33;16874
481;34;16875
481;35;16883
481;36;16887
481;37;16895
481;38;16963
481;39;16969
481;40;16977
481;41;16991
481;42;17014
481;43;17034
481;44;17042
481;45;17049
481;46;17051
482;1;13182
482;2;13572
482;3;13896
482;4;14297
482;5;14337
482;6;14446
482;7;14467
482;8;14570
482;9;14946
482;10;14991
482;11;15135
482;12;15185
482;13;15200
482;14;15614
482;15;15728
482;16;15752
482;17;15771
482;18;15825
482;19;16286
482;20;16655
482;21;16701
482;22;16705
482;23;16706
482;24;16714
482;25;16801
482;26;16807
482;27;16815
482;28;16838
482;29;16867
482;30;16883
482;31;16900
482;32;16920
482;33;17009
482;34;17013
482;35;17015
482;36;17077
482;37;17095
482;38;17099
482;39;17106
482;40;17116
482;41;17156
482;42;17160
482;43;17176
482;44;17195
482;45;17201
482;46;17207
482;47;17217
483;1;11330
483;2;11375
483;3;11957
483;4;12017
483;5;12125
483;6;12166
483;7;12606
483;8;12616
483;9;12670
483;10;12732
483;11;13192
483;12;13213
483;13;13708
483;14;13730
483;15;13786
483;16;14276
483;17;14628
483;18;14673
483;19;14698
483;20;14713
483;21;14717
483;22;15083
483;23;15114
483;24;15138
483;25;15431
483;26;15454
483;27;15466
483;28;15902
483;29;16381
483;30;16435
483;31;16479
483;32;16506
483;33;16507
483;34;16520
483;35;16532
483;36;16597
483;37;16628
483;38;16634
483;39;16671
483;40;16694
483;41;16723
483;42;16742
483;43;16743
483;44;16852
483;45;16869
483;46;16870
483;47;16880
483;48;16902
483;49;16966
483;50;16978
483;51;16982
483;52;17004
483;53;17019
483;54;17032
483;55;17042
483;56;17075
483;57;17116
483;58;17117
483;59;17134
483;60;17146
483;61;17156
484;1;11792
484;2;11804
484;3;12212
484;4;12221
484;5;12266
484;6;12754
484;7;12795
484;8;12887
484;9;12903
484;10;13348
484;11;13744
484;12;14234
484;13;14455
484;14;14464
484;15;15035
484;16;15057
484;17;15107
484;18;15672
484;19;16185
484;20;16528
484;21;16532
484;22;16571
484;23;16577
484;24;16711
484;25;16722
484;26;16726
484;27;16768
484;28;16793
484;29;16821
484;30;16862
484;31;16878
484;32;16897
484;33;16917
484;34;16925
484;35;16937
484;36;16945
484;37;16955
484;38;16958
484;39;16980
484;40;16995
484;41;17006
484;42;17021
484;43;17026
484;44;17027
484;45;17039
484;46;17054
484;47;17058
484;48;17111
484;49;17122
484;50;17162
484;51;17188
484;52;17198
484;53;17202
484;54;17224
484;55;17228
485;1;12583
485;2;12587
485;3;12902
485;4;13329
485;5;13924
485;6;14524
485;7;14547
485;8;14579
485;9;14849
485;10;15189
485;11;15205
485;12;15256
485;13;15315
485;14;15750
485;15;15751
485;16;15762
485;17;16025
485;18;16035
485;19;16149
485;20;16158
485;21;16206
485;22;16274
485;23;16336
485;24;16349
485;25;16355
485;26;16376
485;27;16380
485;28;16402
485;29;16418
485;30;16427
485;31;16433
485;32;16466
485;33;16469
485;34;16473
485;35;16510
485;36;16521
485;37;16540
485;38;16570
485;39;16578
485;40;16614
485;41;17038
485;42;17063
485;43;17085
485;44;17087
485;45;17091
485;46;17112
485;47;17132
485;48;17135
485;49;17157
486;1;11088
486;2;11142
486;3;11251
486;4;11350
486;5;11810
486;6;12114
486;7;12587
486;8;13063
486;9;13428
486;10;13641
486;11;13712
486;12;14212
486;13;14256
486;14;14687
486;15;14738
486;16;14740
486;17;14894
486;18;15017
486;19;15026
486;20;15074
486;21;15128
486;22;15180
486;23;15246
486;24;15552
486;25;15556
486;26;15664
486;27;15688
486;28;15774
486;29;15796
486;30;15797
486;31;15824
486;32;16140
486;33;16158
486;34;16181
486;35;16185
486;36;16198
486;37;16220
486;38;16239
486;39;16242
486;40;16284
486;41;16297
486;42;16317
486;43;16321
486;44;16752
486;45;16790
486;46;16793
486;47;16816
486;48;16890
486;49;16912
486;50;16932
486;51;16960
486;52;17068
486;53;17087
486;54;17091
486;55;17100
486;56;17110
486;57;17132
486;58;17139
486;59;17143
486;60;17165
486;61;17180
486;62;17181
487;1;12513
487;2;12986
487;3;13440
487;4;13494
487;5;14013
487;6;14022
487;7;14510
487;8;14527
487;9;14962
487;10;14984
487;11;15016
487;12;15024
487;13;15326
487;14;15468
487;15;15853
487;16;15911
487;17;15951
487;18;16458
487;19;16587
487;20;16629
487;21;16645
487;22;16672
487;23;16673
487;24;16692
487;25;16706
487;26;16710
487;27;16732
487;28;16735
487;29;16757
487;30;16825
487;31;16868
487;32;16899
487;33;16924
487;34;16954
487;35;16960
487;36;16966
487;37;16985
487;38;17004
487;39;17008
487;40;17012
487;41;17033
487;42;17037
487;43;17046
487;44;17056
487;45;17093
487;46;17097
487;47;17107
487;48;17114
487;49;17129
487;50;17157
487;51;17165
488;1;12476
488;2;12861
488;3;12937
488;4;13011
488;5;13423
488;6;13884
488;7;13890
488;8;14259
488;9;14357
488;10;14368
488;11;14972
488;12;14990
488;13;15450
488;14;15457
488;15;15498
488;16;15509
488;17;15633
488;18;15853
488;19;15858
488;20;15932
488;21;16194
488;22;16270
488;23;16330
488;24;16336
488;25;16339
488;26;16359
488;27;16395
488;28;16397
488;29;16430
488;30;16436
488;31;16486
488;32;16505
488;33;16509
488;34;16514
488;35;16536
488;36;16548
488;37;16620
488;38;16624
488;39;16675
488;40;16678
488;41;16691
488;42;16781
488;43;16803
488;44;16811
488;45;16819
488;46;16821
488;47;16839
488;48;16908
488;49;16919
488;50;16923
488;51;16945
488;52;16991
488;53;17023
488;54;17038
488;55;17058
488;56;17073
488;57;17077
488;58;17081
488;59;17099
488;60;17147
488;61;17162
488;62;17166
488;63;17178
488;64;17182
488;65;17186
489;1;14328
489;2;14712
489;3;14722
489;4;14743
489;5;14996
489;6;15308
489;7;15320
489;8;15384
489;9;15443
489;10;15909
489;11;15965
489;12;16048
489;13;16487
489;14;16613
489;15;16667
489;16;16693
489;17;16707
489;18;16734
489;19;16738
489;20;16739
489;21;16741
489;22;16794
489;23;16827
489;24;16865
489;25;16893
489;26;16901
489;27;16915
489;28;16927
489;29;16981
489;30;16995
489;31;17005
489;32;17027
489;33;17042
489;34;17060
489;35;17079
489;36;17083
489;37;17122
489;38;17123
489;39;17135
489;40;17169
489;41;17170
489;42;17174
489;43;17183
489;44;17217
490;1;11323
490;2;11884
490;3;11960
490;4;12321
490;5;12739
490;6;13142
490;7;13173
490;8;13629
490;9;13783
490;10;14099
490;11;14162
490;12;14370
490;13;14468
490;14;14645
490;15;15011
490;16;15062
490;17;15084
490;18;15155
490;19;15463
490;20;15525
490;21;15561
490;22;15597
490;23;15606
490;24;16035
490;25;16508
490;26;16533
490;27;16542
490;28;16601
490;29;16699
490;30;16767
490;31;16812
490;32;16815
490;33;16836
490;34;16867
490;35;16887
490;36;16920
490;37;16924
490;38;16958
490;39;16965
490;40;16969
490;41;16994
490;42;17008
490;43;17024
490;44;17028
490;45;17029
490;46;17044
490;47;17061
490;48;17065
490;49;17077
490;50;17092
490;51;17099
490;52;17101
490;53;17106
490;54;17126
490;55;17142
490;56;17143
490;57;17161
490;58;17166
490;59;17170
490;60;17176
490;61;17181
491;1;12760
491;2;13217
491;3;13271
491;4;13312
491;5;13319
491;6;13759
491;7;14297
491;8;14327
491;9;14338
491;10;14408
491;11;14414
491;12;14829
491;13;14863
491;14;14907
491;15;14925
491;16;14945
491;17;15013
491;18;15027
491;19;15038
491;20;15074
491;21;15097
491;22;15650
491;23;15980
491;24;15999
491;25;16048
491;26;16056
491;27;16092
491;28;16095
491;29;16121
491;30;16184
491;31;16206
491;32;16582
491;33;16605
491;34;16662
491;35;16719
491;36;16740
491;37;16751
491;38;16764
491;39;16776
491;40;16801
491;41;16823
491;42;16899
491;43;16907
491;44;16925
491;45;16933
491;46;16947
491;47;16953
491;48;16969
491;49;16973
491;50;16977
491;51;16981
491;52;16986
491;53;16990
491;54;16995
491;55;17015
491;56;17020
491;57;17035
491;58;17038
491;59;17047
491;60;17068
491;61;17078
491;62;17088
491;63;17089
491;64;17115
491;65;17122
491;66;17124
491;67;17125
491;68;17135
491;69;17151
491;70;17177
492;1;12789
492;2;13288
492;3;13643
492;4;14028
492;5;14061
492;6;14088
492;7;14138
492;8;14260
492;9;14720
492;10;14740
492;11;14744
492;12;15114
492;13;15250
492;14;15510
492;15;15570
492;16;15615
492;17;16120
492;18;16159
492;19;16182
492;20;16198
492;21;16234
492;22;16257
492;23;16270
492;24;16333
492;25;16337
492;26;16749
492;27;16769
492;28;16868
492;29;16878
492;30;16880
492;31;16890
492;32;16912
492;33;16916
492;34;16921
492;35;16947
492;36;16972
492;37;16978
492;38;16986
492;39;16996
492;40;17017
492;41;17032
492;42;17090
492;43;17100
492;44;17119
492;45;17136
492;46;17140
493;1;13414
493;2;13468
493;3;13880
493;4;14307
493;5;14329
493;6;14804
493;7;14912
493;8;14951
493;9;14983
493;10;15452
493;11;15514
493;12;15536
493;13;15904
493;14;15940
493;15;16478
493;16;16488
493;17;16546
493;18;16642
493;19;16665
493;20;16783
493;21;16795
493;22;16836
493;23;16887
493;24;16895
493;25;16917
493;26;16922
493;27;16944
493;28;16985
493;29;16987
493;30;17019
493;31;17023
493;32;17057
493;33;17062
493;34;17072
493;35;17076
493;36;17093
493;37;17098
493;38;17104
493;39;17116
493;40;17126
493;41;17147
493;42;17162
493;43;17202
493;44;17207
493;45;17228
494;1;12423
494;2;12427
494;3;12835
494;4;12850
494;5;13288
494;6;13481
494;7;13888
494;8;13946
494;9;13958
494;10;13970
494;11;14483
494;12;14943
494;13;15154
494;14;15272
494;15;15383
494;16;15461
494;17;15482
494;18;15529
494;19;15545
494;20;16002
494;21;16049
494;22;16081
494;23;16085
494;24;16104
494;25;16148
494;26;16202
494;27;16203
494;28;16220
494;29;16224
494;30;16322
494;31;16355
494;32;16368
494;33;16372
494;34;16382
494;35;16797
494;36;16813
494;37;16911
494;38;16912
494;39;16935
494;40;16936
494;41;16939
494;42;16952
494;43;16974
494;44;17000
494;45;17010
494;46;17035
494;47;17041
494;48;17051
494;49;17077
494;50;17099
494;51;17124
494;52;17142
494;53;17164
494;54;17168
495;1;14832
495;2;15345
495;3;15365
495;4;15667
495;5;16030
495;6;16164
495;7;16183
495;8;16191
495;9;16290
495;10;16416
495;11;16496
495;12;16564
495;13;16597
495;14;16655
495;15;16665
495;16;16699
495;17;16706
495;18;16719
495;19;16723
495;20;16758
495;21;16833
495;22;16840
495;23;16884
495;24;16960
495;25;16988
495;26;16994
495;27;17034
495;28;17038
495;29;17040
495;30;17048
495;31;17055
495;32;17062
495;33;17071
495;34;17075
495;35;17120
495;36;17125
495;37;17135
495;38;17181
495;39;17192
496;1;14111
496;2;14115
496;3;14221
496;4;14257
496;5;14400
496;6;14412
496;7;14450
496;8;14561
496;9;14695
496;10;14725
496;11;15067
496;12;15352
496;13;15461
496;14;15515
496;15;15535
496;16;15642
496;17;15682
496;18;15726
496;19;16189
496;20;16211
496;21;16229
496;22;16233
496;23;16285
496;24;16579
496;25;16656
496;26;16658
496;27;16661
496;28;16664
496;29;16676
496;30;16798
496;31;16895
496;32;16907
496;33;16915
496;34;16921
496;35;16922
496;36;16924
496;37;16983
496;38;17005
496;39;17024
496;40;17037
496;41;17058
496;42;17088
496;43;17092
496;44;17101
496;45;17126
496;46;17144
496;47;17149
496;48;17175
496;49;17185
496;50;17191
496;51;17195
496;52;17217
497;1;13547
497;2;14040
497;3;14081
497;4;14084
497;5;14646
497;6;14650
497;7;15094
497;8;15122
497;9;15147
497;10;15220
497;11;15573
497;12;15609
497;13;15628
497;14;15850
497;15;15854
497;16;15890
497;17;15996
497;18;16019
497;19;16041
497;20;16131
497;21;16185
497;22;16197
497;23;16242
497;24;16278
497;25;16308
497;26;16328
497;27;16344
497;28;16348
497;29;16370
497;30;16392
497;31;16460
497;32;16477
497;33;16480
497;34;16484
497;35;16500
497;36;16957
497;37;16980
497;38;17016
497;39;17025
497;40;17047
497;41;17057
497;42;17059
497;43;17075
497;44;17079
497;45;17103
497;46;17111
497;47;17133
497;48;17151
497;49;17157
497;50;17162
497;51;17174
497;52;17183
498;1;11842
498;2;12243
498;3;12258
498;4;12768
498;5;12774
498;6;13114
498;7;13252
498;8;13338
498;9;13358
498;10;13398
498;11;13432
498;12;13774
498;13;14266
498;14;14399
498;15;14408
498;16;14410
498;17;14448
498;18;14941
498;19;14953
498;20;14959
498;21;14971
498;22;15392
498;23;15796
498;24;16004
498;25;16008
498;26;16020
498;27;16060
498;28;16068
498;29;16088
498;30;16094
498;31;16501
498;32;16600
498;33;16627
498;34;16628
498;35;16637
498;36;16648
498;37;16676
498;38;16730
498;39;16797
498;40;16859
498;41;16899
498;42;16906
498;43;16918
498;44;16937
498;45;16952
498;46;16954
498;47;17028
498;48;17031
498;49;17050
498;50;17060
498;51;17064
498;52;17106
498;53;17116
498;54;17135
498;55;17144
498;56;17150
498;57;17165
498;58;17167
498;59;17171
498;60;17172
499;1;12726
499;2;12730
499;3;12850
499;4;12859
499;5;13372
499;6;13448
499;7;13937
499;8;14035
499;9;14077
499;10;14095
499;11;14636
499;12;15004
499;13;15031
499;14;15105
499;15;15522
499;16;15530
499;17;15532
499;18;15568
499;19;15582
499;20;15974
499;21;16019
499;22;16337
499;23;16343
499;24;16412
499;25;16511
499;26;16589
499;27;16606
499;28;16626
499;29;16684
499;30;16699
499;31;16709
499;32;16722
499;33;16798
499;34;16839
499;35;16854
499;36;16875
499;37;16900
499;38;16912
499;39;16949
499;40;17005
499;41;17024
499;42;17046
499;43;17082
499;44;17128
499;45;17132
499;46;17136
499;47;17151
499;48;17166
499;49;17176
500;1;12502
500;2;13028
500;3;13111
500;4;13547
500;5;13927
500;6;13952
500;7;13985
500;8;14026
500;9;14456
500;10;15018
500;11;15035
500;12;15038
500;13;15541
500;14;15586
500;15;16006
500;16;16028
500;17;16091
500;18;16110
500;19;16146
500;20;16187
500;21;16249
500;22;16726
500;23;16762
500;24;16780
500;25;16792
500;26;16813
500;27;16869
500;28;16885
500;29;16895
500;30;16901
500;31;16916
500;32;16958
500;33;16971
500;34;17039
500;35;17049
500;36;17064
500;37;17096
500;38;17118
500;39;17126
500;40;17135
500;41;17181
501;1;9501
501;2;9891
501;3;10380
501;4;10473
501;5;10591
501;6;10690
501;7;10698
501;8;11263
501;9;11457
501;10;11459
501;11;11913
501;12;12235
501;13;12727
501;14;12948
501;15;13084
501;16;13501
501;17;13560
501;18;13684
501;19;13843
501;20;14303
501;21;14322
501;22;14355
501;23;14610
501;24;14630
501;25;15116
501;26;15627
501;27;16001
501;28;16010
501;29;16044
501;30;16313
501;31;16439
501;32;16444
501;33;16538
501;34;16556
501;35;16603
501;36;16714
501;37;16738
501;38;16757
501;39;16811
501;40;16833
501;41;16866
501;42;16883
501;43;16904
501;44;16908
501;45;16922
501;46;16934
501;47;16956
501;48;16961
501;49;16996
501;50;17018
501;51;17022
501;52;17023
501;53;17033
501;54;17044
501;55;17052
501;56;17067
501;57;17088
501;58;17125
501;59;17129
501;60;17149
501;61;17159
501;62;17171
501;63;17181
502;1;12276
502;2;12282
502;3;12416
502;4;12915
502;5;12923
502;6;12955
502;7;13382
502;8;13776
502;9;14162
502;10;14510
502;11;14906
502;12;14947
502;13;15001
502;14;15448
502;15;15485
502;16;15556
502;17;15885
502;18;15893
502;19;15908
502;20;15928
502;21;15939
502;22;15949
502;23;15958
502;24;15978
502;25;15986
502;26;15995
502;27;15999
502;28;16015
502;29;16464
502;30;16497
502;31;16525
502;32;16529
502;33;16544
502;34;16552
502;35;16605
502;36;16659
502;37;16727
502;38;16743
502;39;16762
502;40;16779
502;41;16789
502;42;16829
502;43;16862
502;44;16874
502;45;16926
502;46;16927
502;47;16931
502;48;16943
502;49;16992
502;50;17012
502;51;17031
502;52;17050
502;53;17118
502;54;17159
502;55;17164
502;56;17176
503;1;11795
503;2;12240
503;3;12544
503;4;12912
503;5;13007
503;6;13444
503;7;13454
503;8;13458
503;9;13494
503;10;13939
503;11;14429
503;12;14527
503;13;14996
503;14;15041
503;15;15104
503;16;15442
503;17;15475
503;18;15519
503;19;16054
503;20;16152
503;21;16647
503;22;16659
503;23;16699
503;24;16705
503;25;16709
503;26;16713
503;27;16722
503;28;16731
503;29;16743
503;30;16796
503;31;16839
503;32;16853
503;33;16875
503;34;16885
503;35;16897
503;36;16899
503;37;16913
503;38;16918
503;39;16933
503;40;16943
503;41;16965
503;42;16976
503;43;16991
503;44;17020
503;45;17036
503;46;17043
503;47;17056
503;48;17059
503;49;17081
503;50;17085
503;51;17095
503;52;17136
503;53;17140
503;54;17145
503;55;17149
503;56;17170
503;57;17182
503;58;17186
504;1;10748
504;2;10752
504;3;11130
504;4;11648
504;5;11746
504;6;12265
504;7;12276
504;8;12299
504;9;12357
504;10;12712
504;11;12732
504;12;13222
504;13;13270
504;14;13733
504;15;13792
504;16;14414
504;17;14418
504;18;14786
504;19;14823
504;20;14838
504;21;15165
504;22;15175
504;23;15208
504;24;15614
504;25;15661
504;26;16032
504;27;16070
504;28;16133
504;29;16137
504;30;16196
504;31;16220
504;32;16245
504;33;16260
504;34;16305
504;35;16371
504;36;16402
504;37;16434
504;38;16840
504;39;16862
504;40;16878
504;41;16889
504;42;16893
504;43;16918
504;44;16942
504;45;16950
504;46;16951
504;47;16964
504;48;16972
504;49;17013
504;50;17028
504;51;17048
504;52;17063
504;53;17067
504;54;17069
504;55;17097
504;56;17105
504;57;17114
504;58;17124
504;59;17125
504;60;17147
504;61;17152
504;62;17162
504;63;17173
504;64;17183
505;1;11259
505;2;11292
505;3;11391
505;4;11647
505;5;11718
505;6;11729
505;7;11751
505;8;11977
505;9;11998
505;10;12021
505;11;12027
505;12;12085
505;13;12117
505;14;12559
505;15;12579
505;16;12645
505;17;13056
505;18;13486
505;19;13928
505;20;14129
505;21;14545
505;22;14578
505;23;14977
505;24;15168
505;25;15286
505;26;15424
505;27;15601
505;28;15617
505;29;15620
505;30;15638
505;31;15657
505;32;15822
505;33;16016
505;34;16054
505;35;16165
505;36;16533
505;37;16553
505;38;16575
505;39;16579
505;40;16620
505;41;16636
505;42;16672
505;43;16693
505;44;16722
505;45;16737
505;46;16854
505;47;16890
505;48;16948
505;49;16978
505;50;16988
505;51;17010
505;52;17040
505;53;17043
505;54;17065
505;55;17109
505;56;17128
505;57;17146
505;58;17150
506;1;12487
506;2;12947
506;3;13309
506;4;13326
506;5;13800
506;6;14130
506;7;14204
506;8;14527
506;9;14585
506;10;14607
506;11;14621
506;12;14947
506;13;15580
506;14;15588
506;15;16033
506;16;16053
506;17;16061
506;18;16520
506;19;16532
506;20;16549
506;21;16564
506;22;16591
506;23;16611
506;24;16623
506;25;16642
506;26;16652
506;27;16714
506;28;16752
506;29;16756
506;30;16779
506;31;16791
506;32;16823
506;33;16854
506;34;16858
506;35;16908
506;36;16926
506;37;16932
506;38;16964
506;39;16986
506;40;16990
506;41;16992
506;42;17007
506;43;17043
506;44;17053
506;45;17102
506;46;17106
506;47;17117
506;48;17121
506;49;17129
506;50;17147
506;51;17151
506;52;17156
506;53;17165
506;54;17170
506;55;17180
506;56;17192
507;1;13037
507;2;13057
507;3;13373
507;4;13706
507;5;13710
507;6;13732
507;7;14037
507;8;14214
507;9;14244
507;10;14264
507;11;14375
507;12;14514
507;13;14737
507;14;15145
507;15;15165
507;16;15173
507;17;15638
507;18;15681
507;19;16170
507;20;16271
507;21;16307
507;22;16327
507;23;16335
507;24;16411
507;25;16485
507;26;16500
507;27;16507
507;28;16577
507;29;16661
507;30;16683
507;31;16724
507;32;16741
507;33;16753
507;34;16842
507;35;16865
507;36;16884
507;37;16899
507;38;16926
507;39;16958
507;40;16967
507;41;16987
507;42;17049
507;43;17068
507;44;17072
507;45;17080
507;46;17089
507;47;17097
507;48;17106
507;49;17110
507;50;17125
507;51;17131
507;52;17144
507;53;17156
507;54;17166
507;55;17188
507;56;17192
508;1;13695
508;2;13770
508;3;13992
508;4;14549
508;5;14559
508;6;15208
508;7;15210
508;8;15585
508;9;15630
508;10;15717
508;11;15742
508;12;16208
508;13;16308
508;14;16521
508;15;16556
508;16;16588
508;17;16674
508;18;16694
508;19;16698
508;20;16752
508;21;16806
508;22;16816
508;23;16850
508;24;16873
508;25;16885
508;26;16939
508;27;16962
508;28;16984
508;29;16991
508;30;16999
508;31;17009
508;32;17031
508;33;17039
508;34;17075
508;35;17131
508;36;17145
508;37;17160
508;38;17170
508;39;17181
508;40;17192
509;1;12552
509;2;13063
509;3;13161
509;4;13165
509;5;13174
509;6;13219
509;7;13518
509;8;13670
509;9;14023
509;10;14122
509;11;14137
509;12;14516
509;13;14528
509;14;14859
509;15;14881
509;16;15341
509;17;15356
509;18;15631
509;19;15638
509;20;15650
509;21;15668
509;22;15676
509;23;15752
509;24;15884
509;25;15901
509;26;15911
509;27;15979
509;28;16077
509;29;16088
509;30;16149
509;31;16560
509;32;16629
509;33;16635
509;34;16686
509;35;16693
509;36;16746
509;37;16782
509;38;16785
509;39;16806
509;40;16842
509;41;16878
509;42;16906
509;43;16915
509;44;16977
509;45;16995
509;46;16999
509;47;17000
509;48;17009
509;49;17031
509;50;17042
509;51;17068
509;52;17086
509;53;17101
509;54;17127
509;55;17131
509;56;17163
509;57;17167
509;58;17200
509;59;17215
509;60;17226
510;1;12638
510;2;13092
510;3;13112
510;4;13132
510;5;13151
510;6;13196
510;7;13626
510;8;13659
510;9;13760
510;10;13819
510;11;14081
510;12;14083
510;13;14636
510;14;14671
510;15;14747
510;16;14769
510;17;14777
510;18;14793
510;19;15195
510;20;15283
510;21;15723
510;22;16160
510;23;16168
510;24;16190
510;25;16241
510;26;16273
510;27;16288
510;28;16298
510;29;16343
510;30;16349
510;31;16461
510;32;16697
510;33;16796
510;34;16803
510;35;16873
510;36;16885
510;37;16947
510;38;16960
510;39;16978
510;40;16984
510;41;17007
510;42;17011
510;43;17038
510;44;17060
510;45;17075
510;46;17077
510;47;17085
510;48;17107
510;49;17111
510;50;17123
510;51;17127
510;52;17151
510;53;17160
510;54;17182
511;1;11160
511;2;11214
511;3;11229
511;4;11295
511;5;11790
511;6;11812
511;7;11920
511;8;12288
511;9;12509
511;10;13083
511;11;13087
511;12;13354
511;13;13452
511;14;13485
511;15;13851
511;16;13872
511;17;14207
511;18;14615
511;19;15105
511;20;15113
511;21;15630
511;22;15755
511;23;15848
511;24;15864
511;25;15879
511;26;15920
511;27;15945
511;28;15955
511;29;15974
511;30;15978
511;31;16019
511;32;16064
511;33;16073
511;34;16584
511;35;16611
511;36;16697
511;37;16706
511;38;16707
511;39;16721
511;40;16743
511;41;16783
511;42;16808
511;43;16830
511;44;16904
511;45;16944
511;46;16962
511;47;16966
511;48;16988
511;49;17017
511;50;17019
511;51;17044
511;52;17052
511;53;17062
511;54;17083
511;55;17116
511;56;17120
511;57;17142
511;58;17178
511;59;17206
511;60;17222
512;1;11974
512;2;12410
512;3;12722
512;4;13233
512;5;13266
512;6;13375
512;7;13448
512;8;13526
512;9;13998
512;10;14066
512;11;14555
512;12;15051
512;13;15097
512;14;15103
512;15;15150
512;16;15193
512;17;15218
512;18;15707
512;19;15740
512;20;15773
512;21;16263
512;22;16282
512;23;16290
512;24;16294
512;25;16862
512;26;16863
512;27;16879
512;28;16888
512;29;16892
512;30;16899
512;31;16916
512;32;16986
512;33;16998
512;34;17004
512;35;17014
512;36;17037
512;37;17045
512;38;17081
512;39;17092
512;40;17114
513;1;12142
513;2;12447
513;3;12778
513;4;12782
513;5;12818
513;6;12851
513;7;13010
513;8;13529
513;9;13585
513;10;13647
513;11;13723
513;12;14197
513;13;14206
513;14;14612
513;15;15103
513;16;15179
513;17;15209
513;18;15231
513;19;15267
513;20;15669
513;21;15674
513;22;15675
513;23;15708
513;24;15726
513;25;15760
513;26;15787
513;27;15830
513;28;16189
513;29;16538
513;30;16612
513;31;16633
513;32;16637
513;33;16659
513;34;16703
513;35;16709
513;36;16724
513;37;16736
513;38;16761
513;39;16783
513;40;16784
513;41;16806
513;42;16823
513;43;16845
513;44;16855
513;45;16882
513;46;16892
513;47;16917
513;48;16975
513;49;16979
513;50;16988
513;51;16991
513;52;16995
513;53;17015
513;54;17030
513;55;17032
513;56;17036
513;57;17091
513;58;17108
513;59;17112
513;60;17143
513;61;17148
513;62;17157
513;63;17164
513;64;17168
513;65;17192
514;1;12508
514;2;12937
514;3;13000
514;4;13138
514;5;13559
514;6;13567
514;7;13958
514;8;13994
514;9;14006
514;10;14026
514;11;14125
514;12;14196
514;13;14598
514;14;14646
514;15;15058
514;16;15157
514;17;15270
514;18;15616
514;19;15638
514;20;15670
514;21;16024
514;22;16129
514;23;16189
514;24;16393
514;25;16614
514;26;16623
514;27;16634
514;28;16733
514;29;16766
514;30;16770
514;31;16780
514;32;16825
514;33;16862
514;34;16884
514;35;16949
514;36;17003
514;37;17007
514;38;17036
514;39;17058
514;40;17067
514;41;17079
514;42;17099
514;43;17114
514;44;17124
514;45;17125
514;46;17126
514;47;17130
514;48;17140
514;49;17143
514;50;17148
514;51;17155
514;52;17159
514;53;17175
514;54;17181
515;1;9759
515;2;10175
515;3;10629
515;4;10980
515;5;11025
515;6;11104
515;7;11407
515;8;11914
515;9;11918
515;10;11922
515;11;12014
515;12;12563
515;13;12574
515;14;12593
515;15;12640
515;16;13133
515;17;13504
515;18;13773
515;19;13785
515;20;13859
515;21;14359
515;22;14413
515;23;14945
515;24;15044
515;25;15046
515;26;15505
515;27;15775
515;28;15837
515;29;15910
515;30;15946
515;31;15977
515;32;16086
515;33;16108
515;34;16144
515;35;16153
515;36;16195
515;37;16237
515;38;16247
515;39;16315
515;40;16323
515;41;16348
515;42;16637
515;43;16682
515;44;16704
515;45;16759
515;46;16777
515;47;16790
515;48;16814
515;49;16876
515;50;16884
515;51;16917
515;52;16939
515;53;16964
515;54;17054
515;55;17076
515;56;17085
515;57;17124
515;58;17139
515;59;17158
515;60;17217
515;61;17218
515;62;17222
516;1;13037
516;2;13504
516;3;14014
516;4;14139
516;5;14161
516;6;14184
516;7;14196
516;8;14200
516;9;14564
516;10;14585
516;11;14653
516;12;15138
516;13;15153
516;14;15197
516;15;15593
516;16;16018
516;17;16270
516;18;16377
516;19;16496
516;20;16516
516;21;16538
516;22;16546
516;23;16591
516;24;16607
516;25;16617
516;26;16626
516;27;16635
516;28;16638
516;29;16676
516;30;16713
516;31;16759
516;32;16787
516;33;16806
516;34;16810
516;35;16827
516;36;16897
516;37;16901
516;38;16905
516;39;16953
516;40;16971
516;41;16983
516;42;17014
516;43;17062
516;44;17063
516;45;17079
516;46;17101
516;47;17105
516;48;17123
516;49;17148
516;50;17156
516;51;17163
516;52;17168
516;53;17172
516;54;17178
516;55;17194
516;56;17198
516;57;17200
516;58;17204
516;59;17206
516;60;17228
517;1;12330
517;2;12347
517;3;12406
517;4;12410
517;5;12981
517;6;13077
517;7;13570
517;8;14030
517;9;14398
517;10;14439
517;11;14513
517;12;15012
517;13;15027
517;14;15441
517;15;15463
517;16;15508
517;17;15585
517;18;15589
517;19;15602
517;20;15727
517;21;15748
517;22;15752
517;23;16263
517;24;16285
517;25;16294
517;26;16300
517;27;16322
517;28;16766
517;29;16806
517;30;16854
517;31;16911
517;32;16913
517;33;16915
517;34;16943
517;35;16961
517;36;16965
517;37;16983
517;38;16984
517;39;17007
517;40;17027
517;41;17045
517;42;17077
517;43;17099
517;44;17103
517;45;17112
517;46;17113
517;47;17128
517;48;17138
517;49;17139
517;50;17143
517;51;17152
517;52;17170
517;53;17211
517;54;17217
518;1;10932
518;2;11407
518;3;11896
518;4;12143
518;5;12311
518;6;12323
518;7;12783
518;8;12807
518;9;13094
518;10;13530
518;11;13879
518;12;13902
518;13;13913
518;14;13919
518;15;13941
518;16;13966
518;17;14456
518;18;14864
518;19;14956
518;20;14994
518;21;15003
518;22;15152
518;23;15566
518;24;15824
518;25;15864
518;26;15930
518;27;15994
518;28;16011
518;29;16014
518;30;16034
518;31;16044
518;32;16055
518;33;16059
518;34;16192
518;35;16196
518;36;16197
518;37;16201
518;38;16216
518;39;16255
518;40;16313
518;41;16317
518;42;16329
518;43;16338
518;44;16354
518;45;16920
518;46;16944
518;47;16948
518;48;16964
518;49;16974
518;50;16996
518;51;17001
518;52;17018
518;53;17022
518;54;17032
518;55;17036
518;56;17048
518;57;17056
518;58;17066
518;59;17127
518;60;17144
518;61;17156
518;62;17160
518;63;17185
518;64;17212
518;65;17216
518;66;17222
518;67;17226
519;1;12333
519;2;12407
519;3;12896
519;4;12916
519;5;13426
519;6;13471
519;7;13961
519;8;14007
519;9;14519
519;10;14563
519;11;14955
519;12;15059
519;13;15578
519;14;15614
519;15;15972
519;16;15991
519;17;16472
519;18;16526
519;19;16548
519;20;16552
519;21;16594
519;22;16676
519;23;16712
519;24;16721
519;25;16727
519;26;16733
519;27;16752
519;28;16770
519;29;16777
519;30;16803
519;31;16822
519;32;16845
519;33;16866
519;34;16875
519;35;16898
519;36;16901
519;37;16911
519;38;16923
519;39;16931
519;40;16953
519;41;16972
519;42;17030
519;43;17031
519;44;17041
519;45;17043
519;46;17046
519;47;17058
519;48;17067
519;49;17079
519;50;17089
519;51;17093
519;52;17141
519;53;17156
519;54;17166
519;55;17180
519;56;17190
519;57;17194
519;58;17206
519;59;17228
520;1;11726
520;2;12193
520;3;12202
520;4;12295
520;5;12386
520;6;12408
520;7;12639
520;8;12849
520;9;12897
520;10;12951
520;11;13320
520;12;13725
520;13;14026
520;14;14071
520;15;14091
520;16;14478
520;17;14591
520;18;14745
520;19;14897
520;20;15302
520;21;15375
520;22;15399
520;23;15450
520;24;15981
520;25;16036
520;26;16040
520;27;16062
520;28;16064
520;29;16079
520;30;16097
520;31;16106
520;32;16142
520;33;16153
520;34;16156
520;35;16197
520;36;16251
520;37;16265
520;38;16287
520;39;16293
520;40;16325
520;41;16424
520;42;16445
520;43;16507
520;44;16508
520;45;16517
520;46;16527
520;47;16529
520;48;16533
520;49;16548
520;50;16550
520;51;17003
520;52;17007
520;53;17061
520;54;17069
520;55;17081
520;56;17113
520;57;17117
520;58;17120
520;59;17130
520;60;17139
520;61;17170
520;62;17180
520;63;17181
521;1;13868
521;2;14194
521;3;14713
521;4;15202
521;5;15558
521;6;15624
521;7;15651
521;8;15668
521;9;15675
521;10;15737
521;11;16079
521;12;16082
521;13;16216
521;14;16282
521;15;16350
521;16;16665
521;17;16683
521;18;16687
521;19;16695
521;20;16703
521;21;16715
521;22;16769
521;23;16771
521;24;16813
521;25;16817
521;26;16850
521;27;16870
521;28;16917
521;29;16944
521;30;16955
521;31;16964
521;32;16968
521;33;16977
521;34;17013
521;35;17046
521;36;17056
521;37;17062
521;38;17071
521;39;17108
521;40;17136
521;41;17146
521;42;17164
521;43;17200
521;44;17215
521;45;17222
521;46;17226
522;1;13104
522;2;13415
522;3;13437
522;4;13513
522;5;13571
522;6;13616
522;7;13730
522;8;13752
522;9;13756
522;10;13766
522;11;13811
522;12;14084
522;13;14618
522;14;14654
522;15;15257
522;16;15277
522;17;15629
522;18;15682
522;19;15687
522;20;15728
522;21;15827
522;22;15862
522;23;15874
522;24;15917
522;25;16042
522;26;16082
522;27;16101
522;28;16123
522;29;16136
522;30;16158
522;31;16206
522;32;16215
522;33;16217
522;34;16219
522;35;16221
522;36;16229
522;37;16314
522;38;16327
522;39;16331
522;40;16334
522;41;16730
522;42;16783
522;43;16792
522;44;16800
522;45;16803
522;46;16812
522;47;16835
522;48;16839
522;49;16874
522;50;16903
522;51;16936
522;52;16958
522;53;16969
522;54;16982
522;55;16991
522;56;17001
522;57;17026
522;58;17047
522;59;17051
522;60;17093
522;61;17147
522;62;17151
522;63;17170
523;1;12852
523;2;13342
523;3;13387
523;4;13471
523;5;13570
523;6;14000
523;7;14067
523;8;14165
523;9;14203
523;10;14216
523;11;14658
523;12;14726
523;13;15215
523;14;15224
523;15;15299
523;16;15399
523;17;15849
523;18;15903
523;19;15925
523;20;16127
523;21;16182
523;22;16213
523;23;16662
523;24;16675
523;25;16706
523;26;16778
523;27;16833
523;28;16837
523;29;16855
523;30;16881
523;31;16914
523;32;16933
523;33;16992
523;34;16996
523;35;17018
523;36;17026
523;37;17040
523;38;17062
523;39;17071
523;40;17073
523;41;17088
524;1;11950
524;2;12460
524;3;12873
524;4;13215
524;5;13669
524;6;13803
524;7;14030
524;8;14513
524;9;14943
524;10;14976
524;11;15021
524;12;15144
524;13;15189
524;14;15618
524;15;15694
524;16;15711
524;17;15733
524;18;15769
524;19;16009
524;20;16028
524;21;16117
524;22;16241
524;23;16295
524;24;16806
524;25;16828
524;26;16896
524;27;16901
524;28;16924
524;29;16979
524;30;16997
524;31;17015
524;32;17017
524;33;17041
524;34;17047
524;35;17118
524;36;17139
524;37;17152
524;38;17156
524;39;17174
524;40;17183
524;41;17187
524;42;17202
525;1;11147
525;2;11787
525;3;12079
525;4;12574
525;5;12619
525;6;12629
525;7;12922
525;8;13411
525;9;13415
525;10;13891
525;11;14029
525;12;14188
525;13;14224
525;14;14552
525;15;14607
525;16;15113
525;17;15117
525;18;15161
525;19;15540
525;20;15835
525;21;15880
525;22;15930
525;23;15986
525;24;16010
525;25;16022
525;26;16076
525;27;16084
525;28;16139
525;29;16161
525;30;16173
525;31;16213
525;32;16245
525;33;16321
525;34;16326
525;35;16341
525;36;16733
525;37;16776
525;38;16805
525;39;16814
525;40;16816
525;41;16849
525;42;16853
525;43;16875
525;44;16878
525;45;16889
525;46;16930
525;47;16942
525;48;16949
525;49;16972
525;50;16979
525;51;17040
525;52;17046
525;53;17055
525;54;17085
525;55;17086
525;56;17108
525;57;17112
525;58;17115
525;59;17128
525;60;17146
525;61;17150
526;1;10742
526;2;11280
526;3;11770
526;4;12233
526;5;12738
526;6;13248
526;7;13767
526;8;13862
526;9;13881
526;10;14266
526;11;14278
526;12;14412
526;13;14413
526;14;14856
526;15;14897
526;16;14919
526;17;15355
526;18;15649
526;19;15708
526;20;15741
526;21;16214
526;22;16265
526;23;16341
526;24;16359
526;25;16363
526;26;16866
526;27;16874
526;28;16946
526;29;16947
526;30;16970
526;31;16980
526;32;16986
526;33;17001
526;34;17043
526;35;17070
526;36;17071
526;37;17093
526;38;17099
526;39;17120
526;40;17121
526;41;17147
526;42;17157
526;43;17160
526;44;17176
526;45;17178
526;46;17206
526;47;17222
527;1;12501
527;2;12615
527;3;12943
527;4;13097
527;5;13509
527;6;13894
527;7;14363
527;8;14724
527;9;15298
527;10;15754
527;11;15790
527;12;15879
527;13;16309
527;14;16489
527;15;16569
527;16;16601
527;17;16668
527;18;16674
527;19;16773
527;20;16776
527;21;16791
527;22;16814
527;23;16818
527;24;16840
527;25;16873
527;26;16887
527;27;16929
527;28;16952
527;29;16956
527;30;16976
527;31;16998
527;32;17039
527;33;17058
527;34;17076
527;35;17106
527;36;17110
527;37;17120
527;38;17135
527;39;17142
527;40;17146
528;1;10480
528;2;10503
528;3;11011
528;4;11131
528;5;11591
528;6;12231
528;7;12731
528;8;13249
528;9;13691
528;10;14110
528;11;14506
528;12;14946
528;13;15441
528;14;15488
528;15;15998
528;16;16046
528;17;16066
528;18;16463
528;19;16473
528;20;16618
528;21;16649
528;22;16656
528;23;16695
528;24;16731
528;25;16744
528;26;16766
528;27;16778
528;28;16787
528;29;16852
528;30;16862
528;31;16871
528;32;16877
528;33;16938
528;34;16959
528;35;16961
528;36;16970
528;37;17015
528;38;17030
528;39;17032
528;40;17046
528;41;17049
528;42;17053
528;43;17072
528;44;17087
528;45;17108
528;46;17130
528;47;17134
528;48;17148
528;49;17157
528;50;17181
528;51;17197
528;52;17201
528;53;17211
528;54;17217
529;1;12006
529;2;12051
529;3;12562
529;4;12973
529;5;13007
529;6;13496
529;7;13541
529;8;13655
529;9;14147
529;10;14215
529;11;14313
529;12;14771
529;13;15270
529;14;15295
529;15;15298
529;16;15315
529;17;15403
529;18;15859
529;19;16093
529;20;16501
529;21;16506
529;22;16512
529;23;16580
529;24;16590
529;25;16626
529;26;16692
529;27;16725
529;28;16766
529;29;16767
529;30;16829
529;31;16847
529;32;16851
529;33;16856
529;34;16873
529;35;16877
529;36;16881
529;37;16897
529;38;16932
529;39;16954
529;40;16978
529;41;16981
529;42;16985
529;43;17036
529;44;17062
529;45;17074
529;46;17096
529;47;17100
529;48;17102
529;49;17104
529;50;17118
529;51;17120
529;52;17127
529;53;17163
529;54;17165
529;55;17180
529;56;17202
530;1;12618
530;2;13117
530;3;13663
530;4;13733
530;5;14243
530;6;14277
530;7;14788
530;8;14887
530;9;15270
530;10;15706
530;11;16167
530;12;16178
530;13;16182
530;14;16204
530;15;16217
530;16;16254
530;17;16747
530;18;16764
530;19;16786
530;20;16794
530;21;16804
530;22;16830
530;23;16899
530;24;16967
530;25;16989
530;26;16993
530;27;17003
530;28;17004
530;29;17062
530;30;17072
530;31;17088
530;32;17098
530;33;17102
530;34;17112
530;35;17115
530;36;17123
530;37;17129
530;38;17138
530;39;17147
530;40;17160
530;41;17171
530;42;17181
531;1;12850
531;2;13060
531;3;13684
531;4;14096
531;5;14525
531;6;14583
531;7;14603
531;8;15039
531;9;15093
531;10;15322
531;11;15421
531;12;15432
531;13;15465
531;14;15585
531;15;15593
531;16;15652
531;17;15674
531;18;16088
531;19;16097
531;20;16175
531;21;16197
531;22;16217
531;23;16737
531;24;16759
531;25;16764
531;26;16770
531;27;16785
531;28;16853
531;29;16877
531;30;16899
531;31;16928
531;32;16968
531;33;17004
531;34;17019
531;35;17051
531;36;17052
531;37;17070
531;38;17080
531;39;17082
531;40;17085
531;41;17107
531;42;17111
531;43;17112
531;44;17113
531;45;17133
531;46;17149
531;47;17154
531;48;17158
532;1;11385
532;2;11583
532;3;11605
532;4;11671
532;5;12138
532;6;12142
532;7;12675
532;8;13149
532;9;13225
532;10;13229
532;11;13572
532;12;14061
532;13;14502
532;14;14915
532;15;14935
532;16;14939
532;17;14945
532;18;14967
532;19;15457
532;20;15477
532;21;15745
532;22;15803
532;23;15980
532;24;16011
532;25;16032
532;26;16166
532;27;16202
532;28;16229
532;29;16233
532;30;16270
532;31;16280
532;32;16348
532;33;16416
532;34;16422
532;35;16437
532;36;16440
532;37;16449
532;38;16763
532;39;16771
532;40;16807
532;41;16916
532;42;16990
532;43;17008
532;44;17076
532;45;17084
532;46;17097
532;47;17119
532;48;17129
532;49;17136
532;50;17140
532;51;17150
533;1;12527
533;2;13176
533;3;13177
533;4;13213
533;5;13219
533;6;13709
533;7;14121
533;8;14533
533;9;14609
533;10;14613
533;11;14693
533;12;15203
533;13;15248
533;14;15269
533;15;15732
533;16;15776
533;17;16056
533;18;16057
533;19;16074
533;20;16086
533;21;16098
533;22;16164
533;23;16168
533;24;16190
533;25;16202
533;26;16214
533;27;16272
533;28;16283
533;29;16305
533;30;16320
533;31;16336
533;32;16416
533;33;16429
533;34;16802
533;35;16835
533;36;16846
533;37;16882
533;38;16944
533;39;16960
533;40;16980
533;41;16992
533;42;17001
533;43;17021
533;44;17025
533;45;17026
533;46;17037
533;47;17041
533;48;17045
533;49;17068
533;50;17094
533;51;17102
533;52;17110
533;53;17126
533;54;17143
533;55;17151
533;56;17154
533;57;17158
533;58;17171
534;1;12601
534;2;12650
534;3;13028
534;4;13055
534;5;13129
534;6;13133
534;7;13161
534;8;13561
534;9;13979
534;10;14033
534;11;14544
534;12;14564
534;13;15057
534;14;15111
534;15;15427
534;16;15430
534;17;15949
534;18;16438
534;19;16492
534;20;16498
534;21;16538
534;22;16595
534;23;16642
534;24;16657
534;25;16679
534;26;16689
534;27;16693
534;28;16716
534;29;16724
534;30;16778
534;31;16814
534;32;16895
534;33;16917
534;34;16953
534;35;16965
534;36;16969
534;37;16970
534;38;16979
534;39;17043
534;40;17058
534;41;17094
534;42;17099
534;43;17103
534;44;17125
534;45;17127
534;46;17128
534;47;17138
534;48;17170
534;49;17182
534;50;17186
535;1;12227
535;2;12470
535;3;12542
535;4;12982
535;5;13418
535;6;13478
535;7;13967
535;8;14274
535;9;14328
535;10;14348
535;11;14525
535;12;14832
535;13;14890
535;14;14906
535;15;14912
535;16;14937
535;17;15096
535;18;15110
535;19;15212
535;20;15535
535;21;15543
535;22;15615
535;23;15619
535;24;15980
535;25;16031
535;26;16103
535;27;16121
535;28;16183
535;29;16192
535;30;16237
535;31;16270
535;32;16278
535;33;16297
535;34;16752
535;35;16886
535;36;16908
535;37;16931
535;38;16939
535;39;16968
535;40;16983
535;41;16997
535;42;16998
535;43;17007
535;44;17008
535;45;17051
535;46;17057
535;47;17079
535;48;17083
535;49;17096
535;50;17098
535;51;17099
535;52;17115
535;53;17123
536;1;12999
536;2;13037
536;3;13090
536;4;13468
536;5;13517
536;6;13868
536;7;13904
536;8;14382
536;9;14402
536;10;14551
536;11;14570
536;12;14595
536;13;14632
536;14;14725
536;15;14731
536;16;15109
536;17;15618
536;18;15633
536;19;15949
536;20;16074
536;21;16096
536;22;16110
536;23;16178
536;24;16200
536;25;16232
536;26;16250
536;27;16268
536;28;16278
536;29;16288
536;30;16664
536;31;16665
536;32;16693
536;33;16702
536;34;16761
536;35;16766
536;36;16788
536;37;16815
536;38;16820
536;39;16835
536;40;16917
536;41;16921
536;42;16941
536;43;16956
536;44;17030
536;45;17052
536;46;17075
536;47;17101
536;48;17109
536;49;17145
536;50;17151
536;51;17161
536;52;17183
537;1;11119
537;2;11541
537;3;12060
537;4;12075
537;5;12451
537;6;12632
537;7;13132
537;8;13609
537;9;13632
537;10;13708
537;11;13766
537;12;13780
537;13;14191
537;14;14259
537;15;14337
537;16;14378
537;17;14808
537;18;14830
537;19;14875
537;20;15314
537;21;15736
537;22;16199
537;23;16244
537;24;16266
537;25;16285
537;26;16316
537;27;16652
537;28;16744
537;29;16771
537;30;16821
537;31;16889
537;32;16911
537;33;16920
537;34;16931
537;35;16989
537;36;16997
537;37;17001
537;38;17023
537;39;17038
537;40;17076
537;41;17081
537;42;17089
537;43;17115
537;44;17125
537;45;17158
537;46;17166
537;47;17172
537;48;17183
537;49;17187
538;1;10808
538;2;10827
538;3;10855
538;4;10878
538;5;10889
538;6;11379
538;7;11786
538;8;12186
538;9;12622
538;10;13160
538;11;13682
538;12;14119
538;13;14164
538;14;14186
538;15;14560
538;16;14622
538;17;15076
538;18;15082
538;19;15447
538;20;15480
538;21;15534
538;22;15563
538;23;15572
538;24;15648
538;25;16082
538;26;16098
538;27;16146
538;28;16641
538;29;16643
538;30;16732
538;31;16756
538;32;16760
538;33;16764
538;34;16768
538;35;16787
538;36;16788
538;37;16798
538;38;16801
538;39;16815
538;40;16820
538;41;16853
538;42;16857
538;43;16865
538;44;16911
538;45;16926
538;46;16985
538;47;17007
538;48;17105
538;49;17115
538;50;17124
538;51;17141
538;52;17145
538;53;17150
538;54;17159
538;55;17166
538;56;17170
538;57;17192
539;1;10605
539;2;10900
539;3;11280
539;4;11288
539;5;11701
539;6;11760
539;7;12124
539;8;12597
539;9;12910
539;10;13355
539;11;13363
539;12;13373
539;13;13443
539;14;13886
539;15;14020
539;16;14074
539;17;14524
539;18;14581
539;19;14673
539;20;14695
539;21;15184
539;22;15220
539;23;15231
539;24;15542
539;25;15713
539;26;15719
539;27;16016
539;28;16048
539;29;16192
539;30;16194
539;31;16195
539;32;16296
539;33;16304
539;34;16324
539;35;16328
539;36;16334
539;37;16336
539;38;16345
539;39;16378
539;40;16733
539;41;16769
539;42;16773
539;43;16780
539;44;16798
539;45;16801
539;46;16833
539;47;16856
539;48;16871
539;49;16893
539;50;16898
539;51;16933
539;52;16935
539;53;16951
539;54;16955
539;55;17003
539;56;17012
539;57;17016
539;58;17017
539;59;17032
539;60;17042
539;61;17058
539;62;17073
539;63;17083
539;64;17121
539;65;17135
539;66;17145
539;67;17149
539;68;17157
539;69;17161
539;70;17177
539;71;17222
540;1;12879
540;2;13252
540;3;13297
540;4;13510
540;5;13548
540;6;13581
540;7;13689
540;8;13711
540;9;14140
540;10;14577
540;11;14609
540;12;14654
540;13;14788
540;14;14792
540;15;14808
540;16;14822
540;17;15195
540;18;15201
540;19;15299
540;20;15588
540;21;15609
540;22;15635
540;23;16061
540;24;16175
540;25;16255
540;26;16662
540;27;16684
540;28;16723
540;29;16727
540;30;16731
540;31;16738
540;32;16741
540;33;16750
540;34;16769
540;35;16813
540;36;16817
540;37;16837
540;38;16873
540;39;16874
540;40;16882
540;41;16895
540;42;16909
540;43;16914
540;44;16950
540;45;16969
540;46;16973
540;47;16991
540;48;16995
540;49;17013
540;50;17050
540;51;17066
540;52;17076
540;53;17078
540;54;17114
540;55;17150
540;56;17151
540;57;17161
541;1;12932
541;2;13350
541;3;13665
541;4;14077
541;5;14089
541;6;14091
541;7;14221
541;8;14629
541;9;15092
541;10;15383
541;11;15402
541;12;15482
541;13;15486
541;14;15904
541;15;16221
541;16;16257
541;17;16301
541;18;16359
541;19;16368
541;20;16419
541;21;16444
541;22;16456
541;23;16473
541;24;16491
541;25;16599
541;26;16644
541;27;16666
541;28;16701
541;29;16710
541;30;16778
541;31;16799
541;32;16844
541;33;16885
541;34;16935
541;35;16945
541;36;16951
541;37;16959
541;38;16981
541;39;17066
541;40;17102
541;41;17108
541;42;17119
541;43;17123
541;44;17130
541;45;17146
541;46;17162
541;47;17166
541;48;17170
541;49;17192
542;1;12728
542;2;12802
542;3;13312
542;4;13324
542;5;13582
542;6;13644
542;7;13662
542;8;13666
542;9;13751
542;10;13850
542;11;14499
542;12;14968
542;13;15369
542;14;15413
542;15;15926
542;16;15943
542;17;15965
542;18;16405
542;19;16413
542;20;16419
542;21;16424
542;22;16469
542;23;16473
542;24;16487
542;25;16496
542;26;16538
542;27;16558
542;28;16567
542;29;16577
542;30;16583
542;31;16586
542;32;16618
542;33;16632
542;34;16671
542;35;16686
542;36;16708
542;37;16714
542;38;16720
542;39;16750
542;40;16769
542;41;16779
542;42;16812
542;43;16827
542;44;16887
542;45;16891
542;46;16913
542;47;16918
542;48;16922
542;49;16926
542;50;16937
542;51;16953
542;52;16968
542;53;16990
542;54;17004
542;55;17023
542;56;17028
542;57;17032
542;58;17049
542;59;17053
542;60;17061
542;61;17066
542;62;17081
542;63;17102
542;64;17120
542;65;17128
542;66;17144
543;1;11202
543;2;11238
543;3;11694
543;4;12134
543;5;12519
543;6;12893
543;7;12933
543;8;12949
543;9;13458
543;10;13554
543;11;13560
543;12;13968
543;13;14428
543;14;14504
543;15;14863
543;16;14881
543;17;15153
543;18;15718
543;19;15726
543;20;15729
543;21;15733
543;22;15768
543;23;16202
543;24;16230
543;25;16268
543;26;16315
543;27;16327
543;28;16346
543;29;16371
543;30;16422
543;31;16462
543;32;16482
543;33;16529
543;34;16544
543;35;16620
543;36;16631
543;37;16706
543;38;16719
543;39;16731
543;40;16774
543;41;16788
543;42;16828
543;43;16850
543;44;16854
543;45;16863
543;46;16905
543;47;16907
543;48;16922
543;49;16923
543;50;16943
543;51;16981
543;52;17022
543;53;17032
543;54;17076
543;55;17085
543;56;17107
543;57;17114
543;58;17121
543;59;17143
543;60;17145
543;61;17150
543;62;17162
543;63;17163
544;1;11995
544;2;12454
544;3;12550
544;4;12957
544;5;13456
544;6;13912
544;7;14287
544;8;14291
544;9;14349
544;10;14757
544;11;14765
544;12;14780
544;13;14994
544;14;15092
544;15;15146
544;16;15559
544;17;15780
544;18;15781
544;19;15835
544;20;15839
544;21;15853
544;22;15921
544;23;15925
544;24;15981
544;25;15989
544;26;15991
544;27;16018
544;28;16021
544;29;16032
544;30;16036
544;31;16583
544;32;16658
544;33;16688
544;34;16699
544;35;16776
544;36;16844
544;37;16851
544;38;16855
544;39;16859
544;40;16932
544;41;16963
544;42;17025
544;43;17054
544;44;17066
544;45;17134
544;46;17140
544;47;17162
544;48;17166
544;49;17176
544;50;17178
544;51;17187
544;52;17192
544;53;17202
545;1;12007
545;2;12198
545;3;12350
545;4;12783
545;5;13184
545;6;13283
545;7;13323
545;8;13689
545;9;13809
545;10;13813
545;11;13834
545;12;13892
545;13;13900
545;14;14343
545;15;14441
545;16;14940
545;17;15417
545;18;15534
545;19;15602
545;20;15921
545;21;15987
545;22;16021
545;23;16025
545;24;16079
545;25;16190
545;26;16207
545;27;16521
545;28;16541
545;29;16544
545;30;16601
545;31;16614
545;32;16630
545;33;16651
545;34;16673
545;35;16718
545;36;16769
545;37;16805
545;38;16857
545;39;16876
545;40;16895
545;41;16942
545;42;16954
545;43;16976
545;44;17052
545;45;17056
545;46;17097
545;47;17112
545;48;17117
545;49;17157
545;50;17161
545;51;17162
545;52;17179
545;53;17183
545;54;17228
546;1;11320
546;2;11780
546;3;12192
546;4;12203
546;5;12581
546;6;12645
546;7;12744
546;8;13158
546;9;13289
546;10;13622
546;11;14121
546;12;14399
546;13;14405
546;14;14822
546;15;14844
546;16;14958
546;17;15598
546;18;15643
546;19;15914
546;20;15937
546;21;16150
546;22;16195
546;23;16524
546;24;16586
546;25;16639
546;26;16654
546;27;16724
546;28;16751
546;29;16809
546;30;16813
546;31;16814
546;32;16816
546;33;16821
546;34;16834
546;35;16835
546;36;16844
546;37;16866
546;38;16868
546;39;16872
546;40;16900
546;41;16901
546;42;16903
546;43;16907
546;44;16943
546;45;16950
546;46;16960
546;47;16982
546;48;17061
546;49;17072
546;50;17082
546;51;17083
546;52;17093
546;53;17125
546;54;17129
546;55;17142
546;56;17164
546;57;17170
546;58;17186
547;1;12795
547;2;12913
547;3;13171
547;4;13189
547;5;13225
547;6;13275
547;7;13296
547;8;13340
547;9;13350
547;10;13404
547;11;13864
547;12;14403
547;13;14859
547;14;14882
547;15;14915
547;16;14919
547;17;14964
547;18;15386
547;19;15529
547;20;15687
547;21;15694
547;22;15706
547;23;15765
547;24;16167
547;25;16225
547;26;16533
547;27;16632
547;28;16708
547;29;16711
547;30;16764
547;31;16773
547;32;16812
547;33;16897
547;34;16900
547;35;16903
547;36;16918
547;37;16941
547;38;16944
547;39;16994
547;40;17018
547;41;17030
547;42;17034
547;43;17044
547;44;17066
547;45;17077
547;46;17087
547;47;17149
547;48;17151
547;49;17166
547;50;17188
547;51;17192
548;1;12522
548;2;12549
548;3;12553
548;4;12607
548;5;13126
548;6;13589
548;7;13651
548;8;14156
548;9;14666
548;10;15074
548;11;15083
548;12;15519
548;13;15555
548;14;15556
548;15;16046
548;16;16091
548;17;16101
548;18;16128
548;19;16140
548;20;16193
548;21;16200
548;22;16221
548;23;16230
548;24;16241
548;25;16263
548;26;16715
548;27;16723
548;28;16731
548;29;16785
548;30;16789
548;31;16798
548;32;16806
548;33;16849
548;34;16851
548;35;16853
548;36;16861
548;37;16862
548;38;16863
548;39;16877
548;40;16881
548;41;16980
548;42;16992
548;43;17000
548;44;17005
548;45;17009
548;46;17019
548;47;17024
548;48;17045
548;49;17066
548;50;17092
548;51;17114
548;52;17140
548;53;17159
548;54;17178
548;55;17182
548;56;17183
549;1;13397
549;2;13500
549;3;14049
549;4;14125
549;5;14749
549;6;15141
549;7;15475
549;8;15508
549;9;15565
549;10;15968
549;11;16042
549;12;16445
549;13;16488
549;14;16494
549;15;16503
549;16;16536
549;17;16572
549;18;16676
549;19;16720
549;20;16738
549;21;16748
549;22;16816
549;23;16834
549;24;16901
549;25;16941
549;26;16961
549;27;16969
549;28;17005
549;29;17015
549;30;17019
549;31;17028
549;32;17058
549;33;17071
549;34;17111
549;35;17120
549;36;17136
549;37;17158
549;38;17191
549;39;17206
550;1;12663
550;2;13015
550;3;13091
550;4;13644
550;5;14108
550;6;14128
550;7;14603
550;8;14824
550;9;15022
550;10;15430
550;11;15489
550;12;15495
550;13;15507
550;14;15521
550;15;15532
550;16;16043
550;17;16051
550;18;16119
550;19;16132
550;20;16151
550;21;16159
550;22;16167
550;23;16212
550;24;16220
550;25;16240
550;26;16253
550;27;16274
550;28;16305
550;29;16685
550;30;16688
550;31;16703
550;32;16707
550;33;16719
550;34;16729
550;35;16779
550;36;16837
550;37;16869
550;38;16896
550;39;16919
550;40;16929
550;41;16963
550;42;17010
550;43;17055
550;44;17059
550;45;17082
550;46;17091
550;47;17101
550;48;17109
550;49;17116
550;50;17125
550;51;17129
550;52;17141
550;53;17151
550;54;17152
551;1;12381
551;2;12414
551;3;12513
551;4;12870
551;5;13472
551;6;13850
551;7;13883
551;8;13916
551;9;14350
551;10;14386
551;11;14433
551;12;14716
551;13;14737
551;14;15193
551;15;15201
551;16;15259
551;17;15332
551;18;15864
551;19;15902
551;20;16307
551;21;16395
551;22;16417
551;23;16421
551;24;16423
551;25;16459
551;26;16476
551;27;16495
551;28;16549
551;29;16590
551;30;16601
551;31;16636
551;32;16659
551;33;16660
551;34;16668
551;35;16678
551;36;16708
551;37;16729
551;38;16747
551;39;16748
551;40;16787
551;41;16802
551;42;16810
551;43;16819
551;44;16836
551;45;16841
551;46;16891
551;47;16901
551;48;16912
551;49;16916
551;50;16925
551;51;16927
551;52;16939
551;53;16947
551;54;16957
551;55;16986
551;56;17008
551;57;17018
551;58;17029
551;59;17039
551;60;17084
551;61;17099
551;62;17108
551;63;17114
551;64;17115
551;65;17119
551;66;17120
551;67;17129
551;68;17135
551;69;17136
551;70;17140
551;71;17145
551;72;17160
551;73;17182
551;74;17186
552;1;12620
552;2;12902
552;3;13032
552;4;13124
552;5;13146
552;6;13168
552;7;13631
552;8;13893
552;9;14257
552;10;14293
552;11;14884
552;12;14901
552;13;15389
552;14;15667
552;15;15698
552;16;15704
552;17;15775
552;18;15787
552;19;15790
552;20;15798
552;21;15828
552;22;15914
552;23;15918
552;24;15929
552;25;15997
552;26;16020
552;27;16067
552;28;16137
552;29;16213
552;30;16254
552;31;16610
552;32;16614
552;33;16662
552;34;16663
552;35;16674
552;36;16769
552;37;16781
552;38;16801
552;39;16805
552;40;16863
552;41;16873
552;42;16888
552;43;16910
552;44;16949
552;45;16968
552;46;16975
552;47;16985
552;48;17000
552;49;17001
552;50;17004
552;51;17014
552;52;17036
552;53;17077
552;54;17081
552;55;17115
552;56;17116
552;57;17120
552;58;17142
552;59;17154
552;60;17161
553;1;12400
553;2;12767
553;3;13236
553;4;13667
553;5;13734
553;6;14224
553;7;14250
553;8;14427
553;9;14526
553;10;14930
553;11;15354
553;12;15386
553;13;15398
553;14;15456
553;15;15556
553;16;15911
553;17;15947
553;18;15951
553;19;15973
553;20;15986
553;21;16564
553;22;16578
553;23;16586
553;24;16655
553;25;16677
553;26;16715
553;27;16721
553;28;16737
553;29;16746
553;30;16766
553;31;16778
553;32;16800
553;33;16804
553;34;16806
553;35;16850
553;36;16886
553;37;16896
553;38;16907
553;39;16982
553;40;16987
553;41;17038
553;42;17057
553;43;17079
553;44;17083
553;45;17131
553;46;17141
553;47;17163
553;48;17168
553;49;17180
553;50;17181
554;1;12638
554;2;13006
554;3;13164
554;4;13683
554;5;14021
554;6;14387
554;7;14623
554;8;14628
554;9;14679
554;10;15027
554;11;15081
554;12;15098
554;13;15490
554;14;15494
554;15;15520
554;16;15532
554;17;15551
554;18;16048
554;19;16068
554;20;16091
554;21;16100
554;22;16104
554;23;16155
554;24;16299
554;25;16319
554;26;16338
554;27;16787
554;28;16796
554;29;16839
554;30;16849
554;31;16850
554;32;16864
554;33;16886
554;34;16900
554;35;16932
554;36;16954
554;37;16955
554;38;16980
554;39;16987
554;40;16999
554;41;17021
554;42;17034
554;43;17051
554;44;17055
554;45;17057
554;46;17061
554;47;17095
554;48;17113
554;49;17131
554;50;17135
554;51;17178
554;52;17183
555;1;12190
555;2;12200
555;3;12267
555;4;12762
555;5;13229
555;6;13720
555;7;14128
555;8;14132
555;9;14650
555;10;15162
555;11;15187
555;12;15233
555;13;15237
555;14;15588
555;15;15600
555;16;15652
555;17;15739
555;18;15742
555;19;15775
555;20;15806
555;21;16054
555;22;16065
555;23;16098
555;24;16174
555;25;16397
555;26;16533
555;27;16610
555;28;16622
555;29;16669
555;30;16689
555;31;16696
555;32;16698
555;33;16701
555;34;16709
555;35;16716
555;36;16770
555;37;16798
555;38;16799
555;39;16806
555;40;16852
555;41;16859
555;42;16867
555;43;16873
555;44;16885
555;45;16972
555;46;16990
555;47;16991
555;48;17011
555;49;17023
555;50;17027
555;51;17035
555;52;17061
555;53;17073
555;54;17103
555;55;17118
555;56;17122
555;57;17126
555;58;17146
555;59;17161
555;60;17170
555;61;17181
556;1;14060
556;2;14568
556;3;14590
556;4;14626
556;5;14640
556;6;15014
556;7;15399
556;8;15453
556;9;15517
556;10;15568
556;11;15626
556;12;15961
556;13;15993
556;14;16038
556;15;16043
556;16;16068
556;17;16105
556;18;16495
556;19;16519
556;20;16623
556;21;16653
556;22;16723
556;23;16753
556;24;16757
556;25;16758
556;26;16826
556;27;16845
556;28;16855
556;29;16864
556;30;16885
556;31;16892
556;32;16898
556;33;16930
556;34;16952
556;35;16956
556;36;16978
556;37;16999
556;38;17014
556;39;17024
556;40;17049
556;41;17052
556;42;17056
556;43;17069
556;44;17078
556;45;17082
556;46;17087
556;47;17094
556;48;17101
556;49;17103
556;50;17104
556;51;17113
556;52;17135
556;53;17137
556;54;17139
556;55;17161
556;56;17166
556;57;17170
556;58;17188
556;59;17192
557;1;12292
557;2;12704
557;3;13177
557;4;13453
557;5;13494
557;6;13984
557;7;14104
557;8;14194
557;9;14208
557;10;14227
557;11;14336
557;12;14625
557;13;15082
557;14;15145
557;15;15153
557;16;15271
557;17;15339
557;18;15358
557;19;15810
557;20;15814
557;21;16250
557;22;16273
557;23;16311
557;24;16345
557;25;16744
557;26;16762
557;27;16830
557;28;16848
557;29;16873
557;30;16876
557;31;16899
557;32;16905
557;33;16924
557;34;16957
557;35;16992
557;36;16996
557;37;17011
557;38;17017
557;39;17042
557;40;17050
557;41;17053
557;42;17062
557;43;17071
557;44;17072
557;45;17078
557;46;17090
557;47;17112
557;48;17129
557;49;17140
557;50;17150
557;51;17151
557;52;17161
557;53;17183
558;1;12374
558;2;12696
558;3;13267
558;4;13302
558;5;13441
558;6;13618
558;7;13704
558;8;13996
558;9;14093
558;10;14381
558;11;14426
558;12;14892
558;13;15485
558;14;15859
558;15;15904
558;16;16258
558;17;16394
558;18;16453
558;19;16485
558;20;16513
558;21;16515
558;22;16552
558;23;16574
558;24;16588
558;25;16592
558;26;16594
558;27;16639
558;28;16642
558;29;16715
558;30;16731
558;31;16740
558;32;16744
558;33;16766
558;34;16811
558;35;16820
558;36;16828
558;37;16838
558;38;16842
558;39;16869
558;40;16884
558;41;16932
558;42;16942
558;43;16951
558;44;16959
558;45;16996
558;46;17064
558;47;17067
558;48;17079
558;49;17125
558;50;17179
558;51;17183
558;52;17192
558;53;17202
558;54;17215
559;1;13109
559;2;13428
559;3;13496
559;4;13874
559;5;13937
559;6;14012
559;7;14474
559;8;14593
559;9;14702
559;10;14765
559;11;14833
559;12;14852
559;13;15177
559;14;15432
559;15;15529
559;16;15604
559;17;15632
559;18;15682
559;19;16099
559;20;16123
559;21;16127
559;22;16153
559;23;16175
559;24;16192
559;25;16209
559;26;16247
559;27;16254
559;28;16276
559;29;16280
559;30;16321
559;31;16331
559;32;16343
559;33;16375
559;34;16427
559;35;16429
559;36;16433
559;37;16444
559;38;16466
559;39;16485
559;40;16500
559;41;16509
559;42;16531
559;43;16570
559;44;16609
559;45;16639
559;46;16649
559;47;16668
559;48;17048
559;49;17080
559;50;17117
559;51;17129
559;52;17139
559;53;17156
559;54;17181
559;55;17185
560;1;11344
560;2;11415
560;3;11793
560;4;11869
560;5;12358
560;6;12380
560;7;12402
560;8;12443
560;9;13043
560;10;13484
560;11;13592
560;12;14052
560;13;14400
560;14;14819
560;15;14864
560;16;14972
560;17;15380
560;18;15392
560;19;15404
560;20;15450
560;21;15455
560;22;15889
560;23;15896
560;24;15957
560;25;15961
560;26;16124
560;27;16133
560;28;16145
560;29;16176
560;30;16185
560;31;16239
560;32;16858
560;33;16881
560;34;16926
560;35;16930
560;36;16934
560;37;16943
560;38;16955
560;39;17031
560;40;17042
560;41;17052
560;42;17096
560;43;17101
560;44;17105
560;45;17147
560;46;17168
560;47;17172
560;48;17179
560;49;17188
560;50;17200
560;51;17204
560;52;17228
561;1;9949
561;2;10085
561;3;10575
561;4;10689
561;5;11199
561;6;11699
561;7;12252
561;8;12660
561;9;12664
561;10;13196
561;11;13614
561;12;14103
561;13;14161
561;14;14166
561;15;14350
561;16;14372
561;17;14717
561;18;15236
561;19;15463
561;20;15482
561;21;15487
561;22;15522
561;23;15576
561;24;15962
561;25;15970
561;26;16099
561;27;16146
561;28;16160
561;29;16187
561;30;16209
561;31;16250
561;32;16251
561;33;16269
561;34;16287
561;35;16297
561;36;16346
561;37;16404
561;38;16414
561;39;16425
561;40;16481
561;41;16493
561;42;16909
561;43;16913
561;44;16925
561;45;16932
561;46;16942
561;47;16950
561;48;16954
561;49;17001
561;50;17006
561;51;17011
561;52;17079
561;53;17087
561;54;17097
561;55;17115
561;56;17124
561;57;17131
561;58;17134
561;59;17144
561;60;17148
561;61;17163
561;62;17170
562;1;13606
562;2;13969
562;3;14413
562;4;14473
562;5;14523
562;6;14524
562;7;14815
562;8;15305
562;9;15378
562;10;15395
562;11;15427
562;12;15449
562;13;15454
562;14;15494
562;15;15501
562;16;15505
562;17;15523
562;18;15609
562;19;15614
562;20;15680
562;21;15710
562;22;15726
562;23;15736
562;24;15740
562;25;16134
562;26;16143
562;27;16180
562;28;16183
562;29;16321
562;30;16776
562;31;16800
562;32;16809
562;33;16854
562;34;16876
562;35;16885
562;36;16893
562;37;16908
562;38;16931
562;39;16952
562;40;16984
562;41;17015
562;42;17077
562;43;17097
562;44;17112
562;45;17149
562;46;17153
562;47;17195
562;48;17217
563;1;12756
563;2;12835
563;3;13271
563;4;13311
563;5;13341
563;6;13462
563;7;13522
563;8;13954
563;9;14536
563;10;14594
563;11;14639
563;12;15033
563;13;15042
563;14;15553
563;15;15701
563;16;15759
563;17;15870
563;18;15921
563;19;15946
563;20;16392
563;21;16406
563;22;16420
563;23;16461
563;24;16515
563;25;16523
563;26;16527
563;27;16539
563;28;16572
563;29;16578
563;30;16585
563;31;16608
563;32;16666
563;33;16690
563;34;16747
563;35;16793
563;36;16826
563;37;16845
563;38;16869
563;39;16897
563;40;16909
563;41;16919
563;42;16954
563;43;16998
563;44;17066
563;45;17088
563;46;17091
563;47;17126
563;48;17185
563;49;17191
563;50;17195
563;51;17217
564;1;12307
564;2;12727
564;3;13125
564;4;13129
564;5;13445
564;6;13470
564;7;13563
564;8;14023
564;9;14027
564;10;14474
564;11;14631
564;12;14909
564;13;15013
564;14;15022
564;15;15356
564;16;15422
564;17;15423
564;18;15438
564;19;15609
564;20;15612
564;21;16056
564;22;16092
564;23;16112
564;24;16134
564;25;16529
564;26;16533
564;27;16569
564;28;16614
564;29;16646
564;30;16663
564;31;16665
564;32;16682
564;33;16705
564;34;16714
564;35;16768
564;36;16780
564;37;16784
564;38;16787
564;39;16820
564;40;16835
564;41;16847
564;42;16865
564;43;16933
564;44;16950
564;45;16951
564;46;16955
564;47;17049
564;48;17074
564;49;17075
564;50;17090
564;51;17112
564;52;17117
564;53;17121
564;54;17122
564;55;17126
564;56;17136
564;57;17146
564;58;17150
564;59;17228
565;1;12985
565;2;13393
565;3;13420
565;4;13879
565;5;14092
565;6;14460
565;7;14516
565;8;14950
565;9;15079
565;10;15083
565;11;15277
565;12;15299
565;13;15712
565;14;16239
565;15;16263
565;16;16280
565;17;16302
565;18;16356
565;19;16360
565;20;16382
565;21;16791
565;22;16823
565;23;16837
565;24;16839
565;25;16868
565;26;16874
565;27;16896
565;28;16911
565;29;16972
565;30;16979
565;31;17002
565;32;17009
565;33;17013
565;34;17035
565;35;17117
565;36;17125
565;37;17136
565;38;17151
565;39;17152
566;1;11200
566;2;11584
566;3;12058
566;4;12682
566;5;12839
566;6;12904
566;7;13085
566;8;13444
566;9;13456
566;10;13530
566;11;13546
566;12;13556
566;13;14051
566;14;14225
566;15;14272
566;16;14643
566;17;15103
566;18;15112
566;19;15507
566;20;15611
566;21;15929
566;22;15933
566;23;15978
566;24;16520
566;25;16526
566;26;16542
566;27;16564
566;28;16565
566;29;16599
566;30;16618
566;31;16619
566;32;16653
566;33;16685
566;34;16686
566;35;16740
566;36;16776
566;37;16785
566;38;16802
566;39;16812
566;40;16818
566;41;16822
566;42;16879
566;43;16898
566;44;16915
566;45;16956
566;46;16982
566;47;17001
566;48;17018
566;49;17026
566;50;17050
566;51;17062
566;52;17082
566;53;17090
566;54;17091
566;55;17123
566;56;17124
566;57;17134
566;58;17142
566;59;17148
566;60;17157
566;61;17167
566;62;17171
566;63;17176
566;64;17180
566;65;17194
567;1;13127
567;2;13145
567;3;13162
567;4;13563
567;5;13969
567;6;14190
567;7;14682
567;8;14801
567;9;15289
567;10;15807
567;11;15819
567;12;15823
567;13;15855
567;14;15863
567;15;15925
567;16;16121
567;17;16182
567;18;16192
567;19;16221
567;20;16295
567;21;16340
567;22;16344
567;23;16365
567;24;16661
567;25;16797
567;26;16819
567;27;16837
567;28;16888
567;29;16915
567;30;16937
567;31;16951
567;32;17006
567;33;17009
567;34;17050
567;35;17062
567;36;17075
567;37;17085
567;38;17097
567;39;17099
567;40;17110
567;41;17119
567;42;17127
567;43;17133
567;44;17143
567;45;17154
567;46;17160
567;47;17170
567;48;17174
567;49;17181
568;1;11555
568;2;11896
568;3;12289
568;4;12802
568;5;12824
568;6;13335
568;7;13389
568;8;13397
568;9;13496
568;10;13528
568;11;13858
568;12;13891
568;13;14215
568;14;14227
568;15;14593
568;16;14596
568;17;14773
568;18;15041
568;19;15095
568;20;15220
568;21;15280
568;22;15328
568;23;15360
568;24;15382
568;25;15650
568;26;15695
568;27;15804
568;28;15815
568;29;15841
568;30;15920
568;31;15991
568;32;16008
568;33;16042
568;34;16064
568;35;16122
568;36;16130
568;37;16134
568;38;16202
568;39;16243
568;40;16247
568;41;16257
568;42;16266
568;43;16294
568;44;16312
568;45;16322
568;46;16923
568;47;16931
568;48;16941
568;49;16945
568;50;16946
568;51;16967
568;52;16971
568;53;16993
568;54;17014
568;55;17035
568;56;17050
568;57;17054
568;58;17094
568;59;17128
568;60;17131
568;61;17135
568;62;17142
568;63;17150
568;64;17160
568;65;17176
568;66;17217
569;1;12129
569;2;12622
569;3;13112
569;4;13761
569;5;14133
569;6;14154
569;7;14404
569;8;14923
569;9;15019
569;10;15060
569;11;15128
569;12;15471
569;13;15479
569;14;15900
569;15;15999
569;16;16021
569;17;16036
569;18;16150
569;19;16205
569;20;16327
569;21;16347
569;22;16359
569;23;16360
569;24;16368
569;25;16381
569;26;16803
569;27;16884
569;28;16890
569;29;16912
569;30;16916
569;31;16933
569;32;16938
569;33;16943
569;34;16965
569;35;16969
569;36;17023
569;37;17066
569;38;17088
569;39;17103
569;40;17107
569;41;17109
569;42;17124
569;43;17150
569;44;17156
569;45;17172
569;46;17176
569;47;17222
570;1;13172
570;2;13632
570;3;13700
570;4;14167
570;5;14238
570;6;14650
570;7;15057
570;8;15061
570;9;15137
570;10;15158
570;11;15253
570;12;15293
570;13;15337
570;14;15443
570;15;15449
570;16;15459
570;17;15538
570;18;15552
570;19;15968
570;20;15985
570;21;16025
570;22;16314
570;23;16336
570;24;16391
570;25;16495
570;26;16517
570;27;16536
570;28;16571
570;29;16575
570;30;16585
570;31;16634
570;32;16692
570;33;16766
570;34;16775
570;35;16783
570;36;16791
570;37;16795
570;38;16805
570;39;16815
570;40;16856
570;41;16875
570;42;16879
570;43;16905
570;44;16942
570;45;16952
570;46;16997
570;47;17019
570;48;17033
570;49;17055
570;50;17064
570;51;17076
570;52;17087
570;53;17088
571;1;11840
571;2;11939
571;3;12264
571;4;12754
571;5;12825
571;6;12858
571;7;13008
571;8;13084
571;9;13240
571;10;13244
571;11;13733
571;12;13917
571;13;13996
571;14;14124
571;15;14168
571;16;14582
571;17;14952
571;18;15288
571;19;15403
571;20;15408
571;21;15512
571;22;15917
571;23;15919
571;24;15987
571;25;15989
571;26;16012
571;27;16033
571;28;16066
571;29;16080
571;30;16134
571;31;16144
571;32;16188
571;33;16198
571;34;16233
571;35;16245
571;36;16271
571;37;16275
571;38;16285
571;39;16774
571;40;16818
571;41;16842
571;42;16846
571;43;16858
571;44;16866
571;45;16875
571;46;16884
571;47;16886
571;48;16888
571;49;16915
571;50;16934
571;51;16953
571;52;16975
571;53;16979
571;54;17017
571;55;17029
571;56;17045
571;57;17048
571;58;17052
571;59;17058
571;60;17077
571;61;17093
571;62;17103
571;63;17124
571;64;17160
571;65;17170
571;66;17174
571;67;17176
571;68;17204
571;69;17220
572;1;12165
572;2;12749
572;3;12869
572;4;12872
572;5;13032
572;6;13404
572;7;13914
572;8;14325
572;9;14343
572;10;14819
572;11;14901
572;12;14903
572;13;15305
572;14;15709
572;15;15754
572;16;15775
572;17;15853
572;18;15907
572;19;15929
572;20;15940
572;21;15955
572;22;16495
572;23;16563
572;24;16573
572;25;16639
572;26;16659
572;27;16695
572;28;16701
572;29;16742
572;30;16775
572;31;16784
572;32;16836
572;33;16848
572;34;16899
572;35;16903
572;36;16904
572;37;16912
572;38;16916
572;39;16923
572;40;16951
572;41;16967
572;42;16970
572;43;16980
572;44;16992
572;45;17010
572;46;17043
572;47;17047
572;48;17059
572;49;17070
572;50;17085
572;51;17098
572;52;17104
572;53;17108
572;54;17124
572;55;17135
572;56;17140
572;57;17145
572;58;17160
572;59;17186
573;1;13355
573;2;13868
573;3;14178
573;4;14606
573;5;14651
573;6;15059
573;7;15499
573;8;15884
573;9;16325
573;10;16358
573;11;16401
573;12;16432
573;13;16453
573;14;16473
573;15;16532
573;16;16565
573;17;16609
573;18;16684
573;19;16711
573;20;16740
573;21;16865
573;22;16870
573;23;16874
573;24;16891
573;25;16894
573;26;16919
573;27;16956
573;28;16960
573;29;16985
573;30;17008
573;31;17016
573;32;17031
573;33;17047
573;34;17050
573;35;17069
573;36;17079
573;37;17088
573;38;17106
573;39;17110
573;40;17114
573;41;17137
573;42;17152
574;1;12674
574;2;12853
574;3;13298
574;4;13330
574;5;13439
574;6;13853
574;7;14169
574;8;14214
574;9;14323
574;10;14814
574;11;14825
574;12;14875
574;13;14879
574;14;14926
574;15;15035
574;16;15134
574;17;15176
574;18;15594
574;19;15600
574;20;15711
574;21;15733
574;22;16053
574;23;16118
574;24;16186
574;25;16263
574;26;16267
574;27;16562
574;28;16594
574;29;16627
574;30;16672
574;31;16687
574;32;16750
574;33;16764
574;34;16869
574;35;16881
574;36;16903
574;37;16959
574;38;16977
574;39;16990
574;40;16996
574;41;17021
574;42;17043
574;43;17051
574;44;17061
574;45;17123
574;46;17135
574;47;17147
574;48;17157
574;49;17160
574;50;17182
575;1;10219
575;2;10836
575;3;11344
575;4;11821
575;5;12281
575;6;12756
575;7;12792
575;8;12812
575;9;12924
575;10;13022
575;11;13514
575;12;13519
575;13;13525
575;14;13656
575;15;13669
575;16;13921
575;17;13952
575;18;14065
575;19;14443
575;20;14501
575;21;14505
575;22;14520
575;23;14696
575;24;14718
575;25;14737
575;26;15192
575;27;15225
575;28;15273
575;29;15285
575;30;15934
575;31;15985
575;32;16039
575;33;16050
575;34;16104
575;35;16144
575;36;16167
575;37;16279
575;38;16280
575;39;16660
575;40;16666
575;41;16705
575;42;16728
575;43;16749
575;44;16758
575;45;16764
575;46;16767
575;47;16807
575;48;16851
575;49;16865
575;50;16869
575;51;16888
575;52;16893
575;53;16905
575;54;16922
575;55;16942
575;56;16947
575;57;16953
575;58;16978
575;59;16995
575;60;17004
575;61;17012
575;62;17030
575;63;17047
575;64;17051
575;65;17102
575;66;17117
575;67;17118
575;68;17127
575;69;17129
575;70;17137
575;71;17149
575;72;17159
575;73;17169
575;74;17170
576;1;12890
576;2;12935
576;3;13428
576;4;13464
576;5;13937
576;6;14349
576;7;14352
576;8;14383
576;9;14936
576;10;14969
576;11;14987
576;12;15007
576;13;15518
576;14;15540
576;15;15578
576;16;15606
576;17;15731
576;18;16184
576;19;16200
576;20;16228
576;21;16269
576;22;16289
576;23;16293
576;24;16299
576;25;16307
576;26;16777
576;27;16884
576;28;16977
576;29;16999
576;30;17008
576;31;17027
576;32;17071
576;33;17075
576;34;17079
576;35;17088
576;36;17092
576;37;17098
576;38;17102
576;39;17110
576;40;17114
576;41;17124
576;42;17158
576;43;17180
576;44;17191
576;45;17195
576;46;17217
577;1;13167
577;2;13207
577;3;13384
577;4;13450
577;5;13535
577;6;13971
577;7;14022
577;8;14583
577;9;14606
577;10;14616
577;11;15076
577;12;15155
577;13;15247
577;14;15258
577;15;15304
577;16;15320
577;17;15440
577;18;15959
577;19;16416
577;20;16497
577;21;16593
577;22;16608
577;23;16631
577;24;16680
577;25;16708
577;26;16724
577;27;16727
577;28;16735
577;29;16739
577;30;16743
577;31;16752
577;32;16774
577;33;16778
577;34;16832
577;35;16841
577;36;16847
577;37;16857
577;38;16877
577;39;16881
577;40;16892
577;41;16896
577;42;16944
577;43;16966
577;44;16981
577;45;16985
577;46;17025
577;47;17029
577;48;17045
577;49;17058
577;50;17090
577;51;17095
577;52;17104
577;53;17121
577;54;17137
578;1;11765
578;2;11771
578;3;11790
578;4;12423
578;5;12548
578;6;12647
578;7;13098
578;8;13131
578;9;13393
578;10;13801
578;11;14264
578;12;14733
578;13;14943
578;14;14962
578;15;15498
578;16;15597
578;17;15642
578;18;15751
578;19;15905
578;20;15974
578;21;15994
578;22;16017
578;23;16019
578;24;16052
578;25;16073
578;26;16130
578;27;16132
578;28;16150
578;29;16275
578;30;16283
578;31;16286
578;32;16290
578;33;16362
578;34;16366
578;35;16375
578;36;16384
578;37;16393
578;38;16429
578;39;16885
578;40;16894
578;41;16917
578;42;16939
578;43;16954
578;44;16982
578;45;16992
578;46;17026
578;47;17034
578;48;17043
578;49;17054
578;50;17102
578;51;17113
578;52;17132
578;53;17133
578;54;17134
578;55;17149
578;56;17176
578;57;17180
578;58;17198
579;1;11552
579;2;11632
579;3;12198
579;4;12610
579;5;13110
579;6;13524
579;7;13984
579;8;14031
579;9;14476
579;10;14965
579;11;14985
579;12;15098
579;13;15120
579;14;15409
579;15;15455
579;16;15534
579;17;15711
579;18;15715
579;19;15751
579;20;15757
579;21;16109
579;22;16134
579;23;16136
579;24;16200
579;25;16206
579;26;16259
579;27;16770
579;28;16851
579;29;16873
579;30;16897
579;31;16916
579;32;16925
579;33;16964
579;34;16967
579;35;16972
579;36;16976
579;37;16991
579;38;16995
579;39;17007
579;40;17012
579;41;17034
579;42;17047
579;43;17051
579;44;17066
579;45;17122
579;46;17158
579;47;17165
579;48;17169
579;49;17185
579;50;17200
580;1;12502
580;2;12520
580;3;13047
580;4;13613
580;5;13614
580;6;13646
580;7;13951
580;8;14489
580;9;14493
580;10;14504
580;11;14516
580;12;14531
580;13;14552
580;14;15001
580;15;15018
580;16;15049
580;17;15247
580;18;15306
580;19;15852
580;20;15950
580;21;15979
580;22;15999
580;23;16112
580;24;16135
580;25;16145
580;26;16167
580;27;16183
580;28;16192
580;29;16202
580;30;16236
580;31;16238
580;32;16260
580;33;16280
580;34;16303
580;35;16378
580;36;16406
580;37;16418
580;38;16430
580;39;16531
580;40;17009
580;41;17013
580;42;17053
580;43;17076
580;44;17079
580;45;17089
580;46;17094
580;47;17098
580;48;17109
580;49;17145
580;50;17159
580;51;17206
580;52;17228
581;1;8604
581;2;9064
581;3;9670
581;4;10146
581;5;10222
581;6;10782
581;7;11056
581;8;11496
581;9;11559
581;10;11632
581;11;11651
581;12;12204
581;13;12806
581;14;13197
581;15;13315
581;16;13846
581;17;13964
581;18;13968
581;19;14004
581;20;14014
581;21;14308
581;22;14330
581;23;14344
581;24;14365
581;25;14783
581;26;14806
581;27;15076
581;28;15530
581;29;15964
581;30;15999
581;31;16002
581;32;16082
581;33;16237
581;34;16281
581;35;16303
581;36;16323
581;37;16382
581;38;16808
581;39;16827
581;40;16852
581;41;16860
581;42;16866
581;43;16928
581;44;16932
581;45;16986
581;46;16993
581;47;17023
581;48;17035
581;49;17083
581;50;17087
581;51;17109
581;52;17111
581;53;17116
581;54;17126
581;55;17137
581;56;17146
581;57;17154
581;58;17160
581;59;17164
582;1;10207
582;2;10542
582;3;10976
582;4;11384
582;5;11551
582;6;11582
582;7;12215
582;8;12247
582;9;12267
582;10;12287
582;11;12406
582;12;12472
582;13;12863
582;14;13253
582;15;13278
582;16;13282
582;17;13292
582;18;13809
582;19;13815
582;20;13854
582;21;14428
582;22;14479
582;23;14843
582;24;15276
582;25;15384
582;26;15796
582;27;15818
582;28;16252
582;29;16630
582;30;16698
582;31;16769
582;32;16772
582;33;16792
582;34;16801
582;35;16809
582;36;16820
582;37;16829
582;38;16861
582;39;16871
582;40;16933
582;41;16944
582;42;16952
582;43;16967
582;44;16982
582;45;17008
582;46;17030
582;47;17038
582;48;17043
582;49;17052
582;50;17063
582;51;17070
582;52;17082
582;53;17093
582;54;17099
582;55;17105
582;56;17115
582;57;17131
582;58;17138
582;59;17139
583;1;12827
583;2;13213
583;3;13535
583;4;13583
583;5;14058
583;6;14129
583;7;14137
583;8;14281
583;9;14335
583;10;14715
583;11;15228
583;12;15321
583;13;15325
583;14;15575
583;15;15748
583;16;15846
583;17;15868
583;18;15884
583;19;16395
583;20;16441
583;21;16449
583;22;16493
583;23;16514
583;24;16583
583;25;16622
583;26;16658
583;27;16680
583;28;16689
583;29;16714
583;30;16739
583;31;16779
583;32;16877
583;33;16878
583;34;16900
583;35;16937
583;36;16946
583;37;16948
583;38;17012
583;39;17023
583;40;17068
583;41;17100
583;42;17120
583;43;17139
583;44;17147
583;45;17151
583;46;17161
583;47;17177
583;48;17183
584;1;12264
584;2;12308
584;3;12686
584;4;13020
584;5;13025
584;6;13426
584;7;13432
584;8;13891
584;9;14296
584;10;14307
584;11;14364
584;12;14874
584;13;15257
584;14;15670
584;15;15746
584;16;16095
584;17;16105
584;18;16411
584;19;16448
584;20;16479
584;21;16489
584;22;16504
584;23;16549
584;24;16611
584;25;16648
584;26;16689
584;27;16755
584;28;16790
584;29;16872
584;30;16888
584;31;16892
584;32;16895
584;33;16904
584;34;16919
584;35;16973
584;36;16986
584;37;17022
584;38;17063
584;39;17071
584;40;17075
584;41;17077
584;42;17092
584;43;17094
584;44;17101
584;45;17105
584;46;17114
584;47;17116
584;48;17138
584;49;17145
584;50;17149
585;1;13633
585;2;14018
585;3;14255
585;4;14300
585;5;14799
585;6;14813
585;7;14832
585;8;14853
585;9;15046
585;10;15114
585;11;15207
585;12;15219
585;13;15522
585;14;15555
585;15;15588
585;16;15696
585;17;15951
585;18;16016
585;19;16033
585;20;16084
585;21;16103
585;22;16622
585;23;16644
585;24;16667
585;25;16670
585;26;16692
585;27;16694
585;28;16742
585;29;16759
585;30;16777
585;31;16800
585;32;16809
585;33;16845
585;34;16870
585;35;16890
585;36;16934
585;37;16936
585;38;16951
585;39;16984
585;40;17006
585;41;17021
585;42;17022
585;43;17043
585;44;17062
585;45;17069
585;46;17084
585;47;17086
585;48;17112
585;49;17124
585;50;17136
585;51;17146
585;52;17149
585;53;17159
585;54;17167
585;55;17171
585;56;17181
585;57;17182
585;58;17188
585;59;17192
586;1;12495
586;2;12608
586;3;12962
586;4;13383
586;5;13761
586;6;13769
586;7;13810
586;8;14262
586;9;14323
586;10;14350
586;11;14782
586;12;15280
586;13;15330
586;14;15506
586;15;15644
586;16;15698
586;17;15788
586;18;15824
586;19;15895
586;20;15986
586;21;16002
586;22;16059
586;23;16080
586;24;16568
586;25;16569
586;26;16614
586;27;16636
586;28;16670
586;29;16710
586;30;16722
586;31;16730
586;32;16737
586;33;16756
586;34;16759
586;35;16768
586;36;16770
586;37;16808
586;38;16826
586;39;16863
586;40;16917
586;41;16951
586;42;16971
586;43;16993
586;44;16997
586;45;17007
586;46;17012
586;47;17052
586;48;17071
586;49;17093
586;50;17124
586;51;17140
587;1;13585
587;2;13997
587;3;14033
587;4;14542
587;5;14562
587;6;15032
587;7;15086
587;8;15128
587;9;15207
587;10;15214
587;11;15235
587;12;15257
587;13;15352
587;14;15871
587;15;15896
587;16;16281
587;17;16316
587;18;16360
587;19;16382
587;20;16784
587;21;16789
587;22;16908
587;23;16932
587;24;16964
587;25;17030
587;26;17034
587;27;17054
587;28;17058
587;29;17076
587;30;17093
587;31;17116
587;32;17120
587;33;17134
587;34;17152
587;35;17162
587;36;17179
588;1;11369
588;2;11670
588;3;11784
588;4;11793
588;5;11838
588;6;12265
588;7;12287
588;8;12809
588;9;12849
588;10;12869
588;11;13509
588;12;13923
588;13;13996
588;14;14441
588;15;14459
588;16;14909
588;17;14915
588;18;14937
588;19;15284
588;20;15286
588;21;15342
588;22;15886
588;23;15909
588;24;15982
588;25;16015
588;26;16026
588;27;16077
588;28;16106
588;29;16109
588;30;16129
588;31;16139
588;32;16723
588;33;16798
588;34;16802
588;35;16852
588;36;16860
588;37;16866
588;38;16899
588;39;16913
588;40;16961
588;41;16989
588;42;16990
588;43;16992
588;44;17008
588;45;17041
588;46;17053
588;47;17086
588;48;17105
588;49;17107
588;50;17116
588;51;17178
589;1;13327
589;2;13330
589;3;13381
589;4;13782
589;5;14386
589;6;14795
589;7;14888
589;8;14894
589;9;15308
589;10;15379
589;11;15592
589;12;15596
589;13;15660
589;14;15661
589;15;15675
589;16;15681
589;17;15685
589;18;15710
589;19;16111
589;20;16119
589;21;16131
589;22;16155
589;23;16573
589;24;16783
589;25;16820
589;26;16824
589;27;16828
589;28;16885
589;29;16907
589;30;16929
589;31;16965
589;32;16999
589;33;17008
589;34;17028
589;35;17032
589;36;17047
589;37;17050
589;38;17053
589;39;17054
589;40;17074
589;41;17086
589;42;17107
589;43;17118
589;44;17163
589;45;17181
589;46;17185
589;47;17187
589;48;17192
590;1;12853
590;2;12869
590;3;13201
590;4;13701
590;5;14113
590;6;14741
590;7;14776
590;8;15232
590;9;15279
590;10;15754
590;11;15799
590;12;15969
590;13;16000
590;14;16019
590;15;16146
590;16;16358
590;17;16418
590;18;16436
590;19;16472
590;20;16495
590;21;16518
590;22;16563
590;23;16617
590;24;16660
590;25;16726
590;26;16748
590;27;16765
590;28;16827
590;29;16843
590;30;16847
590;31;16924
590;32;16936
590;33;16947
590;34;16956
590;35;16962
590;36;17024
590;37;17032
590;38;17038
590;39;17047
590;40;17080
590;41;17092
590;42;17108
590;43;17111
590;44;17115
590;45;17119
590;46;17144
590;47;17175
590;48;17177
590;49;17196
591;1;13541
591;2;13544
591;3;13658
591;4;14176
591;5;14554
591;6;14995
591;7;15583
591;8;15641
591;9;15971
591;10;15975
591;11;16020
591;12;16094
591;13;16494
591;14;16568
591;15;16630
591;16;16636
591;17;16676
591;18;16769
591;19;16797
591;20;16840
591;21;16859
591;22;16863
591;23;16871
591;24;16920
591;25;16964
591;26;16973
591;27;17002
591;28;17024
591;29;17034
591;30;17048
591;31;17073
591;32;17089
591;33;17107
591;34;17108
591;35;17130
591;36;17151
591;37;17166
591;38;17173
591;39;17177
592;1;13521
592;2;13658
592;3;13694
592;4;13733
592;5;13809
592;6;14119
592;7;14514
592;8;14547
592;9;15050
592;10;15112
592;11;15115
592;12;15632
592;13;15857
592;14;16050
592;15;16061
592;16;16065
592;17;16124
592;18;16569
592;19;16579
592;20;16622
592;21;16638
592;22;16713
592;23;16718
592;24;16811
592;25;16865
592;26;16893
592;27;16896
592;28;16900
592;29;16915
592;30;16935
592;31;16937
592;32;16996
592;33;17018
592;34;17027
592;35;17047
592;36;17056
592;37;17060
592;38;17083
592;39;17098
592;40;17106
592;41;17123
592;42;17129
592;43;17145
592;44;17151
592;45;17170
592;46;17171
592;47;17175
593;1;10777
593;2;10782
593;3;11309
593;4;11312
593;5;11348
593;6;11789
593;7;12175
593;8;12651
593;9;13085
593;10;13153
593;11;13607
593;12;13648
593;13;13658
593;14;13986
593;15;14117
593;16;14118
593;17;14130
593;18;14310
593;19;14937
593;20;15071
593;21;15124
593;22;15519
593;23;16008
593;24;16016
593;25;16028
593;26;16065
593;27;16092
593;28;16114
593;29;16118
593;30;16186
593;31;16509
593;32;16517
593;33;16616
593;34;16648
593;35;16716
593;36;16780
593;37;16812
593;38;16828
593;39;16834
593;40;16845
593;41;16853
593;42;16854
593;43;16913
593;44;16917
593;45;16923
593;46;16929
593;47;16975
593;48;16979
593;49;16998
593;50;17020
593;51;17033
593;52;17055
593;53;17109
593;54;17116
593;55;17122
593;56;17134
593;57;17138
593;58;17154
593;59;17171
593;60;17175
593;61;17177
593;62;17181
593;63;17183
593;64;17185
593;65;17187
593;66;17192
594;1;12322
594;2;12632
594;3;12954
594;4;12970
594;5;13024
594;6;13101
594;7;13469
594;8;13567
594;9;13945
594;10;13948
594;11;14256
594;12;14260
594;13;14856
594;14;14899
594;15;14973
594;16;15411
594;17;15504
594;18;15516
594;19;15525
594;20;15547
594;21;15553
594;22;15601
594;23;15969
594;24;16015
594;25;16119
594;26;16134
594;27;16167
594;28;16183
594;29;16217
594;30;16231
594;31;16735
594;32;16742
594;33;16760
594;34;16816
594;35;16831
594;36;16854
594;37;16862
594;38;16924
594;39;16934
594;40;16951
594;41;16973
594;42;17032
594;43;17048
594;44;17057
594;45;17059
594;46;17094
594;47;17109
594;48;17113
594;49;17115
594;50;17130
594;51;17135
594;52;17140
594;53;17149
594;54;17158
594;55;17181
595;1;14736
595;2;14802
595;3;14815
595;4;15261
595;5;15281
595;6;15705
595;7;15713
595;8;15811
595;9;15988
595;10;15997
595;11;16006
595;12;16069
595;13;16091
595;14;16136
595;15;16157
595;16;16204
595;17;16268
595;18;16334
595;19;16381
595;20;16696
595;21;16827
595;22;16831
595;23;16888
595;24;16910
595;25;16929
595;26;16931
595;27;17016
595;28;17032
595;29;17051
595;30;17059
595;31;17065
595;32;17069
595;33;17131
595;34;17156
595;35;17171
596;1;9631
596;2;10169
596;3;10682
596;4;11142
596;5;11602
596;6;12058
596;7;12452
596;8;12775
596;9;12843
596;10;13317
596;11;13375
596;12;13387
596;13;13541
596;14;13550
596;15;13553
596;16;14042
596;17;14050
596;18;14148
596;19;14222
596;20;14783
596;21;14793
596;22;14837
596;23;15029
596;24;15081
596;25;15083
596;26;15406
596;27;15442
596;28;15505
596;29;15550
596;30;15572
596;31;16037
596;32;16082
596;33;16100
596;34;16170
596;35;16226
596;36;16275
596;37;16340
596;38;16345
596;39;16614
596;40;16734
596;41;16766
596;42;16770
596;43;16772
596;44;16789
596;45;16793
596;46;16797
596;47;16823
596;48;16867
596;49;16878
596;50;16893
596;51;16901
596;52;16919
596;53;16928
596;54;16932
596;55;16942
596;56;16948
596;57;16962
596;58;16984
596;59;16993
596;60;17030
596;61;17052
596;62;17062
596;63;17065
596;64;17077
596;65;17109
596;66;17124
596;67;17136
596;68;17151
596;69;17154
596;70;17172
596;71;17200
596;72;17205
596;73;17215
596;74;17216
596;75;17220
597;1;11532
597;2;11577
597;3;11942
597;4;12119
597;5;12528
597;6;12890
597;7;13028
597;8;13446
597;9;13777
597;10;14006
597;11;14385
597;12;14598
597;13;14643
597;14;14651
597;15;14725
597;16;14824
597;17;15186
597;18;15547
597;19;15961
597;20;16059
597;21;16099
597;22;16163
597;23;16167
597;24;16197
597;25;16217
597;26;16232
597;27;16292
597;28;16309
597;29;16351
597;30;16374
597;31;16394
597;32;16397
597;33;16442
597;34;16447
597;35;16458
597;36;16462
597;37;16477
597;38;16946
597;39;16979
597;40;17001
597;41;17041
597;42;17045
597;43;17067
597;44;17070
597;45;17110
597;46;17143
597;47;17156
597;48;17171
597;49;17190
597;50;17198
597;51;17199
597;52;17207
597;53;17224
597;54;17228
598;1;12328
598;2;12740
598;3;12788
598;4;13185
598;5;13640
598;6;13650
598;7;13678
598;8;13702
598;9;13795
598;10;14103
598;11;14112
598;12;14515
598;13;14576
598;14;14846
598;15;14858
598;16;14937
598;17;14970
598;18;14974
598;19;15037
598;20;15082
598;21;15236
598;22;15258
598;23;15351
598;24;15487
598;25;15507
598;26;15547
598;27;15596
598;28;15611
598;29;15613
598;30;15681
598;31;15697
598;32;15713
598;33;15735
598;34;15745
598;35;15749
598;36;15803
598;37;16237
598;38;16277
598;39;16295
598;40;16365
598;41;16919
598;42;16928
598;43;16979
598;44;16987
598;45;17011
598;46;17020
598;47;17042
598;48;17050
598;49;17082
598;50;17104
598;51;17129
598;52;17140
598;53;17181
598;54;17183
598;55;17198
599;1;10551
599;2;10985
599;3;11493
599;4;12072
599;5;12132
599;6;12224
599;7;12395
599;8;12494
599;9;12868
599;10;12959
599;11;13131
599;12;13169
599;13;13363
599;14;13924
599;15;14384
599;16;14973
599;17;15044
599;18;15070
599;19;15129
599;20;15399
599;21;15498
599;22;15524
599;23;15974
599;24;16049
599;25;16259
599;26;16322
599;27;16330
599;28;16386
599;29;16422
599;30;16428
599;31;16437
599;32;16449
599;33;16462
599;34;16488
599;35;16524
599;36;17017
599;37;17039
599;38;17052
599;39;17074
599;40;17076
599;41;17086
599;42;17093
599;43;17139
599;44;17144
599;45;17159
599;46;17166
599;47;17182
599;48;17186
600;1;13619
600;2;14023
600;3;14413
600;4;14435
600;5;14497
600;6;14711
600;7;14733
600;8;14772
600;9;14912
600;10;15133
600;11;15354
600;12;15374
600;13;15429
600;14;15455
600;15;15506
600;16;15644
600;17;15654
600;18;15663
600;19;15688
600;20;16103
600;21;16162
600;22;16416
600;23;16449
600;24;16568
600;25;16585
600;26;16589
600;27;16648
600;28;16693
600;29;16708
600;30;16772
600;31;16776
600;32;16783
600;33;16845
600;34;16875
600;35;16903
600;36;16948
600;37;16973
600;38;16975
600;39;16997
600;40;17021
600;41;17044
600;42;17054
600;43;17061
600;44;17071
600;45;17094
600;46;17106
600;47;17108
600;48;17119
600;49;17129
600;50;17161
600;51;17165
600;52;17166
600;53;17169
600;54;17178
600;55;17182
600;56;17192
601;1;10737
601;2;11105
601;3;11543
601;4;12081
601;5;12096
601;6;12585
601;7;13043
601;8;13667
601;9;14126
601;10;14127
601;11;14572
601;12;14587
601;13;14630
601;14;15044
601;15;15066
601;16;15112
601;17;15585
601;18;15601
601;19;15636
601;20;15690
601;21;16100
601;22;16103
601;23;16119
601;24;16133
601;25;16142
601;26;16153
601;27;16241
601;28;16295
601;29;16393
601;30;16777
601;31;16822
601;32;16828
601;33;16835
601;34;16854
601;35;16859
601;36;16867
601;37;16874
601;38;16880
601;39;16937
601;40;16943
601;41;16946
601;42;16954
601;43;16960
601;44;16975
601;45;16985
601;46;16994
601;47;17000
601;48;17059
601;49;17065
601;50;17069
601;51;17095
601;52;17107
601;53;17117
601;54;17139
601;55;17147
601;56;17176
601;57;17178
601;58;17183
602;1;11538
602;2;11918
602;3;12327
602;4;12360
602;5;12798
602;6;12813
602;7;13249
602;8;13622
602;9;14034
602;10;14372
602;11;14395
602;12;14471
602;13;14493
602;14;14572
602;15;15026
602;16;15085
602;17;15097
602;18;15488
602;19;15521
602;20;15566
602;21;15888
602;22;15981
602;23;15985
602;24;15991
602;25;16027
602;26;16072
602;27;16091
602;28;16100
602;29;16436
602;30;16457
602;31;16479
602;32;16507
602;33;16511
602;34;16549
602;35;16553
602;36;16578
602;37;16622
602;38;16629
602;39;16633
602;40;16688
602;41;16699
602;42;16708
602;43;16833
602;44;16842
602;45;16855
602;46;16887
602;47;16895
602;48;16911
602;49;16925
602;50;16949
602;51;16967
602;52;16989
602;53;16993
602;54;17003
602;55;17026
602;56;17048
602;57;17050
602;58;17065
602;59;17082
602;60;17106
602;61;17114
602;62;17154
602;63;17162
602;64;17188
602;65;17198
602;66;17202
603;1;11111
603;2;11630
603;3;12204
603;4;12458
603;5;12979
603;6;13037
603;7;13082
603;8;13137
603;9;13612
603;10;13639
603;11;13680
603;12;13690
603;13;14041
603;14;14052
603;15;14320
603;16;14726
603;17;14905
603;18;15158
603;19;15371
603;20;15421
603;21;15753
603;22;15772
603;23;15886
603;24;15908
603;25;16035
603;26;16053
603;27;16091
603;28;16166
603;29;16175
603;30;16198
603;31;16400
603;32;16404
603;33;16512
603;34;16566
603;35;16608
603;36;16629
603;37;16633
603;38;16758
603;39;16784
603;40;16794
603;41;16862
603;42;16884
603;43;16889
603;44;16904
603;45;16913
603;46;16924
603;47;16928
603;48;16982
603;49;16994
603;50;17006
603;51;17074
603;52;17080
603;53;17120
603;54;17124
603;55;17144
603;56;17155
603;57;17159
603;58;17177
603;59;17182
603;60;17186
604;1;12481
604;2;12665
604;3;12727
604;4;13128
604;5;13647
604;6;13651
604;7;14078
604;8;14086
604;9;14121
604;10;14135
604;11;14337
604;12;14412
604;13;14417
604;14;14847
604;15;14921
604;16;15343
604;17;15388
604;18;15408
604;19;15440
604;20;15520
604;21;15562
604;22;15900
604;23;15922
604;24;15939
604;25;16064
604;26;16086
604;27;16134
604;28;16138
604;29;16145
604;30;16565
604;31;16570
604;32;16625
604;33;16627
604;34;16631
604;35;16640
604;36;16675
604;37;16789
604;38;16847
604;39;16862
604;40;16906
604;41;16928
604;42;16938
604;43;16944
604;44;16959
604;45;16974
604;46;16979
604;47;16983
604;48;17010
604;49;17023
604;50;17034
604;51;17046
604;52;17061
604;53;17062
604;54;17084
604;55;17104
604;56;17106
604;57;17110
604;58;17117
605;1;14299
605;2;14789
605;3;14793
605;4;14814
605;5;15252
605;6;15557
605;7;15619
605;8;15930
605;9;15955
605;10;16009
605;11;16411
605;12;16414
605;13;16437
605;14;16464
605;15;16500
605;16;16515
605;17;16529
605;18;16629
605;19;16651
605;20;16653
605;21;16719
605;22;16738
605;23;16742
605;24;16765
605;25;16793
605;26;16803
605;27;16807
605;28;16812
605;29;16853
605;30;16905
605;31;16922
605;32;16931
605;33;16942
605;34;16957
605;35;16979
605;36;17001
605;37;17005
605;38;17010
605;39;17014
605;40;17018
605;41;17019
605;42;17029
605;43;17036
605;44;17050
605;45;17057
605;46;17061
605;47;17068
605;48;17072
605;49;17089
605;50;17107
605;51;17111
605;52;17136
605;53;17144
605;54;17145
605;55;17150
605;56;17151
605;57;17167
605;58;17177
605;59;17179
605;60;17183
606;1;13669
606;2;14123
606;3;14221
606;4;14651
606;5;14982
606;6;14991
606;7;15024
606;8;15068
606;9;15088
606;10;15335
606;11;15434
606;12;15487
606;13;15496
606;14;15511
606;15;15950
606;16;16375
606;17;16407
606;18;16410
606;19;16446
606;20;16500
606;21;16504
606;22;16505
606;23;16519
606;24;16526
606;25;16566
606;26;16574
606;27;16584
606;28;16611
606;29;16615
606;30;16637
606;31;16683
606;32;16684
606;33;16687
606;34;16718
606;35;16723
606;36;16740
606;37;16760
606;38;16796
606;39;16805
606;40;16813
606;41;16832
606;42;16852
606;43;16928
606;44;16943
606;45;16953
606;46;16972
606;47;16976
606;48;16984
606;49;16992
606;50;17037
606;51;17075
606;52;17081
606;53;17085
606;54;17107
606;55;17133
606;56;17137
606;57;17145
606;58;17160
606;59;17169
606;60;17205
607;1;11879
607;2;12354
607;3;12746
607;4;13229
607;5;13233
607;6;13686
607;7;13709
607;8;13755
607;9;14029
607;10;14292
607;11;14301
607;12;14925
607;13;15452
607;14;15464
607;15;15831
607;16;15836
607;17;15894
607;18;15918
607;19;15937
607;20;15962
607;21;16016
607;22;16048
607;23;16566
607;24;16620
607;25;16628
607;26;16660
607;27;16730
607;28;16749
607;29;16770
607;30;16792
607;31;16799
607;32;16814
607;33;16887
607;34;16905
607;35;16971
607;36;17030
607;37;17051
607;38;17066
607;39;17093
607;40;17115
607;41;17119
607;42;17141
607;43;17158
607;44;17174
607;45;17176
607;46;17180
607;47;17193
607;48;17195
607;49;17217
608;1;11818
608;2;11856
608;3;12409
608;4;12742
608;5;12753
608;6;12778
608;7;12795
608;8;13173
608;9;13503
608;10;13870
608;11;13879
608;12;14242
608;13;14262
608;14;14520
608;15;14597
608;16;14609
608;17;14654
608;18;14739
608;19;15258
608;20;15294
608;21;15369
608;22;15413
608;23;15487
608;24;15488
608;25;15635
608;26;15804
608;27;15913
608;28;15923
608;29;15945
608;30;16350
608;31;16386
608;32;16416
608;33;16420
608;34;16452
608;35;16514
608;36;16531
608;37;16551
608;38;16587
608;39;16591
608;40;16596
608;41;16636
608;42;16640
608;43;16656
608;44;16678
608;45;16679
608;46;16685
608;47;16695
608;48;16697
608;49;16714
608;50;16722
608;51;16726
608;52;16730
608;53;16738
608;54;16806
608;55;16821
608;56;16859
608;57;16868
608;58;16882
608;59;16904
608;60;16921
608;61;16939
608;62;16998
608;63;17009
608;64;17017
608;65;17033
608;66;17043
608;67;17049
608;68;17059
608;69;17067
608;70;17079
608;71;17080
608;72;17091
608;73;17104
609;1;10968
609;2;11408
609;3;11849
609;4;12257
609;5;12266
609;6;12624
609;7;12646
609;8;12984
609;9;13029
609;10;13239
609;11;13498
609;12;13522
609;13;13544
609;14;14003
609;15;14071
609;16;14427
609;17;14960
609;18;15137
609;19;15191
609;20;15197
609;21;15620
609;22;15653
609;23;16074
609;24;16483
609;25;16505
609;26;16639
609;27;16679
609;28;16693
609;29;16747
609;30;16779
609;31;16803
609;32;16807
609;33;16846
609;34;16883
609;35;16899
609;36;16908
609;37;16924
609;38;16979
609;39;17016
609;40;17034
609;41;17062
609;42;17067
609;43;17082
609;44;17087
609;45;17090
609;46;17135
609;47;17147
609;48;17159
609;49;17171
609;50;17175
609;51;17182
609;52;17183
610;1;11894
610;2;12170
610;3;12314
610;4;12318
610;5;12730
610;6;12797
610;7;12996
610;8;13053
610;9;13542
610;10;13587
610;11;14073
610;12;14561
610;13;15021
610;14;15057
610;15;15403
610;16;15448
610;17;15460
610;18;15559
610;19;15921
610;20;16509
610;21;16545
610;22;16577
610;23;16613
610;24;16617
610;25;16627
610;26;16667
610;27;16675
610;28;16724
610;29;16755
610;30;16760
610;31;16826
610;32;16849
610;33;16851
610;34;16873
610;35;16895
610;36;16901
610;37;16913
610;38;16972
610;39;17018
610;40;17031
610;41;17053
610;42;17057
610;43;17058
610;44;17082
610;45;17094
610;46;17106
610;47;17115
610;48;17142
610;49;17147
610;50;17151
610;51;17165
610;52;17172
611;1;11355
611;2;11956
611;3;12055
611;4;12467
611;5;12898
611;6;13409
611;7;13477
611;8;13862
611;9;13871
611;10;13947
611;11;14168
611;12;14613
611;13;15025
611;14;15079
611;15;15464
611;16;15937
611;17;15990
611;18;16010
611;19;16019
611;20;16052
611;21;16064
611;22;16082
611;23;16090
611;24;16157
611;25;16256
611;26;16593
611;27;16680
611;28;16739
611;29;16746
611;30;16748
611;31;16760
611;32;16793
611;33;16816
611;34;16827
611;35;16842
611;36;16862
611;37;16872
611;38;16873
611;39;16877
611;40;16906
611;41;16937
611;42;16959
611;43;17002
611;44;17058
611;45;17059
611;46;17072
611;47;17073
611;48;17082
611;49;17102
611;50;17121
611;51;17144
611;52;17148
611;53;17150
611;54;17151
611;55;17161
611;56;17162
611;57;17173
611;58;17183
612;1;12951
612;2;13005
612;3;13513
612;4;13549
612;5;13864
612;6;14324
612;7;14360
612;8;14743
612;9;14758
612;10;14780
612;11;15090
612;12;15188
612;13;15393
612;14;15591
612;15;15801
612;16;15984
612;17;16068
612;18;16078
612;19;16093
612;20;16570
612;21;16589
612;22;16604
612;23;16608
612;24;16676
612;25;16731
612;26;16760
612;27;16806
612;28;16820
612;29;16830
612;30;16835
612;31;16897
612;32;16980
612;33;17006
612;34;17010
612;35;17031
612;36;17046
612;37;17048
612;38;17052
612;39;17067
612;40;17093
612;41;17107
612;42;17119
612;43;17163
612;44;17185
612;45;17204
612;46;17222
612;47;17226
613;1;11060
613;2;11570
613;3;12046
613;4;12517
613;5;12553
613;6;12840
613;7;13323
613;8;13834
613;9;14254
613;10;14743
613;11;15218
613;12;15294
613;13;15813
613;14;16105
613;15;16138
613;16;16177
613;17;16190
613;18;16218
613;19;16255
613;20;16363
613;21;16412
613;22;16432
613;23;16441
613;24;16640
613;25;16760
613;26;16761
613;27;16780
613;28;16784
613;29;16786
613;30;16834
613;31;16846
613;32;16918
613;33;16934
613;34;16956
613;35;16964
613;36;16966
613;37;16979
613;38;17049
613;39;17053
613;40;17075
613;41;17129
613;42;17144
613;43;17154
613;44;17190
613;45;17194
613;46;17206
613;47;17222
614;1;11892
614;2;12344
614;3;12833
614;4;12921
614;5;12931
614;6;13394
614;7;13406
614;8;13585
614;9;13606
614;10;13986
614;11;14394
614;12;14400
614;13;14422
614;14;14852
614;15;14903
614;16;14951
614;17;14958
614;18;15024
614;19;15028
614;20;15506
614;21;15605
614;22;15992
614;23;16007
614;24;16024
614;25;16514
614;26;16605
614;27;16610
614;28;16619
614;29;16634
614;30;16642
614;31;16682
614;32;16687
614;33;16699
614;34;16703
614;35;16739
614;36;16764
614;37;16783
614;38;16789
614;39;16811
614;40;16841
614;41;16843
614;42;16847
614;43;16852
614;44;16875
614;45;16883
614;46;16885
614;47;16902
614;48;16921
614;49;16931
614;50;16935
614;51;16965
614;52;16973
614;53;16976
614;54;16980
614;55;16990
614;56;17006
614;57;17010
614;58;17025
614;59;17028
614;60;17029
614;61;17067
614;62;17079
614;63;17083
614;64;17105
614;65;17108
614;66;17129
614;67;17140
614;68;17147
614;69;17151
614;70;17166
614;71;17171
614;72;17188
614;73;17192
614;74;17226
615;1;12871
615;2;13001
615;3;13254
615;4;13692
615;5;13701
615;6;13734
615;7;13742
615;8;14202
615;9;14695
615;10;15098
615;11;15166
615;12;15265
615;13;15277
615;14;15331
615;15;15394
615;16;15468
615;17;15972
615;18;15981
615;19;15985
615;20;16000
615;21;16130
615;22;16170
615;23;16181
615;24;16226
615;25;16262
615;26;16588
615;27;16629
615;28;16655
615;29;16688
615;30;16691
615;31;16696
615;32;16704
615;33;16716
615;34;16720
615;35;16778
615;36;16784
615;37;16906
615;38;16919
615;39;16922
615;40;16946
615;41;17024
615;42;17037
615;43;17042
615;44;17048
615;45;17105
615;46;17114
615;47;17115
615;48;17121
615;49;17140
615;50;17148
615;51;17152
615;52;17171
615;53;17181
616;1;12840
616;2;13256
616;3;13378
616;4;13805
616;5;14175
616;6;14600
616;7;14619
616;8;15027
616;9;15037
616;10;15433
616;11;15491
616;12;15644
616;13;16047
616;14;16062
616;15;16102
616;16;16177
616;17;16179
616;18;16188
616;19;16210
616;20;16238
616;21;16273
616;22;16321
616;23;16332
616;24;16352
616;25;16374
616;26;16393
616;27;16397
616;28;16438
616;29;16453
616;30;16470
616;31;16480
616;32;16496
616;33;16508
616;34;16546
616;35;16567
616;36;16576
616;37;16582
616;38;16595
616;39;16599
616;40;16608
616;41;16615
616;42;16618
616;43;17070
616;44;17078
616;45;17085
616;46;17100
616;47;17102
616;48;17124
616;49;17132
616;50;17172
617;1;12500
617;2;12522
617;3;12633
617;4;13001
617;5;13090
617;6;13108
617;7;13535
617;8;13868
617;9;13872
617;10;13885
617;11;13895
617;12;14277
617;13;14339
617;14;14376
617;15;14758
617;16;15187
617;17;15260
617;18;15267
617;19;15606
617;20;15607
617;21;15622
617;22;15667
617;23;15679
617;24;15689
617;25;16051
617;26;16096
617;27;16104
617;28;16129
617;29;16148
617;30;16175
617;31;16210
617;32;16214
617;33;16506
617;34;16595
617;35;16619
617;36;16661
617;37;16719
617;38;16726
617;39;16780
617;40;16810
617;41;16817
617;42;16912
617;43;16934
617;44;16943
617;45;16988
617;46;16996
617;47;17009
617;48;17024
617;49;17036
617;50;17045
617;51;17082
617;52;17105
617;53;17109
617;54;17111
618;1;13085
618;2;13269
618;3;13723
618;4;14165
618;5;14548
618;6;14552
618;7;14603
618;8;14625
618;9;15199
618;10;15308
618;11;15331
618;12;15429
618;13;15446
618;14;15520
618;15;15588
618;16;15954
618;17;15960
618;18;15972
618;19;16026
618;20;16056
618;21;16059
618;22;16130
618;23;16145
618;24;16151
618;25;16166
618;26;16192
618;27;16245
618;28;16253
618;29;16358
618;30;16380
618;31;16833
618;32;16887
618;33;16893
618;34;16901
618;35;16916
618;36;16920
618;37;16961
618;38;16977
618;39;17009
618;40;17021
618;41;17024
618;42;17110
618;43;17119
618;44;17123
618;45;17142
618;46;17163
618;47;17176
618;48;17198
618;49;17202
618;50;17207
618;51;17217
619;1;11957
619;2;12011
619;3;12480
619;4;13026
619;5;13440
619;6;13648
619;7;14009
619;8;14031
619;9;14032
619;10;14033
619;11;14493
619;12;14534
619;13;14857
619;14;14925
619;15;15352
619;16;15816
619;17;15828
619;18;15849
619;19;15863
619;20;15897
619;21;15956
619;22;15978
619;23;15982
619;24;16022
619;25;16066
619;26;16074
619;27;16080
619;28;16084
619;29;16086
619;30;16110
619;31;16117
619;32;16194
619;33;16686
619;34;16696
619;35;16716
619;36;16740
619;37;16785
619;38;16820
619;39;16821
619;40;16827
619;41;16848
619;42;16849
619;43;16885
619;44;16921
619;45;16943
619;46;16979
619;47;16988
619;48;16991
619;49;17034
619;50;17056
619;51;17066
619;52;17081
619;53;17085
619;54;17087
619;55;17092
619;56;17102
619;57;17135
619;58;17165
619;59;17166
619;60;17170
619;61;17180
620;1;11669
620;2;12111
620;3;12541
620;4;13054
620;5;13481
620;6;13803
620;7;14313
620;8;14411
620;9;14820
620;10;14935
620;11;15406
620;12;15428
620;13;15867
620;14;15873
620;15;15885
620;16;15906
620;17;15910
620;18;15964
620;19;16043
620;20;16258
620;21;16271
620;22;16300
620;23;16311
620;24;16386
620;25;16400
620;26;16410
620;27;16490
620;28;16505
620;29;16528
620;30;16550
620;31;16556
620;32;16579
620;33;16591
620;34;16689
620;35;16712
620;36;16716
620;37;16728
620;38;16732
620;39;16765
620;40;16787
620;41;16791
620;42;16831
620;43;16850
620;44;16867
620;45;16879
620;46;16904
620;47;16936
620;48;16951
620;49;16972
620;50;16994
620;51;16998
620;52;17051
620;53;17066
620;54;17074
620;55;17083
620;56;17090
620;57;17123
620;58;17146
620;59;17161
620;60;17171
620;61;17181
621;1;10496
621;2;10904
621;3;11364
621;4;11462
621;5;11813
621;6;12245
621;7;12341
621;8;12776
621;9;13211
621;10;13249
621;11;13303
621;12;13595
621;13;13645
621;14;13649
621;15;13673
621;16;13683
621;17;13804
621;18;13848
621;19;14470
621;20;15058
621;21;15064
621;22;15438
621;23;15861
621;24;15929
621;25;15948
621;26;15949
621;27;15990
621;28;15994
621;29;16056
621;30;16065
621;31;16073
621;32;16099
621;33;16106
621;34;16487
621;35;16501
621;36;16640
621;37;16648
621;38;16678
621;39;16682
621;40;16745
621;41;16778
621;42;16823
621;43;16845
621;44;16860
621;45;16883
621;46;16905
621;47;16915
621;48;16916
621;49;16922
621;50;16954
621;51;16960
621;52;16979
621;53;17001
621;54;17015
621;55;17025
621;56;17037
621;57;17045
621;58;17049
621;59;17072
621;60;17087
621;61;17097
621;62;17118
621;63;17126
621;64;17134
621;65;17156
621;66;17166
621;67;17170
621;68;17178
621;69;17200
621;70;17215
622;1;14220
622;2;14611
622;3;14999
622;4;15402
622;5;15443
622;6;15474
622;7;15478
622;8;15783
622;9;15791
622;10;15797
622;11;15900
622;12;16011
622;13;16036
622;14;16050
622;15;16054
622;16;16460
622;17;16469
622;18;16491
622;19;16565
622;20;16759
622;21;16792
622;22;16811
622;23;16812
622;24;16824
622;25;16827
622;26;16845
622;27;16860
622;28;16873
622;29;16882
622;30;16894
622;31;16909
622;32;16920
622;33;16924
622;34;16943
622;35;16952
622;36;16973
622;37;16992
622;38;16995
622;39;16999
622;40;17000
622;41;17019
622;42;17021
622;43;17062
622;44;17066
622;45;17081
622;46;17084
622;47;17101
622;48;17137
622;49;17147
622;50;17151
622;51;17170
622;52;17172
622;53;17176
622;54;17186
623;1;11505
623;2;11922
623;3;11926
623;4;11929
623;5;11985
623;6;12472
623;7;13000
623;8;13316
623;9;13390
623;10;13758
623;11;13967
623;12;14030
623;13;14451
623;14;14921
623;15;14940
623;16;14966
623;17;14970
623;18;15297
623;19;15708
623;20;15817
623;21;15868
623;22;15904
623;23;15918
623;24;15919
623;25;15931
623;26;15956
623;27;16021
623;28;16511
623;29;16619
623;30;16625
623;31;16650
623;32;16672
623;33;16673
623;34;16677
623;35;16779
623;36;16780
623;37;16793
623;38;16807
623;39;16839
623;40;16841
623;41;16864
623;42;16913
623;43;16976
623;44;16977
623;45;16979
623;46;17000
623;47;17019
623;48;17069
623;49;17101
623;50;17111
623;51;17123
623;52;17126
623;53;17158
623;54;17178
623;55;17200
623;56;17202
624;1;13593
624;2;13614
624;3;13751
624;4;13774
624;5;14091
624;6;14574
624;7;14579
624;8;14655
624;9;14672
624;10;15013
624;11;15662
624;12;15774
624;13;15836
624;14;15866
624;15;15914
624;16;16310
624;17;16403
624;18;16440
624;19;16476
624;20;16560
624;21;16650
624;22;16691
624;23;16710
624;24;16735
624;25;16770
624;26;16832
624;27;16841
624;28;16847
624;29;16869
624;30;16889
624;31;16901
624;32;16904
624;33;16906
624;34;16928
624;35;16931
624;36;16949
624;37;16950
624;38;16981
624;39;17003
624;40;17007
624;41;17032
624;42;17048
624;43;17067
624;44;17110
624;45;17135
624;46;17139
624;47;17183
624;48;17185
624;49;17200
625;1;13400
625;2;13476
625;3;13854
625;4;13998
625;5;14034
625;6;14462
625;7;14502
625;8;14900
625;9;15319
625;10;15343
625;11;15833
625;12;16176
625;13;16199
625;14;16293
625;15;16299
625;16;16303
625;17;16325
625;18;16348
625;19;16407
625;20;16452
625;21;16500
625;22;16514
625;23;16631
625;24;16646
625;25;16647
625;26;16655
625;27;16657
625;28;16719
625;29;16725
625;30;16748
625;31;16769
625;32;16781
625;33;16790
625;34;16818
625;35;16843
625;36;16865
625;37;16875
625;38;16883
625;39;16905
625;40;16925
625;41;16932
625;42;16996
625;43;17000
625;44;17009
625;45;17040
625;46;17058
625;47;17063
625;48;17073
625;49;17110
625;50;17120
626;1;12494
626;2;12567
626;3;12587
626;4;12602
626;5;12932
626;6;13153
626;7;13284
626;8;13708
626;9;13759
626;10;14248
626;11;14343
626;12;14402
626;13;14438
626;14;14447
626;15;14504
626;16;14698
626;17;14710
626;18;15095
626;19;15164
626;20;15468
626;21;15602
626;22;15635
626;23;15935
626;24;15971
626;25;16055
626;26;16169
626;27;16201
626;28;16212
626;29;16224
626;30;16239
626;31;16243
626;32;16337
626;33;16395
626;34;16761
626;35;16779
626;36;16780
626;37;16793
626;38;16826
626;39;16850
626;40;16895
626;41;16908
626;42;16916
626;43;16920
626;44;16924
626;45;16936
626;46;16971
626;47;16991
626;48;17013
626;49;17022
626;50;17033
626;51;17050
626;52;17065
626;53;17081
626;54;17082
626;55;17088
626;56;17104
626;57;17114
626;58;17118
626;59;17123
626;60;17130
626;61;17135
626;62;17146
626;63;17153
626;64;17156
626;65;17161
626;66;17183
626;67;17195
626;68;17217
627;1;10451
627;2;10863
627;3;11191
627;4;11197
627;5;11705
627;6;12164
627;7;12268
627;8;12272
627;9;12279
627;10;12752
627;11;13331
627;12;13821
627;13;13844
627;14;14156
627;15;14197
627;16;14730
627;17;14755
627;18;15055
627;19;15082
627;20;15198
627;21;15206
627;22;15269
627;23;15294
627;24;15408
627;25;15533
627;26;16075
627;27;16090
627;28;16094
627;29;16203
627;30;16258
627;31;16278
627;32;16287
627;33;16312
627;34;16763
627;35;16774
627;36;16778
627;37;16796
627;38;16898
627;39;16910
627;40;16926
627;41;16962
627;42;17011
627;43;17015
627;44;17036
627;45;17072
627;46;17077
627;47;17099
627;48;17117
627;49;17118
627;50;17123
627;51;17127
627;52;17129
627;53;17144
627;54;17151
627;55;17175
627;56;17207
627;57;17228
628;1;12123
628;2;12565
628;3;12656
628;4;12731
628;5;13052
628;6;13129
628;7;13537
628;8;13950
628;9;14388
628;10;14424
628;11;14494
628;12;15007
628;13;15141
628;14;15195
628;15;15263
628;16;15281
628;17;15339
628;18;15361
628;19;15376
628;20;15791
628;21;15795
628;22;15853
628;23;15886
628;24;15945
628;25;15972
628;26;16423
628;27;16460
628;28;16493
628;29;16537
628;30;16591
628;31;16595
628;32;16604
628;33;16614
628;34;16618
628;35;16647
628;36;16653
628;37;16654
628;38;16676
628;39;16736
628;40;16758
628;41;16764
628;42;16782
628;43;16787
628;44;16791
628;45;16808
628;46;16812
628;47;16822
628;48;16844
628;49;16864
628;50;16890
628;51;16926
628;52;16972
628;53;16975
628;54;16977
628;55;16985
628;56;16988
628;57;16992
628;58;17015
628;59;17042
628;60;17061
628;61;17097
628;62;17110
628;63;17119
628;64;17130
628;65;17140
628;66;17142
628;67;17157
629;1;11180
629;2;11472
629;3;11565
629;4;11933
629;5;12269
629;6;12780
629;7;12848
629;8;12973
629;9;13412
629;10;13714
629;11;13785
629;12;13819
629;13;13891
629;14;13902
629;15;14352
629;16;14405
629;17;14449
629;18;14796
629;19;14861
629;20;15296
629;21;15332
629;22;15398
629;23;15417
629;24;15491
629;25;15496
629;26;15529
629;27;15605
629;28;15688
629;29;15743
629;30;15756
629;31;15792
629;32;16207
629;33;16229
629;34;16280
629;35;16302
629;36;16312
629;37;16313
629;38;16324
629;39;16328
629;40;16350
629;41;16382
629;42;16427
629;43;16831
629;44;16854
629;45;16876
629;46;16880
629;47;16882
629;48;16907
629;49;16919
629;50;16925
629;51;16944
629;52;16957
629;53;17074
629;54;17082
629;55;17108
629;56;17113
629;57;17117
629;58;17125
629;59;17147
629;60;17162
630;1;12643
630;2;12668
630;3;12999
630;4;13016
630;5;13114
630;6;13402
630;7;14004
630;8;14224
630;9;14680
630;10;14688
630;11;14754
630;12;14853
630;13;15245
630;14;15336
630;15;15372
630;16;15409
630;17;15436
630;18;15443
630;19;15572
630;20;15580
630;21;15602
630;22;15625
630;23;16210
630;24;16226
630;25;16639
630;26;16663
630;27;16689
630;28;16789
630;29;16865
630;30;16882
630;31;16886
630;32;16900
630;33;16906
630;34;16960
630;35;16982
630;36;16992
630;37;17012
630;38;17028
630;39;17091
630;40;17095
630;41;17102
630;42;17147
630;43;17166
630;44;17224
630;45;17228
631;1;11731
631;2;12070
631;3;12560
631;4;13134
631;5;13556
631;6;13883
631;7;13994
631;8;14074
631;9;14434
631;10;14452
631;11;14463
631;12;14932
631;13;14977
631;14;15172
631;15;15326
631;16;15479
631;17;15501
631;18;15569
631;19;15838
631;20;15930
631;21;16006
631;22;16031
631;23;16306
631;24;16465
631;25;16599
631;26;16617
631;27;16731
631;28;16752
631;29;16786
631;30;16793
631;31;16797
631;32;16799
631;33;16804
631;34;16894
631;35;16898
631;36;16934
631;37;16971
631;38;16985
631;39;16996
631;40;17000
631;41;17051
631;42;17062
631;43;17077
631;44;17099
631;45;17103
631;46;17113
631;47;17124
631;48;17128
631;49;17151
631;50;17161
632;1;13367
632;2;13836
632;3;13877
632;4;14331
632;5;14334
632;6;14485
632;7;14502
632;8;14626
632;9;14694
632;10;14947
632;11;14951
632;12;15062
632;13;15084
632;14;15567
632;15;15819
632;16;15825
632;17;15837
632;18;15916
632;19;15968
632;20;15983
632;21;16077
632;22;16094
632;23;16113
632;24;16133
632;25;16152
632;26;16171
632;27;16192
632;28;16251
632;29;16507
632;30;16530
632;31;16563
632;32;16604
632;33;16614
632;34;16632
632;35;16647
632;36;16723
632;37;16727
632;38;16798
632;39;16807
632;40;16812
632;41;16858
632;42;16883
632;43;16884
632;44;16902
632;45;16917
632;46;16926
632;47;16939
632;48;16948
632;49;17022
632;50;17040
632;51;17070
632;52;17073
632;53;17084
632;54;17100
632;55;17104
632;56;17113
632;57;17127
632;58;17139
632;59;17145
632;60;17157
632;61;17158
632;62;17162
632;63;17168
632;64;17200
632;65;17204
632;66;17217
633;1;11933
633;2;12408
633;3;12809
633;4;12829
633;5;13267
633;6;13635
633;7;13676
633;8;14149
633;9;14636
633;10;14655
633;11;14672
633;12;14941
633;13;15024
633;14;15025
633;15;15067
633;16;15444
633;17;15456
633;18;15473
633;19;15562
633;20;15603
633;21;15652
633;22;15679
633;23;15703
633;24;15725
633;25;16182
633;26;16191
633;27;16194
633;28;16534
633;29;16612
633;30;16642
633;31;16662
633;32;16677
633;33;16715
633;34;16724
633;35;16779
633;36;16824
633;37;16828
633;38;16847
633;39;16869
633;40;16875
633;41;16925
633;42;16938
633;43;16948
633;44;16970
633;45;16979
633;46;17075
633;47;17126
633;48;17148
633;49;17160
633;50;17166
633;51;17180
633;52;17202
633;53;17207
633;54;17224
633;55;17228
634;1;11414
634;2;11804
634;3;12157
634;4;12599
634;5;12793
634;6;13286
634;7;13309
634;8;13342
634;9;13355
634;10;13373
634;11;13843
634;12;13862
634;13;14115
634;14;14190
634;15;14599
634;16;15075
634;17;15174
634;18;15621
634;19;15703
634;20;15706
634;21;16080
634;22;16301
634;23;16304
634;24;16308
634;25;16438
634;26;16592
634;27;16645
634;28;16651
634;29;16677
634;30;16682
634;31;16716
634;32;16756
634;33;16818
634;34;16833
634;35;16887
634;36;16896
634;37;16902
634;38;16973
634;39;17013
634;40;17025
634;41;17046
634;42;17068
634;43;17071
634;44;17104
634;45;17122
634;46;17138
634;47;17145
634;48;17151
634;49;17167
634;50;17171
634;51;17181
634;52;17200
634;53;17222
635;1;11692
635;2;11701
635;3;12110
635;4;12169
635;5;12735
635;6;12754
635;7;12777
635;8;13290
635;9;13406
635;10;13499
635;11;13542
635;12;13719
635;13;14137
635;14;14262
635;15;14303
635;16;14700
635;17;15190
635;18;15298
635;19;15670
635;20;15738
635;21;15939
635;22;15951
635;23;15972
635;24;16001
635;25;16041
635;26;16059
635;27;16061
635;28;16083
635;29;16134
635;30;16143
635;31;16151
635;32;16648
635;33;16650
635;34;16666
635;35;16673
635;36;16695
635;37;16712
635;38;16720
635;39;16730
635;40;16802
635;41;16856
635;42;16865
635;43;16883
635;44;16937
635;45;16949
635;46;16971
635;47;17018
635;48;17076
635;49;17092
635;50;17114
635;51;17124
635;52;17145
635;53;17154
635;54;17158
635;55;17181
636;1;11714
636;2;11735
636;3;11743
636;4;11788
636;5;12279
636;6;12755
636;7;13215
636;8;13491
636;9;13508
636;10;13649
636;11;13725
636;12;14194
636;13;14635
636;14;15164
636;15;15197
636;16;15226
636;17;15524
636;18;15617
636;19;15684
636;20;15720
636;21;15886
636;22;15892
636;23;15952
636;24;15953
636;25;16205
636;26;16241
636;27;16304
636;28;16337
636;29;16360
636;30;16396
636;31;16464
636;32;16522
636;33;16523
636;34;16604
636;35;16723
636;36;16758
636;37;16770
636;38;16783
636;39;16802
636;40;16803
636;41;16821
636;42;16860
636;43;16883
636;44;16889
636;45;16909
636;46;16971
636;47;16973
636;48;16977
636;49;16988
636;50;16997
636;51;17012
636;52;17037
636;53;17078
636;54;17097
636;55;17109
636;56;17127
636;57;17137
636;58;17141
637;1;13195
637;2;13537
637;3;14161
637;4;14477
637;5;14565
637;6;14598
637;7;14938
637;8;15092
637;9;15104
637;10;15522
637;11;15549
637;12;16036
637;13;16058
637;14;16319
637;15;16320
637;16;16329
637;17;16398
637;18;16442
637;19;16492
637;20;16496
637;21;16511
637;22;16551
637;23;16560
637;24;16592
637;25;16604
637;26;16637
637;27;16706
637;28;16727
637;29;16737
637;30;16742
637;31;16781
637;32;16790
637;33;16794
637;34;16802
637;35;16824
637;36;16844
637;37;16869
637;38;16923
637;39;16931
637;40;16945
637;41;16967
637;42;16986
637;43;17004
637;44;17021
637;45;17029
637;46;17052
637;47;17066
637;48;17123
637;49;17157
637;50;17172
637;51;17194
637;52;17199
637;53;17206
637;54;17216
637;55;17220
638;1;12728
638;2;13265
638;3;13740
638;4;13765
638;5;14156
638;6;14178
638;7;14197
638;8;14223
638;9;14609
638;10;14631
638;11;14670
638;12;14687
638;13;15024
638;14;15478
638;15;15555
638;16;15585
638;17;15607
638;18;15611
638;19;15639
638;20;15640
638;21;15672
638;22;15694
638;23;15722
638;24;15739
638;25;16043
638;26;16080
638;27;16105
638;28;16126
638;29;16151
638;30;16153
638;31;16156
638;32;16719
638;33;16723
638;34;16729
638;35;16750
638;36;16782
638;37;16804
638;38;16819
638;39;16837
638;40;16842
638;41;16852
638;42;16856
638;43;16877
638;44;16881
638;45;16899
638;46;16903
638;47;16938
638;48;16979
638;49;16991
638;50;17001
638;51;17005
638;52;17020
638;53;17024
638;54;17034
638;55;17038
638;56;17056
638;57;17078
638;58;17100
638;59;17104
638;60;17115
638;61;17131
638;62;17134
638;63;17155
638;64;17161
638;65;17177
638;66;17183
639;1;13851
639;2;13861
639;3;13919
639;4;14408
639;5;14431
639;6;14506
639;7;14919
639;8;14985
639;9;15297
639;10;15388
639;11;15872
639;12;15923
639;13;15963
639;14;16589
639;15;16634
639;16;16638
639;17;16696
639;18;16750
639;19;16798
639;20;16818
639;21;16825
639;22;16831
639;23;16842
639;24;16920
639;25;16933
639;26;16937
639;27;16959
639;28;16970
639;29;16981
639;30;17004
639;31;17025
639;32;17040
639;33;17047
639;34;17056
639;35;17089
639;36;17095
639;37;17120
639;38;17130
639;39;17140
639;40;17156
639;41;17162
639;42;17196
639;43;17213
639;44;17217
640;1;11675
640;2;11734
640;3;12287
640;4;12785
640;5;12893
640;6;12934
640;7;13339
640;8;13398
640;9;13783
640;10;14211
640;11;14342
640;12;14461
640;13;14480
640;14;14481
640;15;15104
640;16;15355
640;17;15474
640;18;15503
640;19;15527
640;20;15965
640;21;16511
640;22;16515
640;23;16520
640;24;16595
640;25;16617
640;26;16665
640;27;16676
640;28;16691
640;29;16695
640;30;16711
640;31;16733
640;32;16809
640;33;16874
640;34;16882
640;35;16907
640;36;16911
640;37;16938
640;38;16954
640;39;16994
640;40;17016
640;41;17047
640;42;17056
640;43;17060
640;44;17064
640;45;17141
640;46;17145
640;47;17155
640;48;17177
640;49;17181
640;50;17196
640;51;17206
641;1;15809
641;2;15857
641;3;16014
641;4;16333
641;5;16339
641;6;16552
641;7;16555
641;8;16561
641;9;16686
641;10;16690
641;11;16691
641;12;16712
641;13;16734
641;14;16773
641;15;16791
641;16;16805
641;17;16821
641;18;16835
641;19;16841
641;20;16848
641;21;16856
641;22;16860
641;23;16875
641;24;16892
641;25;16896
641;26;16918
641;27;16921
641;28;16930
641;29;16993
641;30;17034
641;31;17047
641;32;17069
641;33;17082
641;34;17097
641;35;17120
641;36;17140
641;37;17162
641;38;17181
642;1;12980
642;2;13438
642;3;13474
642;4;13902
642;5;13919
642;6;14373
642;7;14892
642;8;14910
642;9;14915
642;10;14980
642;11;14998
642;12;15034
642;13;15089
642;14;15111
642;15;15123
642;16;15168
642;17;15178
642;18;15697
642;19;15745
642;20;16163
642;21;16172
642;22;16209
642;23;16217
642;24;16291
642;25;16780
642;26;16820
642;27;16829
642;28;16835
642;29;16839
642;30;16858
642;31;16874
642;32;16882
642;33;16890
642;34;16894
642;35;16902
642;36;16917
642;37;16939
642;38;16959
642;39;16976
642;40;16991
642;41;16997
642;42;17000
642;43;17022
642;44;17042
642;45;17046
642;46;17066
642;47;17071
642;48;17079
642;49;17098
642;50;17116
642;51;17120
642;52;17125
642;53;17129
642;54;17132
642;55;17136
643;1;11503
643;2;11526
643;3;11935
643;4;12362
643;5;12457
643;6;13052
643;7;13074
643;8;13132
643;9;13496
643;10;13900
643;11;14113
643;12;14385
643;13;14424
643;14;14838
643;15;14916
643;16;14919
643;17;14923
643;18;15061
643;19;15099
643;20;15131
643;21;15560
643;22;15998
643;23;16002
643;24;16010
643;25;16033
643;26;16036
643;27;16045
643;28;16053
643;29;16111
643;30;16131
643;31;16142
643;32;16187
643;33;16197
643;34;16198
643;35;16206
643;36;16208
643;37;16658
643;38;16690
643;39;16700
643;40;16723
643;41;16782
643;42;16794
643;43;16797
643;44;16806
643;45;16850
643;46;16910
643;47;16920
643;48;16921
643;49;16943
643;50;16947
643;51;16958
643;52;16999
643;53;17008
643;54;17014
643;55;17039
643;56;17049
643;57;17061
643;58;17073
643;59;17098
643;60;17104
643;61;17148
643;62;17161
643;63;17173
643;64;17177
643;65;17181
643;66;17183
644;1;11424
644;2;11460
644;3;11728
644;4;12247
644;5;12880
644;6;12998
644;7;13467
644;8;13813
644;9;13817
644;10;13826
644;11;13934
644;12;14405
644;13;14500
644;14;15006
644;15;15036
644;16;15087
644;17;15095
644;18;15137
644;19;15213
644;20;15581
644;21;15640
644;22;15650
644;23;15654
644;24;15736
644;25;15971
644;26;16029
644;27;16038
644;28;16044
644;29;16052
644;30;16097
644;31;16102
644;32;16121
644;33;16139
644;34;16148
644;35;16224
644;36;16322
644;37;16326
644;38;16364
644;39;16368
644;40;16403
644;41;16436
644;42;16477
644;43;16499
644;44;16552
644;45;16573
644;46;16588
644;47;16615
644;48;16625
644;49;17049
644;50;17052
644;51;17061
644;52;17069
644;53;17080
644;54;17086
644;55;17097
644;56;17101
644;57;17123
644;58;17127
644;59;17142
644;60;17146
644;61;17154
644;62;17164
644;63;17165
644;64;17169
644;65;17176
644;66;17182
644;67;17186
644;68;17187
644;69;17196
644;70;17202
644;71;17204
644;72;17220
645;1;11052
645;2;11626
645;3;11932
645;4;12442
645;5;12824
645;6;13346
645;7;13696
645;8;13740
645;9;13746
645;10;14132
645;11;14290
645;12;14310
645;13;14364
645;14;14533
645;15;14604
645;16;14719
645;17;14752
645;18;15080
645;19;15117
645;20;15121
645;21;15162
645;22;15477
645;23;15500
645;24;16038
645;25;16059
645;26;16095
645;27;16114
645;28;16261
645;29;16575
645;30;16633
645;31;16651
645;32;16719
645;33;16762
645;34;16784
645;35;16793
645;36;16798
645;37;16810
645;38;16844
645;39;16855
645;40;16860
645;41;16870
645;42;16879
645;43;16947
645;44;16958
645;45;16973
645;46;16977
645;47;17000
645;48;17017
645;49;17027
645;50;17049
645;51;17053
645;52;17068
645;53;17072
645;54;17079
645;55;17108
645;56;17126
645;57;17149
645;58;17161
645;59;17172
646;1;10255
646;2;10711
646;3;10717
646;4;10761
646;5;11234
646;6;11800
646;7;11914
646;8;12145
646;9;12555
646;10;12776
646;11;13226
646;12;13634
646;13;14186
646;14;14257
646;15;14697
646;16;14722
646;17;14953
646;18;15391
646;19;15409
646;20;15503
646;21;15566
646;22;15611
646;23;16023
646;24;16055
646;25;16526
646;26;16600
646;27;16653
646;28;16692
646;29;16741
646;30;16745
646;31;16797
646;32;16874
646;33;16896
646;34;16964
646;35;16973
646;36;16983
646;37;16990
646;38;17007
646;39;17037
646;40;17045
646;41;17050
646;42;17061
646;43;17065
646;44;17073
646;45;17081
646;46;17113
646;47;17129
646;48;17139
646;49;17147
646;50;17167
646;51;17171
646;52;17193
646;53;17202
646;54;17206
646;55;17222
647;1;13682
647;2;14171
647;3;14205
647;4;14659
647;5;14692
647;6;14737
647;7;15115
647;8;15137
647;9;15202
647;10;15656
647;11;15824
647;12;15903
647;13;15969
647;14;16100
647;15;16234
647;16;16264
647;17;16322
647;18;16326
647;19;16757
647;20;16811
647;21;16813
647;22;16868
647;23;16889
647;24;16890
647;25;16948
647;26;16962
647;27;16972
647;28;16982
647;29;16994
647;30;17002
647;31;17017
647;32;17029
647;33;17039
647;34;17048
647;35;17055
647;36;17063
647;37;17082
647;38;17087
647;39;17097
647;40;17105
647;41;17114
647;42;17115
647;43;17136
647;44;17141
647;45;17161
647;46;17177
648;1;11357
648;2;11362
648;3;11881
648;4;12277
648;5;12461
648;6;12523
648;7;12637
648;8;12970
648;9;13014
648;10;13020
648;11;13336
648;12;13352
648;13;13412
648;14;13665
648;15;13690
648;16;14066
648;17;14094
648;18;14208
648;19;14769
648;20;14782
648;21;14830
648;22;14941
648;23;15017
648;24;15084
648;25;15104
648;26;15119
648;27;15140
648;28;15162
648;29;15174
648;30;15249
648;31;15252
648;32;15574
648;33;15597
648;34;15617
648;35;15658
648;36;15680
648;37;15690
648;38;15758
648;39;15762
648;40;15790
648;41;15835
648;42;15873
648;43;15889
648;44;15941
648;45;15949
648;46;16064
648;47;16084
648;48;16090
648;49;16094
648;50;16131
648;51;16135
648;52;16147
648;53;16170
648;54;16196
648;55;16278
648;56;16329
648;57;16339
648;58;16350
648;59;16358
648;60;16424
648;61;16864
648;62;16915
648;63;16919
648;64;16923
648;65;16945
648;66;16961
648;67;16967
648;68;16983
648;69;17024
648;70;17043
648;71;17054
648;72;17058
648;73;17079
648;74;17108
648;75;17166
648;76;17176
648;77;17191
649;1;13046
649;2;13611
649;3;13688
649;4;13733
649;5;14206
649;6;14552
649;7;14869
649;8;14920
649;9;15133
649;10;15612
649;11;15842
649;12;15849
649;13;15882
649;14;16267
649;15;16480
649;16;16498
649;17;16500
649;18;16510
649;19;16541
649;20;16563
649;21;16637
649;22;16659
649;23;16677
649;24;16736
649;25;16790
649;26;16809
649;27;16845
649;28;16867
649;29;16902
649;30;16917
649;31;16921
649;32;16943
649;33;16962
649;34;16972
649;35;16974
649;36;16978
649;37;16993
649;38;17025
649;39;17035
649;40;17041
649;41;17060
649;42;17098
649;43;17213
649;44;17217
650;1;11857
650;2;12195
650;3;12216
650;4;12246
650;5;12342
650;6;12364
650;7;12385
650;8;12440
650;9;12978
650;10;13029
650;11;13041
650;12;13483
650;13;13832
650;14;14274
650;15;14283
650;16;14391
650;17;14618
650;18;14690
650;19;14764
650;20;14847
650;21;14862
650;22;15310
650;23;15435
650;24;15467
650;25;15572
650;26;15609
650;27;15616
650;28;16019
650;29;16050
650;30;16054
650;31;16060
650;32;16064
650;33;16081
650;34;16103
650;35;16140
650;36;16149
650;37;16222
650;38;16231
650;39;16253
650;40;16264
650;41;16270
650;42;16790
650;43;16802
650;44;16810
650;45;16812
650;46;16919
650;47;16931
650;48;16939
650;49;16972
650;50;17007
650;51;17017
650;52;17039
650;53;17074
650;54;17075
650;55;17081
650;56;17095
650;57;17134
650;58;17144
651;1;12292
651;2;12741
651;3;12795
651;4;12828
651;5;13301
651;6;13654
651;7;14099
651;8;14511
651;9;14530
651;10;14576
651;11;14588
651;12;14738
651;13;14779
651;14;15339
651;15;15393
651;16;15451
651;17;15459
651;18;15468
651;19;15509
651;20;15963
651;21;15972
651;22;15977
651;23;16029
651;24;16293
651;25;16298
651;26;16317
651;27;16326
651;28;16422
651;29;16551
651;30;16576
651;31;16598
651;32;16652
651;33;16669
651;34;16697
651;35;16715
651;36;16719
651;37;16722
651;38;16762
651;39;16813
651;40;16823
651;41;16837
651;42;16858
651;43;16870
651;44;16873
651;45;16887
651;46;16897
651;47;16906
651;48;16912
651;49;16930
651;50;16945
651;51;16946
651;52;16990
651;53;16994
651;54;17016
651;55;17059
651;56;17063
651;57;17085
651;58;17108
652;1;12796
652;2;13429
652;3;13451
652;4;13455
652;5;13503
652;6;13756
652;7;14174
652;8;14571
652;9;14702
652;10;15191
652;11;15476
652;12;15575
652;13;15586
652;14;15594
652;15;15607
652;16;15675
652;17;15697
652;18;15758
652;19;15779
652;20;15799
652;21;15817
652;22;15836
652;23;16266
652;24;16299
652;25;16772
652;26;16804
652;27;16807
652;28;16816
652;29;16820
652;30;16827
652;31;16868
652;32;16962
652;33;17020
652;34;17052
652;35;17056
652;36;17066
652;37;17079
652;38;17117
652;39;17136
652;40;17139
652;41;17151
652;42;17155
652;43;17170
652;44;17176
652;45;17181
653;1;12591
653;2;12608
653;3;13118
653;4;13262
653;5;13680
653;6;14055
653;7;14514
653;8;14830
653;9;14951
653;10;15439
653;11;15537
653;12;15916
653;13;15953
653;14;15978
653;15;16049
653;16;16072
653;17;16093
653;18;16114
653;19;16125
653;20;16183
653;21;16206
653;22;16216
653;23;16224
653;24;16269
653;25;16759
653;26;16829
653;27;16835
653;28;16857
653;29;16866
653;30;16869
653;31;16878
653;32;16894
653;33;16934
653;34;16956
653;35;16979
653;36;16993
653;37;17006
653;38;17054
653;39;17064
653;40;17065
653;41;17081
653;42;17086
653;43;17096
653;44;17103
653;45;17104
653;46;17108
654;1;12178
654;2;12221
654;3;12237
654;4;12463
654;5;12495
654;6;12530
654;7;12938
654;8;13348
654;9;13378
654;10;13454
654;11;13943
654;12;13979
654;13;14253
654;14;14430
654;15;14648
654;16;14832
654;17;14854
654;18;14908
654;19;14941
654;20;14986
654;21;15027
654;22;15077
654;23;15443
654;24;15511
654;25;15573
654;26;15686
654;27;15712
654;28;15770
654;29;16179
654;30;16305
654;31;16699
654;32;16730
654;33;16746
654;34;16798
654;35;16802
654;36;16806
654;37;16887
654;38;16909
654;39;16934
654;40;16970
654;41;16990
654;42;17002
654;43;17003
654;44;17007
654;45;17035
654;46;17065
654;47;17069
654;48;17091
654;49;17159
654;50;17176
654;51;17184
654;52;17199
654;53;17215
655;1;12090
655;2;12566
655;3;12855
655;4;13429
655;5;13807
655;6;13822
655;7;13826
655;8;14466
655;9;14820
655;10;15280
655;11;15689
655;12;15695
655;13;16184
655;14;16336
655;15;16428
655;16;16460
655;17;16463
655;18;16467
655;19;16493
655;20;16505
655;21;16559
655;22;16574
655;23;16644
655;24;16683
655;25;16737
655;26;16805
655;27;16812
655;28;16855
655;29;16874
655;30;16877
655;31;16885
655;32;16918
655;33;16925
655;34;16947
655;35;16979
655;36;16992
655;37;17000
655;38;17017
655;39;17022
655;40;17032
655;41;17037
655;42;17041
655;43;17095
655;44;17110
655;45;17125
655;46;17129
655;47;17131
655;48;17133
655;49;17143
655;50;17155
655;51;17170
655;52;17171
655;53;17181
656;1;13742
656;2;14098
656;3;14434
656;4;14801
656;5;14909
656;6;15317
656;7;15415
656;8;15491
656;9;16140
656;10;16505
656;11;16571
656;12;16578
656;13;16581
656;14;16593
656;15;16615
656;16;16616
656;17;16626
656;18;16668
656;19;16714
656;20;16733
656;21;16736
656;22;16795
656;23;16819
656;24;16845
656;25;16846
656;26;16868
656;27;16908
656;28;16911
656;29;16943
656;30;16965
656;31;16969
656;32;16997
656;33;17012
656;34;17021
656;35;17043
656;36;17047
656;37;17062
656;38;17068
656;39;17078
656;40;17085
656;41;17094
656;42;17098
656;43;17114
656;44;17116
656;45;17120
656;46;17136
656;47;17177
656;48;17181
657;1;14838
657;2;14966
657;3;14974
657;4;15133
657;5;15450
657;6;15518
657;7;15580
657;8;15602
657;9;16018
657;10;16058
657;11;16116
657;12;16539
657;13;16597
657;14;16619
657;15;16773
657;16;16839
657;17;16842
657;18;16857
657;19;16859
657;20;16865
657;21;16871
657;22;16880
657;23;16884
657;24;16893
657;25;16897
657;26;16906
657;27;16912
657;28;16913
657;29;16917
657;30;16921
657;31;16939
657;32;16960
657;33;16972
657;34;16979
657;35;16983
657;36;16994
657;37;17001
657;38;17011
657;39;17042
657;40;17046
657;41;17083
657;42;17098
657;43;17123
658;1;13068
658;2;13108
658;3;13661
658;4;13760
658;5;13805
658;6;13868
658;7;14299
658;8;14480
658;9;15002
658;10;15310
658;11;15717
658;12;15757
658;13;15825
658;14;16087
658;15;16114
658;16;16188
658;17;16246
658;18;16322
658;19;16329
658;20;16400
658;21;16425
658;22;16426
658;23;16438
658;24;16443
658;25;16456
658;26;16476
658;27;16480
658;28;16488
658;29;16498
658;30;16508
658;31;16548
658;32;16570
658;33;16580
658;34;16586
658;35;16590
658;36;17076
658;37;17080
658;38;17103
658;39;17135
658;40;17139
658;41;17173
658;42;17174
658;43;17178
658;44;17193
658;45;17200
658;46;17216
658;47;17220
659;1;11792
659;2;12243
659;3;12252
659;4;12690
659;5;12870
659;6;12885
659;7;13507
659;8;14147
659;9;14583
659;10;15093
659;11;15147
659;12;15515
659;13;15575
659;14;15583
659;15;15588
659;16;15602
659;17;15652
659;18;16301
659;19;16323
659;20;16399
659;21;16754
659;22;16760
659;23;16821
659;24;16829
659;25;16841
659;26;16848
659;27;16941
659;28;16963
659;29;16972
659;30;16976
659;31;16979
659;32;16983
659;33;17019
659;34;17058
659;35;17067
659;36;17069
659;37;17089
659;38;17104
659;39;17111
659;40;17121
659;41;17133
659;42;17143
659;43;17147
659;44;17152
659;45;17157
659;46;17161
659;47;17180
659;48;17181
660;1;13454
660;2;13914
660;3;14095
660;4;14657
660;5;15021
660;6;15294
660;7;15344
660;8;15380
660;9;15491
660;10;15559
660;11;15625
660;12;16114
660;13;16583
660;14;16624
660;15;16661
660;16;16729
660;17;16733
660;18;16735
660;19;16757
660;20;16765
660;21;16766
660;22;16773
660;23;16791
660;24;16792
660;25;16802
660;26;16824
660;27;16843
660;28;16846
660;29;16856
660;30;16867
660;31;16889
660;32;16897
660;33;16901
660;34;16943
660;35;16958
660;36;16976
660;37;17025
660;38;17033
660;39;17043
660;40;17060
660;41;17081
660;42;17117
660;43;17122
660;44;17125
660;45;17142
660;46;17202
660;47;17224
660;48;17228
661;1;13605
661;2;13609
661;3;13671
661;4;14097
661;5;14117
661;6;14226
661;7;14300
661;8;14919
661;9;15427
661;10;15432
661;11;16040
661;12;16086
661;13;16370
661;14;16414
661;15;16548
661;16;16556
661;17;16687
661;18;16691
661;19;16714
661;20;16736
661;21;16783
661;22;16818
661;23;16832
661;24;16835
661;25;16871
661;26;16939
661;27;16951
661;28;16974
661;29;16978
661;30;16993
661;31;17012
661;32;17016
661;33;17024
661;34;17044
661;35;17066
661;36;17092
661;37;17102
661;38;17103
661;39;17109
661;40;17118
661;41;17119
661;42;17131
661;43;17135
661;44;17148
661;45;17153
661;46;17163
662;1;13569
662;2;14036
662;3;14092
662;4;14537
662;5;14946
662;6;15507
662;7;15564
662;8;15565
662;9;15570
662;10;15931
662;11;15992
662;12;16612
662;13;16657
662;14;16664
662;15;16687
662;16;16688
662;17;16689
662;18;16709
662;19;16731
662;20;16777
662;21;16787
662;22;16804
662;23;16826
662;24;16837
662;25;16844
662;26;16859
662;27;16863
662;28;16875
662;29;16888
662;30;16898
662;31;16993
662;32;16997
662;33;17041
662;34;17043
662;35;17047
662;36;17053
662;37;17061
662;38;17070
662;39;17076
662;40;17116
662;41;17136
662;42;17151
662;43;17155
662;44;17158
662;45;17170
662;46;17171
662;47;17173
662;48;17195
662;49;17211
662;50;17217
663;1;13635
663;2;14125
663;3;14487
663;4;14810
663;5;14822
663;6;15387
663;7;15445
663;8;15782
663;9;15917
663;10;15932
663;11;16010
663;12;16035
663;13;16046
663;14;16049
663;15;16462
663;16;16635
663;17;16644
663;18;16663
663;19;16699
663;20;16735
663;21;16741
663;22;16751
663;23;16756
663;24;16760
663;25;16768
663;26;16774
663;27;16787
663;28;16811
663;29;16887
663;30;16908
663;31;16956
663;32;16966
663;33;16977
663;34;16983
663;35;17035
663;36;17042
663;37;17059
663;38;17081
663;39;17085
663;40;17098
663;41;17103
663;42;17113
663;43;17135
663;44;17180
664;1;12141
664;2;12400
664;3;12828
664;4;12844
664;5;12854
664;6;13271
664;7;13377
664;8;13549
664;9;13949
664;10;13982
664;11;14459
664;12;14501
664;13;14581
664;14;14595
664;15;14938
664;16;15289
664;17;15881
664;18;15958
664;19;16037
664;20;16145
664;21;16181
664;22;16193
664;23;16198
664;24;16207
664;25;16301
664;26;16641
664;27;16684
664;28;16729
664;29;16739
664;30;16748
664;31;16756
664;32;16762
664;33;16833
664;34;16921
664;35;16931
664;36;16935
664;37;16968
664;38;16990
664;39;16992
664;40;17002
664;41;17006
664;42;17028
664;43;17064
664;44;17073
664;45;17084
664;46;17107
664;47;17165
664;48;17175
665;1;13098
665;2;13196
665;3;13199
665;4;13686
665;5;13719
665;6;13812
665;7;14104
665;8;14203
665;9;14215
665;10;14714
665;11;14754
665;12;15070
665;13;15121
665;14;15124
665;15;15147
665;16;15168
665;17;15286
665;18;15814
665;19;15823
665;20;15869
665;21;15947
665;22;15950
665;23;15962
665;24;16026
665;25;16044
665;26;16051
665;27;16082
665;28;16090
665;29;16095
665;30;16096
665;31;16173
665;32;16179
665;33;16203
665;34;16207
665;35;16208
665;36;16219
665;37;16237
665;38;16301
665;39;16313
665;40;16338
665;41;16374
665;42;16388
665;43;16408
665;44;16427
665;45;16431
665;46;16441
665;47;16927
665;48;16957
665;49;16979
665;50;16989
665;51;17024
665;52;17064
665;53;17077
665;54;17092
665;55;17127
665;56;17131
665;57;17146
665;58;17155
665;59;17159
665;60;17182
665;61;17186
666;1;12344
666;2;12758
666;3;12877
666;4;12927
666;5;12959
666;6;13155
666;7;13547
666;8;13615
666;9;13713
666;10;13751
666;11;14273
666;12;14282
666;13;14658
666;14;14720
666;15;14745
666;16;14790
666;17;14967
666;18;15038
666;19;15537
666;20;15824
666;21;15949
666;22;15978
666;23;16009
666;24;16045
666;25;16112
666;26;16145
666;27;16151
666;28;16173
666;29;16187
666;30;16205
666;31;16304
666;32;16324
666;33;16876
666;34;16881
666;35;16907
666;36;16916
666;37;16975
666;38;17029
666;39;17038
666;40;17042
666;41;17060
666;42;17064
666;43;17071
666;44;17076
666;45;17086
666;46;17093
666;47;17128
666;48;17138
666;49;17153
667;1;13463
667;2;14016
667;3;14622
667;4;14998
667;5;15040
667;6;15468
667;7;15851
667;8;15861
667;9;15883
667;10;15961
667;11;16386
667;12;16417
667;13;16418
667;14;16427
667;15;16444
667;16;16459
667;17;16539
667;18;16552
667;19;16607
667;20;16613
667;21;16614
667;22;16620
667;23;16632
667;24;16712
667;25;16723
667;26;16732
667;27;16734
667;28;16767
667;29;16777
667;30;16788
667;31;16813
667;32;16828
667;33;16872
667;34;16875
667;35;16892
667;36;16912
667;37;16916
667;38;16945
667;39;16966
667;40;17034
667;41;17077
667;42;17099
667;43;17119
667;44;17134
667;45;17138
667;46;17155
667;47;17166
667;48;17176
667;49;17177
667;50;17179
667;51;17183
668;1;13336
668;2;13826
668;3;14036
668;4;14612
668;5;14633
668;6;14651
668;7;15007
668;8;15303
668;9;15389
668;10;15412
668;11;15480
668;12;15500
668;13;15551
668;14;15560
668;15;15564
668;16;15632
668;17;15658
668;18;15691
668;19;15713
668;20;15760
668;21;15790
668;22;15841
668;23;15863
668;24;15867
668;25;15873
668;26;15897
668;27;15917
668;28;15918
668;29;15934
668;30;15938
668;31;16294
668;32;16318
668;33;16339
668;34;16366
668;35;16951
668;36;16958
668;37;16977
668;38;16978
668;39;17021
668;40;17030
668;41;17065
668;42;17074
668;43;17079
668;44;17104
668;45;17114
668;46;17118
668;47;17136
668;48;17140
668;49;17155
668;50;17177
668;51;17181
669;1;12139
669;2;12561
669;3;12748
669;4;12752
669;5;13208
669;6;13708
669;7;13958
669;8;14372
669;9;14412
669;10;14557
669;11;14932
669;12;14944
669;13;15392
669;14;15451
669;15;15470
669;16;15472
669;17;15517
669;18;15528
669;19;15540
669;20;15551
669;21;15585
669;22;15622
669;23;15635
669;24;15669
669;25;15689
669;26;15914
669;27;16004
669;28;16055
669;29;16076
669;30;16525
669;31;16540
669;32;16585
669;33;16590
669;34;16630
669;35;16640
669;36;16727
669;37;16739
669;38;16779
669;39;16785
669;40;16801
669;41;16808
669;42;16883
669;43;16899
669;44;16954
669;45;16963
669;46;16971
669;47;16978
669;48;17064
669;49;17075
669;50;17111
669;51;17123
669;52;17139
669;53;17143
669;54;17164
669;55;17179
669;56;17181
669;57;17185
669;58;17195
669;59;17211
669;60;17217
670;1;12902
670;2;13453
670;3;13663
670;4;13922
670;5;14528
670;6;14540
670;7;15105
670;8;15580
670;9;16000
670;10;16032
670;11;16039
670;12;16075
670;13;16097
670;14;16152
670;15;16156
670;16;16230
670;17;16663
670;18;16678
670;19;16692
670;20;16726
670;21;16737
670;22;16772
670;23;16782
670;24;16791
670;25;16801
670;26;16858
670;27;16877
670;28;16880
670;29;16890
670;30;16899
670;31;16911
670;32;16923
670;33;16941
670;34;16946
670;35;16998
670;36;17042
670;37;17045
670;38;17063
670;39;17067
670;40;17076
670;41;17078
670;42;17101
670;43;17132
670;44;17161
670;45;17165
670;46;17184
670;47;17192
670;48;17228
671;1;11620
671;2;12093
671;3;12115
671;4;12614
671;5;12660
671;6;12780
671;7;12850
671;8;12890
671;9;12905
671;10;12917
671;11;13174
671;12;13583
671;13;13593
671;14;13615
671;15;13735
671;16;13771
671;17;14290
671;18;14326
671;19;14367
671;20;14371
671;21;14390
671;22;14645
671;23;14656
671;24;14774
671;25;15264
671;26;15268
671;27;15575
671;28;15585
671;29;15607
671;30;15683
671;31;16115
671;32;16138
671;33;16170
671;34;16176
671;35;16180
671;36;16187
671;37;16228
671;38;16273
671;39;16333
671;40;16345
671;41;16349
671;42;16408
671;43;16431
671;44;16855
671;45;16876
671;46;16883
671;47;16938
671;48;16959
671;49;16968
671;50;16987
671;51;16994
671;52;17020
671;53;17027
671;54;17037
671;55;17041
671;56;17076
671;57;17082
671;58;17090
671;59;17112
671;60;17118
671;61;17119
671;62;17130
671;63;17150
671;64;17165
671;65;17174
671;66;17176
671;67;17181
672;1;12852
672;2;13209
672;3;13225
672;4;13379
672;5;13819
672;6;13864
672;7;13881
672;8;14040
672;9;14171
672;10;14177
672;11;14633
672;12;15032
672;13;15042
672;14;15050
672;15;15082
672;16;15155
672;17;15176
672;18;15247
672;19;15266
672;20;15611
672;21;15805
672;22;15876
672;23;16130
672;24;16544
672;25;16554
672;26;16560
672;27;16659
672;28;16661
672;29;16662
672;30;16668
672;31;16696
672;32;16698
672;33;16724
672;34;16740
672;35;16741
672;36;16763
672;37;16772
672;38;16791
672;39;16793
672;40;16794
672;41;16809
672;42;16830
672;43;16838
672;44;16846
672;45;16912
672;46;16914
672;47;16917
672;48;16971
672;49;17042
672;50;17044
672;51;17090
672;52;17131
672;53;17151
672;54;17161
672;55;17177
672;56;17179
672;57;17183
673;1;12754
673;2;13265
673;3;13643
673;4;13659
673;5;13695
673;6;13701
673;7;14303
673;8;14363
673;9;14385
673;10;14461
673;11;14853
673;12;15145
673;13;15324
673;14;15462
673;15;15582
673;16;15680
673;17;15728
673;18;15773
673;19;15798
673;20;15941
673;21;16042
673;22;16052
673;23;16273
673;24;16281
673;25;16303
673;26;16356
673;27;16371
673;28;16390
673;29;16399
673;30;16414
673;31;16422
673;32;16444
673;33;16446
673;34;16454
673;35;16469
673;36;16489
673;37;16512
673;38;16539
673;39;16544
673;40;16565
673;41;16587
673;42;17047
673;43;17069
673;44;17104
673;45;17136
673;46;17145
673;47;17156
673;48;17160
673;49;17176
673;50;17183
674;1;11315
674;2;11414
674;3;11822
674;4;12290
674;5;12295
674;6;12336
674;7;12384
674;8;12422
674;9;12761
674;10;12827
674;11;13241
674;12;13740
674;13;13752
674;14;13790
674;15;14211
674;16;14232
674;17;14268
674;18;14393
674;19;14882
674;20;14894
674;21;14935
674;22;14939
674;23;14961
674;24;14978
674;25;15486
674;26;15554
674;27;15617
674;28;15887
674;29;15920
674;30;16569
674;31;16579
674;32;16696
674;33;16737
674;34;16738
674;35;16747
674;36;16756
674;37;16778
674;38;16783
674;39;16800
674;40;16850
674;41;16865
674;42;16887
674;43;16896
674;44;16904
674;45;16910
674;46;16921
674;47;16957
674;48;16985
674;49;16989
674;50;16993
674;51;17018
674;52;17028
674;53;17073
674;54;17088
674;55;17101
674;56;17109
674;57;17126
674;58;17130
674;59;17133
674;60;17148
674;61;17158
674;62;17159
674;63;17166
674;64;17170
674;65;17192
675;1;11002
675;2;11008
675;3;11187
675;4;11237
675;5;11258
675;6;11717
675;7;12154
675;8;12711
675;9;13050
675;10;13054
675;11;13510
675;12;13572
675;13;13785
675;14;14212
675;15;14669
675;16;14956
675;17;15230
675;18;15250
675;19;15349
675;20;15840
675;21;15938
675;22;15948
675;23;16355
675;24;16431
675;25;16542
675;26;16544
675;27;16604
675;28;16605
675;29;16627
675;30;16635
675;31;16647
675;32;16651
675;33;16677
675;34;16722
675;35;16724
675;36;16753
675;37;16760
675;38;16772
675;39;16800
675;40;16818
675;41;16822
675;42;16837
675;43;16876
675;44;16886
675;45;16931
675;46;16950
675;47;16978
675;48;16984
675;49;17000
675;50;17042
675;51;17117
675;52;17129
675;53;17148
675;54;17152
675;55;17161
675;56;17163
675;57;17166
675;58;17180
675;59;17181
676;1;9860
676;2;10368
676;3;10857
676;4;10876
676;5;10898
676;6;10942
676;7;11453
676;8;11952
676;9;11962
676;10;12036
676;11;12428
676;12;12766
676;13;13186
676;14;13640
676;15;14130
676;16;14233
676;17;14480
676;18;14578
676;19;14736
676;20;14866
676;21;15377
676;22;15407
676;23;15723
676;24;15756
676;25;15869
676;26;16288
676;27;16342
676;28;16370
676;29;16392
676;30;16863
676;31;16864
676;32;16879
676;33;16904
676;34;16920
676;35;16965
676;36;16987
676;37;17070
676;38;17074
676;39;17094
676;40;17096
676;41;17111
676;42;17137
676;43;17144
676;44;17170
676;45;17186
676;46;17196
676;47;17220
677;1;11144
677;2;11558
677;3;11970
677;4;12455
677;5;12554
677;6;12612
677;7;12643
677;8;12705
677;9;12926
677;10;12930
677;11;13188
677;12;13279
677;13;13742
677;14;14179
677;15;14670
677;16;14682
677;17;15235
677;18;15254
677;19;15878
677;20;16118
677;21;16151
677;22;16171
677;23;16216
677;24;16246
677;25;16253
677;26;16330
677;27;16340
677;28;16344
677;29;16347
677;30;16384
677;31;16388
677;32;16405
677;33;16822
677;34;16876
677;35;16881
677;36;16923
677;37;16938
677;38;16947
677;39;16969
677;40;16990
677;41;17001
677;42;17013
677;43;17034
677;44;17056
677;45;17066
677;46;17069
677;47;17081
677;48;17114
677;49;17129
677;50;17133
677;51;17155
677;52;17177
677;53;17181
677;54;17192
677;55;17204
677;56;17212
677;57;17222
677;58;17226
678;1;11155
678;2;11661
678;3;12151
678;4;12560
678;5;13080
678;6;13458
678;7;13503
678;8;13819
678;9;13860
678;10;13880
678;11;14247
678;12;14737
678;13;14950
678;14;15200
678;15;15207
678;16;15219
678;17;15236
678;18;15335
678;19;15721
678;20;15859
678;21;16370
678;22;16378
678;23;16382
678;24;16394
678;25;16422
678;26;16520
678;27;16533
678;28;16539
678;29;16558
678;30;16569
678;31;16582
678;32;16586
678;33;16601
678;34;16609
678;35;16675
678;36;16690
678;37;16699
678;38;16707
678;39;16796
678;40;16806
678;41;16818
678;42;16869
678;43;16882
678;44;16904
678;45;16909
678;46;16935
678;47;16963
678;48;16967
678;49;16989
678;50;17007
678;51;17017
678;52;17021
678;53;17041
678;54;17050
678;55;17061
678;56;17070
678;57;17124
678;58;17139
678;59;17171
679;1;12139
679;2;12629
679;3;13063
679;4;13086
679;5;13154
679;6;13288
679;7;13857
679;8;13861
679;9;14350
679;10;14825
679;11;14883
679;12;14886
679;13;15264
679;14;15383
679;15;15784
679;16;15825
679;17;16210
679;18;16570
679;19;16624
679;20;16688
679;21;16714
679;22;16723
679;23;16748
679;24;16764
679;25;16798
679;26;16941
679;27;16956
679;28;16996
679;29;17008
679;30;17022
679;31;17026
679;32;17047
679;33;17049
679;34;17075
679;35;17079
679;36;17101
679;37;17123
679;38;17145
679;39;17167
679;40;17171
679;41;17181
680;1;10161
680;2;10671
680;3;10809
680;4;10825
680;5;11274
680;6;11350
680;7;11861
680;8;11919
680;9;12331
680;10;12839
680;11;13241
680;12;13355
680;13;13401
680;14;13421
680;15;13429
680;16;13718
680;17;13759
680;18;14195
680;19;14591
680;20;14684
680;21;14706
680;22;14782
680;23;15086
680;24;15195
680;25;15611
680;26;15634
680;27;15646
680;28;16060
680;29;16114
680;30;16135
680;31;16138
680;32;16589
680;33;16599
680;34;16736
680;35;16795
680;36;16840
680;37;16850
680;38;16879
680;39;16915
680;40;16954
680;41;16995
680;42;16996
680;43;17005
680;44;17029
680;45;17097
680;46;17098
680;47;17107
680;48;17117
680;49;17129
680;50;17133
680;51;17151
680;52;17155
680;53;17156
680;54;17168
680;55;17172
680;56;17182
680;57;17183
681;1;12312
681;2;12787
681;3;12795
681;4;13042
681;5;13099
681;6;13105
681;7;13533
681;8;13646
681;9;14054
681;10;14506
681;11;14560
681;12;15027
681;13;15039
681;14;15380
681;15;15875
681;16;15884
681;17;16043
681;18;16075
681;19;16081
681;20;16126
681;21;16131
681;22;16152
681;23;16156
681;24;16232
681;25;16242
681;26;16603
681;27;16711
681;28;16714
681;29;16747
681;30;16777
681;31;16788
681;32;16839
681;33;16858
681;34;16877
681;35;16900
681;36;16939
681;37;16980
681;38;16989
681;39;16990
681;40;17026
681;41;17040
681;42;17060
681;43;17075
681;44;17085
681;45;17095
681;46;17097
681;47;17131
681;48;17153
681;49;17165
681;50;17172
681;51;17180
681;52;17194
681;53;17216
681;54;17226
682;1;10215
682;2;10709
682;3;11199
682;4;11698
682;5;12031
682;6;12089
682;7;12469
682;8;12486
682;9;12595
682;10;12959
682;11;13448
682;12;13895
682;13;13917
682;14;14311
682;15;14420
682;16;14947
682;17;14957
682;18;14961
682;19;15329
682;20;15840
682;21;15883
682;22;15918
682;23;16211
682;24;16233
682;25;16304
682;26;16358
682;27;16456
682;28;16575
682;29;16598
682;30;16625
682;31;16682
682;32;16698
682;33;16714
682;34;16737
682;35;16769
682;36;16780
682;37;16795
682;38;16835
682;39;16927
682;40;16930
682;41;16934
682;42;16967
682;43;16986
682;44;16996
682;45;17002
682;46;17024
682;47;17039
682;48;17055
682;49;17062
682;50;17070
682;51;17101
682;52;17116
682;53;17127
682;54;17135
682;55;17147
682;56;17148
682;57;17170
683;1;11622
683;2;11626
683;3;12021
683;4;12498
683;5;12519
683;6;12985
683;7;13309
683;8;13317
683;9;13534
683;10;13570
683;11;13668
683;12;13820
683;13;13839
683;14;14320
683;15;14324
683;16;14347
683;17;14363
683;18;14369
683;19;14405
683;20;14534
683;21;14968
683;22;15026
683;23;15058
683;24;15508
683;25;15559
683;26;15575
683;27;15659
683;28;15704
683;29;16107
683;30;16130
683;31;16152
683;32;16196
683;33;16241
683;34;16265
683;35;16284
683;36;16856
683;37;16900
683;38;16916
683;39;16933
683;40;16963
683;41;16996
683;42;17002
683;43;17021
683;44;17027
683;45;17037
683;46;17044
683;47;17077
683;48;17100
683;49;17118
683;50;17130
683;51;17140
683;52;17165
683;53;17187
683;54;17195
683;55;17217
684;1;14815
684;2;15229
684;3;15251
684;4;15262
684;5;15267
684;6;15628
684;7;15640
684;8;15719
684;9;15744
684;10;16036
684;11;16408
684;12;16420
684;13;16539
684;14;16607
684;15;16615
684;16;16625
684;17;16650
684;18;16675
684;19;16694
684;20;16711
684;21;16729
684;22;16751
684;23;16752
684;24;16778
684;25;16793
684;26;16847
684;27;16858
684;28;16880
684;29;16915
684;30;16929
684;31;16951
684;32;16983
684;33;16990
684;34;16999
684;35;17040
684;36;17059
684;37;17070
684;38;17079
684;39;17137
684;40;17159
684;41;17174
684;42;17181
685;1;13057
685;2;13115
685;3;13584
685;4;13643
685;5;13971
685;6;14497
685;7;14916
685;8;15443
685;9;15553
685;10;15611
685;11;15656
685;12;15668
685;13;15674
685;14;15976
685;15;16013
685;16;16111
685;17;16379
685;18;16397
685;19;16539
685;20;16561
685;21;16571
685;22;16625
685;23;16627
685;24;16663
685;25;16676
685;26;16698
685;27;16718
685;28;16756
685;29;16760
685;30;16792
685;31;16804
685;32;16898
685;33;16899
685;34;16919
685;35;16944
685;36;16948
685;37;16954
685;38;16965
685;39;16984
685;40;16993
685;41;17040
685;42;17062
685;43;17071
685;44;17092
685;45;17136
685;46;17157
685;47;17162
685;48;17172
685;49;17178
685;50;17182
685;51;17206
685;52;17217
685;53;17218
685;54;17222
686;1;11721
686;2;11800
686;3;12360
686;4;12820
686;5;13124
686;6;13200
686;7;13608
686;8;14048
686;9;14114
686;10;14482
686;11;14892
686;12;15056
686;13;15078
686;14;15119
686;15;15273
686;16;15316
686;17;15364
686;18;15368
686;19;15410
686;20;15414
686;21;15431
686;22;15464
686;23;15832
686;24;15861
686;25;15865
686;26;15946
686;27;15980
686;28;16485
686;29;16499
686;30;16522
686;31;16538
686;32;16561
686;33;16598
686;34;16606
686;35;16646
686;36;16691
686;37;16707
686;38;16711
686;39;16758
686;40;16762
686;41;16777
686;42;16824
686;43;16861
686;44;16909
686;45;16923
686;46;16985
686;47;16995
686;48;17046
686;49;17114
686;50;17127
686;51;17142
686;52;17143
686;53;17145
686;54;17149
686;55;17159
686;56;17164
686;57;17177
686;58;17182
686;59;17188
686;60;17192
687;1;13289
687;2;13808
687;3;13814
687;4;14209
687;5;14335
687;6;14427
687;7;14589
687;8;15003
687;9;15446
687;10;15526
687;11;15961
687;12;15990
687;13;16001
687;14;16084
687;15;16138
687;16;16206
687;17;16264
687;18;16266
687;19;16286
687;20;16380
687;21;16402
687;22;16406
687;23;16428
687;24;16473
687;25;16483
687;26;16887
687;27;16895
687;28;16922
687;29;16980
687;30;16990
687;31;17074
687;32;17082
687;33;17086
687;34;17096
687;35;17100
687;36;17103
687;37;17139
687;38;17140
687;39;17152
687;40;17159
687;41;17166
687;42;17181
688;1;11761
688;2;12217
688;3;12841
688;4;13481
688;5;13658
688;6;13757
688;7;14117
688;8;14185
688;9;14230
688;10;14608
688;11;14662
688;12;14689
688;13;14736
688;14;15225
688;15;15254
688;16;15647
688;17;15995
688;18;16176
688;19;16177
688;20;16572
688;21;16602
688;22;16610
688;23;16617
688;24;16622
688;25;16654
688;26;16705
688;27;16717
688;28;16718
688;29;16731
688;30;16745
688;31;16766
688;32;16809
688;33;16824
688;34;16857
688;35;16869
688;36;16900
688;37;16918
688;38;16954
688;39;16964
688;40;16965
688;41;16972
688;42;16978
688;43;17000
688;44;17002
688;45;17009
688;46;17015
688;47;17019
688;48;17052
688;49;17093
688;50;17097
688;51;17103
688;52;17122
688;53;17140
688;54;17144
688;55;17160
688;56;17185
689;1;13512
689;2;13611
689;3;14043
689;4;14061
689;5;14107
689;6;14127
689;7;14637
689;8;14984
689;9;14992
689;10;15283
689;11;15379
689;12;15774
689;13;15890
689;14;15922
689;15;15953
689;16;15986
689;17;16014
689;18;16082
689;19;16086
689;20;16125
689;21;16317
689;22;16332
689;23;16376
689;24;16489
689;25;16493
689;26;16496
689;27;16498
689;28;16596
689;29;16628
689;30;16686
689;31;16727
689;32;16729
689;33;16750
689;34;16805
689;35;16817
689;36;16875
689;37;16895
689;38;16905
689;39;16906
689;40;16929
689;41;16983
689;42;16999
689;43;17003
689;44;17007
689;45;17029
689;46;17055
689;47;17063
689;48;17075
689;49;17083
689;50;17101
689;51;17116
689;52;17128
689;53;17153
689;54;17172
689;55;17185
689;56;17201
689;57;17218
689;58;17222
690;1;12818
690;2;13089
690;3;13239
690;4;13714
690;5;14259
690;6;14263
690;7;14271
690;8;14283
690;9;14319
690;10;14412
690;11;14977
690;12;14991
690;13;15087
690;14;15612
690;15;15655
690;16;16128
690;17;16165
690;18;16187
690;19;16209
690;20;16254
690;21;16273
690;22;16715
690;23;16740
690;24;16773
690;25;16793
690;26;16847
690;27;16855
690;28;16870
690;29;16885
690;30;16887
690;31;16895
690;32;16936
690;33;16958
690;34;16962
690;35;16978
690;36;17068
690;37;17077
690;38;17092
690;39;17102
690;40;17103
690;41;17112
690;42;17116
690;43;17117
690;44;17118
691;1;14963
691;2;15390
691;3;15780
691;4;16152
691;5;16617
691;6;16637
691;7;16671
691;8;16691
691;9;16749
691;10;16795
691;11;16816
691;12;16820
691;13;16826
691;14;16888
691;15;16897
691;16;16947
691;17;16973
691;18;16983
691;19;17013
691;20;17023
691;21;17027
691;22;17048
691;23;17063
691;24;17097
691;25;17107
691;26;17117
691;27;17121
691;28;17142
691;29;17152
691;30;17165
691;31;17171
691;32;17180
691;33;17181
692;1;13273
692;2;13310
692;3;13688
692;4;13692
692;5;13735
692;6;14100
692;7;14538
692;8;14641
692;9;15025
692;10;15026
692;11;15453
692;12;15465
692;13;15557
692;14;15561
692;15;15581
692;16;15630
692;17;15645
692;18;15691
692;19;15799
692;20;15806
692;21;15907
692;22;16232
692;23;16290
692;24;16334
692;25;16425
692;26;16811
692;27;16879
692;28;16938
692;29;16950
692;30;16960
692;31;16985
692;32;17007
692;33;17013
692;34;17033
692;35;17056
692;36;17074
692;37;17082
692;38;17104
692;39;17140
692;40;17157
692;41;17179
692;42;17206
692;43;17228
693;1;10042
693;2;10478
693;3;10489
693;4;10857
693;5;10893
693;6;11332
693;7;11772
693;8;12294
693;9;12402
693;10;12417
693;11;12433
693;12;13057
693;13;13382
693;14;13481
693;15;13604
693;16;13629
693;17;13986
693;18;13992
693;19;14012
693;20;14431
693;21;14684
693;22;14693
693;23;14713
693;24;14740
693;25;14781
693;26;14861
693;27;14897
693;28;15209
693;29;15832
693;30;15841
693;31;15921
693;32;15931
693;33;16017
693;34;16027
693;35;16046
693;36;16079
693;37;16124
693;38;16135
693;39;16141
693;40;16163
693;41;16190
693;42;16202
693;43;16247
693;44;16256
693;45;16356
693;46;16742
693;47;16796
693;48;16832
693;49;16886
693;50;16964
693;51;16970
693;52;16986
693;53;17015
693;54;17025
693;55;17035
693;56;17040
693;57;17050
693;58;17054
693;59;17055
693;60;17080
693;61;17098
693;62;17106
693;63;17115
693;64;17147
693;65;17157
693;66;17165
693;67;17181
694;1;12788
694;2;13274
694;3;13682
694;4;13964
694;5;14034
694;6;14053
694;7;14097
694;8;14101
694;9;14155
694;10;14670
694;11;15084
694;12;15452
694;13;15520
694;14;15962
694;15;16024
694;16;16042
694;17;16078
694;18;16098
694;19;16109
694;20;16160
694;21;16165
694;22;16178
694;23;16185
694;24;16217
694;25;16333
694;26;16355
694;27;16737
694;28;16749
694;29;16759
694;30;16767
694;31;16842
694;32;16896
694;33;16913
694;34;16921
694;35;16931
694;36;16935
694;37;16936
694;38;16940
694;39;16973
694;40;16977
694;41;16992
694;42;17013
694;43;17067
694;44;17077
694;45;17095
694;46;17096
694;47;17115
694;48;17137
694;49;17147
694;50;17205
694;51;17215
695;1;13103
695;2;13549
695;3;13555
695;4;13609
695;5;14065
695;6;14490
695;7;14896
695;8;14899
695;9;14917
695;10;14933
695;11;15047
695;12;15377
695;13;15404
695;14;15542
695;15;15597
695;16;15665
695;17;15999
695;18;16095
695;19;16117
695;20;16137
695;21;16479
695;22;16560
695;23;16591
695;24;16609
695;25;16653
695;26;16657
695;27;16702
695;28;16712
695;29;16756
695;30;16764
695;31;16783
695;32;16805
695;33;16848
695;34;16858
695;35;16891
695;36;16893
695;37;16897
695;38;16943
695;39;16973
695;40;16977
695;41;16989
695;42;16999
695;43;17004
695;44;17036
695;45;17058
695;46;17083
695;47;17098
695;48;17120
695;49;17132
695;50;17152
695;51;17156
695;52;17160
695;53;17173
695;54;17182
695;55;17200
695;56;17206
695;57;17228
696;1;13299
696;2;13864
696;3;14236
696;4;14244
696;5;14269
696;6;14683
696;7;14759
696;8;15091
696;9;15094
696;10;15100
696;11;15175
696;12;15195
696;13;15331
696;14;15647
696;15;15670
696;16;15733
696;17;15839
696;18;15846
696;19;15900
696;20;15908
696;21;16459
696;22;16521
696;23;16554
696;24;16595
696;25;16617
696;26;16639
696;27;16653
696;28;16654
696;29;16658
696;30;16659
696;31;16666
696;32;16668
696;33;16696
696;34;16699
696;35;16705
696;36;16750
696;37;16766
696;38;16770
696;39;16773
696;40;16775
696;41;16776
696;42;16844
696;43;16899
696;44;16935
696;45;16939
696;46;16941
696;47;16954
696;48;16990
696;49;17031
696;50;17055
696;51;17096
696;52;17118
696;53;17124
696;54;17127
696;55;17150
696;56;17162
696;57;17163
697;1;11717
697;2;12227
697;3;12490
697;4;12619
697;5;12890
697;6;12949
697;7;13261
697;8;13264
697;9;13783
697;10;13881
697;11;13926
697;12;14028
697;13;14051
697;14;14075
697;15;14200
697;16;14236
697;17;14516
697;18;14634
697;19;14640
697;20;14997
697;21;15038
697;22;15047
697;23;15098
697;24;15115
697;25;15137
697;26;15285
697;27;15597
697;28;15947
697;29;16040
697;30;16100
697;31;16509
697;32;16552
697;33;16581
697;34;16714
697;35;16717
697;36;16771
697;37;16779
697;38;16814
697;39;16836
697;40;16837
697;41;16910
697;42;16931
697;43;16935
697;44;16944
697;45;16950
697;46;16972
697;47;16994
697;48;17008
697;49;17010
697;50;17018
697;51;17036
697;52;17046
697;53;17054
697;54;17086
697;55;17112
697;56;17140
697;57;17152
697;58;17156
697;59;17163
697;60;17172
698;1;11906
698;2;12425
698;3;12448
698;4;12467
698;5;12488
698;6;12811
698;7;12832
698;8;13175
698;9;13296
698;10;13333
698;11;13378
698;12;13411
698;13;13452
698;14;13488
698;15;13567
698;16;13582
698;17;14033
698;18;14394
698;19;14887
698;20;14897
698;21;14920
698;22;14960
698;23;15295
698;24;15310
698;25;15712
698;26;15779
698;27;15838
698;28;15952
698;29;15959
698;30;16052
698;31;16054
698;32;16127
698;33;16210
698;34;16524
698;35;16564
698;36;16638
698;37;16665
698;38;16673
698;39;16698
698;40;16723
698;41;16758
698;42;16776
698;43;16785
698;44;16804
698;45;16844
698;46;16858
698;47;16902
698;48;16906
698;49;16928
698;50;16958
698;51;17091
698;52;17101
698;53;17105
698;54;17158
698;55;17168
698;56;17179
698;57;17185
698;58;17207
698;59;17217
699;1;13617
699;2;14062
699;3;14301
699;4;14437
699;5;14927
699;6;15301
699;7;15486
699;8;15494
699;9;15535
699;10;15546
699;11;15625
699;12;15783
699;13;15796
699;14;15850
699;15;15877
699;16;15899
699;17;15973
699;18;15996
699;19;16018
699;20;16334
699;21;16514
699;22;16565
699;23;16607
699;24;16650
699;25;16660
699;26;16667
699;27;16676
699;28;16720
699;29;16778
699;30;16810
699;31;16822
699;32;16826
699;33;16847
699;34;16873
699;35;16927
699;36;16949
699;37;16963
699;38;16967
699;39;16982
699;40;16987
699;41;16991
699;42;17009
699;43;17013
699;44;17015
699;45;17031
699;46;17046
699;47;17067
699;48;17080
699;49;17084
699;50;17152
699;51;17194
699;52;17206
699;53;17222
700;1;12563
700;2;13063
700;3;13117
700;4;13559
700;5;13865
700;6;13942
700;7;14350
700;8;14863
700;9;15299
700;10;15353
700;11;15368
700;12;15410
700;13;15438
700;14;15888
700;15;15950
700;16;15972
700;17;15984
700;18;16114
700;19;16134
700;20;16480
700;21;16492
700;22;16521
700;23;16561
700;24;16567
700;25;16584
700;26;16615
700;27;16619
700;28;16623
700;29;16646
700;30;16686
700;31;16700
700;32;16798
700;33;16814
700;34;16836
700;35;16846
700;36;16852
700;37;16874
700;38;16897
700;39;16917
700;40;16922
700;41;16926
700;42;16948
700;43;16961
700;44;16980
700;45;16983
700;46;17006
700;47;17033
700;48;17053
700;49;17075
700;50;17137
700;51;17170
700;52;17174
700;53;17220
701;1;10415
701;2;10694
701;3;10832
701;4;11270
701;5;11738
701;6;11818
701;7;12317
701;8;12714
701;9;13154
701;10;13160
701;11;13273
701;12;13314
701;13;13337
701;14;13797
701;15;14310
701;16;14731
701;17;15202
701;18;15713
701;19;15726
701;20;15844
701;21;16234
701;22;16260
701;23;16313
701;24;16340
701;25;16362
701;26;16397
701;27;16406
701;28;16447
701;29;16529
701;30;16551
701;31;16605
701;32;16628
701;33;16647
701;34;16654
701;35;16686
701;36;16705
701;37;16750
701;38;16759
701;39;16769
701;40;16791
701;41;16816
701;42;16819
701;43;16845
701;44;16855
701;45;16875
701;46;16879
701;47;16891
701;48;16906
701;49;16950
701;50;16972
701;51;17019
701;52;17044
701;53;17060
701;54;17068
701;55;17095
701;56;17108
701;57;17122
701;58;17130
701;59;17140
701;60;17181
701;61;17198
701;62;17202
701;63;17207
701;64;17211
701;65;17217
702;1;13216
702;2;13326
702;3;13734
702;4;14201
702;5;14375
702;6;14545
702;7;14566
702;8;14602
702;9;15011
702;10;15169
702;11;15625
702;12;15683
702;13;16078
702;14;16126
702;15;16130
702;16;16136
702;17;16159
702;18;16204
702;19;16312
702;20;16683
702;21;16719
702;22;16741
702;23;16750
702;24;16818
702;25;16851
702;26;16853
702;27;16899
702;28;16903
702;29;16913
702;30;16967
702;31;16976
702;32;17009
702;33;17011
702;34;17018
702;35;17039
702;36;17090
702;37;17094
702;38;17098
702;39;17113
702;40;17120
702;41;17139
702;42;17161
702;43;17165
703;1;12251
703;2;12328
703;3;12583
703;4;12649
703;5;12998
703;6;13058
703;7;13432
703;8;13947
703;9;14023
703;10;14059
703;11;14425
703;12;14793
703;13;14891
703;14;14990
703;15;15052
703;16;15263
703;17;15276
703;18;15350
703;19;15607
703;20;15805
703;21;15896
703;22;16080
703;23;16153
703;24;16192
703;25;16698
703;26;16764
703;27;16770
703;28;16817
703;29;16840
703;30;16852
703;31;16867
703;32;16882
703;33;16889
703;34;16908
703;35;16921
703;36;16925
703;37;16931
703;38;16953
703;39;16989
703;40;17011
703;41;17021
703;42;17051
703;43;17052
703;44;17062
703;45;17066
703;46;17092
703;47;17107
703;48;17118
703;49;17131
703;50;17133
703;51;17141
703;52;17151
703;53;17198
703;54;17215
703;55;17219
703;56;17224
703;57;17228
704;1;13146
704;2;13154
704;3;13196
704;4;13570
704;5;13615
704;6;13691
704;7;13706
704;8;13729
704;9;13774
704;10;14264
704;11;14296
704;12;14354
704;13;14394
704;14;14454
704;15;14458
704;16;14977
704;17;15297
704;18;15309
704;19;15758
704;20;15939
704;21;16104
704;22;16158
704;23;16645
704;24;16707
704;25;16815
704;26;16831
704;27;16860
704;28;16879
704;29;16886
704;30;16908
704;31;16922
704;32;16933
704;33;16974
704;34;17040
704;35;17066
704;36;17076
704;37;17095
704;38;17106
704;39;17110
704;40;17113
704;41;17114
704;42;17117
704;43;17127
704;44;17137
704;45;17141
704;46;17153
704;47;17162
704;48;17179
704;49;17188
704;50;17194
704;51;17198
704;52;17200
704;53;17204
704;54;17228
705;1;12605
705;2;13078
705;3;13456
705;4;13640
705;5;13644
705;6;13680
705;7;13703
705;8;13704
705;9;14148
705;10;14611
705;11;14923
705;12;14937
705;13;15381
705;14;15393
705;15;15415
705;16;15989
705;17;16455
705;18;16580
705;19;16586
705;20;16605
705;21;16606
705;22;16610
705;23;16624
705;24;16643
705;25;16659
705;26;16752
705;27;16772
705;28;16790
705;29;16794
705;30;16816
705;31;16823
705;32;16835
705;33;16837
705;34;16917
705;35;16938
705;36;16942
705;37;16964
705;38;16985
705;39;16998
705;40;17006
705;41;17069
705;42;17101
705;43;17113
705;44;17123
705;45;17143
705;46;17162
705;47;17163
706;1;11657
706;2;11755
706;3;12404
706;4;12841
706;5;13299
706;6;13699
706;7;14289
706;8;14502
706;9;14918
706;10;15363
706;11;15575
706;12;15888
706;13;15997
706;14;16159
706;15;16197
706;16;16615
706;17;16655
706;18;16660
706;19;16762
706;20;16775
706;21;16784
706;22;16829
706;23;16834
706;24;16909
706;25;16958
706;26;16962
706;27;16967
706;28;16977
706;29;16992
706;30;17073
706;31;17096
706;32;17113
706;33;17119
706;34;17129
706;35;17136
706;36;17138
706;37;17178
706;38;17180
706;39;17184
706;40;17200
706;41;17222
707;1;11835
707;2;12289
707;3;12657
707;4;12730
707;5;13263
707;6;13703
707;7;13796
707;8;13814
707;9;13852
707;10;13959
707;11;14408
707;12;14741
707;13;14900
707;14;15098
707;15;15123
707;16;15541
707;17;15907
707;18;16472
707;19;16670
707;20;16672
707;21;16718
707;22;16734
707;23;16745
707;24;16760
707;25;16788
707;26;16794
707;27;16817
707;28;16839
707;29;16897
707;30;16909
707;31;16912
707;32;16914
707;33;16918
707;34;16937
707;35;16945
707;36;16989
707;37;16993
707;38;16999
707;39;17048
707;40;17064
707;41;17073
707;42;17141
707;43;17160
707;44;17182
707;45;17186
708;1;13543
708;2;14108
708;3;14453
708;4;14524
708;5;14543
708;6;15042
708;7;15063
708;8;15171
708;9;15218
708;10;15377
708;11;15437
708;12;15804
708;13;15825
708;14;15843
708;15;15913
708;16;15974
708;17;15981
708;18;16047
708;19;16085
708;20;16110
708;21;16132
708;22;16170
708;23;16192
708;24;16235
708;25;16246
708;26;16291
708;27;16323
708;28;16927
708;29;16935
708;30;16946
708;31;16950
708;32;16961
708;33;16965
708;34;16970
708;35;16978
708;36;16993
708;37;17001
708;38;17013
708;39;17031
708;40;17041
708;41;17042
708;42;17055
708;43;17065
708;44;17066
708;45;17088
708;46;17122
708;47;17137
708;48;17145
708;49;17149
708;50;17159
708;51;17175
708;52;17181
709;1;14501
709;2;14973
709;3;15358
709;4;15363
709;5;15620
709;6;15638
709;7;15731
709;8;15908
709;9;15944
709;10;16346
709;11;16463
709;12;16511
709;13;16517
709;14;16525
709;15;16557
709;16;16582
709;17;16643
709;18;16649
709;19;16668
709;20;16672
709;21;16678
709;22;16738
709;23;16748
709;24;16770
709;25;16784
709;26;16791
709;27;16795
709;28;16852
709;29;16868
709;30;16880
709;31;16887
709;32;16917
709;33;16927
709;34;16961
709;35;16967
709;36;16975
709;37;16979
709;38;17006
709;39;17028
709;40;17037
709;41;17072
709;42;17082
709;43;17096
709;44;17115
709;45;17123
709;46;17133
710;1;13189
710;2;13215
710;3;13228
710;4;13327
710;5;13650
710;6;13967
710;7;14457
710;8;14556
710;9;14718
710;10;15335
710;11;15516
710;12;15641
710;13;15656
710;14;16140
710;15;16159
710;16;16724
710;17;16735
710;18;16771
710;19;16788
710;20;16793
710;21;16805
710;22;16881
710;23;16900
710;24;16902
710;25;16926
710;26;16944
710;27;16957
710;28;16990
710;29;17009
710;30;17018
710;31;17025
710;32;17040
710;33;17043
710;34;17066
710;35;17128
710;36;17143
710;37;17165
711;1;10614
711;2;10999
711;3;11039
711;4;11118
711;5;11200
711;6;11641
711;7;11663
711;8;11801
711;9;11878
711;10;11894
711;11;12334
711;12;12770
711;13;13259
711;14;13749
711;15;13772
711;16;14140
711;17;14627
711;18;15138
711;19;15511
711;20;15795
711;21;15872
711;22;15917
711;23;15938
711;24;15974
711;25;16301
711;26;16384
711;27;16475
711;28;16507
711;29;16527
711;30;16546
711;31;16573
711;32;16614
711;33;16624
711;34;16686
711;35;16692
711;36;16698
711;37;16710
711;38;16746
711;39;16750
711;40;16764
711;41;16823
711;42;16831
711;43;16841
711;44;16905
711;45;16920
711;46;16928
711;47;16932
711;48;16984
711;49;16986
711;50;17018
711;51;17037
711;52;17052
711;53;17071
711;54;17093
711;55;17108
711;56;17112
711;57;17119
712;1;12581
712;2;13023
712;3;13039
712;4;13457
712;5;13795
712;6;13831
712;7;14320
712;8;14340
712;9;14457
712;10;14968
712;11;15001
712;12;15037
712;13;15075
712;14;15106
712;15;15112
712;16;15605
712;17;16031
712;18;16087
712;19;16123
712;20;16185
712;21;16243
712;22;16566
712;23;16691
712;24;16703
712;25;16721
712;26;16746
712;27;16814
712;28;16826
712;29;16856
712;30;16868
712;31;16876
712;32;16896
712;33;16915
712;34;16938
712;35;16986
712;36;16990
712;37;17012
712;38;17034
712;39;17044
712;40;17053
712;41;17079
712;42;17089
712;43;17090
712;44;17134
712;45;17140
712;46;17144
712;47;17166
712;48;17171
712;49;17181
712;50;17192
713;1;12678
713;2;13151
713;3;13335
713;4;13395
713;5;13656
713;6;13662
713;7;13698
713;8;14076
713;9;14570
713;10;15060
713;11;15446
713;12;15799
713;13;15912
713;14;16010
713;15;16030
713;16;16052
713;17;16075
713;18;16635
713;19;16706
713;20;16724
713;21;16746
713;22;16778
713;23;16796
713;24;16816
713;25;16841
713;26;16849
713;27;16881
713;28;16890
713;29;16895
713;30;16896
713;31;16919
713;32;16944
713;33;16954
713;34;16957
713;35;16967
713;36;16976
713;37;16999
713;38;17022
713;39;17031
713;40;17051
713;41;17073
713;42;17077
713;43;17093
713;44;17097
713;45;17113
713;46;17154
713;47;17168
713;48;17176
713;49;17186
713;50;17222
714;1;11993
714;2;12615
714;3;12634
714;4;13033
714;5;13131
714;6;13194
714;7;13669
714;8;13679
714;9;13725
714;10;13750
714;11;14269
714;12;14743
714;13;14744
714;14;14806
714;15;14816
714;16;15272
714;17;15780
714;18;15799
714;19;15802
714;20;16313
714;21;16529
714;22;16621
714;23;16674
714;24;16715
714;25;16761
714;26;16810
714;27;16814
714;28;16850
714;29;16883
714;30;16898
714;31;16907
714;32;16966
714;33;16978
714;34;16988
714;35;16992
714;36;17077
714;37;17086
714;38;17093
714;39;17108
714;40;17145
714;41;17147
714;42;17151
715;1;11601
715;2;12079
715;3;12159
715;4;12221
715;5;12351
715;6;12561
715;7;13069
715;8;13421
715;9;13737
715;10;13773
715;11;13893
715;12;14103
715;13;14111
715;14;14446
715;15;14475
715;16;14511
715;17;14620
715;18;15035
715;19;15413
715;20;15522
715;21;15918
715;22;16346
715;23;16396
715;24;16417
715;25;16493
715;26;16512
715;27;16631
715;28;16652
715;29;16664
715;30;16665
715;31;16670
715;32;16689
715;33;16727
715;34;16763
715;35;16817
715;36;16885
715;37;16910
715;38;16911
715;39;16930
715;40;16943
715;41;16955
715;42;16963
715;43;16984
715;44;16994
715;45;17008
715;46;17027
715;47;17046
715;48;17055
715;49;17059
715;50;17074
715;51;17083
715;52;17108
715;53;17127
715;54;17131
715;55;17138
715;56;17146
715;57;17161
716;1;11561
716;2;12051
716;3;12452
716;4;12528
716;5;13036
716;6;13225
716;7;13558
716;8;13594
716;9;13612
716;10;13634
716;11;14267
716;12;14426
716;13;14477
716;14;14515
716;15;14574
716;16;14795
716;17;14827
716;18;15337
716;19;15797
716;20;15998
716;21;16091
716;22;16103
716;23;16195
716;24;16264
716;25;16285
716;26;16306
716;27;16374
716;28;16391
716;29;16424
716;30;16427
716;31;16464
716;32;16479
716;33;16502
716;34;16551
716;35;16571
716;36;16579
716;37;16589
716;38;16603
716;39;16607
716;40;16611
716;41;16621
716;42;16630
716;43;16985
716;44;17048
716;45;17074
716;46;17078
716;47;17088
716;48;17095
716;49;17117
716;50;17123
716;51;17139
716;52;17154
716;53;17177
716;54;17179
716;55;17183
717;1;11420
717;2;11524
717;3;11638
717;4;12146
717;5;12552
717;6;13006
717;7;13068
717;8;13561
717;9;13763
717;10;13783
717;11;13962
717;12;13974
717;13;14576
717;14;14649
717;15;15079
717;16;15143
717;17;15168
717;18;15182
717;19;15204
717;20;15565
717;21;15690
717;22;15894
717;23;15904
717;24;16417
717;25;16426
717;26;16578
717;27;16648
717;28;16689
717;29;16709
717;30;16721
717;31;16759
717;32;16767
717;33;16807
717;34;16821
717;35;16867
717;36;16888
717;37;16898
717;38;16908
717;39;16959
717;40;16971
717;41;16991
717;42;16997
717;43;17018
717;44;17054
717;45;17065
717;46;17085
717;47;17099
717;48;17107
717;49;17111
717;50;17114
717;51;17120
717;52;17124
717;53;17140
717;54;17141
717;55;17156
717;56;17165
717;57;17172
717;58;17176
717;59;17181
717;60;17183
717;61;17196
718;1;10547
718;2;11164
718;3;11523
718;4;11559
718;5;12059
718;6;12079
718;7;12520
718;8;13030
718;9;13278
718;10;13409
718;11;13869
718;12;14235
718;13;14343
718;14;14403
718;15;14418
718;16;14597
718;17;14857
718;18;14863
718;19;15023
718;20;15077
718;21;15152
718;22;15218
718;23;15316
718;24;15672
718;25;16025
718;26;16086
718;27;16090
718;28;16094
718;29;16115
718;30;16124
718;31;16147
718;32;16182
718;33;16218
718;34;16236
718;35;16239
718;36;16261
718;37;16639
718;38;16654
718;39;16687
718;40;16695
718;41;16696
718;42;16719
718;43;16727
718;44;16737
718;45;16799
718;46;16803
718;47;16807
718;48;16816
718;49;16833
718;50;16842
718;51;16896
718;52;16900
718;53;16911
718;54;16915
718;55;16933
718;56;16946
718;57;17000
718;58;17015
718;59;17031
718;60;17073
718;61;17085
718;62;17108
718;63;17142
718;64;17148
718;65;17170
718;66;17174
718;67;17175
718;68;17181
719;1;12739
719;2;12747
719;3;13070
719;4;13092
719;5;13534
719;6;13822
719;7;13976
719;8;14095
719;9;14570
719;10;15069
719;11;15084
719;12;15144
719;13;15701
719;14;15771
719;15;15830
719;16;15929
719;17;15951
719;18;15955
719;19;16069
719;20;16084
719;21;16445
719;22;16464
719;23;16613
719;24;16667
719;25;16741
719;26;16753
719;27;16755
719;28;16761
719;29;16804
719;30;16811
719;31;16840
719;32;16846
719;33;16872
719;34;16881
719;35;16909
719;36;16932
719;37;16964
719;38;16968
719;39;16970
719;40;16974
719;41;16992
719;42;17024
719;43;17028
719;44;17082
719;45;17126
720;1;10871
720;2;10985
720;3;11022
720;4;11370
720;5;11686
720;6;11708
720;7;12164
720;8;12439
720;9;12844
720;10;12981
720;11;13419
720;12;13909
720;13;13975
720;14;14029
720;15;14031
720;16;14680
720;17;14993
720;18;14996
720;19;15012
720;20;15493
720;21;16012
720;22;16044
720;23;16057
720;24;16093
720;25;16097
720;26;16180
720;27;16209
720;28;16213
720;29;16240
720;30;16291
720;31;16313
720;32;16349
720;33;16352
720;34;16353
720;35;16797
720;36;16813
720;37;16826
720;38;16828
720;39;16829
720;40;16848
720;41;16865
720;42;16935
720;43;16957
720;44;16971
720;45;16989
720;46;17001
720;47;17002
720;48;17034
720;49;17043
720;50;17058
720;51;17067
720;52;17082
720;53;17090
720;54;17122
720;55;17123
720;56;17126
720;57;17143
720;58;17144
720;59;17147
721;1;11633
721;2;11791
721;3;12233
721;4;12755
721;5;13008
721;6;13053
721;7;13517
721;8;13520
721;9;14003
721;10;14022
721;11;14533
721;12;14534
721;13;14585
721;14;14741
721;15;14839
721;16;14907
721;17;14919
721;18;15477
721;19;15541
721;20;15581
721;21;15606
721;22;15676
721;23;15750
721;24;16162
721;25;16223
721;26;16258
721;27;16309
721;28;16332
721;29;16346
721;30;16349
721;31;16358
721;32;16368
721;33;16390
721;34;16485
721;35;16498
721;36;16508
721;37;16527
721;38;16918
721;39;17007
721;40;17019
721;41;17063
721;42;17080
721;43;17081
721;44;17091
721;45;17132
721;46;17136
721;47;17153
721;48;17154
721;49;17170
722;1;11954
722;2;12322
722;3;12841
722;4;12863
722;5;13503
722;6;13867
722;7;14378
722;8;14382
722;9;14767
722;10;14866
722;11;14917
722;12;15427
722;13;15904
722;14;16021
722;15;16025
722;16;16029
722;17;16061
722;18;16084
722;19;16095
722;20;16193
722;21;16199
722;22;16253
722;23;16262
722;24;16574
722;25;16619
722;26;16645
722;27;16678
722;28;16703
722;29;16713
722;30;16720
722;31;16742
722;32;16750
722;33;16762
722;34;16763
722;35;16821
722;36;16826
722;37;16862
722;38;16884
722;39;16943
722;40;17011
722;41;17012
722;42;17034
722;43;17038
722;44;17042
722;45;17052
722;46;17101
722;47;17105
722;48;17116
722;49;17152
723;1;13957
723;2;14155
723;3;14165
723;4;14726
723;5;15112
723;6;15175
723;7;15251
723;8;15610
723;9;15651
723;10;15705
723;11;15750
723;12;15786
723;13;15879
723;14;15927
723;15;16088
723;16;16549
723;17;16618
723;18;16620
723;19;16640
723;20;16696
723;21;16778
723;22;16786
723;23;16795
723;24;16799
723;25;16811
723;26;16815
723;27;16820
723;28;16856
723;29;16905
723;30;16927
723;31;16938
723;32;16953
723;33;16981
723;34;17035
723;35;17049
723;36;17096
723;37;17102
723;38;17115
723;39;17122
723;40;17138
723;41;17142
723;42;17145
723;43;17149
723;44;17170
723;45;17186
724;1;13460
724;2;13898
724;3;14266
724;4;14365
724;5;14736
724;6;14960
724;7;15017
724;8;15461
724;9;15506
724;10;15509
724;11;15639
724;12;15661
724;13;15690
724;14;15723
724;15;15786
724;16;15827
724;17;16328
724;18;16794
724;19;16803
724;20;16807
724;21;16842
724;22;16848
724;23;16849
724;24;16852
724;25;16885
724;26;16889
724;27;16933
724;28;16951
724;29;16957
724;30;16982
724;31;16998
724;32;17027
724;33;17049
724;34;17060
724;35;17101
724;36;17127
724;37;17149
724;38;17161
724;39;17171
724;40;17176
724;41;17179
724;42;17183
725;1;12446
725;2;12918
725;3;12980
725;4;13354
725;5;13772
725;6;14421
725;7;14439
725;8;14797
725;9;14873
725;10;14947
725;11;15378
725;12;15471
725;13;15517
725;14;15525
725;15;15550
725;16;15675
725;17;15684
725;18;16161
725;19;16259
725;20;16270
725;21;16289
725;22;16298
725;23;16336
725;24;16342
725;25;16352
725;26;16354
725;27;16368
725;28;16456
725;29;16514
725;30;16524
725;31;16548
725;32;16552
725;33;16571
725;34;16594
725;35;16602
725;36;16623
725;37;16630
725;38;17037
725;39;17053
725;40;17065
725;41;17082
725;42;17086
725;43;17095
725;44;17102
726;1;9942
726;2;10351
726;3;10735
726;4;11341
726;5;11797
726;6;11881
726;7;12402
726;8;12838
726;9;13206
726;10;13615
726;11;13675
726;12;13976
726;13;14007
726;14;14011
726;15;14391
726;16;14470
726;17;14593
726;18;14831
726;19;14885
726;20;15023
726;21;15153
726;22;15194
726;23;15282
726;24;15336
726;25;15381
726;26;15390
726;27;15399
726;28;15833
726;29;15853
726;30;16051
726;31;16147
726;32;16207
726;33;16673
726;34;16674
726;35;16710
726;36;16769
726;37;16773
726;38;16801
726;39;16802
726;40;16814
726;41;16836
726;42;16844
726;43;16876
726;44;16881
726;45;16890
726;46;16915
726;47;16924
726;48;16929
726;49;16953
726;50;16966
726;51;16976
726;52;16978
726;53;16990
726;54;16994
726;55;17000
726;56;17047
726;57;17069
726;58;17073
726;59;17075
726;60;17090
726;61;17092
726;62;17097
726;63;17101
726;64;17122
726;65;17139
726;66;17143
726;67;17158
726;68;17175
726;69;17185
726;70;17207
726;71;17224
726;72;17228
727;1;13310
727;2;13563
727;3;13588
727;4;14123
727;5;14612
727;6;15087
727;7;15195
727;8;15502
727;9;15571
727;10;15676
727;11;15699
727;12;16022
727;13;16058
727;14;16063
727;15;16067
727;16;16146
727;17;16407
727;18;16516
727;19;16520
727;20;16558
727;21;16580
727;22;16589
727;23;16598
727;24;16661
727;25;16669
727;26;16706
727;27;16760
727;28;16764
727;29;16782
727;30;16794
727;31;16805
727;32;16811
727;33;16815
727;34;16823
727;35;16826
727;36;16857
727;37;16860
727;38;16892
727;39;16907
727;40;16929
727;41;16939
727;42;16947
727;43;16955
727;44;16965
727;45;16973
727;46;16992
727;47;16993
727;48;17029
727;49;17030
727;50;17042
727;51;17044
727;52;17052
727;53;17053
727;54;17076
727;55;17083
727;56;17093
728;1;11836
728;2;12458
728;3;12520
728;4;12932
728;5;13309
728;6;13386
728;7;13401
728;8;13855
728;9;14007
728;10;14184
728;11;14586
728;12;14630
728;13;14917
728;14;14979
728;15;14985
728;16;15442
728;17;15965
728;18;16094
728;19;16104
728;20;16108
728;21;16124
728;22;16195
728;23;16222
728;24;16580
728;25;16651
728;26;16684
728;27;16729
728;28;16787
728;29;16809
728;30;16815
728;31;16851
728;32;16866
728;33;16981
728;34;16984
728;35;16988
728;36;16992
728;37;16999
728;38;17001
728;39;17011
728;40;17026
728;41;17098
728;42;17114
728;43;17119
728;44;17140
728;45;17149
728;46;17155
728;47;17157
728;48;17166
728;49;17180
728;50;17187
728;51;17202
729;1;13021
729;2;13040
729;3;13094
729;4;13102
729;5;13479
729;6;13970
729;7;13978
729;8;14000
729;9;14003
729;10;14013
729;11;14112
729;12;14145
729;13;14541
729;14;14586
729;15;14972
729;16;15047
729;17;15353
729;18;15397
729;19;15411
729;20;15437
729;21;15493
729;22;15499
729;23;15569
729;24;15620
729;25;16131
729;26;16172
729;27;16206
729;28;16210
729;29;16242
729;30;16276
729;31;16334
729;32;16356
729;33;16382
729;34;16387
729;35;16397
729;36;16442
729;37;16450
729;38;16474
729;39;16478
729;40;16494
729;41;16768
729;42;16800
729;43;16934
729;44;16944
729;45;16966
729;46;17037
729;47;17046
729;48;17080
729;49;17088
729;50;17092
729;51;17099
729;52;17108
729;53;17122
729;54;17125
729;55;17129
729;56;17135
729;57;17155
729;58;17170
729;59;17176
729;60;17180
729;61;17198
729;62;17202
730;1;13664
730;2;13681
730;3;13943
730;4;14538
730;5;14917
730;6;15416
730;7;15438
730;8;15558
730;9;15572
730;10;15587
730;11;15595
730;12;15607
730;13;16052
730;14;16078
730;15;16414
730;16;16417
730;17;16422
730;18;16436
730;19;16438
730;20;16552
730;21;16656
730;22;16660
730;23;16761
730;24;16763
730;25;16766
730;26;16794
730;27;16802
730;28;16860
730;29;16868
730;30;16919
730;31;16967
730;32;16980
730;33;16981
730;34;16996
730;35;16997
730;36;17019
730;37;17036
730;38;17046
730;39;17058
730;40;17062
730;41;17083
730;42;17090
730;43;17115
730;44;17119
730;45;17141
730;46;17146
730;47;17159
730;48;17166
730;49;17170
730;50;17181
731;1;12169
731;2;12367
731;3;12429
731;4;12450
731;5;12510
731;6;12893
731;7;13261
731;8;13415
731;9;13519
731;10;13551
731;11;14062
731;12;14096
731;13;14571
731;14;15175
731;15;15197
731;16;15291
731;17;15312
731;18;15609
731;19;15761
731;20;15795
731;21;15813
731;22;15881
731;23;16335
731;24;16375
731;25;16376
731;26;16394
731;27;16434
731;28;16518
731;29;17031
731;30;17034
731;31;17051
731;32;17073
731;33;17084
731;34;17088
731;35;17111
731;36;17144
731;37;17155
731;38;17170
732;1;11418
732;2;11911
732;3;12285
732;4;12379
732;5;12793
732;6;12815
732;7;12926
732;8;13086
732;9;13433
732;10;13437
732;11;13557
732;12;13984
732;13;14389
732;14;14404
732;15;14893
732;16;14961
732;17;14963
732;18;15055
732;19;15078
732;20;15537
732;21;16037
732;22;16202
732;23;16206
732;24;16260
732;25;16274
732;26;16276
732;27;16433
732;28;16636
732;29;16645
732;30;16822
732;31;16882
732;32;16901
732;33;16908
732;34;16920
732;35;16924
732;36;16994
732;37;17003
732;38;17062
732;39;17069
732;40;17078
732;41;17101
732;42;17110
732;43;17120
732;44;17124
732;45;17139
733;1;11829
733;2;11856
733;3;12393
733;4;12415
733;5;12913
733;6;12948
733;7;13597
733;8;13715
733;9;14190
733;10;14400
733;11;14793
733;12;15306
733;13;15369
733;14;15409
733;15;15445
733;16;15701
733;17;16191
733;18;16251
733;19;16287
733;20;16325
733;21;16334
733;22;16362
733;23;16851
733;24;16868
733;25;16975
733;26;17004
733;27;17012
733;28;17032
733;29;17054
733;30;17098
733;31;17108
733;32;17131
733;33;17153
734;1;12693
734;2;13071
734;3;13144
734;4;13252
734;5;13332
734;6;13368
734;7;13753
734;8;14092
734;9;14286
734;10;14602
734;11;15121
734;12;15136
734;13;15231
734;14;15586
734;15;15594
734;16;15638
734;17;15650
734;18;15668
734;19;15742
734;20;15752
734;21;15778
734;22;15836
734;23;15912
734;24;15973
734;25;16017
734;26;16034
734;27;16326
734;28;16366
734;29;16372
734;30;16406
734;31;16472
734;32;16476
734;33;16483
734;34;16485
734;35;16487
734;36;16517
734;37;16533
734;38;16610
734;39;16721
734;40;16736
734;41;16771
734;42;16803
734;43;16806
734;44;16842
734;45;16858
734;46;16893
734;47;16895
734;48;16902
734;49;16906
734;50;16962
734;51;16966
734;52;16977
734;53;16992
734;54;17008
734;55;17018
734;56;17025
734;57;17027
734;58;17028
734;59;17045
734;60;17049
734;61;17065
734;62;17103
734;63;17113
734;64;17131
734;65;17142
734;66;17147
734;67;17162
734;68;17166
734;69;17182
734;70;17186
735;1;13493
735;2;13606
735;3;13921
735;4;14055
735;5;14060
735;6;14114
735;7;14185
735;8;14501
735;9;15020
735;10;15483
735;11;15744
735;12;15836
735;13;15856
735;14;15875
735;15;15889
735;16;16291
735;17;16300
735;18;16333
735;19;16341
735;20;16378
735;21;16454
735;22;16458
735;23;16511
735;24;16517
735;25;16521
735;26;16545
735;27;16581
735;28;16640
735;29;16665
735;30;16671
735;31;16686
735;32;16707
735;33;16751
735;34;16780
735;35;16792
735;36;16815
735;37;16825
735;38;16835
735;39;16847
735;40;16869
735;41;16881
735;42;16886
735;43;16927
735;44;16941
735;45;16946
735;46;16950
735;47;16960
735;48;16968
735;49;16993
735;50;17008
735;51;17023
735;52;17027
735;53;17093
735;54;17110
735;55;17114
735;56;17148
735;57;17149
736;1;10369
736;2;10389
736;3;10497
736;4;10576
736;5;10762
736;6;11216
736;7;11315
736;8;11449
736;9;11453
736;10;11513
736;11;11553
736;12;12033
736;13;12483
736;14;12488
736;15;12503
736;16;12509
736;17;12531
736;18;12576
736;19;13039
736;20;13538
736;21;13933
736;22;14443
736;23;14925
736;24;15313
736;25;15460
736;26;15481
736;27;15543
736;28;16129
736;29;16150
736;30;16167
736;31;16186
736;32;16187
736;33;16279
736;34;16287
736;35;16304
736;36;16805
736;37;16878
736;38;16901
736;39;16919
736;40;16944
736;41;16954
736;42;16957
736;43;16958
736;44;16961
736;45;16966
736;46;16967
736;47;16985
736;48;16989
736;49;17016
736;50;17033
736;51;17074
736;52;17082
736;53;17104
736;54;17125
736;55;17147
736;56;17179
736;57;17183
736;58;17187
737;1;13032
737;2;13433
737;3;13753
737;4;14168
737;5;14647
737;6;14806
737;7;15208
737;8;15228
737;9;15232
737;10;15280
737;11;15648
737;12;15929
737;13;15952
737;14;16090
737;15;16110
737;16;16367
737;17;16471
737;18;16491
737;19;16508
737;20;16513
737;21;16537
737;22;16591
737;23;16649
737;24;16661
737;25;16735
737;26;16750
737;27;16772
737;28;16774
737;29;16797
737;30;16803
737;31;16853
737;32;16854
737;33;16911
737;34;16921
737;35;16946
737;36;16972
737;37;16981
737;38;16987
737;39;16992
737;40;17036
737;41;17039
737;42;17093
737;43;17113
737;44;17122
737;45;17126
737;46;17130
737;47;17146
737;48;17154
737;49;17159
737;50;17163
737;51;17176
737;52;17186
738;1;12952
738;2;13361
738;3;13791
738;4;14068
738;5;14208
738;6;14301
738;7;14337
738;8;14708
738;9;14715
738;10;14813
738;11;14854
738;12;15302
738;13;15646
738;14;15687
738;15;15754
738;16;15773
738;17;16172
738;18;16208
738;19;16708
738;20;16817
738;21;16825
738;22;16839
738;23;16854
738;24;16872
738;25;16895
738;26;16911
738;27;16913
738;28;16925
738;29;16964
738;30;17004
738;31;17015
738;32;17037
738;33;17046
738;34;17047
738;35;17067
738;36;17078
738;37;17088
738;38;17098
738;39;17102
738;40;17103
738;41;17115
738;42;17124
738;43;17126
738;44;17135
738;45;17160
738;46;17170
739;1;10424
739;2;11019
739;3;11150
739;4;11384
739;5;11689
739;6;11731
739;7;12337
739;8;12961
739;9;13494
739;10;14032
739;11;14054
739;12;14059
739;13;14319
739;14;14540
739;15;14908
739;16;15380
739;17;15384
739;18;15396
739;19;15406
739;20;15502
739;21;15511
739;22;15593
739;23;15652
739;24;16097
739;25;16114
739;26;16118
739;27;16128
739;28;16144
739;29;16166
739;30;16179
739;31;16191
739;32;16265
739;33;16310
739;34;16725
739;35;16729
739;36;16745
739;37;16863
739;38;16869
739;39;16908
739;40;16920
739;41;16996
739;42;17015
739;43;17031
739;44;17040
739;45;17058
739;46;17068
739;47;17072
739;48;17083
739;49;17093
739;50;17095
739;51;17109
739;52;17185
739;53;17198
740;1;13246
740;2;13405
740;3;13701
740;4;14045
740;5;14417
740;6;14492
740;7;14533
740;8;14868
740;9;14876
740;10;14944
740;11;14958
740;12;14977
740;13;15346
740;14;15364
740;15;15477
740;16;15502
740;17;15576
740;18;15580
740;19;15588
740;20;15597
740;21;16011
740;22;16034
740;23;16039
740;24;16045
740;25;16058
740;26;16079
740;27;16134
740;28;16165
740;29;16173
740;30;16177
740;31;16199
740;32;16201
740;33;16226
740;34;16228
740;35;16270
740;36;16303
740;37;16325
740;38;16391
740;39;16427
740;40;16428
740;41;16432
740;42;16441
740;43;16482
740;44;16502
740;45;16761
740;46;16823
740;47;16900
740;48;16909
740;49;16921
740;50;16924
740;51;16991
740;52;17014
740;53;17023
740;54;17025
740;55;17044
740;56;17046
740;57;17070
740;58;17094
740;59;17114
740;60;17176
740;61;17217
741;1;12206
741;2;12427
741;3;12463
741;4;12976
741;5;13012
741;6;13233
741;7;13352
741;8;13890
741;9;13908
741;10;14383
741;11;14823
741;12;14845
741;13;14976
741;14;15050
741;15;15321
741;16;15383
741;17;15459
741;18;15903
741;19;15962
741;20;16369
741;21;16428
741;22;16440
741;23;16502
741;24;16509
741;25;16513
741;26;16517
741;27;16521
741;28;16544
741;29;16577
741;30;16609
741;31;16615
741;32;16640
741;33;16662
741;34;16751
741;35;16764
741;36;16781
741;37;16799
741;38;16817
741;39;16821
741;40;16859
741;41;16879
741;42;16880
741;43;16886
741;44;16909
741;45;16931
741;46;16941
741;47;16963
741;48;16967
741;49;16968
741;50;17007
741;51;17017
741;52;17033
741;53;17035
741;54;17041
741;55;17043
741;56;17050
741;57;17072
741;58;17073
741;59;17085
741;60;17105
741;61;17110
741;62;17137
741;63;17141
742;1;13309
742;2;13817
742;3;14373
742;4;14517
742;5;14817
742;6;14820
742;7;14851
742;8;14880
742;9;14897
742;10;14909
742;11;15220
742;12;15242
742;13;15396
742;14;15442
742;15;15463
742;16;15473
742;17;15480
742;18;15556
742;19;15610
742;20;16163
742;21;16182
742;22;16207
742;23;16211
742;24;16279
742;25;16325
742;26;16333
742;27;16349
742;28;16392
742;29;16397
742;30;16433
742;31;16443
742;32;16457
742;33;16478
742;34;17043
742;35;17065
742;36;17122
742;37;17126
742;38;17131
742;39;17143
742;40;17144
742;41;17153
742;42;17157
742;43;17169
742;44;17192
743;1;11543
743;2;12051
743;3;12511
743;4;12528
743;5;12982
743;6;12991
743;7;12995
743;8;13012
743;9;13027
743;10;13405
743;11;14038
743;12;14040
743;13;14436
743;14;14525
743;15;14545
743;16;14975
743;17;15486
743;18;15494
743;19;15504
743;20;16038
743;21;16083
743;22;16093
743;23;16145
743;24;16149
743;25;16166
743;26;16227
743;27;16236
743;28;16248
743;29;16288
743;30;16318
743;31;16333
743;32;16383
743;33;16387
743;34;16395
743;35;16404
743;36;16448
743;37;16449
743;38;16459
743;39;16481
743;40;16485
743;41;16502
743;42;16576
743;43;16577
743;44;16599
743;45;16638
743;46;17108
743;47;17123
743;48;17128
743;49;17149
743;50;17159
743;51;17171
743;52;17181
744;1;13526
744;2;13538
744;3;13785
744;4;13947
744;5;14521
744;6;14731
744;7;15225
744;8;15258
744;9;15330
744;10;15362
744;11;15493
744;12;15910
744;13;16087
744;14;16132
744;15;16507
744;16;16640
744;17;16659
744;18;16720
744;19;16733
744;20;16782
744;21;16785
744;22;16789
744;23;16817
744;24;16840
744;25;16858
744;26;16887
744;27;16896
744;28;16969
744;29;17009
744;30;17013
744;31;17035
744;32;17046
744;33;17056
744;34;17071
744;35;17082
744;36;17097
744;37;17119
744;38;17135
744;39;17148
744;40;17151
744;41;17161
744;42;17184
744;43;17199
745;1;11100
745;2;11563
745;3;11740
745;4;12003
745;5;12477
745;6;12976
745;7;13018
745;8;13432
745;9;13560
745;10;13580
745;11;13588
745;12;14087
745;13;14107
745;14;14139
745;15;14224
745;16;14300
745;17;14637
745;18;14906
745;19;15047
745;20;15224
745;21;15248
745;22;15738
745;23;15745
745;24;15766
745;25;16112
745;26;16242
745;27;16260
745;28;16263
745;29;16339
745;30;16624
745;31;16643
745;32;16752
745;33;16815
745;34;16825
745;35;16870
745;36;16879
745;37;16894
745;38;16945
745;39;16953
745;40;16972
745;41;16976
745;42;16988
745;43;17006
745;44;17026
745;45;17048
745;46;17058
745;47;17069
745;48;17102
745;49;17124
745;50;17140
745;51;17144
746;1;11550
746;2;11571
746;3;11767
746;4;12407
746;5;12465
746;6;12978
746;7;12990
746;8;12994
746;9;13098
746;10;13292
746;11;13666
746;12;13861
746;13;14286
746;14;14386
746;15;14406
746;16;14526
746;17;14530
746;18;14801
746;19;14813
746;20;14822
746;21;15184
746;22;15231
746;23;15253
746;24;15262
746;25;15303
746;26;15401
746;27;15441
746;28;15812
746;29;15866
746;30;15872
746;31;15928
746;32;15953
746;33;15966
746;34;15972
746;35;15989
746;36;16046
746;37;16136
746;38;16220
746;39;16227
746;40;16236
746;41;16247
746;42;16259
746;43;16281
746;44;16305
746;45;16318
746;46;16806
746;47;16829
746;48;16840
746;49;16846
746;50;16898
746;51;16902
746;52;16934
746;53;16988
746;54;17010
746;55;17018
746;56;17032
746;57;17040
746;58;17050
746;59;17072
746;60;17092
746;61;17113
746;62;17128
746;63;17169
746;64;17170
747;1;12670
747;2;12702
747;3;12720
747;4;13088
747;5;13537
747;6;13547
747;7;13566
747;8;13588
747;9;14028
747;10;14429
747;11;14433
747;12;14492
747;13;14550
747;14;14813
747;15;14835
747;16;14867
747;17;14870
747;18;14985
747;19;15025
747;20;15105
747;21;15155
747;22;15757
747;23;15769
747;24;16213
747;25;16258
747;26;16293
747;27;16310
747;28;16332
747;29;16352
747;30;16374
747;31;16446
747;32;16468
747;33;16481
747;34;16890
747;35;16934
747;36;16952
747;37;16957
747;38;16993
747;39;16997
747;40;17009
747;41;17020
747;42;17030
747;43;17035
747;44;17039
747;45;17056
747;46;17067
747;47;17076
747;48;17098
747;49;17101
747;50;17105
747;51;17120
747;52;17142
747;53;17146
747;54;17150
747;55;17151
747;56;17156
747;57;17160
747;58;17206
747;59;17218
747;60;17222
748;1;12873
748;2;12877
748;3;13346
748;4;13404
748;5;13419
748;6;13530
748;7;13904
748;8;14426
748;9;14541
748;10;14640
748;11;14680
748;12;15198
748;13;15318
748;14;15429
748;15;15554
748;16;15612
748;17;15671
748;18;15892
748;19;15896
748;20;15932
748;21;15970
748;22;16388
748;23;16403
748;24;16422
748;25;16775
748;26;16871
748;27;16875
748;28;16905
748;29;16920
748;30;16930
748;31;16971
748;32;16987
748;33;16993
748;34;17006
748;35;17026
748;36;17073
748;37;17083
748;38;17088
748;39;17133
748;40;17141
748;41;17145
748;42;17155
748;43;17159
748;44;17174
748;45;17191
748;46;17195
748;47;17217
749;1;12097
749;2;12533
749;3;12909
749;4;13373
749;5;13449
749;6;13492
749;7;13554
749;8;13932
749;9;14062
749;10;14089
749;11;14093
749;12;14161
749;13;14175
749;14;14195
749;15;14510
749;16;14942
749;17;15012
749;18;15451
749;19;15788
749;20;15886
749;21;15945
749;22;15972
749;23;15976
749;24;15987
749;25;16606
749;26;16615
749;27;16669
749;28;16705
749;29;16708
749;30;16733
749;31;16737
749;32;16762
749;33;16779
749;34;16794
749;35;16813
749;36;16853
749;37;16904
749;38;16947
749;39;16948
749;40;16962
749;41;16984
749;42;17001
749;43;17005
749;44;17027
749;45;17037
749;46;17046
749;47;17063
749;48;17104
749;49;17116
749;50;17128
749;51;17137
749;52;17170
749;53;17185
749;54;17187
749;55;17191
750;1;11365
750;2;11847
750;3;11905
750;4;12023
750;5;12432
750;6;12888
750;7;13193
750;8;13706
750;9;14074
750;10;14351
750;11;14353
750;12;14365
750;13;14575
750;14;14704
750;15;15082
750;16;15088
750;17;15186
750;18;15254
750;19;15580
750;20;15637
750;21;15647
750;22;15651
750;23;16119
750;24;16254
750;25;16279
750;26;16345
750;27;16428
750;28;16927
750;29;16973
750;30;16995
750;31;17028
750;32;17049
750;33;17085
750;34;17100
750;35;17105
750;36;17109
750;37;17115
750;38;17130
750;39;17131
750;40;17135
751;1;11567
751;2;11674
751;3;12133
751;4;12137
751;5;12256
751;6;12276
751;7;12598
751;8;12941
751;9;13416
751;10;13897
751;11;13901
751;12;13963
751;13;14331
751;14;14409
751;15;14426
751;16;14944
751;17;15415
751;18;15482
751;19;15875
751;20;15876
751;21;15930
751;22;15968
751;23;15983
751;24;16015
751;25;16019
751;26;16041
751;27;16077
751;28;16122
751;29;16181
751;30;16210
751;31;16238
751;32;16248
751;33;16338
751;34;16360
751;35;16380
751;36;16402
751;37;16405
751;38;16411
751;39;16423
751;40;16441
751;41;16450
751;42;16451
751;43;16475
751;44;17078
751;45;17082
751;46;17086
751;47;17105
751;48;17109
751;49;17124
752;1;11146
752;2;11182
752;3;11380
752;4;11395
752;5;11409
752;6;11467
752;7;11957
752;8;12479
752;9;12551
752;10;12962
752;11;12973
752;12;13047
752;13;13091
752;14;13213
752;15;13315
752;16;13407
752;17;13863
752;18;14382
752;19;14450
752;20;14469
752;21;14805
752;22;14812
752;23;15097
752;24;15255
752;25;15261
752;26;15904
752;27;16276
752;28;16291
752;29;16313
752;30;16324
752;31;16372
752;32;16387
752;33;16422
752;34;16438
752;35;16469
752;36;16491
752;37;16861
752;38;16919
752;39;16935
752;40;16962
752;41;16963
752;42;16970
752;43;17033
752;44;17051
752;45;17061
752;46;17069
752;47;17090
752;48;17092
752;49;17096
752;50;17136
752;51;17155
752;52;17166
752;53;17172
752;54;17178
752;55;17182
752;56;17204
752;57;17228
753;1;11842
753;2;11905
753;3;12361
753;4;12872
753;5;13270
753;6;13550
753;7;13725
753;8;13871
753;9;14294
753;10;14342
753;11;14359
753;12;14917
753;13;14955
753;14;15369
753;15;15397
753;16;15442
753;17;15456
753;18;15479
753;19;15499
753;20;15524
753;21;15932
753;22;15955
753;23;15964
753;24;15965
753;25;16005
753;26;16043
753;27;16063
753;28;16073
753;29;16132
753;30;16228
753;31;16253
753;32;16334
753;33;16379
753;34;16424
753;35;16829
753;36;16867
753;37;16873
753;38;16893
753;39;16897
753;40;16941
753;41;16948
753;42;16960
753;43;16983
753;44;17034
753;45;17038
753;46;17050
753;47;17137
753;48;17145
753;49;17155
753;50;17170
753;51;17176
753;52;17180
753;53;17202
754;1;13533
754;2;13556
754;3;13562
754;4;13574
754;5;13582
754;6;13871
754;7;13984
754;8;14024
754;9;14295
754;10;14391
754;11;14453
754;12;14525
754;13;14856
754;14;14876
754;15;14990
754;16;15009
754;17;15032
754;18;15084
754;19;15107
754;20;15620
754;21;15826
754;22;15955
754;23;15990
754;24;16034
754;25;16085
754;26;16147
754;27;16149
754;28;16281
754;29;16283
754;30;16290
754;31;16296
754;32;16305
754;33;16306
754;34;16318
754;35;16766
754;36;16801
754;37;16815
754;38;16821
754;39;16833
754;40;16858
754;41;16862
754;42;16871
754;43;16872
754;44;16882
754;45;16886
754;46;16896
754;47;16918
754;48;16969
754;49;16982
754;50;16991
754;51;16999
754;52;17009
754;53;17020
754;54;17056
754;55;17090
754;56;17105
754;57;17109
754;58;17126
754;59;17145
754;60;17166
754;61;17188
754;62;17192
755;1;11110
755;2;11331
755;3;11743
755;4;11811
755;5;11826
755;6;12316
755;7;12540
755;8;12715
755;9;12879
755;10;12934
755;11;13408
755;12;13764
755;13;13898
755;14;14306
755;15;14750
755;16;14825
755;17;14834
755;18;14908
755;19;14940
755;20;15367
755;21;15603
755;22;15678
755;23;15713
755;24;15740
755;25;15776
755;26;15849
755;27;15853
755;28;15873
755;29;15885
755;30;15901
755;31;15908
755;32;16048
755;33;16080
755;34;16082
755;35;16096
755;36;16121
755;37;16125
755;38;16144
755;39;16207
755;40;16229
755;41;16246
755;42;16273
755;43;16280
755;44;16284
755;45;16317
755;46;16338
755;47;16849
755;48;16858
755;49;16875
755;50;16894
755;51;16910
755;52;16915
755;53;16937
755;54;16953
755;55;16976
755;56;16981
755;57;16994
755;58;17016
755;59;17033
755;60;17042
755;61;17052
755;62;17084
755;63;17090
755;64;17112
755;65;17122
755;66;17134
755;67;17135
756;1;13415
756;2;13816
756;3;13824
756;4;13846
756;5;14303
756;6;14330
756;7;14766
756;8;14786
756;9;15275
756;10;15602
756;11;15647
756;12;15655
756;13;15678
756;14;15687
756;15;15693
756;16;15697
756;17;15718
756;18;15738
756;19;15915
756;20;16373
756;21;16825
756;22;16859
756;23;16884
756;24;16900
756;25;16919
756;26;16921
756;27;16976
756;28;17033
756;29;17059
756;30;17100
756;31;17104
756;32;17119
756;33;17133
756;34;17149
756;35;17217
757;1;13472
757;2;14041
757;3;14095
757;4;14117
757;5;14576
757;6;14612
757;7;15111
757;8;15371
757;9;15548
757;10;15589
757;11;15660
757;12;16074
757;13;16094
757;14;16117
757;15;16127
757;16;16176
757;17;16201
757;18;16216
757;19;16243
757;20;16275
757;21;16286
757;22;16306
757;23;16318
757;24;16346
757;25;16365
757;26;16387
757;27;16389
757;28;16397
757;29;16823
757;30;16841
757;31;16861
757;32;16863
757;33;16875
757;34;16915
757;35;16925
757;36;16933
757;37;16937
757;38;16947
757;39;16955
757;40;16968
757;41;16977
757;42;16999
757;43;17010
757;44;17100
757;45;17101
757;46;17123
757;47;17139
757;48;17160
757;49;17164
757;50;17186
758;1;9819
758;2;9823
758;3;10261
758;4;10910
758;5;10924
758;6;11053
758;7;11513
758;8;11521
758;9;11700
758;10;12199
758;11;12490
758;12;12953
758;13;13458
758;14;13526
758;15;13534
758;16;13974
758;17;14007
758;18;14432
758;19;14480
758;20;14900
758;21;14993
758;22;15053
758;23;15161
758;24;15506
758;25;15528
758;26;15540
758;27;15563
758;28;15935
758;29;16011
758;30;16390
758;31;16428
758;32;16482
758;33;16522
758;34;16566
758;35;16599
758;36;16616
758;37;16620
758;38;16735
758;39;16746
758;40;16750
758;41;16758
758;42;16760
758;43;16823
758;44;16896
758;45;16899
758;46;16932
758;47;16953
758;48;16959
758;49;16963
758;50;16973
758;51;16999
758;52;17006
758;53;17028
758;54;17029
758;55;17037
758;56;17041
758;57;17052
758;58;17067
758;59;17108
758;60;17117
758;61;17137
758;62;17147
758;63;17159
758;64;17171
758;65;17172
758;66;17178
758;67;17200
758;68;17204
758;69;17217
759;1;13137
759;2;13569
759;3;13816
759;4;13861
759;5;14344
759;6;14399
759;7;14557
759;8;14883
759;9;14954
759;10;15384
759;11;15396
759;12;15411
759;13;15436
759;14;15457
759;15;15480
759;16;15484
759;17;15506
759;18;15551
759;19;15596
759;20;15939
759;21;15997
759;22;16024
759;23;16029
759;24;16048
759;25;16128
759;26;16150
759;27;16186
759;28;16209
759;29;16600
759;30;16636
759;31;16672
759;32;16716
759;33;16791
759;34;16800
759;35;16843
759;36;16856
759;37;16858
759;38;16874
759;39;16893
759;40;16915
759;41;16948
759;42;16957
759;43;16971
759;44;16997
759;45;17017
759;46;17038
759;47;17074
759;48;17118
759;49;17124
759;50;17140
759;51;17144
759;52;17154
759;53;17176
759;54;17179
759;55;17183
759;56;17228
760;1;13308
760;2;13466
760;3;13510
760;4;13533
760;5;13554
760;6;13612
760;7;13620
760;8;13665
760;9;14231
760;10;14243
760;11;14294
760;12;14679
760;13;14694
760;14;14918
760;15;14922
760;16;14942
760;17;14944
760;18;14952
760;19;15239
760;20;15879
760;21;16365
760;22;16413
760;23;16458
760;24;16477
760;25;16571
760;26;16622
760;27;16626
760;28;16642
760;29;16721
760;30;16759
760;31;16761
760;32;16783
760;33;16786
760;34;16802
760;35;16850
760;36;16930
760;37;16952
760;38;16962
760;39;16968
760;40;16982
760;41;16992
760;42;16996
760;43;17003
760;44;17028
760;45;17034
760;46;17040
760;47;17044
760;48;17069
760;49;17096
760;50;17105
760;51;17108
760;52;17164
760;53;17179
760;54;17191
760;55;17203
760;56;17213
760;57;17217
761;1;12868
761;2;13280
761;3;13312
761;4;13323
761;5;13448
761;6;13461
761;7;13579
761;8;14013
761;9;14387
761;10;14886
761;11;14905
761;12;14921
761;13;15029
761;14;15449
761;15;15471
761;16;15648
761;17;16045
761;18;16059
761;19;16096
761;20;16154
761;21;16158
761;22;16219
761;23;16369
761;24;16446
761;25;16459
761;26;16491
761;27;16520
761;28;16546
761;29;16554
761;30;16624
761;31;16627
761;32;16647
761;33;16651
761;34;16669
761;35;16688
761;36;16710
761;37;16755
761;38;16765
761;39;16782
761;40;16786
761;41;16806
761;42;16823
761;43;16832
761;44;16840
761;45;16852
761;46;16860
761;47;16882
761;48;16894
761;49;16902
761;50;16927
761;51;16930
761;52;16937
761;53;16979
761;54;16999
761;55;17003
761;56;17018
761;57;17027
761;58;17037
761;59;17077
761;60;17091
761;61;17099
761;62;17103
761;63;17115
761;64;17158
761;65;17162
761;66;17168
761;67;17172
761;68;17182
761;69;17188
761;70;17198
761;71;17222
762;1;11487
762;2;11990
762;3;12264
762;4;12704
762;5;12851
762;6;13227
762;7;13239
762;8;13617
762;9;13748
762;10;13835
762;11;13857
762;12;13875
762;13;13887
762;14;14283
762;15;14840
762;16;14897
762;17;14908
762;18;14949
762;19;15361
762;20;15367
762;21;15444
762;22;15458
762;23;15530
762;24;15600
762;25;16113
762;26;16121
762;27;16127
762;28;16159
762;29;16173
762;30;16707
762;31;16722
762;32;16765
762;33;16776
762;34;16809
762;35;16811
762;36;16812
762;37;16821
762;38;16847
762;39;16851
762;40;16861
762;41;16937
762;42;16960
762;43;16980
762;44;17007
762;45;17016
762;46;17038
762;47;17059
762;48;17069
762;49;17071
762;50;17084
762;51;17093
762;52;17129
762;53;17136
762;54;17145
762;55;17155
762;56;17177
762;57;17181
763;1;12457
763;2;12521
763;3;12529
763;4;12785
763;5;13304
763;6;13793
763;7;13904
763;8;14029
763;9;14413
763;10;14828
763;11;14899
763;12;15228
763;13;15306
763;14;15382
763;15;15418
763;16;15862
763;17;15871
763;18;15992
763;19;16046
763;20;16054
763;21;16074
763;22;16086
763;23;16108
763;24;16156
763;25;16179
763;26;16193
763;27;16232
763;28;16241
763;29;16263
763;30;16267
763;31;16271
763;32;16277
763;33;16322
763;34;16326
763;35;16794
763;36;16852
763;37;16863
763;38;16866
763;39;16876
763;40;16887
763;41;16905
763;42;16913
763;43;16924
763;44;16986
763;45;16998
763;46;17020
763;47;17044
763;48;17066
763;49;17070
763;50;17084
763;51;17104
763;52;17108
763;53;17123
763;54;17145
763;55;17148
763;56;17152
763;57;17153
763;58;17175
763;59;17190
763;60;17197
763;61;17201
763;62;17202
763;63;17211
763;64;17217
764;1;12165
764;2;12323
764;3;12752
764;4;13265
764;5;13784
764;6;14271
764;7;14584
764;8;15038
764;9;15251
764;10;15492
764;11;15561
764;12;15576
764;13;15965
764;14;16023
764;15;16038
764;16;16051
764;17;16073
764;18;16387
764;19;16480
764;20;16516
764;21;16554
764;22;16576
764;23;16650
764;24;16662
764;25;16668
764;26;16678
764;27;16739
764;28;16832
764;29;16834
764;30;16850
764;31;16861
764;32;16867
764;33;16873
764;34;16881
764;35;16883
764;36;16898
764;37;16899
764;38;16921
764;39;16933
764;40;16942
764;41;16962
764;42;17021
764;43;17043
764;44;17054
764;45;17064
764;46;17088
764;47;17093
764;48;17100
764;49;17110
764;50;17114
764;51;17124
764;52;17129
764;53;17144
764;54;17160
764;55;17165
764;56;17172
764;57;17182
764;58;17186
765;1;11063
765;2;11083
765;3;11594
765;4;11968
765;5;12030
765;6;12344
765;7;12384
765;8;12396
765;9;12905
765;10;12909
765;11;13416
765;12;13915
765;13;14468
765;14;14671
765;15;15101
765;16;15371
765;17;15451
765;18;15579
765;19;15589
765;20;15593
765;21;15684
765;22;15773
765;23;15782
765;24;15844
765;25;15862
765;26;15874
765;27;15886
765;28;15988
765;29;16015
765;30;16042
765;31;16115
765;32;16628
765;33;16709
765;34;16753
765;35;16806
765;36;16839
765;37;16862
765;38;16876
765;39;16895
765;40;16904
765;41;16941
765;42;16949
765;43;16985
765;44;17026
765;45;17035
765;46;17085
765;47;17091
765;48;17106
765;49;17116
765;50;17142
765;51;17157
765;52;17160
765;53;17166
765;54;17168
765;55;17178
765;56;17182
765;57;17183
766;1;12880
766;2;13205
766;3;13500
766;4;13625
766;5;14124
766;6;14128
766;7;14182
766;8;14194
766;9;14214
766;10;14328
766;11;14390
766;12;14408
766;13;14825
766;14;15330
766;15;15338
766;16;15374
766;17;15432
766;18;15461
766;19;15468
766;20;15522
766;21;16011
766;22;16111
766;23;16755
766;24;16784
766;25;16806
766;26;16833
766;27;16852
766;28;16874
766;29;16895
766;30;16936
766;31;16946
766;32;16950
766;33;16956
766;34;17004
766;35;17016
766;36;17032
766;37;17054
766;38;17055
766;39;17060
766;40;17064
766;41;17068
766;42;17071
766;43;17081
766;44;17092
766;45;17103
766;46;17104
766;47;17130
766;48;17145
767;1;11433
767;2;11553
767;3;11747
767;4;11769
767;5;11814
767;6;12295
767;7;12366
767;8;12701
767;9;13303
767;10;13814
767;11;14046
767;12;14520
767;13;14578
767;14;14840
767;15;15053
767;16;15068
767;17;15072
767;18;15312
767;19;15408
767;20;15766
767;21;15774
767;22;15825
767;23;15831
767;24;15877
767;25;15897
767;26;15919
767;27;15934
767;28;15963
767;29;15980
767;30;15984
767;31;15992
767;32;16018
767;33;16020
767;34;16083
767;35;16106
767;36;16151
767;37;16159
767;38;16270
767;39;16274
767;40;16289
767;41;16301
767;42;16309
767;43;16839
767;44;16846
767;45;16861
767;46;16905
767;47;16937
767;48;17013
767;49;17017
767;50;17037
767;51;17042
767;52;17052
767;53;17100
767;54;17108
767;55;17117
767;56;17124
767;57;17128
767;58;17135
768;1;12831
768;2;13285
768;3;13333
768;4;13344
768;5;13389
768;6;13848
768;7;14472
768;8;14474
768;9;14934
768;10;14956
768;11;15376
768;12;15865
768;13;16105
768;14;16114
768;15;16120
768;16;16183
768;17;16202
768;18;16296
768;19;16366
768;20;16425
768;21;16433
768;22;16455
768;23;16523
768;24;16540
768;25;16563
768;26;16585
768;27;16618
768;28;16622
768;29;17021
768;30;17043
768;31;17049
768;32;17064
768;33;17075
768;34;17085
768;35;17095
768;36;17126
768;37;17138
768;38;17140
768;39;17144
768;40;17146
768;41;17161
768;42;17166
768;43;17170
768;44;17192
769;1;11548
769;2;12027
769;3;12161
769;4;12569
769;5;12590
769;6;12610
769;7;12617
769;8;13208
769;9;13730
769;10;13738
769;11;14257
769;12;14724
769;13;14999
769;14;15001
769;15;15503
769;16;15871
769;17;15916
769;18;15991
769;19;16431
769;20;16487
769;21;16510
769;22;16580
769;23;16616
769;24;16711
769;25;16719
769;26;16773
769;27;16831
769;28;16840
769;29;16859
769;30;16876
769;31;16882
769;32;16944
769;33;16956
769;34;16973
769;35;16994
769;36;16999
769;37;17018
769;38;17054
769;39;17079
769;40;17088
769;41;17098
769;42;17117
769;43;17179
769;44;17181
769;45;17185
770;1;12200
770;2;12647
770;3;13025
770;4;13048
770;5;13561
770;6;13999
770;7;14021
770;8;14430
770;9;15034
770;10;15053
770;11;15065
770;12;15105
770;13;15135
770;14;15695
770;15;15699
770;16;16051
770;17;16067
770;18;16083
770;19;16105
770;20;16111
770;21;16115
770;22;16119
770;23;16127
770;24;16149
770;25;16174
770;26;16193
770;27;16275
770;28;16307
770;29;16309
770;30;16350
770;31;16388
770;32;16397
770;33;16426
770;34;16437
770;35;16443
770;36;16451
770;37;16461
770;38;16477
770;39;16492
770;40;16497
770;41;16528
770;42;16550
770;43;16554
770;44;16576
770;45;16580
770;46;16589
770;47;16593
770;48;16603
770;49;16612
770;50;16664
770;51;16674
770;52;16715
770;53;17131
770;54;17141
770;55;17146
770;56;17154
770;57;17164
770;58;17185
771;1;10783
771;2;10805
771;3;11366
771;4;11839
771;5;11861
771;6;12250
771;7;12294
771;8;12369
771;9;12781
771;10;12814
771;11;13433
771;12;13941
771;13;13977
771;14;14345
771;15;14427
771;16;14680
771;17;14836
771;18;14880
771;19;15388
771;20;15409
771;21;15505
771;22;15515
771;23;15644
771;24;16065
771;25;16124
771;26;16133
771;27;16441
771;28;16447
771;29;16468
771;30;16509
771;31;16617
771;32;16620
771;33;16622
771;34;16665
771;35;16693
771;36;16726
771;37;16778
771;38;16794
771;39;16816
771;40;16836
771;41;16851
771;42;16868
771;43;16878
771;44;16896
771;45;16902
771;46;16923
771;47;16925
771;48;16929
771;49;16945
771;50;16946
771;51;16982
771;52;16986
771;53;16992
771;54;17030
771;55;17050
771;56;17072
771;57;17105
771;58;17146
771;59;17152
771;60;17156
771;61;17165
771;62;17170
771;63;17180
771;64;17187
771;65;17192
772;1;12015
772;2;12083
772;3;12320
772;4;12764
772;5;13178
772;6;13238
772;7;13692
772;8;14133
772;9;14209
772;10;14323
772;11;14842
772;12;14878
772;13;14898
772;14;15324
772;15;15336
772;16;15815
772;17;15878
772;18;15911
772;19;15929
772;20;15937
772;21;15965
772;22;15968
772;23;15998
772;24;16008
772;25;16561
772;26;16588
772;27;16642
772;28;16678
772;29;16698
772;30;16713
772;31;16762
772;32;16784
772;33;16799
772;34;16857
772;35;16884
772;36;16935
772;37;16955
772;38;16986
772;39;17002
772;40;17006
772;41;17046
772;42;17069
772;43;17092
772;44;17096
772;45;17103
772;46;17136
772;47;17152
772;48;17153
772;49;17162
772;50;17174
772;51;17182
772;52;17186
773;1;12313
773;2;12660
773;3;13171
773;4;13610
773;5;13643
773;6;14073
773;7;14722
773;8;15010
773;9;15046
773;10;15054
773;11;15058
773;12;15079
773;13;15088
773;14;15109
773;15;15460
773;16;15496
773;17;15504
773;18;15514
773;19;15554
773;20;15579
773;21;15618
773;22;15962
773;23;15984
773;24;16060
773;25;16112
773;26;16130
773;27;16139
773;28;16149
773;29;16171
773;30;16195
773;31;16207
773;32;16214
773;33;16226
773;34;16262
773;35;16276
773;36;16641
773;37;16826
773;38;16835
773;39;16845
773;40;16858
773;41;16890
773;42;16952
773;43;17011
773;44;17033
773;45;17039
773;46;17043
773;47;17053
773;48;17057
773;49;17067
773;50;17072
773;51;17074
773;52;17076
773;53;17091
773;54;17093
773;55;17112
773;56;17134
773;57;17137
773;58;17155
773;59;17160
773;60;17170
774;1;12797
774;2;13316
774;3;13679
774;4;14053
774;5;14513
774;6;14856
774;7;14860
774;8;14968
774;9;15077
774;10;15529
774;11;15551
774;12;15928
774;13;16417
774;14;16427
774;15;16561
774;16;16615
774;17;16645
774;18;16672
774;19;16695
774;20;16699
774;21;16718
774;22;16739
774;23;16740
774;24;16763
774;25;16832
774;26;16855
774;27;16877
774;28;16898
774;29;16905
774;30;16925
774;31;16950
774;32;16972
774;33;16991
774;34;17010
774;35;17029
774;36;17046
774;37;17056
774;38;17078
774;39;17087
774;40;17091
774;41;17106
774;42;17116
774;43;17119
774;44;17138
774;45;17139
775;1;13474
775;2;13508
775;3;13922
775;4;14312
775;5;14740
775;6;14950
775;7;15494
775;8;15878
775;9;16377
775;10;16391
775;11;16449
775;12;16467
775;13;16528
775;14;16608
775;15;16630
775;16;16640
775;17;16670
775;18;16682
775;19;16783
775;20;16841
775;21;16859
775;22;16876
775;23;16886
775;24;16887
775;25;16891
775;26;16918
775;27;16924
775;28;16946
775;29;16953
775;30;17044
775;31;17054
775;32;17069
775;33;17091
775;34;17097
775;35;17137
775;36;17141
775;37;17145
775;38;17167
776;1;12939
776;2;13317
776;3;13652
776;4;13709
776;5;13999
776;6;14021
776;7;14445
776;8;14461
776;9;14972
776;10;14984
776;11;15365
776;12;15859
776;13;15881
776;14;15887
776;15;15934
776;16;15938
776;17;16328
776;18;16348
776;19;16393
776;20;16477
776;21;16497
776;22;16507
776;23;16605
776;24;16619
776;25;16660
776;26;16669
776;27;16786
776;28;16794
776;29;16799
776;30;16803
776;31;16833
776;32;16900
776;33;16911
776;34;16916
776;35;16928
776;36;16932
776;37;16964
776;38;16966
776;39;16983
776;40;16990
776;41;17000
776;42;17022
776;43;17026
776;44;17029
776;45;17052
776;46;17055
776;47;17059
776;48;17070
776;49;17085
776;50;17089
776;51;17091
776;52;17134
776;53;17148
776;54;17152
776;55;17165
776;56;17180
776;57;17181
777;1;13524
777;2;14032
777;3;14264
777;4;14544
777;5;15082
777;6;15503
777;7;15513
777;8;15741
777;9;15753
777;10;15907
777;11;15949
777;12;15971
777;13;16015
777;14;16415
777;15;16508
777;16;16532
777;17;16569
777;18;16575
777;19;16577
777;20;16586
777;21;16587
777;22;16600
777;23;16605
777;24;16615
777;25;16649
777;26;16707
777;27;16739
777;28;16743
777;29;16765
777;30;16807
777;31;16878
777;32;16900
777;33;16904
777;34;16962
777;35;17000
777;36;17004
777;37;17018
777;38;17040
777;39;17050
777;40;17054
777;41;17087
777;42;17105
777;43;17115
777;44;17137
777;45;17141
777;46;17142
777;47;17146
777;48;17172
777;49;17176
777;50;17181
777;51;17191
778;1;10502
778;2;11076
778;3;11428
778;4;11451
778;5;11610
778;6;12064
778;7;12172
778;8;12671
778;9;13189
778;10;13697
778;11;13698
778;12;14143
778;13;14735
778;14;15128
778;15;15210
778;16;15283
778;17;15289
778;18;15630
778;19;16279
778;20;16367
778;21;16437
778;22;16459
778;23;16857
778;24;16884
778;25;16895
778;26;16913
778;27;16916
778;28;16926
778;29;16937
778;30;16959
778;31;16980
778;32;16988
778;33;16998
778;34;17032
778;35;17058
778;36;17062
778;37;17095
778;38;17102
778;39;17107
778;40;17112
778;41;17127
778;42;17137
778;43;17159
778;44;17178
778;45;17182
778;46;17186
779;1;11784
779;2;12295
779;3;12464
779;4;12954
779;5;13033
779;6;13035
779;7;13039
779;8;13173
779;9;13367
779;10;13589
779;11;13634
779;12;14006
779;13;14105
779;14;14159
779;15;14241
779;16;14667
779;17;15105
779;18;15139
779;19;15190
779;20;15211
779;21;15265
779;22;15601
779;23;16057
779;24;16095
779;25;16142
779;26;16178
779;27;16186
779;28;16194
779;29;16201
779;30;16255
779;31;16265
779;32;16274
779;33;16318
779;34;16340
779;35;16388
779;36;16392
779;37;16404
779;38;16426
779;39;16431
779;40;16435
779;41;16450
779;42;16472
779;43;16506
779;44;16509
779;45;16573
779;46;16582
779;47;16583
779;48;16594
779;49;16598
779;50;16620
779;51;16624
779;52;16634
779;53;17038
779;54;17042
779;55;17047
779;56;17057
779;57;17066
779;58;17074
779;59;17087
779;60;17088
779;61;17103
780;1;11619
780;2;12100
780;3;12443
780;4;12488
780;5;12866
780;6;13379
780;7;13745
780;8;14101
780;9;14137
780;10;14147
780;11;14183
780;12;14360
780;13;14540
780;14;14603
780;15;14716
780;16;14868
780;17;15369
780;18;15769
780;19;15898
780;20;15982
780;21;16028
780;22;16079
780;23;16088
780;24;16097
780;25;16124
780;26;16137
780;27;16156
780;28;16201
780;29;16658
780;30;16661
780;31;16681
780;32;16689
780;33;16712
780;34;16729
780;35;16733
780;36;16769
780;37;16775
780;38;16779
780;39;16877
780;40;16882
780;41;16905
780;42;16914
780;43;16923
780;44;16935
780;45;16955
780;46;16970
780;47;16974
780;48;16984
780;49;16994
780;50;17014
780;51;17046
780;52;17068
780;53;17108
780;54;17118
780;55;17122
780;56;17139
780;57;17180
780;58;17181
781;1;11629
781;2;12083
781;3;12145
781;4;12605
781;5;12841
781;6;12917
781;7;12921
781;8;13412
781;9;13418
781;10;13436
781;11;13456
781;12;13497
781;13;13533
781;14;13566
781;15;13608
781;16;13978
781;17;14077
781;18;14447
781;19;14487
781;20;14823
781;21;15154
781;22;15190
781;23;15518
781;24;15676
781;25;15814
781;26;15847
781;27;15851
781;28;15887
781;29;15928
781;30;15973
781;31;15992
781;32;16004
781;33;16070
781;34;16134
781;35;16619
781;36;16657
781;37;16723
781;38;16726
781;39;16762
781;40;16820
781;41;16824
781;42;16847
781;43;16860
781;44;16861
781;45;16870
781;46;16880
781;47;16884
781;48;16893
781;49;16912
781;50;16937
781;51;16986
781;52;17012
781;53;17048
781;54;17067
781;55;17071
781;56;17129
781;57;17144
781;58;17145
782;1;11931
782;2;12522
782;3;12699
782;4;13151
782;5;13519
782;6;13814
782;7;13855
782;8;13939
782;9;14500
782;10;14579
782;11;15078
782;12;15079
782;13;15089
782;14;15459
782;15;15552
782;16;15574
782;17;15594
782;18;15893
782;19;15922
782;20;15992
782;21;16054
782;22;16573
782;23;16575
782;24;16582
782;25;16590
782;26;16666
782;27;16668
782;28;16669
782;29;16700
782;30;16742
782;31;16746
782;32;16752
782;33;16820
782;34;16841
782;35;16863
782;36;16865
782;37;16872
782;38;16894
782;39;16907
782;40;16923
782;41;16927
782;42;16943
782;43;16975
782;44;16997
782;45;17012
782;46;17048
782;47;17064
782;48;17090
782;49;17099
782;50;17109
782;51;17123
782;52;17154
782;53;17161
782;54;17165
783;1;13220
783;2;13725
783;3;13757
783;4;13795
783;5;13799
783;6;14225
783;7;14578
783;8;14772
783;9;14776
783;10;14969
783;11;15065
783;12;15078
783;13;15654
783;14;15804
783;15;16229
783;16;16249
783;17;16298
783;18;16407
783;19;16476
783;20;16551
783;21;16572
783;22;16640
783;23;16642
783;24;16656
783;25;16665
783;26;16695
783;27;16711
783;28;16717
783;29;16761
783;30;16860
783;31;16901
783;32;16922
783;33;16944
783;34;16964
783;35;16967
783;36;17009
783;37;17015
783;38;17030
783;39;17043
783;40;17054
783;41;17076
783;42;17125
783;43;17135
783;44;17159
783;45;17182
783;46;17183
784;1;12373
784;2;12862
784;3;12907
784;4;12970
784;5;12990
784;6;13345
784;7;13479
784;8;13974
784;9;14386
784;10;14876
784;11;14886
784;12;15200
784;13;15220
784;14;15629
784;15;15729
784;16;16023
784;17;16103
784;18;16125
784;19;16375
784;20;16573
784;21;16596
784;22;16634
784;23;16700
784;24;16729
784;25;16753
784;26;16803
784;27;16827
784;28;16850
784;29;16857
784;30;16876
784;31;16898
784;32;16939
784;33;16956
784;34;17018
784;35;17027
784;36;17037
784;37;17077
784;38;17113
784;39;17115
784;40;17133
784;41;17137
784;42;17170
784;43;17172
784;44;17176
785;1;11154
785;2;11364
785;3;11385
785;4;11848
785;5;11921
785;6;12245
785;7;12653
785;8;13143
785;9;13211
785;10;13251
785;11;13759
785;12;13771
785;13;14004
785;14;14269
785;15;14449
785;16;15068
785;17;15080
785;18;15238
785;19;15283
785;20;15725
785;21;16067
785;22;16083
785;23;16131
785;24;16148
785;25;16202
785;26;16246
785;27;16250
785;28;16318
785;29;16378
785;30;16398
785;31;16444
785;32;16485
785;33;16947
785;34;16965
785;35;16983
785;36;16993
785;37;16997
785;38;17012
785;39;17041
785;40;17063
785;41;17065
785;42;17087
785;43;17123
785;44;17124
785;45;17125
785;46;17129
785;47;17145
785;48;17160
785;49;17182
785;50;17188
785;51;17192
786;1;14508
786;2;14916
786;3;15368
786;4;15413
786;5;15422
786;6;15454
786;7;15817
786;8;15875
786;9;15917
786;10;15965
786;11;16366
786;12;16393
786;13;16411
786;14;16459
786;15;16527
786;16;16556
786;17;16578
786;18;16610
786;19;16620
786;20;16635
786;21;16645
786;22;16668
786;23;16739
786;24;16742
786;25;16746
786;26;16761
786;27;16771
786;28;16811
786;29;16817
786;30;16853
786;31;16883
786;32;16895
786;33;16904
786;34;16915
786;35;16926
786;36;16955
786;37;16962
786;38;16998
786;39;17013
786;40;17017
786;41;17018
786;42;17037
786;43;17058
786;44;17077
786;45;17099
786;46;17101
786;47;17105
786;48;17116
786;49;17122
786;50;17144
786;51;17148
786;52;17150
786;53;17181
786;54;17187
787;1;12942
787;2;12978
787;3;13036
787;4;13077
787;5;13488
787;6;13551
787;7;13840
787;8;14353
787;9;14407
787;10;14819
787;11;14877
787;12;15268
787;13;15289
787;14;15293
787;15;15386
787;16;15431
787;17;15506
787;18;15533
787;19;15539
787;20;15548
787;21;16012
787;22;16089
787;23;16100
787;24;16121
787;25;16142
787;26;16161
787;27;16234
787;28;16251
787;29;16260
787;30;16261
787;31;16279
787;32;16305
787;33;16328
787;34;16338
787;35;16404
787;36;16407
787;37;16412
787;38;16428
787;39;16437
787;40;16460
787;41;16493
787;42;16870
787;43;16896
787;44;16913
787;45;16931
787;46;16940
787;47;16976
787;48;16984
787;49;17001
787;50;17005
787;51;17059
787;52;17074
787;53;17078
787;54;17086
787;55;17098
787;56;17157
787;57;17193
787;58;17204
787;59;17220
788;1;13040
788;2;13553
788;3;13629
788;4;14159
788;5;14227
788;6;14242
788;7;14513
788;8;14634
788;9;14656
788;10;14978
788;11;15054
788;12;15545
788;13;15868
788;14;15874
788;15;15912
788;16;15988
788;17;16007
788;18;16419
788;19;16442
788;20;16455
788;21;16481
788;22;16526
788;23;16548
788;24;16650
788;25;16749
788;26;16807
788;27;16815
788;28;16819
788;29;16820
788;30;16826
788;31;16873
788;32;16913
788;33;16918
788;34;16930
788;35;16934
788;36;16957
788;37;16964
788;38;16968
788;39;16972
788;40;16995
788;41;17002
788;42;17018
788;43;17040
788;44;17046
788;45;17056
788;46;17061
788;47;17080
788;48;17102
788;49;17107
788;50;17111
788;51;17137
788;52;17147
788;53;17152
788;54;17161
788;55;17177
788;56;17181
788;57;17183
789;1;14345
789;2;14399
789;3;15048
789;4;15423
789;5;15432
789;6;15436
789;7;15456
789;8;15954
789;9;15976
789;10;15989
789;11;16087
789;12;16428
789;13;16450
789;14;16455
789;15;16468
789;16;16512
789;17;16566
789;18;16568
789;19;16598
789;20;16608
789;21;16635
789;22;16686
789;23;16708
789;24;16771
789;25;16780
789;26;16797
789;27;16838
789;28;16850
789;29;16859
789;30;16892
789;31;16897
789;32;16979
789;33;17001
789;34;17009
789;35;17031
789;36;17035
789;37;17048
789;38;17067
789;39;17068
789;40;17080
789;41;17088
789;42;17098
789;43;17105
789;44;17121
789;45;17131
789;46;17141
789;47;17144
789;48;17148
789;49;17149
790;1;12088
790;2;12340
790;3;12516
790;4;12634
790;5;12721
790;6;13205
790;7;13582
790;8;13950
790;9;14404
790;10;14417
790;11;14485
790;12;14583
790;13;14587
790;14;14623
790;15;14628
790;16;14650
790;17;15119
790;18;15768
790;19;15788
790;20;15792
790;21;15940
790;22;15959
790;23;15984
790;24;16362
790;25;16407
790;26;16478
790;27;16537
790;28;16547
790;29;16555
790;30;16601
790;31;16606
790;32;16625
790;33;16684
790;34;16689
790;35;16728
790;36;16738
790;37;16752
790;38;16771
790;39;16783
790;40;16786
790;41;16787
790;42;16795
790;43;16807
790;44;16819
790;45;16845
790;46;16899
790;47;16919
790;48;16955
790;49;16965
790;50;16985
790;51;17001
790;52;17009
790;53;17012
790;54;17034
790;55;17056
790;56;17069
790;57;17074
790;58;17083
790;59;17093
790;60;17101
790;61;17111
790;62;17117
790;63;17132
790;64;17165
790;65;17171
790;66;17172
791;1;12361
791;2;12754
791;3;13020
791;4;13129
791;5;13239
791;6;13243
791;7;13733
791;8;13796
791;9;14154
791;10;14562
791;11;14998
791;12;15064
791;13;15109
791;14;15516
791;15;15525
791;16;15544
791;17;15550
791;18;15558
791;19;15594
791;20;15663
791;21;15680
791;22;15684
791;23;15720
791;24;15743
791;25;16101
791;26;16113
791;27;16742
791;28;16746
791;29;16769
791;30;16794
791;31;16816
791;32;16840
791;33;16902
791;34;16910
791;35;16919
791;36;16929
791;37;16939
791;38;16951
791;39;16954
791;40;16976
791;41;16987
791;42;16997
791;43;17012
791;44;17016
791;45;17018
791;46;17025
791;47;17037
791;48;17051
791;49;17061
791;50;17065
791;51;17069
791;52;17117
791;53;17125
791;54;17127
791;55;17163
791;56;17183
792;1;14610
792;2;14636
792;3;15050
792;4;15683
792;5;15698
792;6;16071
792;7;16130
792;8;16145
792;9;16192
792;10;16581
792;11;16665
792;12;16727
792;13;16737
792;14;16740
792;15;16744
792;16;16767
792;17;16783
792;18;16793
792;19;16794
792;20;16795
792;21;16801
792;22;16826
792;23;16846
792;24;16850
792;25;16890
792;26;16898
792;27;16902
792;28;16920
792;29;16923
792;30;16933
792;31;16949
792;32;16970
792;33;16985
792;34;16986
792;35;16989
792;36;17010
792;37;17015
792;38;17021
792;39;17058
792;40;17100
792;41;17115
792;42;17119
792;43;17122
792;44;17137
792;45;17141
792;46;17143
792;47;17158
792;48;17160
792;49;17183
793;1;14132
793;2;14622
793;3;14654
793;4;15173
793;5;15194
793;6;15601
793;7;15675
793;8;15685
793;9;15844
793;10;15954
793;11;16052
793;12;16117
793;13;16136
793;14;16592
793;15;16628
793;16;16695
793;17;16743
793;18;16765
793;19;16798
793;20;16808
793;21;16840
793;22;16865
793;23;16917
793;24;16918
793;25;16951
793;26;16976
793;27;16987
793;28;17044
793;29;17048
793;30;17058
793;31;17074
793;32;17114
793;33;17151
793;34;17195
793;35;17217
794;1;14561
794;2;15057
794;3;15215
794;4;15223
794;5;15560
794;6;15636
794;7;16004
794;8;16058
794;9;16062
794;10;16170
794;11;16683
794;12;16735
794;13;16780
794;14;16795
794;15;16817
794;16;16825
794;17;16827
794;18;16851
794;19;16861
794;20;16865
794;21;16868
794;22;16882
794;23;16943
794;24;16961
794;25;16979
794;26;16998
794;27;17016
794;28;17027
794;29;17047
794;30;17051
794;31;17061
794;32;17097
794;33;17102
794;34;17104
794;35;17106
794;36;17124
794;37;17128
794;38;17138
794;39;17139
794;40;17149
795;1;12363
795;2;12791
795;3;13191
795;4;13329
795;5;13767
795;6;13906
795;7;13916
795;8;13952
795;9;14090
795;10;14135
795;11;14249
795;12;14274
795;13;14325
795;14;14693
795;15;15231
795;16;15283
795;17;15294
795;18;15304
795;19;15542
795;20;15639
795;21;15664
795;22;16175
795;23;16274
795;24;16297
795;25;16308
795;26;16316
795;27;16320
795;28;16353
795;29;16371
795;30;16372
795;31;16394
795;32;16410
795;33;16413
795;34;16436
795;35;16440
795;36;16828
795;37;16864
795;38;16878
795;39;16930
795;40;16962
795;41;16977
795;42;16985
795;43;16995
795;44;17010
795;45;17014
795;46;17088
795;47;17090
795;48;17105
795;49;17155
795;50;17164
795;51;17174
796;1;11294
796;2;11393
796;3;11451
796;4;11672
796;5;11964
796;6;12348
796;7;12414
796;8;12877
796;9;12953
796;10;12962
796;11;13522
796;12;13779
796;13;13937
796;14;14222
796;15;14572
796;16;15010
796;17;15612
796;18;15666
796;19;16133
796;20;16530
796;21;16537
796;22;16657
796;23;16660
796;24;16705
796;25;16733
796;26;16745
796;27;16774
796;28;16784
796;29;16817
796;30;16818
796;31;16832
796;32;16855
796;33;16856
796;34;16868
796;35;16880
796;36;16900
796;37;16921
796;38;16930
796;39;16938
796;40;16943
796;41;16959
796;42;17003
796;43;17023
796;44;17027
796;45;17042
796;46;17065
796;47;17080
796;48;17101
796;49;17119
796;50;17127
796;51;17143
796;52;17160
796;53;17176
797;1;10190
797;2;10206
797;3;10636
797;4;10958
797;5;11266
797;6;11275
797;7;11410
797;8;11420
797;9;11931
797;10;12442
797;11;12561
797;12;13024
797;13;13103
797;14;13139
797;15;13497
797;16;13877
797;17;14501
797;18;14541
797;19;14569
797;20;14970
797;21;15021
797;22;15066
797;23;15070
797;24;15577
797;25;16057
797;26;16170
797;27;16183
797;28;16187
797;29;16207
797;30;16212
797;31;16264
797;32;16279
797;33;16323
797;34;16345
797;35;16346
797;36;16365
797;37;16462
797;38;16505
797;39;16543
797;40;16579
797;41;16600
797;42;16989
797;43;16998
797;44;17022
797;45;17084
797;46;17106
797;47;17174
797;48;17181
798;1;13479
798;2;13974
798;3;14131
798;4;14163
798;5;14197
798;6;14291
798;7;14816
798;8;15069
798;9;15100
798;10;15462
798;11;15524
798;12;15598
798;13;15610
798;14;15630
798;15;15652
798;16;15664
798;17;15696
798;18;15727
798;19;15847
798;20;15977
798;21;15998
798;22;16074
798;23;16096
798;24;16652
798;25;16684
798;26;16717
798;27;16762
798;28;16785
798;29;16798
798;30;16817
798;31;16856
798;32;16888
798;33;16897
798;34;16951
798;35;16961
798;36;16966
798;37;16970
798;38;16985
798;39;17008
798;40;17021
798;41;17043
798;42;17056
798;43;17066
798;44;17088
798;45;17092
798;46;17106
798;47;17110
798;48;17151
798;49;17159
798;50;17165
798;51;17169
798;52;17180
798;53;17207
798;54;17224
798;55;17228
799;1;10628
799;2;10716
799;3;11090
799;4;11549
799;5;11961
799;6;12079
799;7;12172
799;8;12226
799;9;12701
799;10;12759
799;11;13213
799;12;13655
799;13;13999
799;14;14212
799;15;14675
799;16;14726
799;17;15235
799;18;15275
799;19;15425
799;20;15429
799;21;15527
799;22;16026
799;23;16032
799;24;16053
799;25;16074
799;26;16122
799;27;16143
799;28;16177
799;29;16199
799;30;16235
799;31;16246
799;32;16273
799;33;16286
799;34;16317
799;35;16318
799;36;16692
799;37;16744
799;38;16755
799;39;16765
799;40;16784
799;41;16829
799;42;16836
799;43;16853
799;44;16857
799;45;16867
799;46;16921
799;47;16942
799;48;16967
799;49;16989
799;50;17000
799;51;17004
799;52;17017
799;53;17029
799;54;17039
799;55;17062
799;56;17077
799;57;17099
799;58;17104
799;59;17145
799;60;17151
799;61;17170
799;62;17171
799;63;17181
799;64;17188
799;65;17192
800;1;11687
800;2;11707
800;3;12075
800;4;12201
800;5;12533
800;6;12967
800;7;13486
800;8;13506
800;9;13966
800;10;14299
800;11;14307
800;12;14343
800;13;14394
800;14;14418
800;15;14469
800;16;14856
800;17;14901
800;18;14937
800;19;14970
800;20;15335
800;21;15347
800;22;15415
800;23;15432
800;24;15475
800;25;15529
800;26;15550
800;27;16039
800;28;16075
800;29;16536
800;30;16563
800;31;16581
800;32;16591
800;33;16678
800;34;16690
800;35;16701
800;36;16716
800;37;16730
800;38;16738
800;39;16796
800;40;16802
800;41;16808
800;42;16860
800;43;16882
800;44;16902
800;45;16903
800;46;16908
800;47;16910
800;48;16930
800;49;16934
800;50;16975
800;51;16990
800;52;17013
800;53;17027
800;54;17048
800;55;17089
800;56;17112
800;57;17124
800;58;17125
800;59;17148
800;60;17159
800;61;17181
801;1;11650
801;2;12103
801;3;12167
801;4;12203
801;5;12302
801;6;12632
801;7;12746
801;8;12876
801;9;13384
801;10;13406
801;11;13460
801;12;13466
801;13;13489
801;14;13794
801;15;14283
801;16;14341
801;17;14840
801;18;14844
801;19;14906
801;20;15086
801;21;15439
801;22;15633
801;23;15655
801;24;15731
801;25;16251
801;26;16253
801;27;16292
801;28;16301
801;29;16348
801;30;16375
801;31;16387
801;32;16409
801;33;16423
801;34;16432
801;35;16434
801;36;16467
801;37;16473
801;38;16489
801;39;16499
801;40;16551
801;41;16557
801;42;16560
801;43;16564
801;44;16574
801;45;16586
801;46;16588
801;47;16633
801;48;17064
801;49;17105
801;50;17106
801;51;17121
801;52;17127
801;53;17157
801;54;17172
802;1;13070
802;2;13146
802;3;13171
802;4;13556
802;5;13924
802;6;13957
802;7;13960
802;8;14034
802;9;14056
802;10;14558
802;11;14576
802;12;14991
802;13;15036
802;14;15417
802;15;15970
802;16;16015
802;17;16031
802;18;16046
802;19;16105
802;20;16141
802;21;16709
802;22;16749
802;23;16794
802;24;16862
802;25;16864
802;26;16879
802;27;16883
802;28;16963
802;29;16966
802;30;16976
802;31;16987
802;32;17004
802;33;17024
802;34;17026
802;35;17057
802;36;17079
802;37;17090
802;38;17099
802;39;17114
802;40;17118
802;41;17120
802;42;17124
802;43;17128
802;44;17133
802;45;17174
802;46;17181
803;1;12395
803;2;12431
803;3;12466
803;4;12861
803;5;12876
803;6;12878
803;7;12914
803;8;13320
803;9;13580
803;10;13603
803;11;14047
803;12;14092
803;13;14114
803;14;14633
803;15;15116
803;16;15298
803;17;15763
803;18;15796
803;19;15814
803;20;15866
803;21;15928
803;22;15969
803;23;15985
803;24;16007
803;25;16070
803;26;16200
803;27;16245
803;28;16309
803;29;16313
803;30;16591
803;31;16629
803;32;16806
803;33;16917
803;34;16926
803;35;16936
803;36;16944
803;37;16959
803;38;16991
803;39;17036
803;40;17069
803;41;17087
803;42;17107
803;43;17110
803;44;17125
803;45;17133
803;46;17156
803;47;17166
803;48;17168
803;49;17171
803;50;17180
803;51;17181
804;1;13186
804;2;13554
804;3;13622
804;4;14112
804;5;14399
804;6;14553
804;7;14559
804;8;14599
804;9;14997
804;10;15171
804;11;15572
804;12;16083
804;13;16152
804;14;16476
804;15;16489
804;16;16521
804;17;16576
804;18;16580
804;19;16620
804;20;16718
804;21;16763
804;22;16831
804;23;16849
804;24;16876
804;25;16882
804;26;16952
804;27;16996
804;28;17009
804;29;17017
804;30;17021
804;31;17028
804;32;17044
804;33;17066
804;34;17079
804;35;17089
804;36;17131
804;37;17145
804;38;17155
804;39;17176
804;40;17181
804;41;17182
804;42;17192
805;1;12132
805;2;12473
805;3;12525
805;4;13015
805;5;13396
805;6;13879
805;7;13921
805;8;13957
805;9;14019
805;10;14358
805;11;14380
805;12;14771
805;13;14789
805;14;14833
805;15;14874
805;16;15439
805;17;15470
805;18;15514
805;19;15586
805;20;15605
805;21;16013
805;22;16059
805;23;16116
805;24;16160
805;25;16161
805;26;16176
805;27;16197
805;28;16629
805;29;16747
805;30;16757
805;31;16773
805;32;16794
805;33;16822
805;34;16898
805;35;16948
805;36;16970
805;37;16978
805;38;16984
805;39;16991
805;40;17043
805;41;17047
805;42;17059
805;43;17109
805;44;17118
805;45;17121
805;46;17131
805;47;17157
805;48;17167
805;49;17176
805;50;17179
805;51;17183
806;1;10808
806;2;10877
806;3;11311
806;4;11323
806;5;11735
806;6;12140
806;7;12648
806;8;13116
806;9;13591
806;10;14130
806;11;14491
806;12;14902
806;13;14951
806;14;14955
806;15;15009
806;16;15113
806;17;15136
806;18;15529
806;19;15538
806;20;15552
806;21;15562
806;22;15613
806;23;15619
806;24;15655
806;25;15659
806;26;15681
806;27;15688
806;28;15701
806;29;15747
806;30;15774
806;31;16110
806;32;16239
806;33;16245
806;34;16313
806;35;16753
806;36;16760
806;37;16852
806;38;16855
806;39;16899
806;40;16921
806;41;16925
806;42;16937
806;43;16970
806;44;16979
806;45;16995
806;46;17018
806;47;17051
806;48;17067
806;49;17106
806;50;17126
806;51;17141
806;52;17182
806;53;17190
806;54;17196
806;55;17206
806;56;17211
806;57;17213
806;58;17217
807;1;12243
807;2;12275
807;3;12384
807;4;12812
807;5;12832
807;6;12908
807;7;12917
807;8;13361
807;9;13383
807;10;13419
807;11;13544
807;12;13937
807;13;13957
807;14;14242
807;15;14455
807;16;14509
807;17;14951
807;18;15420
807;19;15647
807;20;15713
807;21;16232
807;22;16364
807;23;16368
807;24;16447
807;25;16486
807;26;16495
807;27;16496
807;28;16532
807;29;16590
807;30;16609
807;31;16617
807;32;16639
807;33;16707
807;34;16743
807;35;16763
807;36;16821
807;37;16835
807;38;16857
807;39;16867
807;40;16921
807;41;17026
807;42;17036
807;43;17048
807;44;17052
807;45;17072
807;46;17081
807;47;17103
807;48;17123
807;49;17126
807;50;17127
807;51;17137
807;52;17141
807;53;17163
807;54;17185
808;1;11469
808;2;11479
808;3;11987
808;4;12547
808;5;12555
808;6;12691
808;7;12697
808;8;13078
808;9;13105
808;10;13544
808;11;13779
808;12;13837
808;13;14363
808;14;14741
808;15;15153
808;16;15802
808;17;15838
808;18;15883
808;19;16262
808;20;16380
808;21;16488
808;22;16557
808;23;16584
808;24;16604
808;25;16626
808;26;16652
808;27;16657
808;28;16669
808;29;16686
808;30;16706
808;31;16728
808;32;16753
808;33;16782
808;34;16794
808;35;16796
808;36;16863
808;37;16886
808;38;16962
808;39;16975
808;40;16979
808;41;16988
808;42;16998
808;43;17028
808;44;17036
808;45;17045
808;46;17047
808;47;17050
808;48;17057
808;49;17060
808;50;17069
808;51;17073
808;52;17074
808;53;17147
808;54;17163
808;55;17169
808;56;17170
809;1;12089
809;2;12095
809;3;12171
809;4;12646
809;5;13131
809;6;13205
809;7;13263
809;8;13716
809;9;14061
809;10;14068
809;11;14429
809;12;14435
809;13;14867
809;14;15356
809;15;15365
809;16;15439
809;17;15929
809;18;15974
809;19;15998
809;20;15999
809;21;16510
809;22;16558
809;23;16570
809;24;16579
809;25;16598
809;26;16666
809;27;16670
809;28;16755
809;29;16759
809;30;16777
809;31;16788
809;32;16803
809;33;16810
809;34;16827
809;35;16836
809;36;16868
809;37;16913
809;38;16949
809;39;16953
809;40;16956
809;41;16967
809;42;16977
809;43;16995
809;44;16999
809;45;17004
809;46;17019
809;47;17036
809;48;17040
809;49;17055
809;50;17090
809;51;17102
809;52;17116
809;53;17150
809;54;17160
809;55;17161
810;1;12222
810;2;12241
810;3;12277
810;4;12332
810;5;12805
810;6;12867
810;7;12980
810;8;13255
810;9;13369
810;10;13922
810;11;14340
810;12;14656
810;13;14947
810;14;15031
810;15;15415
810;16;15442
810;17;15454
810;18;15464
810;19;15473
810;20;15819
810;21;15864
810;22;15907
810;23;15925
810;24;15937
810;25;15942
810;26;16265
810;27;16285
810;28;16321
810;29;16398
810;30;16419
810;31;16493
810;32;16525
810;33;16531
810;34;16583
810;35;16590
810;36;16644
810;37;16674
810;38;16710
810;39;16718
810;40;16745
810;41;16764
810;42;16793
810;43;16853
810;44;16878
810;45;16884
810;46;16894
810;47;16916
810;48;16967
810;49;17018
810;50;17045
810;51;17099
810;52;17116
810;53;17120
810;54;17129
810;55;17132
810;56;17142
810;57;17165
810;58;17169
810;59;17170
810;60;17181
811;1;12100
811;2;12122
811;3;12134
811;4;12535
811;5;12975
811;6;13398
811;7;13806
811;8;13891
811;9;13899
811;10;13935
811;11;13957
811;12;14011
811;13;14277
811;14;14297
811;15;14388
811;16;14420
811;17;14858
811;18;15360
811;19;15430
811;20;15485
811;21;15538
811;22;15820
811;23;15874
811;24;15879
811;25;15920
811;26;15924
811;27;15935
811;28;15977
811;29;16018
811;30;16037
811;31;16112
811;32;16135
811;33;16646
811;34;16700
811;35;16722
811;36;16733
811;37;16792
811;38;16814
811;39;16855
811;40;16859
811;41;16869
811;42;16891
811;43;16908
811;44;16921
811;45;16940
811;46;16963
811;47;16985
811;48;16989
811;49;17022
811;50;17024
811;51;17029
811;52;17037
811;53;17058
811;54;17073
811;55;17075
811;56;17095
811;57;17110
811;58;17111
811;59;17115
811;60;17130
811;61;17137
811;62;17147
811;63;17159
811;64;17195
811;65;17197
811;66;17205
811;67;17215
812;1;12138
812;2;12703
812;3;13203
812;4;13722
812;5;14195
812;6;14305
812;7;14463
812;8;14494
812;9;14874
812;10;14875
812;11;14879
812;12;15258
812;13;15538
812;14;15690
812;15;15807
812;16;15839
812;17;15859
812;18;15935
812;19;15953
812;20;16021
812;21;16057
812;22;16077
812;23;16079
812;24;16094
812;25;16188
812;26;16251
812;27;16282
812;28;16286
812;29;16294
812;30;16330
812;31;16336
812;32;16345
812;33;16403
812;34;16407
812;35;16413
812;36;16429
812;37;16433
812;38;16944
812;39;16945
812;40;16970
812;41;16974
812;42;17006
812;43;17018
812;44;17033
812;45;17051
812;46;17055
812;47;17059
812;48;17075
812;49;17081
812;50;17127
812;51;17131
812;52;17158
812;53;17178
812;54;17193
812;55;17202
813;1;11549
813;2;12003
813;3;12188
813;4;12628
813;5;13094
813;6;13273
813;7;13346
813;8;13467
813;9;13813
813;10;14180
813;11;14338
813;12;14392
813;13;14569
813;14;14959
813;15;14982
813;16;15419
813;17;15486
813;18;15564
813;19;15822
813;20;16001
813;21;16126
813;22;16171
813;23;16183
813;24;16245
813;25;16319
813;26;16344
813;27;16353
813;28;16838
813;29;16855
813;30;16875
813;31;16883
813;32;16906
813;33;16938
813;34;16948
813;35;16952
813;36;16974
813;37;17021
813;38;17025
813;39;17042
813;40;17092
813;41;17096
813;42;17123
813;43;17145
813;44;17164
813;45;17186
814;1;12585
814;2;12953
814;3;13351
814;4;13736
814;5;13861
814;6;14234
814;7;14256
814;8;14633
814;9;14656
814;10;15119
814;11;15249
814;12;15281
814;13;15289
814;14;15452
814;15;15475
814;16;15508
814;17;16074
814;18;16078
814;19;16107
814;20;16170
814;21;16205
814;22;16219
814;23;16227
814;24;16243
814;25;16293
814;26;16347
814;27;16359
814;28;16362
814;29;16393
814;30;16405
814;31;16415
814;32;16503
814;33;16510
814;34;16526
814;35;16534
814;36;16550
814;37;16577
814;38;16599
814;39;16608
814;40;16610
814;41;16622
814;42;16630
814;43;16639
814;44;16667
814;45;16686
814;46;16707
814;47;16939
814;48;16943
814;49;17097
814;50;17105
814;51;17145
814;52;17155
814;53;17171
814;54;17207
814;55;17211
814;56;17217
815;1;12500
815;2;12576
815;3;12753
815;4;12907
815;5;13383
815;6;13916
815;7;13970
815;8;14393
815;9;14397
815;10;14618
815;11;14736
815;12;14748
815;13;14769
815;14;14868
815;15;14879
815;16;15179
815;17;15183
815;18;15197
815;19;15216
815;20;15500
815;21;15511
815;22;15609
815;23;15617
815;24;15653
815;25;15673
815;26;15683
815;27;15729
815;28;16074
815;29;16096
815;30;16116
815;31;16158
815;32;16171
815;33;16218
815;34;16235
815;35;16239
815;36;16269
815;37;16309
815;38;16320
815;39;16853
815;40;16862
815;41;16908
815;42;16913
815;43;16917
815;44;16920
815;45;16942
815;46;16957
815;47;16967
815;48;17012
815;49;17033
815;50;17040
815;51;17062
815;52;17085
815;53;17088
816;1;10064
816;2;10506
816;3;10891
816;4;11380
816;5;11918
816;6;12421
816;7;12817
816;8;13195
816;9;13315
816;10;13775
816;11;14286
816;12;14313
816;13;14333
816;14;14809
816;15;15206
816;16;15269
816;17;15777
816;18;15819
816;19;15842
816;20;15868
816;21;15872
816;22;16437
816;23;16505
816;24;16528
816;25;16603
816;26;16609
816;27;16639
816;28;16672
816;29;16688
816;30;16707
816;31;16739
816;32;16748
816;33;16750
816;34;16761
816;35;16771
816;36;16819
816;37;16821
816;38;16825
816;39;16871
816;40;16886
816;41;16891
816;42;16900
816;43;16922
816;44;16931
816;45;16985
816;46;16994
816;47;17012
816;48;17029
816;49;17057
816;50;17061
816;51;17083
816;52;17099
816;53;17182
816;54;17186
817;1;13021
817;2;13457
817;3;13967
817;4;14011
817;5;14390
817;6;14850
817;7;14872
817;8;15070
817;9;15115
817;10;15120
817;11;15534
817;12;15604
817;13;15905
817;14;16035
817;15;16079
817;16;16088
817;17;16114
817;18;16165
817;19;16180
817;20;16188
817;21;16242
817;22;16285
817;23;16328
817;24;16332
817;25;16902
817;26;16910
817;27;16933
817;28;16978
817;29;16986
817;30;17018
817;31;17080
817;32;17102
817;33;17109
817;34;17146
817;35;17156
817;36;17178
817;37;17194
817;38;17216
817;39;17220
818;1;11999
818;2;12220
818;3;12496
818;4;13049
818;5;13142
818;6;13618
818;7;13651
818;8;13671
818;9;14181
818;10;14311
818;11;14321
818;12;14780
818;13;14895
818;14;15067
818;15;15490
818;16;15831
818;17;15857
818;18;15878
818;19;15888
818;20;16022
818;21;16044
818;22;16114
818;23;16138
818;24;16174
818;25;16222
818;26;16234
818;27;16249
818;28;16287
818;29;16301
818;30;16759
818;31;16772
818;32;16794
818;33;16812
818;34;16852
818;35;16856
818;36;16860
818;37;16872
818;38;16882
818;39;16886
818;40;16905
818;41;16915
818;42;16955
818;43;16997
818;44;17006
818;45;17064
818;46;17068
818;47;17096
818;48;17116
818;49;17131
818;50;17158
818;51;17175
818;52;17197
818;53;17207
818;54;17214
818;55;17218
818;56;17228
819;1;14044
819;2;14142
819;3;14148
819;4;14750
819;5;15163
819;6;15421
819;7;15482
819;8;15794
819;9;15798
819;10;15808
819;11;16006
819;12;16183
819;13;16193
819;14;16211
819;15;16215
819;16;16694
819;17;16706
819;18;16755
819;19;16795
819;20;16805
819;21;16816
819;22;16831
819;23;16879
819;24;16894
819;25;16943
819;26;16968
819;27;17022
819;28;17037
819;29;17043
819;30;17065
819;31;17068
819;32;17079
819;33;17091
819;34;17101
819;35;17119
819;36;17148
819;37;17151
820;1;11393
820;2;11397
820;3;11681
820;4;11780
820;5;12152
820;6;12496
820;7;12505
820;8;13018
820;9;13335
820;10;13364
820;11;13372
820;12;13708
820;13;13846
820;14;13944
820;15;14375
820;16;14385
820;17;14407
820;18;14835
820;19;14855
820;20;14953
820;21;15090
820;22;15122
820;23;15746
820;24;15791
820;25;15856
820;26;15860
820;27;15918
820;28;15934
820;29;15938
820;30;15946
820;31;15978
820;32;15993
820;33;16062
820;34;16121
820;35;16145
820;36;16256
820;37;16257
820;38;16270
820;39;16324
820;40;16328
820;41;16360
820;42;16536
820;43;16694
820;44;16716
820;45;16792
820;46;16846
820;47;16852
820;48;16862
820;49;16887
820;50;16890
820;51;16899
820;52;16955
820;53;16970
820;54;16974
820;55;16985
820;56;16986
820;57;16988
820;58;16992
820;59;16994
820;60;17005
820;61;17020
820;62;17022
820;63;17032
820;64;17036
820;65;17092
820;66;17107
820;67;17122
820;68;17124
820;69;17128
820;70;17129
820;71;17174
820;72;17176
821;1;13326
821;2;13745
821;3;14046
821;4;14144
821;5;14655
821;6;14685
821;7;14703
821;8;14774
821;9;14804
821;10;14814
821;11;15072
821;12;15106
821;13;15114
821;14;15354
821;15;15374
821;16;15402
821;17;15501
821;18;15521
821;19;15536
821;20;15569
821;21;15944
821;22;16043
821;23;16058
821;24;16094
821;25;16131
821;26;16170
821;27;16609
821;28;16664
821;29;16679
821;30;16681
821;31;16691
821;32;16708
821;33;16727
821;34;16739
821;35;16768
821;36;16822
821;37;16830
821;38;16846
821;39;16890
821;40;16900
821;41;16912
821;42;16928
821;43;16942
821;44;16948
821;45;16960
821;46;17014
821;47;17018
821;48;17040
821;49;17056
821;50;17074
821;51;17089
821;52;17099
821;53;17103
821;54;17108
821;55;17142
821;56;17149
822;1;11081
822;2;11131
822;3;11149
822;4;11605
822;5;11704
822;6;11928
822;7;12244
822;8;12301
822;9;12630
822;10;13119
822;11;13175
822;12;13289
822;13;13340
822;14;13384
822;15;13857
822;16;13877
822;17;14075
822;18;14419
822;19;14599
822;20;14710
822;21;14988
822;22;15056
822;23;15470
822;24;15944
822;25;15949
822;26;16024
822;27;16041
822;28;16064
822;29;16598
822;30;16666
822;31;16685
822;32;16689
822;33;16701
822;34;16767
822;35;16797
822;36;16815
822;37;16829
822;38;16845
822;39;16907
822;40;16916
822;41;16968
822;42;17066
822;43;17067
822;44;17071
822;45;17079
822;46;17100
822;47;17115
822;48;17176
822;49;17202
822;50;17217
823;1;11387
823;2;11450
823;3;11470
823;4;11508
823;5;12027
823;6;12068
823;7;12541
823;8;12553
823;9;12810
823;10;13459
823;11;13469
823;12;13501
823;13;14012
823;14;14018
823;15;14522
823;16;15035
823;17;15041
823;18;15064
823;19;15109
823;20;15177
823;21;15604
823;22;15867
823;23;15869
823;24;15927
823;25;15942
823;26;16076
823;27;16094
823;28;16100
823;29;16102
823;30;16165
823;31;16188
823;32;16211
823;33;16233
823;34;16283
823;35;16286
823;36;16368
823;37;16716
823;38;16752
823;39;16795
823;40;16857
823;41;16860
823;42;16935
823;43;16976
823;44;16990
823;45;17008
823;46;17012
823;47;17017
823;48;17023
823;49;17034
823;50;17053
823;51;17057
823;52;17069
823;53;17073
823;54;17085
823;55;17090
823;56;17094
823;57;17109
823;58;17125
823;59;17133
823;60;17140
823;61;17141
823;62;17164
823;63;17186
824;1;11864
824;2;11868
824;3;12331
824;4;12581
824;5;13005
824;6;13026
824;7;13089
824;8;13143
824;9;13176
824;10;13208
824;11;13653
824;12;14017
824;13;14605
824;14;14678
824;15;14722
824;16;15088
824;17;15536
824;18;15540
824;19;15631
824;20;15685
824;21;15808
824;22;16321
824;23;16330
824;24;16394
824;25;16398
824;26;16410
824;27;16418
824;28;16424
824;29;16781
824;30;16793
824;31;16815
824;32;16830
824;33;16853
824;34;16855
824;35;16875
824;36;16904
824;37;16911
824;38;16915
824;39;16981
824;40;17033
824;41;17055
824;42;17081
824;43;17094
824;44;17162
824;45;17184
824;46;17185
824;47;17191
824;48;17213
824;49;17217
825;1;12733
825;2;12988
825;3;13404
825;4;13899
825;5;13944
825;6;13948
825;7;14140
825;8;14251
825;9;14314
825;10;14434
825;11;14507
825;12;14661
825;13;15075
825;14;15181
825;15;15656
825;16;15671
825;17;15729
825;18;15736
825;19;15763
825;20;16185
825;21;16189
825;22;16581
825;23;16584
825;24;16652
825;25;16720
825;26;16724
825;27;16729
825;28;16749
825;29;16800
825;30;16811
825;31;16829
825;32;16839
825;33;16875
825;34;16927
825;35;16989
825;36;16998
825;37;17021
825;38;17063
825;39;17064
825;40;17068
825;41;17072
825;42;17082
825;43;17093
825;44;17115
825;45;17116
825;46;17131
825;47;17135
825;48;17151
825;49;17177
826;1;11028
826;2;11645
826;3;11650
826;4;12110
826;5;12517
826;6;12579
826;7;12583
826;8;12769
826;9;13259
826;10;13686
826;11;13709
826;12;13903
826;13;14311
826;14;14315
826;15;14363
826;16;14364
826;17;14475
826;18;14793
826;19;15239
826;20;15261
826;21;15286
826;22;15293
826;23;15383
826;24;15414
826;25;15760
826;26;15901
826;27;15986
826;28;16049
826;29;16117
826;30;16143
826;31;16176
826;32;16195
826;33;16234
826;34;16243
826;35;16669
826;36;16709
826;37;16746
826;38;16758
826;39;16823
826;40;16845
826;41;16849
826;42;16859
826;43;16885
826;44;16895
826;45;16900
826;46;16937
826;47;16956
826;48;16964
826;49;16979
826;50;17039
826;51;17093
826;52;17105
826;53;17128
826;54;17137
826;55;17147
826;56;17165
826;57;17169
826;58;17170
827;1;12747
827;2;13004
827;3;13471
827;4;13978
827;5;14172
827;6;14181
827;7;14613
827;8;14658
827;9;14674
827;10;14682
827;11;14700
827;12;14704
827;13;14978
827;14;15287
827;15;15291
827;16;15313
827;17;15352
827;18;15409
827;19;15460
827;20;15489
827;21;15543
827;22;15560
827;23;15657
827;24;15668
827;25;15671
827;26;15683
827;27;15702
827;28;15729
827;29;15741
827;30;15809
827;31;15824
827;32;16077
827;33;16097
827;34;16120
827;35;16142
827;36;16563
827;37;16595
827;38;16614
827;39;16616
827;40;16622
827;41;16652
827;42;16676
827;43;16790
827;44;16812
827;45;16821
827;46;16833
827;47;16866
827;48;16890
827;49;16909
827;50;16945
827;51;16967
827;52;17014
827;53;17024
827;54;17038
827;55;17056
827;56;17070
827;57;17088
827;58;17092
827;59;17114
827;60;17123
827;61;17162
827;62;17183
827;63;17187
827;64;17196
827;65;17218
827;66;17224
827;67;17228
828;1;13724
828;2;14164
828;3;14263
828;4;14755
828;5;15155
828;6;15174
828;7;15182
828;8;15617
828;9;16029
828;10;16145
828;11;16155
828;12;16173
828;13;16541
828;14;16624
828;15;16670
828;16;16701
828;17;16728
828;18;16805
828;19;16835
828;20;16857
828;21;16872
828;22;16876
828;23;16916
828;24;16920
828;25;16939
828;26;16955
828;27;17000
828;28;17006
828;29;17010
828;30;17019
828;31;17073
828;32;17108
828;33;17127
828;34;17136
828;35;17155
828;36;17157
828;37;17176
829;1;13447
829;2;13665
829;3;13723
829;4;14132
829;5;14562
829;6;14980
829;7;15147
829;8;15156
829;9;15189
829;10;15293
829;11;15316
829;12;15578
829;13;15732
829;14;15736
829;15;15758
829;16;15772
829;17;16104
829;18;16116
829;19;16124
829;20;16146
829;21;16204
829;22;16301
829;23;16332
829;24;16335
829;25;16428
829;26;16468
829;27;16475
829;28;16513
829;29;16517
829;30;16537
829;31;16573
829;32;16595
829;33;16649
829;34;16733
829;35;16776
829;36;16835
829;37;16871
829;38;16894
829;39;16916
829;40;16938
829;41;16946
829;42;16961
829;43;16971
829;44;17018
829;45;17024
829;46;17046
829;47;17120
829;48;17124
829;49;17139
829;50;17161
829;51;17165
829;52;17222
829;53;17226
830;1;15665
830;2;15700
830;3;16108
830;4;16145
830;5;16523
830;6;16533
830;7;16601
830;8;16699
830;9;16716
830;10;16761
830;11;16773
830;12;16798
830;13;16819
830;14;16835
830;15;16876
830;16;16892
830;17;16901
830;18;16920
830;19;16925
830;20;16962
830;21;16984
830;22;17001
830;23;17021
830;24;17024
830;25;17048
830;26;17052
831;1;12337
831;2;12925
831;3;13361
831;4;13459
831;5;13573
831;6;13984
831;7;14029
831;8;14055
831;9;14460
831;10;14464
831;11;14471
831;12;14882
831;13;14926
831;14;14990
831;15;14999
831;16;15003
831;17;15269
831;18;15325
831;19;15426
831;20;15456
831;21;15847
831;22;15865
831;23;16514
831;24;16599
831;25;16629
831;26;16648
831;27;16662
831;28;16680
831;29;16711
831;30;16779
831;31;16785
831;32;16807
831;33;16816
831;34;16875
831;35;16883
831;36;16932
831;37;16948
831;38;16952
831;39;16956
831;40;16958
831;41;16978
831;42;17040
831;43;17054
831;44;17081
831;45;17083
831;46;17089
831;47;17096
831;48;17100
831;49;17132
831;50;17150
831;51;17154
831;52;17158
831;53;17176
831;54;17217
832;1;12381
832;2;12393
832;3;12402
832;4;12414
832;5;12874
832;6;12948
832;7;13299
832;8;13713
832;9;13763
832;10;14105
832;11;14163
832;12;14507
832;13;15152
832;14;15174
832;15;15178
832;16;15212
832;17;15311
832;18;15555
832;19;15776
832;20;15792
832;21;15862
832;22;15922
832;23;16441
832;24;16503
832;25;16510
832;26;16529
832;27;16576
832;28;16594
832;29;16604
832;30;16639
832;31;16683
832;32;16756
832;33;16878
832;34;16895
832;35;16899
832;36;16920
832;37;16924
832;38;16932
832;39;16954
832;40;16960
832;41;16975
832;42;16980
832;43;16992
832;44;17002
832;45;17026
832;46;17065
832;47;17101
832;48;17111
832;49;17113
832;50;17119
832;51;17131
832;52;17143
832;53;17144
832;54;17153
832;55;17157
832;56;17161
832;57;17162
832;58;17166
832;59;17181
833;1;12904
833;2;13038
833;3;13491
833;4;13840
833;5;13885
833;6;14079
833;7;14497
833;8;14570
833;9;14704
833;10;14726
833;11;14758
833;12;14812
833;13;15267
833;14;15278
833;15;15282
833;16;15387
833;17;15409
833;18;15719
833;19;15727
833;20;15731
833;21;16242
833;22;16300
833;23;16366
833;24;16370
833;25;16374
833;26;16384
833;27;16386
833;28;16479
833;29;16501
833;30;16512
833;31;16516
833;32;16578
833;33;16587
833;34;16588
833;35;17042
833;36;17048
833;37;17066
833;38;17074
833;39;17084
833;40;17088
833;41;17104
833;42;17108
833;43;17130
833;44;17163
833;45;17181
833;46;17186
834;1;12126
834;2;12485
834;3;12503
834;4;12993
834;5;12998
834;6;13046
834;7;13069
834;8;13481
834;9;13490
834;10;13899
834;11;13907
834;12;13969
834;13;14356
834;14;14367
834;15;14382
834;16;14750
834;17;14870
834;18;14997
834;19;15067
834;20;15091
834;21;15131
834;22;15442
834;23;15541
834;24;15649
834;25;15992
834;26;16042
834;27;16087
834;28;16713
834;29;16719
834;30;16729
834;31;16777
834;32;16824
834;33;16828
834;34;16847
834;35;16864
834;36;16886
834;37;16928
834;38;16934
834;39;16937
834;40;16978
834;41;16994
834;42;17002
834;43;17070
834;44;17080
834;45;17092
834;46;17114
834;47;17136
835;1;14749
835;2;14786
835;3;14801
835;4;14813
835;5;15046
835;6;15119
835;7;15120
835;8;15160
835;9;15258
835;10;15608
835;11;15717
835;12;15778
835;13;15832
835;14;16180
835;15;16238
835;16;16244
835;17;16266
835;18;16642
835;19;16646
835;20;16658
835;21;16667
835;22;16685
835;23;16709
835;24;16717
835;25;16775
835;26;16785
835;27;16839
835;28;16849
835;29;16864
835;30;16875
835;31;16878
835;32;16888
835;33;16929
835;34;16933
835;35;16941
835;36;16953
835;37;16968
835;38;16972
835;39;16982
835;40;16994
835;41;17001
835;42;17011
835;43;17015
835;44;17018
835;45;17030
835;46;17052
835;47;17068
835;48;17084
835;49;17085
835;50;17089
835;51;17092
835;52;17109
835;53;17141
835;54;17145
835;55;17154
835;56;17177
835;57;17183
836;1;12835
836;2;13346
836;3;13396
836;4;13397
836;5;13451
836;6;13834
836;7;14212
836;8;14345
836;9;14415
836;10;14492
836;11;14774
836;12;14905
836;13;15034
836;14;15088
836;15;15178
836;16;15376
836;17;15380
836;18;15459
836;19;15596
836;20;15604
836;21;15911
836;22;16406
836;23;16535
836;24;16693
836;25;16783
836;26;16802
836;27;16824
836;28;16869
836;29;16905
836;30;16912
836;31;16916
836;32;16956
836;33;16960
836;34;16967
836;35;16992
836;36;17059
836;37;17073
836;38;17074
836;39;17084
836;40;17085
836;41;17129
836;42;17133
836;43;17134
836;44;17147
836;45;17148
836;46;17193
836;47;17202
836;48;17218
836;49;17222
837;1;13724
837;2;14364
837;3;14374
837;4;14473
837;5;14477
837;6;14489
837;7;14508
837;8;14922
837;9;15365
837;10;15554
837;11;15735
837;12;15778
837;13;15784
837;14;15824
837;15;15842
837;16;15867
837;17;16305
837;18;16640
837;19;16654
837;20;16713
837;21;16744
837;22;16818
837;23;16830
837;24;16842
837;25;16846
837;26;16856
837;27;16866
837;28;16912
837;29;16932
837;30;16951
837;31;16971
837;32;16977
837;33;17009
837;34;17021
837;35;17038
837;36;17042
837;37;17087
837;38;17091
837;39;17092
837;40;17103
838;1;13797
838;2;14358
838;3;14851
838;4;15188
838;5;15233
838;6;15256
838;7;15605
838;8;15998
838;9;16072
838;10;16094
838;11;16138
838;12;16583
838;13;16587
838;14;16627
838;15;16641
838;16;16677
838;17;16687
838;18;16688
838;19;16699
838;20;16724
838;21;16736
838;22;16783
838;23;16805
838;24;16817
838;25;16840
838;26;16934
838;27;16945
838;28;16955
838;29;16957
838;30;16961
838;31;16976
838;32;16998
838;33;17029
838;34;17047
838;35;17087
838;36;17113
838;37;17118
838;38;17135
838;39;17158
838;40;17181
838;41;17192
839;1;11723
839;2;12197
839;3;12242
839;4;12702
839;5;12717
839;6;12759
839;7;12809
839;8;13222
839;9;13823
839;10;13894
839;11;14227
839;12;14428
839;13;14557
839;14;14572
839;15;15010
839;16;15521
839;17;15668
839;18;15860
839;19;15896
839;20;15903
839;21;15917
839;22;15918
839;23;16038
839;24;16041
839;25;16043
839;26;16155
839;27;16157
839;28;16159
839;29;16186
839;30;16207
839;31;16547
839;32;16610
839;33;16621
839;34;16638
839;35;16664
839;36;16686
839;37;16690
839;38;16698
839;39;16707
839;40;16724
839;41;16742
839;42;16743
839;43;16765
839;44;16775
839;45;16819
839;46;16877
839;47;16886
839;48;16925
839;49;16956
839;50;16972
839;51;16992
839;52;16998
839;53;17038
839;54;17060
839;55;17069
839;56;17071
839;57;17082
839;58;17123
839;59;17124
839;60;17160
839;61;17161
839;62;17178
839;63;17182
839;64;17185
839;65;17195
839;66;17208
839;67;17217
840;1;12343
840;2;12708
840;3;12759
840;4;13199
840;5;13383
840;6;13629
840;7;14038
840;8;14149
840;9;14220
840;10;14241
840;11;14650
840;12;15161
840;13;15280
840;14;15811
840;15;16258
840;16;16303
840;17;16342
840;18;16378
840;19;16418
840;20;16477
840;21;16518
840;22;16548
840;23;16570
840;24;16624
840;25;16669
840;26;16732
840;27;16750
840;28;16761
840;29;16765
840;30;16777
840;31;16781
840;32;16791
840;33;16795
840;34;16803
840;35;16839
840;36;16862
840;37;16910
840;38;16927
840;39;16945
840;40;16949
840;41;16950
840;42;16951
840;43;16955
840;44;16957
840;45;16981
840;46;16996
840;47;17000
840;48;17019
840;49;17040
840;50;17062
840;51;17066
840;52;17081
840;53;17096
840;54;17102
840;55;17106
840;56;17128
840;57;17129
840;58;17143
840;59;17164
840;60;17179
841;1;12174
841;2;12192
841;3;12522
841;4;12543
841;5;12581
841;6;12654
841;7;12968
841;8;13036
841;9;13404
841;10;13510
841;11;14028
841;12;14060
841;13;14439
841;14;14454
841;15;14528
841;16;14627
841;17;14647
841;18;14840
841;19;14974
841;20;15389
841;21;15408
841;22;15462
841;23;15817
841;24;15828
841;25;15900
841;26;15945
841;27;16019
841;28;16024
841;29;16122
841;30;16155
841;31;16178
841;32;16223
841;33;16226
841;34;16233
841;35;16237
841;36;16248
841;37;16306
841;38;16338
841;39;16394
841;40;16397
841;41;16847
841;42;16900
841;43;16904
841;44;16949
841;45;16981
841;46;16983
841;47;16987
841;48;17022
841;49;17038
841;50;17080
841;51;17086
841;52;17092
841;53;17112
841;54;17116
841;55;17120
841;56;17138
841;57;17140
841;58;17145
841;59;17164
841;60;17166
841;61;17170
841;62;17186
841;63;17206
841;64;17222
842;1;14068
842;2;14088
842;3;14108
842;4;14175
842;5;14620
842;6;14966
842;7;15281
842;8;15285
842;9;15928
842;10;15998
842;11;16551
842;12;16572
842;13;16626
842;14;16632
842;15;16660
842;16;16665
842;17;16693
842;18;16725
842;19;16784
842;20;16827
842;21;16831
842;22;16885
842;23;16899
842;24;16903
842;25;16925
842;26;16937
842;27;16943
842;28;16961
842;29;16981
842;30;17000
842;31;17004
842;32;17022
842;33;17066
842;34;17080
842;35;17102
842;36;17107
842;37;17120
842;38;17124
842;39;17133
842;40;17148
842;41;17150
842;42;17185
842;43;17206
842;44;17228
843;1;13813
843;2;13867
843;3;13975
843;4;13998
843;5;14615
843;6;14838
843;7;14928
843;8;15410
843;9;15435
843;10;15457
843;11;15833
843;12;15918
843;13;16000
843;14;16506
843;15;16518
843;16;16522
843;17;16565
843;18;16598
843;19;16613
843;20;16628
843;21;16640
843;22;16644
843;23;16651
843;24;16657
843;25;16680
843;26;16712
843;27;16718
843;28;16734
843;29;16754
843;30;16755
843;31;16777
843;32;16796
843;33;16808
843;34;16812
843;35;16824
843;36;16834
843;37;16847
843;38;16859
843;39;16913
843;40;16917
843;41;16932
843;42;16946
843;43;16953
843;44;16975
843;45;16985
843;46;16987
843;47;17032
843;48;17065
843;49;17066
843;50;17078
843;51;17085
843;52;17098
843;53;17101
843;54;17103
843;55;17107
843;56;17119
844;1;13948
844;2;13969
844;3;13977
844;4;14406
844;5;14408
844;6;14790
844;7;14883
844;8;14894
844;9;14906
844;10;14967
844;11;15419
844;12;15745
844;13;15785
844;14;15962
844;15;15963
844;16;16021
844;17;16025
844;18;16067
844;19;16072
844;20;16081
844;21;16085
844;22;16126
844;23;16182
844;24;16258
844;25;16303
844;26;16328
844;27;16344
844;28;16348
844;29;16349
844;30;16474
844;31;16478
844;32;16480
844;33;16482
844;34;16541
844;35;16563
844;36;16590
844;37;16610
844;38;17177
844;39;17217
845;1;14493
845;2;15001
845;3;15232
845;4;15602
845;5;15603
845;6;15950
845;7;15994
845;8;16469
845;9;16540
845;10;16564
845;11;16603
845;12;16638
845;13;16661
845;14;16665
845;15;16669
845;16;16695
845;17;16704
845;18;16708
845;19;16730
845;20;16734
845;21;16739
845;22;16743
845;23;16787
845;24;16788
845;25;16809
845;26;16832
845;27;16902
845;28;16938
845;29;16947
845;30;16984
845;31;17020
845;32;17030
845;33;17039
845;34;17046
845;35;17104
845;36;17106
845;37;17110
845;38;17120
845;39;17127
845;40;17130
845;41;17146
845;42;17178
845;43;17186
845;44;17201
845;45;17222
846;1;11991
846;2;12432
846;3;12951
846;4;13005
846;5;13059
846;6;13195
846;7;13655
846;8;13676
846;9;14133
846;10;14147
846;11;14192
846;12;14196
846;13;14234
846;14;14550
846;15;14626
846;16;14922
846;17;14991
846;18;15066
846;19;15405
846;20;15484
846;21;15524
846;22;15561
846;23;15578
846;24;15986
846;25;16019
846;26;16085
846;27;16090
846;28;16126
846;29;16144
846;30;16150
846;31;16165
846;32;16169
846;33;16186
846;34;16212
846;35;16221
846;36;16313
846;37;16322
846;38;16376
846;39;16421
846;40;16666
846;41;16676
846;42;16680
846;43;16716
846;44;16719
846;45;16763
846;46;16777
846;47;16827
846;48;16850
846;49;16874
846;50;16905
846;51;16909
846;52;16965
846;53;16969
846;54;17005
846;55;17014
846;56;17036
846;57;17071
846;58;17081
846;59;17087
846;60;17096
846;61;17137
846;62;17144
846;63;17154
846;64;17174
846;65;17215
847;1;10872
847;2;10965
847;3;11484
847;4;11504
847;5;11801
847;6;12310
847;7;12700
847;8;12708
847;9;12921
847;10;13431
847;11;13485
847;12;13497
847;13;13626
847;14;13658
847;15;14147
847;16;14180
847;17;14685
847;18;14799
847;19;14815
847;20;14845
847;21;15299
847;22;15336
847;23;15568
847;24;15590
847;25;15644
847;26;15649
847;27;16139
847;28;16184
847;29;16552
847;30;16606
847;31;16629
847;32;16682
847;33;16691
847;34;16786
847;35;16805
847;36;16815
847;37;16859
847;38;16881
847;39;16891
847;40;16898
847;41;16902
847;42;16956
847;43;16957
847;44;16980
847;45;16987
847;46;16998
847;47;17008
847;48;17053
847;49;17111
847;50;17131
847;51;17135
847;52;17140
847;53;17144
847;54;17149
848;1;11850
848;2;12361
848;3;12770
848;4;13193
848;5;13681
848;6;14014
848;7;14031
848;8;14208
848;9;14429
848;10;14841
848;11;14863
848;12;15040
848;13;15497
848;14;15615
848;15;15672
848;16;15910
848;17;15925
848;18;15930
848;19;15998
848;20;16252
848;21;16350
848;22;16481
848;23;16543
848;24;16576
848;25;16630
848;26;16637
848;27;16645
848;28;16706
848;29;16760
848;30;16798
848;31;16810
848;32;16814
848;33;16826
848;34;16867
848;35;16871
848;36;16888
848;37;16901
848;38;16911
848;39;16934
848;40;16944
848;41;16946
848;42;16959
848;43;16978
848;44;16985
848;45;16997
848;46;17007
848;47;17057
848;48;17109
848;49;17113
848;50;17138
848;51;17139
848;52;17154
848;53;17190
848;54;17196
848;55;17200
849;1;12314
849;2;12813
849;3;13252
849;4;13664
849;5;14143
849;6;14459
849;7;14504
849;8;14540
849;9;14598
849;10;14627
849;11;14847
849;12;15358
849;13;15488
849;14;15546
849;15;15571
849;16;15612
849;17;15657
849;18;15664
849;19;15684
849;20;15782
849;21;16137
849;22;16188
849;23;16264
849;24;16286
849;25;16338
849;26;16341
849;27;16357
849;28;16745
849;29;16746
849;30;16758
849;31;16759
849;32;16774
849;33;16781
849;34;16784
849;35;16786
849;36;16844
849;37;16846
849;38;16850
849;39;16862
849;40;16873
849;41;16890
849;42;16899
849;43;16908
849;44;16957
849;45;16961
849;46;16977
849;47;16998
849;48;17041
849;49;17045
849;50;17050
849;51;17060
849;52;17084
849;53;17085
850;1;14248
850;2;14270
850;3;14349
850;4;14648
850;5;14708
850;6;14729
850;7;14739
850;8;14748
850;9;15014
850;10;15068
850;11;15482
850;12;15488
850;13;15513
850;14;15560
850;15;15580
850;16;15602
850;17;15606
850;18;15925
850;19;15945
850;20;15970
850;21;15981
850;22;15994
850;23;16059
850;24;16530
850;25;16597
850;26;16608
850;27;16628
850;28;16639
850;29;16643
850;30;16658
850;31;16673
850;32;16682
850;33;16705
850;34;16737
850;35;16764
850;36;16771
850;37;16812
850;38;16842
850;39;16878
850;40;16927
850;41;16995
850;42;16999
850;43;17029
850;44;17044
850;45;17046
850;46;17062
850;47;17066
850;48;17067
850;49;17071
850;50;17075
850;51;17093
850;52;17097
850;53;17112
850;54;17144
850;55;17163
851;1;12059
851;2;12487
851;3;12848
851;4;12992
851;5;13013
851;6;13072
851;7;13202
851;8;13632
851;9;13686
851;10;13709
851;11;14313
851;12;14361
851;13;14515
851;14;14571
851;15;14574
851;16;14978
851;17;15018
851;18;15071
851;19;15336
851;20;15809
851;21;15849
851;22;15871
851;23;15929
851;24;15957
851;25;15979
851;26;16019
851;27;16025
851;28;16062
851;29;16650
851;30;16753
851;31;16761
851;32;16817
851;33;16842
851;34;16862
851;35;16883
851;36;16906
851;37;16946
851;38;16957
851;39;16961
851;40;16997
851;41;17041
851;42;17051
851;43;17052
851;44;17069
851;45;17076
851;46;17098
851;47;17139
851;48;17144
851;49;17153
851;50;17163
851;51;17171
851;52;17180
851;53;17181
852;1;11106
852;2;11127
852;3;11175
852;4;11187
852;5;11206
852;6;11725
852;7;12161
852;8;12181
852;9;12244
852;10;12622
852;11;13058
852;12;13459
852;13;13979
852;14;14033
852;15;14042
852;16;14607
852;17;14628
852;18;15010
852;19;15454
852;20;15886
852;21;16005
852;22;16056
852;23;16129
852;24;16198
852;25;16548
852;26;16563
852;27;16585
852;28;16634
852;29;16649
852;30;16697
852;31;16765
852;32;16816
852;33;16817
852;34;16915
852;35;16947
852;36;16969
852;37;16970
852;38;16985
852;39;16987
852;40;17006
852;41;17033
852;42;17037
852;43;17053
852;44;17066
852;45;17091
852;46;17145
852;47;17177
852;48;17181
853;1;14115
853;2;14169
853;3;14220
853;4;14308
853;5;14748
853;6;14811
853;7;14873
853;8;14914
853;9;14918
853;10;14938
853;11;14944
853;12;15389
853;13;15424
853;14;15448
853;15;15469
853;16;15491
853;17;15505
853;18;15524
853;19;15566
853;20;16020
853;21;16053
853;22;16110
853;23;16119
853;24;16123
853;25;16133
853;26;16145
853;27;16163
853;28;16175
853;29;16723
853;30;16727
853;31;16747
853;32;16788
853;33;16795
853;34;16823
853;35;16885
853;36;16939
853;37;16947
853;38;16994
853;39;17018
853;40;17021
853;41;17022
853;42;17026
853;43;17033
853;44;17041
853;45;17063
853;46;17078
853;47;17104
853;48;17114
853;49;17118
853;50;17128
853;51;17140
853;52;17150
853;53;17190
853;54;17194
853;55;17216
853;56;17220
854;1;13219
854;2;13518
854;3;13690
854;4;13713
854;5;13833
854;6;14226
854;7;14315
854;8;14336
854;9;14753
854;10;14808
854;11;14840
854;12;15134
854;13;15156
854;14;15192
854;15;15267
854;16;15676
854;17;15698
854;18;15771
854;19;15832
854;20;15862
854;21;15886
854;22;15890
854;23;15916
854;24;15924
854;25;15926
854;26;15948
854;27;16010
854;28;16018
854;29;16057
854;30;16125
854;31;16180
854;32;16201
854;33;16212
854;34;16218
854;35;16262
854;36;16281
854;37;16694
854;38;16727
854;39;16753
854;40;16776
854;41;16781
854;42;16797
854;43;16800
854;44;16868
854;45;16891
854;46;16895
854;47;16908
854;48;16917
854;49;16932
854;50;16935
854;51;16951
854;52;16961
854;53;16978
854;54;17021
854;55;17058
854;56;17078
854;57;17094
854;58;17099
854;59;17105
854;60;17114
854;61;17118
854;62;17140
854;63;17152
854;64;17170
854;65;17174
854;66;17175
854;67;17181
854;68;17226
855;1;12668
855;2;13187
855;3;13286
855;4;13714
855;5;13736
855;6;13739
855;7;14104
855;8;14130
855;9;14166
855;10;14811
855;11;14833
855;12;15161
855;13;15355
855;14;15364
855;15;15657
855;16;15676
855;17;15944
855;18;16009
855;19;16107
855;20;16497
855;21;16559
855;22;16579
855;23;16641
855;24;16661
855;25;16669
855;26;16679
855;27;16683
855;28;16695
855;29;16714
855;30;16760
855;31;16783
855;32;16795
855;33;16826
855;34;16901
855;35;16905
855;36;16932
855;37;16965
855;38;16975
855;39;17008
855;40;17070
855;41;17074
855;42;17081
855;43;17093
855;44;17125
855;45;17135
855;46;17137
855;47;17141
855;48;17181
855;49;17191
855;50;17195
855;51;17217
856;1;13522
856;2;13653
856;3;14083
856;4;14091
856;5;14127
856;6;14141
856;7;14574
856;8;14628
856;9;14974
856;10;15330
856;11;15410
856;12;15418
856;13;15422
856;14;15432
856;15;15455
856;16;15480
856;17;15576
856;18;15635
856;19;15656
856;20;15696
856;21;16164
856;22;16168
856;23;16633
856;24;16695
856;25;16743
856;26;16776
856;27;16810
856;28;16814
856;29;16829
856;30;16867
856;31;16873
856;32;16882
856;33;16923
856;34;16964
856;35;16999
856;36;17033
856;37;17042
856;38;17064
856;39;17105
856;40;17109
856;41;17126
856;42;17130
856;43;17177
856;44;17182
856;45;17192
856;46;17199
856;47;17209
856;48;17218
856;49;17222
857;1;11573
857;2;11973
857;3;12093
857;4;12291
857;5;12511
857;6;12912
857;7;13225
857;8;13300
857;9;13308
857;10;13330
857;11;13715
857;12;14204
857;13;14246
857;14;14256
857;15;14711
857;16;14820
857;17;14826
857;18;14895
857;19;14904
857;20;14940
857;21;15361
857;22;15744
857;23;15767
857;24;15841
857;25;15881
857;26;16159
857;27;16268
857;28;16312
857;29;16349
857;30;16368
857;31;16431
857;32;16507
857;33;16528
857;34;16535
857;35;16553
857;36;16614
857;37;16637
857;38;16651
857;39;16660
857;40;16719
857;41;16777
857;42;16799
857;43;16839
857;44;16849
857;45;16861
857;46;16882
857;47;16889
857;48;16921
857;49;16941
857;50;16978
857;51;16995
857;52;17020
857;53;17042
857;54;17045
857;55;17053
857;56;17063
857;57;17073
857;58;17077
857;59;17092
857;60;17114
857;61;17120
857;62;17124
857;63;17125
857;64;17149
857;65;17164
857;66;17170
857;67;17192
858;1;13749
858;2;13771
858;3;14264
858;4;14270
858;5;14730
858;6;15209
858;7;15223
858;8;15243
858;9;15256
858;10;15634
858;11;16098
858;12;16568
858;13;16622
858;14;16662
858;15;16704
858;16;16736
858;17;16802
858;18;16827
858;19;16875
858;20;16896
858;21;16922
858;22;16944
858;23;16949
858;24;16958
858;25;16962
858;26;16971
858;27;16981
858;28;16985
858;29;17050
858;30;17068
858;31;17072
858;32;17076
858;33;17117
858;34;17126
858;35;17154
858;36;17162
858;37;17172
858;38;17192
858;39;17202
858;40;17217
859;1;13066
859;2;13137
859;3;13140
859;4;13391
859;5;13572
859;6;13680
859;7;14129
859;8;14583
859;9;14628
859;10;14645
859;11;14872
859;12;14892
859;13;15505
859;14;15509
859;15;15524
859;16;15572
859;17;15932
859;18;16033
859;19;16087
859;20;16595
859;21;16613
859;22;16617
859;23;16640
859;24;16651
859;25;16674
859;26;16697
859;27;16741
859;28;16796
859;29;16830
859;30;16846
859;31;16868
859;32;16878
859;33;16897
859;34;16908
859;35;16930
859;36;16938
859;37;16947
859;38;16965
859;39;16975
859;40;16997
859;41;17008
859;42;17020
859;43;17021
859;44;17029
859;45;17055
859;46;17065
859;47;17067
859;48;17072
859;49;17073
859;50;17077
859;51;17097
859;52;17108
859;53;17113
859;54;17158
859;55;17170
859;56;17181
859;57;17182
859;58;17186
860;1;11627
860;2;12113
860;3;12189
860;4;12325
860;5;12918
860;6;12972
860;7;13359
860;8;13368
860;9;13430
860;10;13917
860;11;14250
860;12;14251
860;13;14301
860;14;14309
860;15;14958
860;16;14964
860;17;15009
860;18;15018
860;19;15446
860;20;15452
860;21;15460
860;22;15510
860;23;15515
860;24;15533
860;25;15860
860;26;15872
860;27;15962
860;28;16451
860;29;16463
860;30;16471
860;31;16487
860;32;16498
860;33;16520
860;34;16539
860;35;16553
860;36;16564
860;37;16621
860;38;16665
860;39;16750
860;40;16764
860;41;16782
860;42;16790
860;43;16855
860;44;16859
860;45;16868
860;46;16927
860;47;16948
860;48;16963
860;49;16975
860;50;17009
860;51;17013
860;52;17072
860;53;17098
860;54;17109
860;55;17119
860;56;17121
860;57;17139
860;58;17146
860;59;17150
860;60;17151
861;1;14074
861;2;14507
861;3;14705
861;4;14767
861;5;15065
861;6;15500
861;7;15504
861;8;15558
861;9;16018
861;10;16054
861;11;16115
861;12;16526
861;13;16534
861;14;16540
861;15;16616
861;16;16650
861;17;16673
861;18;16714
861;19;16721
861;20;16723
861;21;16725
861;22;16759
861;23;16770
861;24;16781
861;25;16803
861;26;16811
861;27;16821
861;28;16826
861;29;16827
861;30;16849
861;31;16856
861;32;16910
861;33;16955
861;34;16967
861;35;17041
861;36;17060
861;37;17072
861;38;17094
861;39;17104
861;40;17127
861;41;17144
861;42;17148
861;43;17166
861;44;17192
861;45;17206
861;46;17228
862;1;12458
862;2;12926
862;3;13399
862;4;13421
862;5;13425
862;6;13947
862;7;14131
862;8;14642
862;9;14894
862;10;15083
862;11;15116
862;12;15124
862;13;15212
862;14;15232
862;15;15266
862;16;15307
862;17;15355
862;18;15405
862;19;15427
862;20;15485
862;21;15494
862;22;15735
862;23;15740
862;24;16259
862;25;16654
862;26;16688
862;27;16730
862;28;16764
862;29;16793
862;30;16813
862;31;16817
862;32;16849
862;33;16881
862;34;16924
862;35;16932
862;36;16943
862;37;16946
862;38;16950
862;39;16960
862;40;16964
862;41;16970
862;42;16973
862;43;16977
862;44;16985
862;45;16989
862;46;17010
862;47;17021
862;48;17045
862;49;17053
862;50;17070
862;51;17071
862;52;17100
862;53;17122
862;54;17133
862;55;17166
862;56;17188
862;57;17192
862;58;17202
862;59;17206
862;60;17228
863;1;11349
863;2;11407
863;3;11906
863;4;12433
863;5;12469
863;6;12762
863;7;13190
863;8;13207
863;9;13208
863;10;13238
863;11;13306
863;12;13775
863;13;13820
863;14;14236
863;15;14295
863;16;14307
863;17;14403
863;18;14448
863;19;14525
863;20;14571
863;21;15025
863;22;15125
863;23;15187
863;24;15205
863;25;15725
863;26;16166
863;27;16176
863;28;16184
863;29;16188
863;30;16240
863;31;16246
863;32;16264
863;33;16300
863;34;16306
863;35;16342
863;36;16369
863;37;16654
863;38;16686
863;39;16817
863;40;16838
863;41;16878
863;42;16890
863;43;16904
863;44;16958
863;45;16986
863;46;16998
863;47;17033
863;48;17055
863;49;17059
863;50;17077
863;51;17088
863;52;17124
863;53;17129
863;54;17183
864;1;11678
864;2;12177
864;3;12591
864;4;12955
864;5;12959
864;6;13367
864;7;13412
864;8;13803
864;9;14159
864;10;14238
864;11;14363
864;12;14385
864;13;14444
864;14;14997
864;15;15106
864;16;15532
864;17;15542
864;18;15551
864;19;15637
864;20;15677
864;21;15959
864;22;15968
864;23;15990
864;24;15994
864;25;16010
864;26;16103
864;27;16601
864;28;16694
864;29;16768
864;30;16800
864;31;16934
864;32;16951
864;33;16952
864;34;16955
864;35;16966
864;36;16975
864;37;16982
864;38;16986
864;39;17005
864;40;17015
864;41;17049
864;42;17073
864;43;17130
864;44;17152
864;45;17169
864;46;17170
865;1;12075
865;2;12176
865;3;12234
865;4;12415
865;5;12515
865;6;12519
865;7;13121
865;8;13178
865;9;13668
865;10;13767
865;11;14286
865;12;14327
865;13;14762
865;14;14774
865;15;15340
865;16;15362
865;17;15757
865;18;15942
865;19;16492
865;20;16496
865;21;16500
865;22;16529
865;23;16565
865;24;16570
865;25;16592
865;26;16650
865;27;16703
865;28;16757
865;29;16810
865;30;16860
865;31;16872
865;32;16891
865;33;16894
865;34;16900
865;35;16904
865;36;16916
865;37;16921
865;38;16929
865;39;16951
865;40;16975
865;41;16997
865;42;17007
865;43;17012
865;44;17021
865;45;17057
865;46;17092
865;47;17096
865;48;17111
865;49;17129
865;50;17135
865;51;17137
865;52;17152
865;53;17174
865;54;17178
865;55;17206
865;56;17222
866;1;12165
866;2;12536
866;3;13072
866;4;13152
866;5;13199
866;6;13208
866;7;13262
866;8;13742
866;9;13900
866;10;13951
866;11;14049
866;12;14103
866;13;14469
866;14;14537
866;15;14973
866;16;14974
866;17;15369
866;18;15868
866;19;16257
866;20;16272
866;21;16334
866;22;16357
866;23;16491
866;24;16571
866;25;16609
866;26;16623
866;27;16643
866;28;16697
866;29;16705
866;30;16719
866;31;16729
866;32;16817
866;33;16915
866;34;16937
866;35;16941
866;36;16956
866;37;16978
866;38;16995
866;39;16999
866;40;17026
866;41;17036
866;42;17040
866;43;17058
866;44;17128
866;45;17136
866;46;17166
866;47;17181
866;48;17202
866;49;17207
866;50;17211
866;51;17217
867;1;13099
867;2;13157
867;3;13565
867;4;14078
867;5;14086
867;6;14663
867;7;15152
867;8;15627
867;9;15686
867;10;16205
867;11;16716
867;12;16726
867;13;16728
867;14;16733
867;15;16796
867;16;16814
867;17;16833
867;18;16841
867;19;16852
867;20;16873
867;21;16877
867;22;16879
867;23;16899
867;24;16913
867;25;16989
867;26;16991
867;27;17032
867;28;17065
867;29;17080
867;30;17084
867;31;17142
867;32;17164
867;33;17222
867;34;17226
868;1;12957
868;2;13432
868;3;13928
868;4;13932
868;5;13940
868;6;14161
868;7;14671
868;8;14982
868;9;14990
868;10;15501
868;11;15576
868;12;15930
868;13;15992
868;14;16006
868;15;16026
868;16;16035
868;17;16074
868;18;16585
868;19;16589
868;20;16599
868;21;16606
868;22;16616
868;23;16627
868;24;16721
868;25;16733
868;26;16826
868;27;16848
868;28;16853
868;29;16859
868;30;16935
868;31;16939
868;32;16941
868;33;16947
868;34;16968
868;35;16987
868;36;17009
868;37;17021
868;38;17028
868;39;17036
868;40;17094
868;41;17104
868;42;17105
868;43;17109
868;44;17116
868;45;17137
868;46;17152
868;47;17162
868;48;17166
868;49;17178
868;50;17182
868;51;17206
868;52;17222
869;1;12769
869;2;13282
869;3;13752
869;4;13779
869;5;13847
869;6;14226
869;7;14244
869;8;14560
869;9;15090
869;10;15535
869;11;15891
869;12;15916
869;13;15962
869;14;16284
869;15;16393
869;16;16413
869;17;16488
869;18;16501
869;19;16600
869;20;16656
869;21;16673
869;22;16731
869;23;16737
869;24;16747
869;25;16750
869;26;16794
869;27;16812
869;28;16823
869;29;16938
869;30;16944
869;31;16955
869;32;16964
869;33;16984
869;34;17041
869;35;17060
869;36;17072
869;37;17088
869;38;17092
869;39;17109
869;40;17113
869;41;17117
869;42;17125
869;43;17161
869;44;17187
869;45;17206
869;46;17207
869;47;17215
869;48;17218
869;49;17228
870;1;10991
870;2;11046
870;3;11573
870;4;11577
870;5;12007
870;6;12032
870;7;12543
870;8;12554
870;9;12942
870;10;13306
870;11;13370
870;12;13382
870;13;13405
870;14;13612
870;15;13731
870;16;14200
870;17;14245
870;18;14721
870;19;14795
870;20;14819
870;21;14831
870;22;14875
870;23;14936
870;24;15057
870;25;15095
870;26;15113
870;27;15454
870;28;15878
870;29;16091
870;30;16509
870;31;16517
870;32;16518
870;33;16520
870;34;16560
870;35;16575
870;36;16583
870;37;16604
870;38;16626
870;39;16644
870;40;16652
870;41;16715
870;42;16718
870;43;16745
870;44;16756
870;45;16781
870;46;16785
870;47;16812
870;48;16830
870;49;16872
870;50;16894
870;51;16909
870;52;16982
870;53;16988
870;54;16993
870;55;17045
870;56;17056
870;57;17066
870;58;17070
870;59;17085
870;60;17104
870;61;17135
870;62;17140
870;63;17143
870;64;17166
870;65;17173
870;66;17177
870;67;17182
870;68;17202
870;69;17206
870;70;17222
871;1;12592
871;2;12906
871;3;12960
871;4;12969
871;5;12993
871;6;13329
871;7;13783
871;8;13803
871;9;13848
871;10;14349
871;11;14390
871;12;14474
871;13;15123
871;14;15591
871;15;15605
871;16;15630
871;17;15662
871;18;16170
871;19;16525
871;20;16588
871;21;16620
871;22;16661
871;23;16685
871;24;16687
871;25;16691
871;26;16714
871;27;16715
871;28;16731
871;29;16741
871;30;16800
871;31;16821
871;32;16828
871;33;16832
871;34;16897
871;35;16950
871;36;16994
871;37;16995
871;38;17041
871;39;17050
871;40;17061
871;41;17076
871;42;17098
871;43;17108
871;44;17111
871;45;17127
871;46;17141
871;47;17142
871;48;17150
871;49;17161
871;50;17171
871;51;17180
871;52;17190
871;53;17204
871;54;17216
871;55;17220
872;1;11778
872;2;12297
872;3;12360
872;4;12396
872;5;12949
872;6;12964
872;7;12967
872;8;13405
872;9;13841
872;10;14259
872;11;14281
872;12;14352
872;13;14800
872;14;14804
872;15;14917
872;16;15355
872;17;15413
872;18;15455
872;19;15478
872;20;15568
872;21;15909
872;22;15920
872;23;16043
872;24;16152
872;25;16154
872;26;16199
872;27;16209
872;28;16263
872;29;16275
872;30;16726
872;31;16736
872;32;16761
872;33;16766
872;34;16777
872;35;16799
872;36;16810
872;37;16816
872;38;16857
872;39;16887
872;40;16906
872;41;16910
872;42;16979
872;43;16984
872;44;17052
872;45;17061
872;46;17115
872;47;17117
872;48;17127
872;49;17137
872;50;17148
872;51;17160
872;52;17161
872;53;17171
872;54;17174
872;55;17178
872;56;17183
872;57;17188
872;58;17192
873;1;13707
873;2;14104
873;3;14179
873;4;14224
873;5;14365
873;6;14733
873;7;15215
873;8;15260
873;9;15304
873;10;15321
873;11;15718
873;12;16096
873;13;16154
873;14;16163
873;15;16176
873;16;16398
873;17;16619
873;18;16687
873;19;16697
873;20;16714
873;21;16733
873;22;16755
873;23;16783
873;24;16798
873;25;16866
873;26;16908
873;27;16917
873;28;16982
873;29;16984
873;30;16995
873;31;17004
873;32;17008
873;33;17012
873;34;17027
873;35;17071
873;36;17075
873;37;17119
873;38;17141
873;39;17145
873;40;17160
873;41;17161
874;1;11599
874;2;12000
874;3;12511
874;4;12942
874;5;12950
874;6;13332
874;7;13908
874;8;14316
874;9;14372
874;10;14809
874;11;14883
874;12;15350
874;13;15368
874;14;15671
874;15;15696
874;16;15769
874;17;15772
874;18;15800
874;19;15833
874;20;15948
874;21;15989
874;22;16052
874;23;16073
874;24;16122
874;25;16128
874;26;16525
874;27;16531
874;28;16611
874;29;16643
874;30;16663
874;31;16761
874;32;16781
874;33;16797
874;34;16823
874;35;16826
874;36;16871
874;37;16929
874;38;16939
874;39;16957
874;40;16979
874;41;16988
874;42;16997
874;43;17042
874;44;17046
874;45;17055
874;46;17065
874;47;17069
874;48;17090
874;49;17091
874;50;17101
874;51;17165
874;52;17174
874;53;17182
874;54;17186
875;1;11723
875;2;12242
875;3;12648
875;4;12834
875;5;13309
875;6;13389
875;7;13488
875;8;13495
875;9;13517
875;10;13586
875;11;13654
875;12;14088
875;13;14403
875;14;14451
875;15;14496
875;16;15049
875;17;15053
875;18;15059
875;19;15079
875;20;15355
875;21;15403
875;22;16052
875;23;16076
875;24;16094
875;25;16116
875;26;16123
875;27;16125
875;28;16142
875;29;16175
875;30;16186
875;31;16220
875;32;16303
875;33;16327
875;34;16441
875;35;16442
875;36;16464
875;37;16741
875;38;16828
875;39;16836
875;40;16840
875;41;16862
875;42;16871
875;43;16875
875;44;16876
875;45;16885
875;46;16888
875;47;16947
875;48;16979
875;49;17047
875;50;17107
875;51;17119
875;52;17137
875;53;17140
875;54;17156
875;55;17172
875;56;17176
876;1;9744
876;2;10318
876;3;10325
876;4;10402
876;5;10439
876;6;10929
876;7;11063
876;8;11471
876;9;11951
876;10;12461
876;11;12738
876;12;13275
876;13;13311
876;14;13326
876;15;13330
876;16;13352
876;17;13358
876;18;13434
876;19;13901
876;20;13910
876;21;14307
876;22;14685
876;23;14719
876;24;14732
876;25;15286
876;26;15775
876;27;16283
876;28;16288
876;29;16333
876;30;16348
876;31;16366
876;32;16414
876;33;16433
876;34;16460
876;35;16465
876;36;16510
876;37;16532
876;38;16673
876;39;16675
876;40;16698
876;41;16717
876;42;16726
876;43;16734
876;44;16754
876;45;16760
876;46;16774
876;47;16783
876;48;16786
876;49;16808
876;50;16824
876;51;16832
876;52;16845
876;53;16854
876;54;16869
876;55;16891
876;56;16927
876;57;16936
876;58;16948
876;59;16973
876;60;16993
876;61;17013
876;62;17056
876;63;17091
876;64;17149
876;65;17153
876;66;17159
876;67;17163
876;68;17169
876;69;17181
876;70;17182
876;71;17188
876;72;17192
877;1;13701
877;2;14040
877;3;14062
877;4;14695
877;5;14837
877;6;14841
877;7;15087
877;8;15138
877;9;15142
877;10;15152
877;11;15231
877;12;15543
877;13;15836
877;14;15856
877;15;15910
877;16;15916
877;17;15983
877;18;16082
877;19;16095
877;20;16117
877;21;16140
877;22;16146
877;23;16199
877;24;16700
877;25;16711
877;26;16744
877;27;16762
877;28;16778
877;29;16788
877;30;16813
877;31;16826
877;32;16858
877;33;16881
877;34;16913
877;35;16919
877;36;16920
877;37;16928
877;38;16950
877;39;16985
877;40;17004
877;41;17021
877;42;17031
877;43;17037
877;44;17041
877;45;17048
877;46;17070
877;47;17091
877;48;17095
877;49;17127
877;50;17131
877;51;17139
877;52;17162
877;53;17166
877;54;17181
878;1;12731
878;2;12885
878;3;12996
878;4;13018
878;5;13481
878;6;13496
878;7;13832
878;8;14148
878;9;14537
878;10;14918
878;11;14924
878;12;14995
878;13;15053
878;14;15075
878;15;15118
878;16;15127
878;17;15193
878;18;15398
878;19;15435
878;20;15534
878;21;15565
878;22;16036
878;23;16220
878;24;16238
878;25;16637
878;26;16647
878;27;16674
878;28;16675
878;29;16697
878;30;16718
878;31;16811
878;32;16830
878;33;16833
878;34;16837
878;35;16859
878;36;16868
878;37;16872
878;38;16890
878;39;16905
878;40;16922
878;41;16926
878;42;16941
878;43;16951
878;44;16952
878;45;16956
878;46;16961
878;47;17015
878;48;17023
878;49;17045
878;50;17077
878;51;17081
878;52;17090
878;53;17105
878;54;17158
878;55;17162
878;56;17164
878;57;17175
878;58;17185
878;59;17200
879;1;12770
879;2;13153
879;3;13751
879;4;13787
879;5;13846
879;6;14298
879;7;14690
879;8;15144
879;9;15172
879;10;15195
879;11;15215
879;12;15225
879;13;15604
879;14;15633
879;15;15912
879;16;16089
879;17;16139
879;18;16538
879;19;16576
879;20;16612
879;21;16618
879;22;16623
879;23;16654
879;24;16658
879;25;16661
879;26;16667
879;27;16733
879;28;16743
879;29;16817
879;30;16832
879;31;16840
879;32;16860
879;33;16892
879;34;16911
879;35;16950
879;36;16955
879;37;16959
879;38;16964
879;39;16977
879;40;17001
879;41;17016
879;42;17060
879;43;17083
879;44;17084
879;45;17087
879;46;17143
879;47;17148
879;48;17184
879;49;17204
879;50;17220
880;1;14114
880;2;14437
880;3;14562
880;4;14571
880;5;15011
880;6;15393
880;7;15414
880;8;15424
880;9;15436
880;10;15630
880;11;15652
880;12;16064
880;13;16086
880;14;16234
880;15;16238
880;16;16652
880;17;16735
880;18;16750
880;19;16805
880;20;16826
880;21;16849
880;22;16853
880;23;16868
880;24;16902
880;25;16907
880;26;16927
880;27;16981
880;28;16989
880;29;17011
880;30;17031
880;31;17041
880;32;17077
880;33;17092
880;34;17114
881;1;10218
881;2;10648
881;3;10671
881;4;11107
881;5;11112
881;6;11644
881;7;12086
881;8;12454
881;9;12894
881;10;12939
881;11;13374
881;12;13379
881;13;13981
881;14;14471
881;15;14494
881;16;14781
881;17;15229
881;18;15607
881;19;15727
881;20;15936
881;21;16061
881;22;16423
881;23;16440
881;24;16459
881;25;16488
881;26;16500
881;27;16598
881;28;16620
881;29;16640
881;30;16705
881;31;16710
881;32;16711
881;33;16728
881;34;16773
881;35;16794
881;36;16808
881;37;16830
881;38;16834
881;39;16837
881;40;16882
881;41;16907
881;42;16966
881;43;16989
881;44;17007
881;45;17031
881;46;17039
881;47;17053
881;48;17075
881;49;17084
881;50;17099
881;51;17139
881;52;17158
881;53;17182
882;1;13428
882;2;13764
882;3;13795
882;4;13872
882;5;13934
882;6;14394
882;7;14445
882;8;14493
882;9;14810
882;10;14890
882;11;15337
882;12;15349
882;13;15353
882;14;15581
882;15;15609
882;16;15615
882;17;15750
882;18;15824
882;19;15825
882;20;15879
882;21;15927
882;22;15963
882;23;15967
882;24;15994
882;25;16070
882;26;16077
882;27;16121
882;28;16209
882;29;16526
882;30;16562
882;31;16566
882;32;16586
882;33;16603
882;34;16648
882;35;16705
882;36;16710
882;37;16720
882;38;16771
882;39;16789
882;40;16857
882;41;16868
882;42;16887
882;43;16895
882;44;16917
882;45;16975
882;46;16983
882;47;16998
882;48;17008
882;49;17011
882;50;17013
882;51;17028
882;52;17070
882;53;17111
883;1;10632
883;2;10795
883;3;11318
883;4;11376
883;5;11453
883;6;12077
883;7;12513
883;8;12515
883;9;13034
883;10;13365
883;11;13839
883;12;13856
883;13;13891
883;14;14138
883;15;14188
883;16;14693
883;17;14712
883;18;14726
883;19;14965
883;20;14973
883;21;14995
883;22;15390
883;23;15460
883;24;15556
883;25;15708
883;26;15862
883;27;15908
883;28;16019
883;29;16473
883;30;16598
883;31;16627
883;32;16635
883;33;16708
883;34;16744
883;35;16766
883;36;16792
883;37;16801
883;38;16805
883;39;16815
883;40;16835
883;41;16860
883;42;16870
883;43;16871
883;44;16875
883;45;16919
883;46;16934
883;47;16936
883;48;16946
883;49;16952
883;50;16974
883;51;17017
883;52;17026
883;53;17080
883;54;17086
883;55;17114
883;56;17123
883;57;17162
883;58;17172
883;59;17176
883;60;17182
883;61;17191
884;1;11591
884;2;11965
884;3;12041
884;4;12120
884;5;12529
884;6;12989
884;7;13404
884;8;13416
884;9;13876
884;10;13892
884;11;13901
884;12;14013
884;13;14453
884;14;14498
884;15;14939
884;16;15243
884;17;15279
884;18;15332
884;19;15707
884;20;15791
884;21;15802
884;22;15910
884;23;16129
884;24;16225
884;25;16377
884;26;16432
884;27;16478
884;28;16490
884;29;16549
884;30;16554
884;31;16605
884;32;16609
884;33;16625
884;34;16637
884;35;16646
884;36;16676
884;37;16744
884;38;16794
884;39;16813
884;40;16835
884;41;16889
884;42;16908
884;43;16920
884;44;16924
884;45;16935
884;46;16979
884;47;16994
884;48;17001
884;49;17023
884;50;17027
884;51;17059
884;52;17081
884;53;17091
884;54;17095
884;55;17110
884;56;17117
884;57;17125
884;58;17161
885;1;13601
885;2;13645
885;3;14068
885;4;14083
885;5;14136
885;6;14167
885;7;14640
885;8;14653
885;9;14745
885;10;14768
885;11;14866
885;12;15256
885;13;15272
885;14;15291
885;15;15570
885;16;15965
885;17;15992
885;18;16014
885;19;16542
885;20;16596
885;21;16617
885;22;16636
885;23;16647
885;24;16656
885;25;16678
885;26;16722
885;27;16740
885;28;16764
885;29;16790
885;30;16825
885;31;16862
885;32;16898
885;33;16924
885;34;16943
885;35;16953
885;36;16975
885;37;16983
885;38;17002
885;39;17018
885;40;17056
885;41;17078
885;42;17093
885;43;17124
885;44;17183
886;1;9937
886;2;10397
886;3;10541
886;4;11013
886;5;11541
886;6;11599
886;7;11673
886;8;12068
886;9;12491
886;10;12524
886;11;12815
886;12;13146
886;13;13244
886;14;13332
886;15;13441
886;16;13819
886;17;13842
886;18;13974
886;19;14353
886;20;14765
886;21;14823
886;22;14856
886;23;15189
886;24;15273
886;25;15295
886;26;15342
886;27;15383
886;28;15405
886;29;15408
886;30;15414
886;31;15469
886;32;15518
886;33;15538
886;34;15943
886;35;15964
886;36;15968
886;37;16018
886;38;16080
886;39;16085
886;40;16099
886;41;16100
886;42;16119
886;43;16159
886;44;16162
886;45;16185
886;46;16225
886;47;16614
886;48;16645
886;49;16654
886;50;16713
886;51;16752
886;52;16795
886;53;16836
886;54;16864
886;55;16896
886;56;16937
886;57;16975
886;58;16976
886;59;17003
886;60;17025
886;61;17044
886;62;17052
886;63;17099
886;64;17107
886;65;17123
886;66;17144
887;1;12158
887;2;12474
887;3;12793
887;4;13279
887;5;13289
887;6;13706
887;7;13716
887;8;14180
887;9;14234
887;10;14528
887;11;14803
887;12;14907
887;13;15031
887;14;15550
887;15;15554
887;16;15586
887;17;15650
887;18;15720
887;19;15741
887;20;15755
887;21;15775
887;22;16139
887;23;16149
887;24;16208
887;25;16213
887;26;16227
887;27;16347
887;28;16353
887;29;16710
887;30;16746
887;31;16791
887;32;16890
887;33;16910
887;34;16922
887;35;16944
887;36;17012
887;37;17024
887;38;17049
887;39;17059
887;40;17063
887;41;17068
887;42;17070
887;43;17085
887;44;17104
887;45;17122
887;46;17130
887;47;17139
887;48;17170
887;49;17181
888;1;10410
888;2;10442
888;3;10936
888;4;11489
888;5;11988
888;6;12406
888;7;12816
888;8;13321
888;9;13378
888;10;13559
888;11;13627
888;12;13689
888;13;13743
888;14;14097
888;15;14132
888;16;14610
888;17;14633
888;18;15154
888;19;15283
888;20;15366
888;21;15392
888;22;15828
888;23;16072
888;24;16124
888;25;16132
888;26;16182
888;27;16206
888;28;16215
888;29;16238
888;30;16270
888;31;16683
888;32;16689
888;33;16714
888;34;16736
888;35;16740
888;36;16744
888;37;16766
888;38;16782
888;39;16794
888;40;16802
888;41;16825
888;42;16861
888;43;16876
888;44;16931
888;45;16967
888;46;16971
888;47;16993
888;48;17005
888;49;17015
888;50;17018
888;51;17024
888;52;17031
888;53;17071
888;54;17083
888;55;17087
888;56;17091
888;57;17092
888;58;17114
888;59;17124
888;60;17140
888;61;17145
888;62;17160
888;63;17182
888;64;17186
889;1;13527
889;2;13572
889;3;14062
889;4;14171
889;5;14225
889;6;14247
889;7;14305
889;8;14834
889;9;15134
889;10;15729
889;11;16156
889;12;16164
889;13;16196
889;14;16214
889;15;16262
889;16;16284
889;17;16355
889;18;16400
889;19;16410
889;20;16427
889;21;16434
889;22;16475
889;23;16490
889;24;16493
889;25;16515
889;26;16524
889;27;16528
889;28;16550
889;29;16554
889;30;16561
889;31;16577
889;32;16589
889;33;16598
889;34;16614
889;35;16619
889;36;16629
889;37;16655
889;38;16656
889;39;16675
889;40;17106
889;41;17162
889;42;17179
889;43;17183
890;1;11276
890;2;11592
890;3;11848
890;4;11895
890;5;12403
890;6;12494
890;7;12913
890;8;12935
890;9;12954
890;10;12956
890;11;13268
890;12;13309
890;13;13820
890;14;13825
890;15;13827
890;16;13971
890;17;13993
890;18;14051
890;19;14099
890;20;14355
890;21;14469
890;22;14879
890;23;15402
890;24;15405
890;25;15409
890;26;15432
890;27;15847
890;28;15867
890;29;15929
890;30;15935
890;31;15944
890;32;16015
890;33;16054
890;34;16069
890;35;16079
890;36;16100
890;37;16185
890;38;16204
890;39;16224
890;40;16228
890;41;16240
890;42;16252
890;43;16261
890;44;16295
890;45;16305
890;46;16309
890;47;16795
890;48;16840
890;49;16857
890;50;16868
890;51;16889
890;52;16903
890;53;16907
890;54;16911
890;55;16914
890;56;16930
890;57;16963
890;58;16972
890;59;16982
890;60;16998
890;61;17008
890;62;17027
890;63;17031
890;64;17038
890;65;17047
890;66;17051
890;67;17143
890;68;17147
890;69;17152
890;70;17158
890;71;17162
890;72;17186
891;1;12016
891;2;12017
891;3;12359
891;4;12379
891;5;12852
891;6;12906
891;7;13375
891;8;13393
891;9;13591
891;10;13624
891;11;13825
891;12;14037
891;13;14237
891;14;14738
891;15;15116
891;16;15160
891;17;15291
891;18;15367
891;19;15459
891;20;15952
891;21;15963
891;22;16008
891;23;16012
891;24;16266
891;25;16324
891;26;16330
891;27;16349
891;28;16400
891;29;16415
891;30;16421
891;31;16430
891;32;16450
891;33;16456
891;34;16482
891;35;16644
891;36;16711
891;37;16757
891;38;16767
891;39;16777
891;40;16789
891;41;16803
891;42;16830
891;43;16838
891;44;16847
891;45;16909
891;46;16920
891;47;16935
891;48;16967
891;49;16993
891;50;17015
891;51;17018
891;52;17040
891;53;17056
891;54;17060
891;55;17063
891;56;17067
891;57;17108
891;58;17110
891;59;17145
891;60;17181
891;61;17182
891;62;17188
891;63;17192
892;1;11547
892;2;11955
892;3;12333
892;4;12348
892;5;12352
892;6;12392
892;7;12830
892;8;13305
892;9;13356
892;10;13859
892;11;14206
892;12;14335
892;13;14802
892;14;14824
892;15;14878
892;16;14907
892;17;14919
892;18;14975
892;19;14997
892;20;15272
892;21;15452
892;22;15493
892;23;15541
892;24;15547
892;25;15565
892;26;15573
892;27;15583
892;28;15592
892;29;15640
892;30;15646
892;31;15668
892;32;16171
892;33;16191
892;34;16202
892;35;16472
892;36;16547
892;37;16672
892;38;16681
892;39;16726
892;40;16763
892;41;16780
892;42;16834
892;43;16885
892;44;16897
892;45;16905
892;46;16959
892;47;16966
892;48;16983
892;49;17019
892;50;17041
892;51;17051
892;52;17059
892;53;17063
892;54;17072
892;55;17082
892;56;17091
892;57;17102
892;58;17103
892;59;17110
892;60;17114
892;61;17150
893;1;12596
893;2;12724
893;3;12752
893;4;12932
893;5;13047
893;6;13068
893;7;13416
893;8;13476
893;9;13538
893;10;13795
893;11;13872
893;12;14382
893;13;14725
893;14;14756
893;15;14783
893;16;14839
893;17;15374
893;18;15966
893;19;15970
893;20;15990
893;21;16024
893;22;16069
893;23;16127
893;24;16203
893;25;16239
893;26;16620
893;27;16678
893;28;16768
893;29;16778
893;30;16783
893;31;16793
893;32;16881
893;33;16904
893;34;16923
893;35;16927
893;36;16939
893;37;16951
893;38;16961
893;39;16983
893;40;17004
893;41;17006
893;42;17017
893;43;17019
893;44;17040
893;45;17041
893;46;17047
893;47;17059
893;48;17078
893;49;17079
893;50;17090
894;1;11118
894;2;11236
894;3;11268
894;4;11657
894;5;12184
894;6;12283
894;7;12496
894;8;13009
894;9;13469
894;10;13870
894;11;14096
894;12;14137
894;13;14495
894;14;14811
894;15;14833
894;16;14842
894;17;14872
894;18;14894
894;19;14998
894;20;15052
894;21;15126
894;22;15194
894;23;15214
894;24;15629
894;25;15655
894;26;15667
894;27;15689
894;28;15729
894;29;15732
894;30;15755
894;31;15765
894;32;16237
894;33;16241
894;34;16798
894;35;16809
894;36;16817
894;37;16835
894;38;16847
894;39;16869
894;40;16901
894;41;16911
894;42;16965
894;43;16980
894;44;17006
894;45;17016
894;46;17029
894;47;17045
894;48;17055
894;49;17075
894;50;17080
894;51;17085
894;52;17095
894;53;17098
894;54;17120
894;55;17126
894;56;17136
894;57;17147
894;58;17149
894;59;17156
894;60;17157
894;61;17172
895;1;13344
895;2;13745
895;3;14232
895;4;14694
895;5;14750
895;6;14803
895;7;14857
895;8;15261
895;9;15283
895;10;15306
895;11;15398
895;12;15404
895;13;15709
895;14;15775
895;15;15776
895;16;15840
895;17;15848
895;18;15852
895;19;15974
895;20;15988
895;21;16023
895;22;16035
895;23;16045
895;24;16105
895;25;16154
895;26;16585
895;27;16651
895;28;16667
895;29;16675
895;30;16685
895;31;16713
895;32;16725
895;33;16729
895;34;16770
895;35;16814
895;36;16824
895;37;16884
895;38;16902
895;39;16925
895;40;16947
895;41;16948
895;42;16996
895;43;17005
895;44;17009
895;45;17024
895;46;17094
895;47;17116
895;48;17119
895;49;17127
895;50;17133
895;51;17134
895;52;17156
895;53;17173
895;54;17177
895;55;17183
896;1;12700
896;2;13295
896;3;13306
896;4;13557
896;5;13899
896;6;13972
896;7;14369
896;8;14829
896;9;15006
896;10;15057
896;11;15567
896;12;15571
896;13;15603
896;14;15675
896;15;15765
896;16;15956
896;17;15990
896;18;16014
896;19;16050
896;20;16539
896;21;16580
896;22;16599
896;23;16605
896;24;16646
896;25;16679
896;26;16766
896;27;16770
896;28;16815
896;29;16823
896;30;16845
896;31;16846
896;32;16853
896;33;16862
896;34;16880
896;35;16887
896;36;16921
896;37;16933
896;38;16943
896;39;16969
896;40;16984
896;41;17006
896;42;17017
896;43;17050
896;44;17082
896;45;17084
896;46;17091
896;47;17099
896;48;17122
896;49;17137
896;50;17145
896;51;17155
896;52;17170
897;1;13814
897;2;13835
897;3;13871
897;4;14360
897;5;14827
897;6;14906
897;7;15320
897;8;15358
897;9;15479
897;10;15615
897;11;15823
897;12;15941
897;13;15961
897;14;16023
897;15;16035
897;16;16073
897;17;16081
897;18;16103
897;19;16113
897;20;16167
897;21;16544
897;22;16580
897;23;16643
897;24;16646
897;25;16705
897;26;16712
897;27;16723
897;28;16735
897;29;16757
897;30;16779
897;31;16792
897;32;16807
897;33;16825
897;34;16871
897;35;16884
897;36;16888
897;37;16892
897;38;16974
897;39;16977
897;40;17009
897;41;17039
897;42;17054
897;43;17076
897;44;17092
897;45;17100
897;46;17102
897;47;17110
897;48;17135
897;49;17146
897;50;17150
897;51;17172
897;52;17176
897;53;17222
898;1;12187
898;2;12650
898;3;12691
898;4;13202
898;5;13610
898;6;13648
898;7;13728
898;8;13853
898;9;14201
898;10;14237
898;11;14257
898;12;14267
898;13;14348
898;14;14355
898;15;14453
898;16;14459
898;17;14530
898;18;14548
898;19;14792
898;20;14815
898;21;14935
898;22;15349
898;23;15390
898;24;15400
898;25;15404
898;26;15427
898;27;15468
898;28;15511
898;29;15516
898;30;15536
898;31;16093
898;32;16138
898;33;16141
898;34;16170
898;35;16603
898;36;16624
898;37;16669
898;38;16728
898;39;16746
898;40;16860
898;41;16882
898;42;16888
898;43;16913
898;44;16919
898;45;16977
898;46;16986
898;47;16996
898;48;17000
898;49;17008
898;50;17030
898;51;17036
898;52;17040
898;53;17056
898;54;17066
898;55;17071
898;56;17081
898;57;17095
898;58;17118
898;59;17137
898;60;17141
898;61;17142
899;1;12393
899;2;12442
899;3;12490
899;4;13114
899;5;13207
899;6;13601
899;7;13892
899;8;14233
899;9;14646
899;10;14755
899;11;14831
899;12;14840
899;13;14880
899;14;14968
899;15;15010
899;16;15461
899;17;15512
899;18;15534
899;19;15861
899;20;16082
899;21;16104
899;22;16110
899;23;16308
899;24;16338
899;25;16400
899;26;16421
899;27;16436
899;28;16868
899;29;16897
899;30;16907
899;31;16911
899;32;16916
899;33;16918
899;34;16959
899;35;16963
899;36;16982
899;37;17014
899;38;17018
899;39;17019
899;40;17034
899;41;17043
899;42;17101
899;43;17108
899;44;17117
899;45;17128
899;46;17169
899;47;17170
899;48;17177
899;49;17181
900;1;13169
900;2;13189
900;3;13225
900;4;13279
900;5;13324
900;6;13382
900;7;13920
900;8;13955
900;9;14367
900;10;14810
900;11;14851
900;12;14884
900;13;14982
900;14;15493
900;15;15533
900;16;15537
900;17;15582
900;18;15592
900;19;15678
900;20;15688
900;21;15699
900;22;15747
900;23;15751
900;24;16118
900;25;16151
900;26;16157
900;27;16174
900;28;16178
900;29;16201
900;30;16240
900;31;16255
900;32;16313
900;33;16345
900;34;16357
900;35;16369
900;36;16462
900;37;16484
900;38;16493
900;39;16502
900;40;16506
900;41;16529
900;42;16531
900;43;16564
900;44;16586
900;45;16599
900;46;16621
900;47;17110
900;48;17118
900;49;17125
900;50;17143
900;51;17147
900;52;17173
900;53;17183
901;1;11029
901;2;11447
901;3;12080
901;4;12293
901;5;12316
901;6;12493
901;7;12528
901;8;12888
901;9;13537
901;10;13653
901;11;14081
901;12;14328
901;13;14507
901;14;14606
901;15;14646
901;16;14951
901;17;15121
901;18;15486
901;19;15527
901;20;15531
901;21;15624
901;22;16135
901;23;16148
901;24;16196
901;25;16309
901;26;16330
901;27;16371
901;28;16409
901;29;16447
901;30;16458
901;31;16467
901;32;16503
901;33;16520
901;34;16524
901;35;17059
901;36;17068
901;37;17090
901;38;17103
901;39;17112
901;40;17122
901;41;17163
902;1;14113
902;2;14227
902;3;14249
902;4;14823
902;5;15371
902;6;15670
902;7;15791
902;8;15795
902;9;15804
902;10;15816
902;11;15824
902;12;15837
902;13;16245
902;14;16253
902;15;16286
902;16;16291
902;17;16352
902;18;16406
902;19;16410
902;20;16429
902;21;16865
902;22;16901
902;23;16903
902;24;16943
902;25;16952
902;26;16964
902;27;16972
902;28;17033
902;29;17065
902;30;17075
902;31;17079
902;32;17086
902;33;17101
902;34;17108
902;35;17112
902;36;17115
902;37;17119
903;1;12962
903;2;13196
903;3;13573
903;4;13585
903;5;13716
903;6;13835
903;7;13858
903;8;14115
903;9;14169
903;10;14205
903;11;14704
903;12;14951
903;13;14990
903;14;15211
903;15;15230
903;16;15336
903;17;15351
903;18;15360
903;19;15485
903;20;16007
903;21;16071
903;22;16121
903;23;16122
903;24;16180
903;25;16190
903;26;16528
903;27;16709
903;28;16744
903;29;16753
903;30;16769
903;31;16793
903;32;16827
903;33;16843
903;34;16879
903;35;16883
903;36;16892
903;37;16900
903;38;16926
903;39;16949
903;40;16959
903;41;16975
903;42;17000
903;43;17027
903;44;17052
903;45;17084
903;46;17100
903;47;17116
903;48;17122
903;49;17133
903;50;17143
903;51;17149
903;52;17150
903;53;17172
904;1;12544
904;2;12959
904;3;12980
904;4;13028
904;5;13519
904;6;13587
904;7;13649
904;8;13838
904;9;13847
904;10;14266
904;11;14731
904;12;14746
904;13;14797
904;14;14950
904;15;15094
904;16;15138
904;17;15144
904;18;15145
904;19;15146
904;20;15191
904;21;15259
904;22;15286
904;23;15586
904;24;15607
904;25;15861
904;26;15878
904;27;15940
904;28;15946
904;29;15982
904;30;15990
904;31;16149
904;32;16375
904;33;16408
904;34;16418
904;35;16538
904;36;16568
904;37;16588
904;38;16663
904;39;16668
904;40;16685
904;41;16695
904;42;16704
904;43;16726
904;44;16730
904;45;16742
904;46;16796
904;47;16811
904;48;16835
904;49;16856
904;50;16888
904;51;16910
904;52;16912
904;53;16927
904;54;16985
904;55;16987
904;56;16997
904;57;17018
904;58;17037
904;59;17042
904;60;17050
904;61;17051
904;62;17060
904;63;17065
904;64;17074
904;65;17106
904;66;17110
904;67;17115
904;68;17125
904;69;17135
904;70;17150
904;71;17173
904;72;17175
904;73;17183
904;74;17200
904;75;17216
904;76;17220
905;1;10923
905;2;11390
905;3;11799
905;4;12277
905;5;12327
905;6;12892
905;7;13006
905;8;13499
905;9;13959
905;10;13982
905;11;14341
905;12;14496
905;13;14529
905;14;14723
905;15;14743
905;16;14756
905;17;14777
905;18;14799
905;19;14802
905;20;14816
905;21;15239
905;22;15354
905;23;15809
905;24;16125
905;25;16185
905;26;16253
905;27;16684
905;28;16733
905;29;16755
905;30;16817
905;31;16825
905;32;16849
905;33;16855
905;34;16882
905;35;16914
905;36;16929
905;37;16969
905;38;16981
905;39;16996
905;40;17018
905;41;17022
905;42;17027
905;43;17042
905;44;17048
905;45;17049
905;46;17085
905;47;17089
905;48;17098
905;49;17120
905;50;17137
905;51;17141
906;1;10975
906;2;11425
906;3;11458
906;4;11509
906;5;11901
906;6;12341
906;7;12779
906;8;13095
906;9;13605
906;10;13663
906;11;13986
906;12;14006
906;13;14038
906;14;14060
906;15;14101
906;16;14145
906;17;14243
906;18;14621
906;19;14666
906;20;15056
906;21;15069
906;22;15511
906;23;15601
906;24;15693
906;25;15724
906;26;15791
906;27;15850
906;28;16159
906;29;16313
906;30;16330
906;31;16381
906;32;16439
906;33;16468
906;34;16504
906;35;16525
906;36;16601
906;37;16694
906;38;16742
906;39;16775
906;40;16796
906;41;16805
906;42;16833
906;43;16878
906;44;16904
906;45;16920
906;46;16961
906;47;17008
906;48;17030
906;49;17049
906;50;17054
906;51;17063
906;52;17073
906;53;17126
906;54;17135
906;55;17152
906;56;17160
906;57;17170
907;1;12210
907;2;12669
907;3;13158
907;4;13685
907;5;13705
907;6;14068
907;7;14465
907;8;14904
907;9;14944
907;10;15017
907;11;15536
907;12;15549
907;13;15647
907;14;15650
907;15;15672
907;16;15681
907;17;15682
907;18;15740
907;19;15773
907;20;15792
907;21;15802
907;22;15805
907;23;15823
907;24;15955
907;25;16466
907;26;16488
907;27;16540
907;28;16555
907;29;16887
907;30;16903
907;31;16920
907;32;16922
907;33;16937
907;34;16939
907;35;16984
907;36;16985
907;37;16989
907;38;17002
907;39;17012
907;40;17021
907;41;17032
907;42;17042
907;43;17048
907;44;17054
907;45;17077
907;46;17085
907;47;17101
907;48;17146
907;49;17162
907;50;17179
907;51;17183
907;52;17196
908;1;14285
908;2;14389
908;3;14900
908;4;15381
908;5;15385
908;6;15709
908;7;15751
908;8;15784
908;9;16162
908;10;16198
908;11;16203
908;12;16584
908;13;16599
908;14;16608
908;15;16729
908;16;16749
908;17;16807
908;18;16857
908;19;16897
908;20;16931
908;21;16953
908;22;16963
908;23;16971
908;24;17016
908;25;17017
908;26;17038
908;27;17065
908;28;17110
908;29;17125
908;30;17134
908;31;17157
908;32;17160
908;33;17183
909;1;10610
909;2;11085
909;3;11505
909;4;12111
909;5;12624
909;6;12634
909;7;13012
909;8;13454
909;9;13704
909;10;13720
909;11;13723
909;12;13900
909;13;14375
909;14;14438
909;15;14457
909;16;14548
909;17;14833
909;18;15374
909;19;15394
909;20;15470
909;21;15797
909;22;15832
909;23;15930
909;24;16013
909;25;16106
909;26;16112
909;27;16146
909;28;16360
909;29;16387
909;30;16397
909;31;16517
909;32;16583
909;33;16608
909;34;16626
909;35;16669
909;36;16695
909;37;16738
909;38;16786
909;39;16830
909;40;16836
909;41;16868
909;42;16872
909;43;16887
909;44;16941
909;45;16963
909;46;16967
909;47;16999
909;48;17067
909;49;17092
909;50;17159
909;51;17181
910;1;12082
910;2;12140
910;3;12596
910;4;13050
910;5;13231
910;6;13618
910;7;14032
910;8;14127
910;9;14527
910;10;14626
910;11;14801
910;12;14824
910;13;14845
910;14;14980
910;15;15388
910;16;15420
910;17;15442
910;18;15906
910;19;16296
910;20;16308
910;21;16349
910;22;16388
910;23;16458
910;24;16512
910;25;16584
910;26;16606
910;27;16620
910;28;16632
910;29;16637
910;30;16696
910;31;16718
910;32;16733
910;33;16753
910;34;16796
910;35;16846
910;36;16858
910;37;16879
910;38;16889
910;39;16939
910;40;16960
910;41;16983
910;42;16992
910;43;16996
910;44;17033
910;45;17037
910;46;17040
910;47;17050
910;48;17052
910;49;17074
910;50;17081
910;51;17097
910;52;17105
910;53;17118
910;54;17119
910;55;17135
910;56;17139
910;57;17144
910;58;17159
910;59;17161
910;60;17170
910;61;17186
911;1;11871
911;2;11970
911;3;12321
911;4;12762
911;5;13151
911;6;13184
911;7;13235
911;8;13734
911;9;14367
911;10;14860
911;11;14923
911;12;15238
911;13;15368
911;14;15369
911;15;15389
911;16;15425
911;17;15444
911;18;15450
911;19;15474
911;20;15485
911;21;15957
911;22;16378
911;23;16418
911;24;16459
911;25;16504
911;26;16513
911;27;16549
911;28;16571
911;29;16620
911;30;16624
911;31;16645
911;32;16707
911;33;16715
911;34;16727
911;35;16736
911;36;16746
911;37;16768
911;38;16779
911;39;16898
911;40;16943
911;41;16966
911;42;17001
911;43;17029
911;44;17043
911;45;17065
911;46;17083
911;47;17087
911;48;17114
911;49;17155
911;50;17187
911;51;17191
911;52;17206
912;1;11719
912;2;11738
912;3;12246
912;4;12688
912;5;12957
912;6;12980
912;7;12997
912;8;13466
912;9;13844
912;10;14273
912;11;14388
912;12;14415
912;13;14698
912;14;14730
912;15;14751
912;16;14819
912;17;14869
912;18;15041
912;19;15155
912;20;15662
912;21;16069
912;22;16070
912;23;16093
912;24;16101
912;25;16155
912;26;16164
912;27;16505
912;28;16545
912;29;16559
912;30;16622
912;31;16673
912;32;16691
912;33;16726
912;34;16768
912;35;16793
912;36;16798
912;37;16814
912;38;16827
912;39;16836
912;40;16848
912;41;16895
912;42;16963
912;43;16966
912;44;16967
912;45;16989
912;46;16997
912;47;17000
912;48;17004
912;49;17009
912;50;17013
912;51;17020
912;52;17035
912;53;17039
912;54;17057
912;55;17060
912;56;17110
913;1;12163
913;2;12577
913;3;13110
913;4;13122
913;5;13167
913;6;13732
913;7;14100
913;8;14229
913;9;14610
913;10;15047
913;11;15106
913;12;15151
913;13;15559
913;14;15982
913;15;15998
913;16;16047
913;17;16087
913;18;16097
913;19;16445
913;20;16481
913;21;16498
913;22;16530
913;23;16539
913;24;16550
913;25;16575
913;26;16597
913;27;16603
913;28;16680
913;29;16685
913;30;16689
913;31;16698
913;32;16730
913;33;16752
913;34;16767
913;35;16786
913;36;16789
913;37;16804
913;38;16824
913;39;16841
913;40;16846
913;41;16851
913;42;16873
913;43;16877
913;44;16928
913;45;16939
913;46;16958
913;47;16983
913;48;17002
913;49;17006
913;50;17026
913;51;17058
913;52;17088
913;53;17120
913;54;17130
913;55;17132
913;56;17142
913;57;17146
913;58;17147
913;59;17156
913;60;17166
913;61;17198
913;62;17202
913;63;17217
914;1;14670
914;2;14728
914;3;14779
914;4;15172
914;5;15466
914;6;15689
914;7;15757
914;8;15853
914;9;15888
914;10;15913
914;11;15958
914;12;16059
914;13;16069
914;14;16092
914;15;16132
914;16;16177
914;17;16197
914;18;16271
914;19;16287
914;20;16291
914;21;16747
914;22;16821
914;23;16832
914;24;16836
914;25;16857
914;26;16883
914;27;16904
914;28;16940
914;29;16952
914;30;16962
914;31;16989
914;32;17051
914;33;17070
914;34;17078
914;35;17087
914;36;17091
914;37;17114
914;38;17150
915;1;13140
915;2;13185
915;3;13501
915;4;13899
915;5;14047
915;6;14059
915;7;14081
915;8;14592
915;9;14929
915;10;15494
915;11;15539
915;12;15581
915;13;15655
915;14;15908
915;15;16019
915;16;16042
915;17;16338
915;18;16376
915;19;16404
915;20;16466
915;21;16487
915;22;16496
915;23;16515
915;24;16529
915;25;16548
915;26;16568
915;27;16590
915;28;16594
915;29;16595
915;30;16617
915;31;16660
915;32;16676
915;33;16718
915;34;16722
915;35;16738
915;36;16746
915;37;16756
915;38;16784
915;39;16807
915;40;16811
915;41;16828
915;42;16870
915;43;16882
915;44;16891
915;45;16892
915;46;16910
915;47;16933
915;48;16949
915;49;16955
915;50;16960
915;51;16963
915;52;17015
915;53;17054
915;54;17058
915;55;17085
915;56;17086
915;57;17090
915;58;17105
915;59;17107
915;60;17115
915;61;17125
915;62;17144
915;63;17146
915;64;17155
916;1;11412
916;2;11874
916;3;11932
916;4;11933
916;5;12110
916;6;12536
916;7;12590
916;8;12626
916;9;12962
916;10;13039
916;11;13646
916;12;13662
916;13;14030
916;14;14408
916;15;14440
916;16;14629
916;17;14702
916;18;14907
916;19;14960
916;20;14973
916;21;15013
916;22;15297
916;23;15772
916;24;15868
916;25;15959
916;26;16017
916;27;16031
916;28;16046
916;29;16052
916;30;16068
916;31;16119
916;32;16179
916;33;16219
916;34;16247
916;35;16268
916;36;16290
916;37;16294
916;38;16305
916;39;16321
916;40;16365
916;41;16374
916;42;16385
916;43;16414
916;44;16473
916;45;16549
916;46;16553
916;47;16579
916;48;16944
916;49;16952
916;50;16971
916;51;16988
916;52;16992
916;53;16993
916;54;17015
916;55;17041
916;56;17043
916;57;17058
916;58;17070
916;59;17071
916;60;17093
916;61;17114
916;62;17147
916;63;17166
916;64;17170
916;65;17182
916;66;17188
916;67;17192
917;1;11858
917;2;12259
917;3;12350
917;4;12755
917;5;12920
917;6;12965
917;7;13001
917;8;13294
917;9;13780
917;10;13788
917;11;13798
917;12;13849
917;13;13894
917;14;14330
917;15;14760
917;16;15096
917;17;15149
917;18;15248
917;19;15361
917;20;15897
917;21;15919
917;22;15943
917;23;16007
917;24;16030
917;25;16045
917;26;16068
917;27;16122
917;28;16163
917;29;16546
917;30;16549
917;31;16602
917;32;16689
917;33;16729
917;34;16737
917;35;16755
917;36;16764
917;37;16785
917;38;16833
917;39;16865
917;40;16869
917;41;16892
917;42;16928
917;43;16954
917;44;16967
917;45;16983
917;46;17024
917;47;17025
917;48;17050
917;49;17065
917;50;17087
917;51;17097
917;52;17118
918;1;10683
918;2;11173
918;3;11574
918;4;12010
918;5;12118
918;6;12440
918;7;12756
918;8;12811
918;9;13301
918;10;13713
918;11;13725
918;12;13794
918;13;13802
918;14;13852
918;15;14227
918;16;14675
918;17;14710
918;18;15002
918;19;15156
918;20;15669
918;21;15705
918;22;15759
918;23;15787
918;24;15791
918;25;15824
918;26;15850
918;27;15853
918;28;15872
918;29;16003
918;30;16032
918;31;16081
918;32;16084
918;33;16088
918;34;16164
918;35;16187
918;36;16209
918;37;16454
918;38;16514
918;39;16584
918;40;16631
918;41;16652
918;42;16653
918;43;16662
918;44;16680
918;45;16710
918;46;16735
918;47;16763
918;48;16767
918;49;16806
918;50;16847
918;51;16868
918;52;16869
918;53;16870
918;54;16924
918;55;16944
918;56;16947
918;57;16972
918;58;17024
918;59;17034
918;60;17038
918;61;17077
918;62;17092
918;63;17093
918;64;17137
918;65;17159
918;66;17177
918;67;17187
918;68;17191
919;1;11017
919;2;11402
919;3;11902
919;4;12311
919;5;12855
919;6;13318
919;7;13494
919;8;13804
919;9;13903
919;10;13979
919;11;14012
919;12;14385
919;13;14474
919;14;14484
919;15;14503
919;16;14849
919;17;14947
919;18;14982
919;19;15396
919;20;15446
919;21;15667
919;22;15743
919;23;15755
919;24;16106
919;25;16125
919;26;16199
919;27;16258
919;28;16294
919;29;16311
919;30;16714
919;31;16738
919;32;16767
919;33;16776
919;34;16797
919;35;16810
919;36;16816
919;37;16870
919;38;16878
919;39;16911
919;40;16940
919;41;16973
919;42;16990
919;43;17012
919;44;17043
919;45;17052
919;46;17059
919;47;17077
919;48;17081
919;49;17136
919;50;17156
919;51;17160
919;52;17172
919;53;17176
919;54;17183
920;1;10927
920;2;11334
920;3;11432
920;4;11934
920;5;11956
920;6;12054
920;7;12076
920;8;12488
920;9;12521
920;10;12533
920;11;13139
920;12;13557
920;13;14024
920;14;14473
920;15;14549
920;16;14594
920;17;14598
920;18;14668
920;19;14686
920;20;15159
920;21;15165
920;22;15422
920;23;15474
920;24;15578
920;25;15593
920;26;16095
920;27;16172
920;28;16212
920;29;16232
920;30;16426
920;31;16471
920;32;16494
920;33;16994
920;34;17035
920;35;17037
920;36;17089
920;37;17099
920;38;17103
920;39;17118
921;1;11960
921;2;12001
921;3;12461
921;4;12480
921;5;12988
921;6;13366
921;7;13420
921;8;13574
921;9;14007
921;10;14074
921;11;14085
921;12;14536
921;13;14620
921;14;14800
921;15;14880
921;16;15407
921;17;15499
921;18;15527
921;19;15549
921;20;15556
921;21;15904
921;22;15994
921;23;16012
921;24;16034
921;25;16064
921;26;16085
921;27;16112
921;28;16162
921;29;16616
921;30;16635
921;31;16651
921;32;16653
921;33;16675
921;34;16679
921;35;16723
921;36;16756
921;37;16765
921;38;16777
921;39;16831
921;40;16872
921;41;16874
921;42;16888
921;43;16947
921;44;16955
921;45;16969
921;46;17019
921;47;17042
921;48;17052
921;49;17088
921;50;17092
921;51;17096
921;52;17101
921;53;17105
921;54;17127
921;55;17137
921;56;17154
921;57;17160
921;58;17176
921;59;17179
921;60;17183
922;1;12346
922;2;12854
922;3;13274
922;4;13626
922;5;13820
922;6;13839
922;7;14280
922;8;14302
922;9;14440
922;10;14950
922;11;15007
922;12;15309
922;13;15313
922;14;15626
922;15;15671
922;16;15674
922;17;16215
922;18;16221
922;19;16246
922;20;16294
922;21;16302
922;22;16309
922;23;16379
922;24;16437
922;25;16461
922;26;16482
922;27;16486
922;28;16537
922;29;16573
922;30;16574
922;31;16619
922;32;16665
922;33;16666
922;34;16672
922;35;16690
922;36;16699
922;37;16761
922;38;16826
922;39;16862
922;40;16938
922;41;16962
922;42;16970
922;43;16979
922;44;17006
922;45;17011
922;46;17026
922;47;17030
922;48;17048
922;49;17055
922;50;17065
922;51;17088
922;52;17103
922;53;17125
922;54;17163
922;55;17183
922;56;17187
923;1;12455
923;2;13104
923;3;13166
923;4;13482
923;5;13607
923;6;14090
923;7;14499
923;8;14888
923;9;15032
923;10;15403
923;11;15412
923;12;15550
923;13;15669
923;14;16074
923;15;16372
923;16;16387
923;17;16518
923;18;16554
923;19;16557
923;20;16602
923;21;16633
923;22;16718
923;23;16726
923;24;16741
923;25;16745
923;26;16762
923;27;16807
923;28;16852
923;29;16862
923;30;16869
923;31;16880
923;32;16915
923;33;16954
923;34;16967
923;35;16982
923;36;16992
923;37;16996
923;38;17018
923;39;17035
923;40;17051
923;41;17087
923;42;17172
924;1;12342
924;2;12851
924;3;12872
924;4;13162
924;5;13222
924;6;13234
924;7;13710
924;8;14170
924;9;14181
924;10;14325
924;11;14383
924;12;14678
924;13;14682
924;14;15159
924;15;15182
924;16;15388
924;17;15762
924;18;15875
924;19;16350
924;20;16429
924;21;16485
924;22;16495
924;23;16501
924;24;16554
924;25;16587
924;26;16599
924;27;16615
924;28;16621
924;29;16627
924;30;16662
924;31;16773
924;32;16797
924;33;16851
924;34;16907
924;35;16917
924;36;16921
924;37;16940
924;38;17011
924;39;17069
924;40;17080
924;41;17103
924;42;17105
924;43;17109
924;44;17134
924;45;17149
924;46;17159
924;47;17165
924;48;17180
924;49;17198
925;1;12759
925;2;13111
925;3;13601
925;4;13705
925;5;14194
925;6;14526
925;7;14902
925;8;15362
925;9;15383
925;10;15417
925;11;15440
925;12;15461
925;13;15467
925;14;15482
925;15;15488
925;16;15525
925;17;15606
925;18;15620
925;19;16043
925;20;16060
925;21;16074
925;22;16096
925;23;16521
925;24;16579
925;25;16619
925;26;16640
925;27;16676
925;28;16682
925;29;16704
925;30;16805
925;31;16806
925;32;16810
925;33;16853
925;34;16863
925;35;16897
925;36;16930
925;37;16952
925;38;16991
925;39;17009
925;40;17033
925;41;17052
925;42;17087
925;43;17102
925;44;17112
925;45;17122
925;46;17132
925;47;17152
925;48;17158
925;49;17181
926;1;10923
926;2;10937
926;3;11456
926;4;11929
926;5;12243
926;6;12310
926;7;12748
926;8;12757
926;9;13246
926;10;13263
926;11;13274
926;12;13312
926;13;13322
926;14;13777
926;15;13796
926;16;13840
926;17;13862
926;18;13987
926;19;14374
926;20;14803
926;21;14911
926;22;14932
926;23;14950
926;24;15381
926;25;15394
926;26;15462
926;27;15808
926;28;15911
926;29;15954
926;30;16222
926;31;16309
926;32;16349
926;33;16375
926;34;16465
926;35;16564
926;36;16652
926;37;16677
926;38;16687
926;39;16702
926;40;16714
926;41;16782
926;42;16798
926;43;16851
926;44;16866
926;45;16867
926;46;16909
926;47;16927
926;48;16987
926;49;17005
926;50;17017
926;51;17027
926;52;17066
926;53;17098
926;54;17166
926;55;17182
926;56;17204
926;57;17217
927;1;13266
927;2;13555
927;3;13582
927;4;13597
927;5;14096
927;6;14555
927;7;14958
927;8;15083
927;9;15181
927;10;15187
927;11;15195
927;12;15231
927;13;15275
927;14;15487
927;15;15495
927;16;15546
927;17;15606
927;18;15922
927;19;15931
927;20;16481
927;21;16483
927;22;16487
927;23;16492
927;24;16546
927;25;16569
927;26;16596
927;27;16618
927;28;16623
927;29;16642
927;30;16650
927;31;16656
927;32;16664
927;33;16678
927;34;16704
927;35;16723
927;36;16731
927;37;16760
927;38;16772
927;39;16784
927;40;16796
927;41;16850
927;42;16912
927;43;16924
927;44;16934
927;45;16940
927;46;16948
927;47;16956
927;48;16968
927;49;16978
927;50;17045
927;51;17061
927;52;17080
927;53;17089
927;54;17099
927;55;17120
927;56;17131
927;57;17165
927;58;17172
928;1;10970
928;2;10987
928;3;11303
928;4;11441
928;5;11575
928;6;12086
928;7;12349
928;8;12839
928;9;13037
928;10;13410
928;11;13899
928;12;14220
928;13;14253
928;14;14614
928;15;14620
928;16;14640
928;17;14728
928;18;14893
928;19;14981
928;20;15037
928;21;15111
928;22;15472
928;23;16012
928;24;16049
928;25;16170
928;26;16238
928;27;16242
928;28;16652
928;29;16704
928;30;16708
928;31;16730
928;32;16747
928;33;16752
928;34;16761
928;35;16836
928;36;16868
928;37;16873
928;38;16882
928;39;16890
928;40;16894
928;41;16970
928;42;16990
928;43;17005
928;44;17009
928;45;17067
928;46;17087
928;47;17097
928;48;17101
928;49;17123
929;1;12134
929;2;12564
929;3;13000
929;4;13489
929;5;13897
929;6;14107
929;7;14178
929;8;14641
929;9;14854
929;10;15154
929;11;15198
929;12;15272
929;13;15290
929;14;15449
929;15;15468
929;16;15491
929;17;15857
929;18;15862
929;19;15882
929;20;16174
929;21;16222
929;22;16376
929;23;16439
929;24;16475
929;25;16495
929;26;16563
929;27;16564
929;28;16574
929;29;16597
929;30;16627
929;31;16726
929;32;16742
929;33;16759
929;34;16765
929;35;16769
929;36;16777
929;37;16831
929;38;16899
929;39;16944
929;40;16948
929;41;16952
929;42;16956
929;43;16965
929;44;17010
929;45;17017
929;46;17025
929;47;17029
929;48;17044
929;49;17048
929;50;17059
929;51;17067
929;52;17077
929;53;17079
929;54;17080
929;55;17088
929;56;17105
929;57;17109
929;58;17114
929;59;17124
930;1;13407
930;2;13769
930;3;14280
930;4;14320
930;5;14688
930;6;15329
930;7;15398
930;8;15419
930;9;15849
930;10;15871
930;11;15916
930;12;16270
930;13;16290
930;14;16358
930;15;16579
930;16;16635
930;17;16660
930;18;16704
930;19;16726
930;20;16782
930;21;16790
930;22;16870
930;23;16895
930;24;16899
930;25;16921
930;26;16941
930;27;16956
930;28;16966
930;29;17015
930;30;17033
930;31;17053
930;32;17074
930;33;17079
930;34;17083
930;35;17114
930;36;17130
930;37;17140
930;38;17174
930;39;17181
931;1;11934
931;2;12306
931;3;12766
931;4;13139
931;5;13614
931;6;14011
931;7;14015
931;8;14287
931;9;14291
931;10;14308
931;11;14820
931;12;14835
931;13;15242
931;14;15248
931;15;15252
931;16;15273
931;17;15277
931;18;15785
931;19;15828
931;20;15870
931;21;15889
931;22;16291
931;23;16404
931;24;16422
931;25;16477
931;26;16588
931;27;16589
931;28;16605
931;29;16631
931;30;16634
931;31;16651
931;32;16664
931;33;16689
931;34;16690
931;35;16769
931;36;16782
931;37;16797
931;38;16816
931;39;16829
931;40;16851
931;41;16896
931;42;16914
931;43;16923
931;44;16944
931;45;16958
931;46;16963
931;47;16972
931;48;17012
931;49;17018
931;50;17028
931;51;17031
931;52;17050
931;53;17072
931;54;17074
931;55;17104
931;56;17126
931;57;17146
931;58;17178
931;59;17182
931;60;17185
931;61;17200
931;62;17206
931;63;17228
932;1;13585
932;2;13699
932;3;13880
932;4;13886
932;5;13995
932;6;14644
932;7;14654
932;8;15088
932;9;15507
932;10;15641
932;11;15933
932;12;15984
932;13;16064
932;14;16183
932;15;16194
932;16;16632
932;17;16691
932;18;16703
932;19;16723
932;20;16826
932;21;16838
932;22;16854
932;23;16866
932;24;16872
932;25;16882
932;26;16897
932;27;16901
932;28;16913
932;29;16921
932;30;16938
932;31;16971
932;32;16980
932;33;16982
932;34;16993
932;35;16994
932;36;17021
932;37;17043
932;38;17047
932;39;17065
932;40;17069
932;41;17083
932;42;17115
932;43;17119
932;44;17133
932;45;17142
933;1;10693
933;2;10743
933;3;10920
933;4;10934
933;5;11331
933;6;11440
933;7;11469
933;8;11955
933;9;11961
933;10;12404
933;11;12425
933;12;12881
933;13;12894
933;14;13413
933;15;13457
933;16;13870
933;17;14061
933;18;14495
933;19;14985
933;20;15002
933;21;15119
933;22;15173
933;23;15479
933;24;15515
933;25;15563
933;26;15811
933;27;16005
933;28;16260
933;29;16374
933;30;16384
933;31;16420
933;32;16429
933;33;16497
933;34;16520
933;35;16528
933;36;16564
933;37;16565
933;38;16606
933;39;16651
933;40;16690
933;41;16698
933;42;16738
933;43;16760
933;44;16781
933;45;16792
933;46;16804
933;47;16822
933;48;16840
933;49;16850
933;50;16861
933;51;16876
933;52;16880
933;53;16912
933;54;17027
933;55;17035
933;56;17061
933;57;17071
933;58;17075
933;59;17076
933;60;17091
933;61;17097
933;62;17119
933;63;17124
933;64;17131
933;65;17132
933;66;17141
933;67;17145
933;68;17158
933;69;17165
933;70;17188
933;71;17192
934;1;13007
934;2;13033
934;3;13107
934;4;13538
934;5;13912
934;6;14321
934;7;14515
934;8;14555
934;9;14623
934;10;15065
934;11;15164
934;12;15480
934;13;15499
934;14;15580
934;15;16093
934;16;16126
934;17;16158
934;18;16552
934;19;16677
934;20;16721
934;21;16782
934;22;16798
934;23;16845
934;24;16943
934;25;16947
934;26;16969
934;27;17023
934;28;17030
934;29;17041
934;30;17077
934;31;17081
934;32;17082
934;33;17097
934;34;17106
934;35;17125
934;36;17129
934;37;17136
934;38;17137
934;39;17141
934;40;17142
934;41;17151
934;42;17161
934;43;17170
934;44;17174
934;45;17181
935;1;12475
935;2;12503
935;3;12890
935;4;13316
935;5;13361
935;6;13469
935;7;13537
935;8;13871
935;9;14081
935;10;14571
935;11;14573
935;12;15062
935;13;15196
935;14;15406
935;15;15548
935;16;15646
935;17;15962
935;18;15978
935;19;16020
935;20;16026
935;21;16047
935;22;16069
935;23;16109
935;24;16154
935;25;16177
935;26;16245
935;27;16249
935;28;16342
935;29;16918
935;30;16930
935;31;16955
935;32;16963
935;33;16973
935;34;16983
935;35;16984
935;36;16990
935;37;16999
935;38;17001
935;39;17005
935;40;17010
935;41;17042
935;42;17046
935;43;17091
935;44;17092
935;45;17114
935;46;17124
935;47;17125
936;1;11050
936;2;11568
936;3;11904
936;4;12318
936;5;12447
936;6;12495
936;7;12542
936;8;13001
936;9;13500
936;10;13560
936;11;13568
936;12;14022
936;13;14202
936;14;14206
936;15;14614
936;16;14682
936;17;14692
936;18;14728
936;19;15147
936;20;15169
936;21;15522
936;22;15582
936;23;15876
936;24;15912
936;25;15934
936;26;15952
936;27;15975
936;28;16448
936;29;16468
936;30;16524
936;31;16557
936;32;16565
936;33;16606
936;34;16611
936;35;16638
936;36;16695
936;37;16703
936;38;16707
936;39;16711
936;40;16713
936;41;16749
936;42;16782
936;43;16801
936;44;16813
936;45;16846
936;46;16856
936;47;16871
936;48;16893
936;49;16902
936;50;16908
936;51;16915
936;52;16919
936;53;16929
936;54;16941
936;55;16943
936;56;16958
936;57;16976
936;58;16985
936;59;17039
936;60;17061
936;61;17101
936;62;17122
936;63;17138
936;64;17140
936;65;17144
936;66;17147
936;67;17151
937;1;13798
937;2;13817
937;3;13839
937;4;14247
937;5;14505
937;6;14838
937;7;15365
937;8;15464
937;9;15720
937;10;15919
937;11;15939
937;12;16037
937;13;16070
937;14;16080
937;15;16084
937;16;16124
937;17;16208
937;18;16214
937;19;16226
937;20;16243
937;21;16265
937;22;16308
937;23;16316
937;24;16327
937;25;16331
937;26;16346
937;27;16395
937;28;16417
937;29;16973
937;30;16995
937;31;17005
937;32;17012
937;33;17025
937;34;17026
937;35;17040
937;36;17041
937;37;17062
937;38;17102
937;39;17103
937;40;17109
937;41;17113
937;42;17135
937;43;17144
937;44;17159
937;45;17163
937;46;17165
937;47;17170
937;48;17180
937;49;17192
938;1;10731
938;2;10747
938;3;10980
938;4;11178
938;5;11556
938;6;11905
938;7;12319
938;8;12786
938;9;12832
938;10;13270
938;11;13682
938;12;13802
938;13;13842
938;14;13933
938;15;14245
938;16;14325
938;17;14400
938;18;14559
938;19;14739
938;20;14740
938;21;14811
938;22;15211
938;23;15255
938;24;15904
938;25;15945
938;26;15947
938;27;15980
938;28;16002
938;29;16078
938;30;16426
938;31;16446
938;32;16486
938;33;16492
938;34;16518
938;35;16525
938;36;16533
938;37;16564
938;38;16600
938;39;16618
938;40;16622
938;41;16624
938;42;16642
938;43;16660
938;44;16689
938;45;16730
938;46;16754
938;47;16762
938;48;16789
938;49;16817
938;50;16824
938;51;16860
938;52;16866
938;53;16887
938;54;16899
938;55;16901
938;56;16932
938;57;16954
938;58;16955
938;59;16989
938;60;17052
938;61;17074
938;62;17096
938;63;17108
938;64;17129
938;65;17144
938;66;17146
938;67;17150
938;68;17160
938;69;17183
939;1;13723
939;2;13832
939;3;14011
939;4;14504
939;5;14650
939;6;14863
939;7;15197
939;8;15243
939;9;15328
939;10;15369
939;11;15437
939;12;15454
939;13;15516
939;14;15795
939;15;15881
939;16;15891
939;17;16472
939;18;16514
939;19;16537
939;20;16572
939;21;16697
939;22;16706
939;23;16719
939;24;16766
939;25;16770
939;26;16799
939;27;16811
939;28;16817
939;29;16897
939;30;16907
939;31;16918
939;32;16956
939;33;16967
939;34;17025
939;35;17033
939;36;17043
939;37;17094
939;38;17109
939;39;17118
939;40;17134
939;41;17136
939;42;17176
939;43;17202
939;44;17215
940;1;13531
940;2;14020
940;3;14053
940;4;14057
940;5;14406
940;6;14429
940;7;14528
940;8;14884
940;9;14929
940;10;14971
940;11;14993
940;12;15371
940;13;15378
940;14;15793
940;15;15798
940;16;15820
940;17;15895
940;18;15915
940;19;16013
940;20;16067
940;21;16089
940;22;16101
940;23;16127
940;24;16166
940;25;16225
940;26;16290
940;27;16338
940;28;16349
940;29;16372
940;30;16419
940;31;16434
940;32;16468
940;33;16490
940;34;16501
940;35;17012
940;36;17014
940;37;17020
940;38;17030
940;39;17042
940;40;17074
940;41;17078
940;42;17082
940;43;17093
940;44;17094
940;45;17116
940;46;17138
940;47;17139
940;48;17150
940;49;17162
940;50;17163
941;1;11883
941;2;12031
941;3;12210
941;4;12303
941;5;12597
941;6;12726
941;7;12770
941;8;13269
941;9;13331
941;10;13367
941;11;13928
941;12;13951
941;13;14078
941;14;14552
941;15;14630
941;16;15028
941;17;15226
941;18;15508
941;19;16002
941;20;16100
941;21;16162
941;22;16197
941;23;16200
941;24;16212
941;25;16245
941;26;16269
941;27;16379
941;28;16399
941;29;16419
941;30;16429
941;31;16918
941;32;16950
941;33;16986
941;34;16999
941;35;17005
941;36;17042
941;37;17064
941;38;17089
941;39;17102
941;40;17112
941;41;17146
941;42;17155
941;43;17173
941;44;17181
941;45;17196
941;46;17203
941;47;17207
941;48;17217
942;1;12917
942;2;13094
942;3;13113
942;4;13573
942;5;14015
942;6;14169
942;7;14437
942;8;14481
942;9;14560
942;10;14671
942;11;14715
942;12;14763
942;13;15179
942;14;15493
942;15;15627
942;16;15794
942;17;16186
942;18;16413
942;19;16444
942;20;16512
942;21;16623
942;22;16665
942;23;16729
942;24;16732
942;25;16772
942;26;16792
942;27;16811
942;28;16827
942;29;16846
942;30;16871
942;31;16880
942;32;16895
942;33;16898
942;34;16908
942;35;16916
942;36;16938
942;37;16947
942;38;16987
942;39;16991
942;40;17003
942;41;17023
942;42;17049
942;43;17053
942;44;17063
942;45;17067
942;46;17085
942;47;17092
942;48;17136
942;49;17142
942;50;17158
942;51;17176
942;52;17204
942;53;17220
943;1;13111
943;2;13604
943;3;13738
943;4;14068
943;5;14141
943;6;14231
943;7;14685
943;8;14767
943;9;15090
943;10;15161
943;11;15229
943;12;15613
943;13;16132
943;14;16196
943;15;16626
943;16;16667
943;17;16718
943;18;16800
943;19;16821
943;20;16826
943;21;16860
943;22;16861
943;23;16884
943;24;16947
943;25;16954
943;26;16963
943;27;16968
943;28;16985
943;29;16997
943;30;17000
943;31;17029
943;32;17049
943;33;17085
943;34;17104
943;35;17114
943;36;17131
943;37;17149
943;38;17190
943;39;17191
944;1;12486
944;2;12663
944;3;13019
944;4;13040
944;5;13138
944;6;13157
944;7;13576
944;8;13650
944;9;13740
944;10;13743
944;11;13765
944;12;13953
944;13;14166
944;14;14655
944;15;15044
944;16;15434
944;17;15795
944;18;15949
944;19;15991
944;20;16015
944;21;16054
944;22;16070
944;23;16074
944;24;16096
944;25;16480
944;26;16579
944;27;16593
944;28;16595
944;29;16636
944;30;16680
944;31;16755
944;32;16759
944;33;16809
944;34;16813
944;35;16853
944;36;16855
944;37;16875
944;38;16884
944;39;16914
944;40;16972
944;41;16976
944;42;17052
944;43;17070
944;44;17080
944;45;17091
944;46;17095
944;47;17103
944;48;17118
944;49;17122
944;50;17138
944;51;17148
944;52;17153
944;53;17175
944;54;17181
944;55;17185
945;1;10259
945;2;10748
945;3;10932
945;4;11006
945;5;11104
945;6;11203
945;7;11693
945;8;11705
945;9;12105
945;10;12541
945;11;12884
945;12;13324
945;13;13790
945;14;13841
945;15;14286
945;16;14331
945;17;14770
945;18;15085
945;19;15153
945;20;15244
945;21;15259
945;22;15292
945;23;15335
945;24;15348
945;25;15349
945;26;15395
945;27;15419
945;28;15469
945;29;15544
945;30;15995
945;31;16052
945;32;16053
945;33;16057
945;34;16076
945;35;16086
945;36;16093
945;37;16123
945;38;16130
945;39;16166
945;40;16174
945;41;16196
945;42;16218
945;43;16254
945;44;16712
945;45;16731
945;46;16750
945;47;16826
945;48;16885
945;49;16889
945;50;16919
945;51;16932
945;52;16950
945;53;16961
945;54;16984
945;55;17038
945;56;17050
945;57;17062
945;58;17071
945;59;17075
945;60;17104
945;61;17114
945;62;17137
945;63;17171
945;64;17175
945;65;17177
945;66;17181
946;1;11003
946;2;11411
946;3;11924
946;4;12122
946;5;12134
946;6;12689
946;7;12710
946;8;13215
946;9;13590
946;10;13973
946;11;14157
946;12;14198
946;13;14201
946;14;14423
946;15;14811
946;16;14940
946;17;14944
946;18;14990
946;19;15065
946;20;15332
946;21;15394
946;22;15841
946;23;15907
946;24;16019
946;25;16459
946;26;16481
946;27;16486
946;28;16563
946;29;16571
946;30;16612
946;31;16615
946;32;16619
946;33;16641
946;34;16656
946;35;16689
946;36;16708
946;37;16726
946;38;16780
946;39;16786
946;40;16798
946;41;16808
946;42;16813
946;43;16819
946;44;16846
946;45;16858
946;46;16866
946;47;16922
946;48;16930
946;49;16964
946;50;17021
946;51;17043
946;52;17090
946;53;17111
946;54;17116
946;55;17147
946;56;17157
946;57;17160
946;58;17166
946;59;17168
946;60;17178
946;61;17182
946;62;17188
946;63;17192
947;1;12386
947;2;12859
947;3;12984
947;4;13003
947;5;13385
947;6;13721
947;7;13743
947;8;14199
947;9;14613
947;10;15134
947;11;15623
947;12;15633
947;13;15644
947;14;16268
947;15;16312
947;16;16318
947;17;16336
947;18;16344
947;19;16367
947;20;16402
947;21;16698
947;22;16738
947;23;16759
947;24;16768
947;25;16809
947;26;16828
947;27;16870
947;28;16876
947;29;16912
947;30;16988
947;31;16997
947;32;17021
947;33;17025
947;34;17033
947;35;17044
947;36;17066
947;37;17131
947;38;17147
947;39;17152
947;40;17163
947;41;17176
948;1;13162
948;2;13342
948;3;13380
948;4;13384
948;5;13406
948;6;13731
948;7;13764
948;8;14202
948;9;14693
948;10;14699
948;11;14806
948;12;14815
948;13;14832
948;14;15197
948;15;15251
948;16;15290
948;17;15673
948;18;15777
948;19;16336
948;20;16386
948;21;16406
948;22;16428
948;23;16443
948;24;16466
948;25;16483
948;26;16507
948;27;16629
948;28;16631
948;29;16701
948;30;16705
948;31;16713
948;32;16724
948;33;16798
948;34;16807
948;35;16829
948;36;16833
948;37;16854
948;38;16908
948;39;17007
948;40;17016
948;41;17057
948;42;17061
948;43;17083
948;44;17137
948;45;17152
948;46;17190
948;47;17202
948;48;17218
948;49;17222
949;1;13498
949;2;13506
949;3;13518
949;4;13566
949;5;13607
949;6;14231
949;7;14646
949;8;15080
949;9;15146
949;10;15214
949;11;15245
949;12;15826
949;13;15836
949;14;15890
949;15;16160
949;16;16174
949;17;16196
949;18;16719
949;19;16774
949;20;16796
949;21;16823
949;22;16851
949;23;16865
949;24;16869
949;25;16891
949;26;16935
949;27;16976
949;28;16996
949;29;17024
949;30;17046
949;31;17057
949;32;17067
949;33;17068
949;34;17080
949;35;17139
950;1;14089
950;2;14152
950;3;14530
950;4;14886
950;5;15277
950;6;15817
950;7;15955
950;8;16378
950;9;16424
950;10;16443
950;11;16476
950;12;16544
950;13;16645
950;14;16691
950;15;16703
950;16;16748
950;17;16769
950;18;16779
950;19;16862
950;20;16884
950;21;16892
950;22;16950
950;23;16954
950;24;16964
950;25;17018
950;26;17033
950;27;17043
950;28;17054
950;29;17068
950;30;17073
950;31;17090
950;32;17105
950;33;17113
950;34;17127
950;35;17146
950;36;17154
950;37;17156
950;38;17164
951;1;11634
951;2;12093
951;3;12521
951;4;12930
951;5;13390
951;6;13398
951;7;13799
951;8;13844
951;9;13872
951;10;13956
951;11;14339
951;12;14437
951;13;14482
951;14;14915
951;15;14934
951;16;14974
951;17;15007
951;18;15021
951;19;15341
951;20;15363
951;21;15369
951;22;15444
951;23;15684
951;24;15704
951;25;15737
951;26;15780
951;27;15784
951;28;15900
951;29;15948
951;30;16007
951;31;16011
951;32;16132
951;33;16206
951;34;16460
951;35;16472
951;36;16606
951;37;16665
951;38;16695
951;39;16755
951;40;16809
951;41;16867
951;42;16879
951;43;16894
951;44;16930
951;45;16944
951;46;16968
951;47;16982
951;48;16985
951;49;16995
951;50;17017
951;51;17029
951;52;17065
951;53;17071
951;54;17079
951;55;17094
951;56;17116
951;57;17119
951;58;17138
951;59;17185
951;60;17191
951;61;17195
951;62;17211
951;63;17213
951;64;17217
952;1;12884
952;2;12952
952;3;12961
952;4;13428
952;5;13806
952;6;14262
952;7;14287
952;8;14593
952;9;14661
952;10;15174
952;11;15236
952;12;15335
952;13;15389
952;14;15776
952;15;15784
952;16;15793
952;17;15796
952;18;15850
952;19;16105
952;20;16124
952;21;16129
952;22;16459
952;23;16513
952;24;16535
952;25;16557
952;26;16597
952;27;16620
952;28;16626
952;29;16696
952;30;16752
952;31;16766
952;32;16767
952;33;16803
952;34;16815
952;35;16845
952;36;16881
952;37;16903
952;38;16948
952;39;16952
952;40;16953
952;41;16962
952;42;17037
952;43;17046
952;44;17058
952;45;17062
952;46;17079
952;47;17089
952;48;17092
952;49;17114
952;50;17124
952;51;17170
952;52;17179
952;53;17183
952;54;17186
952;55;17192
952;56;17196
952;57;17220
953;1;11787
953;2;11808
953;3;12165
953;4;12607
953;5;13106
953;6;13617
953;7;13632
953;8;14125
953;9;14663
953;10;15023
953;11;15111
953;12;15112
953;13;15144
953;14;15148
953;15;15216
953;16;15654
953;17;16079
953;18;16561
953;19;16587
953;20;16591
953;21;16617
953;22;16635
953;23;16663
953;24;16675
953;25;16766
953;26;16788
953;27;16856
953;28;16874
953;29;16875
953;30;16886
953;31;16905
953;32;16909
953;33;16941
953;34;16977
953;35;16999
953;36;17008
953;37;17033
953;38;17054
953;39;17069
953;40;17104
953;41;17126
953;42;17128
953;43;17140
953;44;17150
953;45;17160
953;46;17161
954;1;14039
954;2;14045
954;3;14459
954;4;14479
954;5;14933
954;6;15046
954;7;15356
954;8;15420
954;9;15519
954;10;15673
954;11;15735
954;12;15739
954;13;15866
954;14;15996
954;15;16105
954;16;16598
954;17;16616
954;18;16629
954;19;16652
954;20;16667
954;21;16689
954;22;16730
954;23;16738
954;24;16805
954;25;16815
954;26;16826
954;27;16832
954;28;16854
954;29;16857
954;30;16874
954;31;16933
954;32;16956
954;33;16966
954;34;16970
954;35;16985
954;36;17065
954;37;17078
954;38;17090
954;39;17096
954;40;17100
954;41;17109
954;42;17118
954;43;17128
954;44;17150
955;1;12596
955;2;12650
955;3;13256
955;4;13817
955;5;14192
955;6;14212
955;7;14731
955;8;15198
955;9;15473
955;10;15830
955;11;15858
955;12;15957
955;13;15990
955;14;16049
955;15;16183
955;16;16203
955;17;16239
955;18;16264
955;19;16272
955;20;16732
955;21;16742
955;22;16750
955;23;16769
955;24;16807
955;25;16840
955;26;16860
955;27;16897
955;28;16919
955;29;16934
955;30;16941
955;31;16947
955;32;16949
955;33;16959
955;34;16992
955;35;17014
955;36;17020
955;37;17024
955;38;17046
955;39;17048
955;40;17060
955;41;17096
955;42;17111
955;43;17112
955;44;17122
955;45;17126
955;46;17144
955;47;17148
956;1;13096
956;2;13221
956;3;13562
956;4;13970
956;5;14078
956;6;14432
956;7;14785
956;8;14796
956;9;14916
956;10;14971
956;11;15011
956;12;15109
956;13;15455
956;14;15467
956;15;15478
956;16;15511
956;17;15529
956;18;15843
956;19;15855
956;20;15900
956;21;15905
956;22;16407
956;23;16415
956;24;16419
956;25;16428
956;26;16469
956;27;16475
956;28;16484
956;29;16520
956;30;16531
956;31;16560
956;32;16565
956;33;16619
956;34;16644
956;35;16656
956;36;16667
956;37;16673
956;38;16677
956;39;16684
956;40;16687
956;41;16707
956;42;16747
956;43;16757
956;44;16775
956;45;16811
956;46;16833
956;47;16837
956;48;16870
956;49;16882
956;50;16941
956;51;16995
956;52;17005
956;53;17006
956;54;17019
956;55;17031
956;56;17035
956;57;17044
956;58;17048
956;59;17060
956;60;17078
956;61;17122
956;62;17129
956;63;17144
956;64;17166
956;65;17170
956;66;17175
957;1;13193
957;2;13481
957;3;13580
957;4;14093
957;5;14103
957;6;14320
957;7;14382
957;8;14491
957;9;14544
957;10;14682
957;11;14704
957;12;15171
957;13;15552
957;14;15620
957;15;16051
957;16;16111
957;17;16134
957;18;16170
957;19;16180
957;20;16184
957;21;16213
957;22;16225
957;23;16540
957;24;16602
957;25;16642
957;26;16683
957;27;16695
957;28;16699
957;29;16730
957;30;16806
957;31;16817
957;32;16839
957;33;16847
957;34;16866
957;35;16876
957;36;16888
957;37;16900
957;38;16908
957;39;16976
957;40;16988
957;41;17034
957;42;17054
957;43;17065
957;44;17070
957;45;17095
957;46;17117
957;47;17127
957;48;17131
957;49;17153
958;1;12443
958;2;12793
958;3;12927
958;4;12993
958;5;13447
958;6;13454
958;7;13550
958;8;13919
958;9;14392
958;10;14852
958;11;14863
958;12;15429
958;13;15919
958;14;15939
958;15;15976
958;16;16021
958;17;16044
958;18;16111
958;19;16305
958;20;16419
958;21;16459
958;22;16469
958;23;16481
958;24;16517
958;25;16540
958;26;16550
958;27;16601
958;28;16611
958;29;16619
958;30;16658
958;31;16664
958;32;16685
958;33;16709
958;34;16742
958;35;16775
958;36;16797
958;37;16835
958;38;16850
958;39;16854
958;40;16876
958;41;16901
958;42;16910
958;43;16949
958;44;17003
958;45;17023
958;46;17033
958;47;17055
958;48;17086
958;49;17090
958;50;17109
958;51;17131
958;52;17146
958;53;17155
958;54;17160
958;55;17168
958;56;17172
958;57;17181
958;58;17182
958;59;17188
958;60;17192
959;1;11993
959;2;12610
959;3;12842
959;4;13261
959;5;13309
959;6;13333
959;7;13369
959;8;13811
959;9;14176
959;10;14204
959;11;14738
959;12;14792
959;13;15257
959;14;15382
959;15;15444
959;16;15466
959;17;15497
959;18;15520
959;19;15530
959;20;15538
959;21;15550
959;22;15570
959;23;15658
959;24;15670
959;25;15674
959;26;15684
959;27;15701
959;28;16259
959;29;16261
959;30;16288
959;31;16313
959;32;16348
959;33;16567
959;34;16633
959;35;16666
959;36;16672
959;37;16702
959;38;16736
959;39;16794
959;40;16798
959;41;16812
959;42;16868
959;43;16886
959;44;16894
959;45;16897
959;46;16907
959;47;16929
959;48;16972
959;49;17001
959;50;17032
959;51;17043
959;52;17059
959;53;17078
959;54;17087
959;55;17090
959;56;17093
959;57;17097
959;58;17104
959;59;17106
959;60;17114
959;61;17136
959;62;17150
959;63;17172
959;64;17178
959;65;17183
959;66;17187
960;1;11254
960;2;11754
960;3;12166
960;4;12175
960;5;12180
960;6;12616
960;7;13033
960;8;13087
960;9;13119
960;10;13162
960;11;13177
960;12;13183
960;13;13591
960;14;13712
960;15;13955
960;16;14035
960;17;14048
960;18;14651
960;19;14765
960;20;15221
960;21;15224
960;22;15727
960;23;15739
960;24;15781
960;25;15808
960;26;16242
960;27;16304
960;28;16331
960;29;16335
960;30;16348
960;31;16798
960;32;16803
960;33;16812
960;34;16866
960;35;16975
960;36;16976
960;37;17005
960;38;17026
960;39;17043
960;40;17065
960;41;17082
960;42;17092
960;43;17104
960;44;17114
960;45;17118
960;46;17133
960;47;17135
960;48;17141
960;49;17142
960;50;17164
960;51;17171
961;1;13195
961;2;13685
961;3;13865
961;4;14202
961;5;14675
961;6;14681
961;7;14795
961;8;14926
961;9;14994
961;10;15002
961;11;15008
961;12;15518
961;13;15578
961;14;15595
961;15;15657
961;16;16183
961;17;16209
961;18;16210
961;19;16229
961;20;16261
961;21;16282
961;22;16304
961;23;16372
961;24;16381
961;25;16388
961;26;16415
961;27;16425
961;28;16429
961;29;16454
961;30;16499
961;31;16504
961;32;16600
961;33;17033
961;34;17043
961;35;17088
961;36;17114
961;37;17126
961;38;17131
961;39;17146
961;40;17150
961;41;17216
961;42;17220
962;1;12826
962;2;13353
962;3;13421
962;4;13443
962;5;13972
962;6;14483
962;7;14757
962;8;14761
962;9;15161
962;10;15172
962;11;15192
962;12;15593
962;13;15637
962;14;15667
962;15;15710
962;16;15733
962;17;15765
962;18;15778
962;19;15799
962;20;15898
962;21;15917
962;22;16305
962;23;16315
962;24;16337
962;25;16407
962;26;16815
962;27;16834
962;28;16878
962;29;16893
962;30;16900
962;31;16917
962;32;16926
962;33;16973
962;34;16995
962;35;17017
962;36;17041
962;37;17051
962;38;17052
962;39;17102
962;40;17106
962;41;17151
962;42;17156
962;43;17166
962;44;17171
962;45;17181
962;46;17188
962;47;17192
963;1;12524
963;2;12811
963;3;12869
963;4;12968
963;5;13422
963;6;13530
963;7;13647
963;8;14136
963;9;14504
963;10;14884
963;11;14909
963;12;14925
963;13;15406
963;14;15416
963;15;15442
963;16;15478
963;17;15606
963;18;16095
963;19;16139
963;20;16148
963;21;16155
963;22;16175
963;23;16183
963;24;16215
963;25;16231
963;26;16242
963;27;16263
963;28;16275
963;29;16306
963;30;16322
963;31;16376
963;32;16383
963;33;16389
963;34;16398
963;35;16420
963;36;16451
963;37;16455
963;38;16485
963;39;16933
963;40;16941
963;41;16959
963;42;16990
963;43;17005
963;44;17024
963;45;17046
963;46;17089
963;47;17096
963;48;17140
963;49;17174
963;50;17177
963;51;17181
964;1;13331
964;2;13705
964;3;13743
964;4;14197
964;5;14329
964;6;14355
964;7;14671
964;8;15293
964;9;15786
964;10;15807
964;11;16080
964;12;16130
964;13;16255
964;14;16473
964;15;16650
964;16;16735
964;17;16741
964;18;16750
964;19;16757
964;20;16774
964;21;16780
964;22;16797
964;23;16838
964;24;16853
964;25;16861
964;26;16876
964;27;16903
964;28;16935
964;29;16957
964;30;16979
964;31;16989
964;32;17000
964;33;17004
964;34;17025
964;35;17035
964;36;17049
964;37;17071
964;38;17108
964;39;17145
964;40;17149
964;41;17164
964;42;17200
964;43;17222
964;44;17226
965;1;12114
965;2;12135
965;3;12446
965;4;12745
965;5;12879
965;6;12915
965;7;13237
965;8;13756
965;9;13849
965;10;13871
965;11;13911
965;12;14297
965;13;14765
965;14;14986
965;15;15446
965;16;15910
965;17;16002
965;18;16039
965;19;16044
965;20;16084
965;21;16092
965;22;16129
965;23;16223
965;24;16231
965;25;16638
965;26;16715
965;27;16725
965;28;16801
965;29;16869
965;30;16928
965;31;16960
965;32;16980
965;33;17011
965;34;17017
965;35;17059
965;36;17069
965;37;17098
965;38;17120
965;39;17139
965;40;17141
965;41;17156
965;42;17185
965;43;17200
965;44;17222
965;45;17226
966;1;12265
966;2;12269
966;3;12392
966;4;12458
966;5;12498
966;6;12575
966;7;13011
966;8;13485
966;9;13548
966;10;13554
966;11;14047
966;12;14524
966;13;14527
966;14;14544
966;15;15004
966;16;15432
966;17;15477
966;18;15509
966;19;15824
966;20;15868
966;21;15869
966;22;15888
966;23;15939
966;24;15949
966;25;15961
966;26;15964
966;27;15965
966;28;16026
966;29;16119
966;30;16125
966;31;16147
966;32;16157
966;33;16187
966;34;16205
966;35;16237
966;36;16303
966;37;16309
966;38;16336
966;39;16348
966;40;16357
966;41;16359
966;42;16850
966;43;16884
966;44;16906
966;45;16931
966;46;16932
966;47;16933
966;48;16937
966;49;16949
966;50;16953
966;51;16970
966;52;16975
966;53;16994
966;54;17008
966;55;17016
966;56;17052
966;57;17056
966;58;17063
966;59;17065
966;60;17074
966;61;17078
966;62;17082
966;63;17111
966;64;17114
966;65;17136
966;66;17140
966;67;17150
966;68;17154
966;69;17172
967;1;12739
967;2;13199
967;3;13688
967;4;13787
967;5;13872
967;6;14280
967;7;14417
967;8;14718
967;9;14789
967;10;14822
967;11;15119
967;12;15217
967;13;15547
967;14;15569
967;15;16080
967;16;16134
967;17;16165
967;18;16290
967;19;16308
967;20;16329
967;21;16364
967;22;16847
967;23;16848
967;24;16856
967;25;16879
967;26;16932
967;27;16942
967;28;16963
967;29;16972
967;30;17001
967;31;17033
967;32;17052
967;33;17059
967;34;17060
967;35;17067
967;36;17083
967;37;17089
967;38;17090
967;39;17112
967;40;17116
967;41;17138
967;42;17154
967;43;17170
968;1;12626
968;2;12946
968;3;12955
968;4;13006
968;5;13082
968;6;13520
968;7;13879
968;8;13924
968;9;14077
968;10;14096
968;11;14367
968;12;14504
968;13;14583
968;14;14915
968;15;14991
968;16;14997
968;17;15014
968;18;15113
968;19;15132
968;20;15284
968;21;15583
968;22;15627
968;23;15906
968;24;15947
968;25;15992
968;26;16126
968;27;16167
968;28;16173
968;29;16621
968;30;16675
968;31;16681
968;32;16693
968;33;16715
968;34;16729
968;35;16754
968;36;16778
968;37;16829
968;38;16856
968;39;16875
968;40;16883
968;41;16913
968;42;16935
968;43;16976
968;44;16998
968;45;17002
968;46;17012
968;47;17020
968;48;17046
968;49;17058
968;50;17068
968;51;17093
968;52;17110
968;53;17114
968;54;17129
968;55;17146
968;56;17150
968;57;17151
969;1;10011
969;2;10651
969;3;11201
969;4;11609
969;5;12119
969;6;12447
969;7;12528
969;8;13049
969;9;13063
969;10;13472
969;11;13537
969;12;13612
969;13;14123
969;14;14725
969;15;15150
969;16;15435
969;17;15549
969;18;15603
969;19;15813
969;20;16176
969;21;16217
969;22;16218
969;23;16235
969;24;16613
969;25;16620
969;26;16682
969;27;16834
969;28;16851
969;29;16919
969;30;16926
969;31;16963
969;32;16975
969;33;16982
969;34;16986
969;35;16996
969;36;17028
969;37;17124
969;38;17133
969;39;17139
969;40;17140
969;41;17155
969;42;17159
969;43;17175
970;1;12754
970;2;13190
970;3;13697
970;4;13701
970;5;14050
970;6;14527
970;7;14737
970;8;14867
970;9;14893
970;10;15515
970;11;15631
970;12;15651
970;13;15676
970;14;15805
970;15;16241
970;16;16564
970;17;16663
970;18;16675
970;19;16746
970;20;16778
970;21;16826
970;22;16857
970;23;16879
970;24;16921
970;25;16925
970;26;16935
970;27;16966
970;28;16983
970;29;16987
970;30;16998
970;31;16999
970;32;17009
970;33;17010
970;34;17018
970;35;17036
970;36;17040
970;37;17041
970;38;17051
970;39;17071
970;40;17105
970;41;17109
970;42;17119
970;43;17120
970;44;17121
970;45;17136
970;46;17162
970;47;17169
970;48;17173
970;49;17183
971;1;11370
971;2;11673
971;3;12295
971;4;12757
971;5;12939
971;6;13135
971;7;13287
971;8;13750
971;9;13823
971;10;13899
971;11;14313
971;12;14317
971;13;14716
971;14;15365
971;15;15457
971;16;15965
971;17;16001
971;18;16063
971;19;16400
971;20;16496
971;21;16565
971;22;16570
971;23;16622
971;24;16668
971;25;16744
971;26;16769
971;27;16770
971;28;16799
971;29;16820
971;30;16831
971;31;16874
971;32;16895
971;33;16899
971;34;16924
971;35;17018
971;36;17051
971;37;17053
971;38;17057
971;39;17077
971;40;17094
971;41;17122
971;42;17133
971;43;17148
971;44;17166
971;45;17170
971;46;17195
971;47;17217
972;1;12919
972;2;12968
972;3;13513
972;4;13621
972;5;13679
972;6;13899
972;7;14029
972;8;14095
972;9;14477
972;10;14550
972;11;14951
972;12;15007
972;13;15081
972;14;15104
972;15;15110
972;16;15390
972;17;15482
972;18;15504
972;19;16015
972;20;16025
972;21;16090
972;22;16130
972;23;16228
972;24;16327
972;25;16402
972;26;16431
972;27;16454
972;28;16458
972;29;16860
972;30;16870
972;31;16924
972;32;16932
972;33;16933
972;34;16937
972;35;16952
972;36;17008
972;37;17012
972;38;17021
972;39;17046
972;40;17061
972;41;17071
972;42;17075
972;43;17090
972;44;17094
972;45;17102
972;46;17117
972;47;17139
972;48;17150
972;49;17160
972;50;17186
973;1;11169
973;2;11818
973;3;11822
973;4;11931
973;5;11973
973;6;12027
973;7;12086
973;8;12454
973;9;12884
973;10;12954
973;11;12985
973;12;13268
973;13;13320
973;14;13543
973;15;14145
973;16;14202
973;17;14567
973;18;14672
973;19;15126
973;20;15334
973;21;15407
973;22;15500
973;23;15896
973;24;15972
973;25;16002
973;26;16020
973;27;16056
973;28;16070
973;29;16079
973;30;16099
973;31;16539
973;32;16597
973;33;16610
973;34;16612
973;35;16617
973;36;16624
973;37;16632
973;38;16660
973;39;16683
973;40;16702
973;41;16712
973;42;16717
973;43;16741
973;44;16747
973;45;16772
973;46;16792
973;47;16797
973;48;16809
973;49;16864
973;50;16874
973;51;16892
973;52;16951
973;53;16959
973;54;16963
973;55;16985
973;56;16995
973;57;17033
973;58;17042
973;59;17054
973;60;17062
973;61;17077
973;62;17117
973;63;17135
973;64;17140
973;65;17159
973;66;17161
973;67;17166
973;68;17181
973;69;17186
974;1;14528
974;2;14561
974;3;15011
974;4;15423
974;5;15933
974;6;16266
974;7;16623
974;8;16679
974;9;16710
974;10;16726
974;11;16736
974;12;16785
974;13;16820
974;14;16898
974;15;16913
974;16;16924
974;17;16947
974;18;16969
974;19;16973
974;20;16982
974;21;16986
974;22;17008
974;23;17012
974;24;17024
974;25;17034
974;26;17044
974;27;17066
974;28;17067
974;29;17074
974;30;17090
974;31;17094
974;32;17113
974;33;17126
974;34;17138
974;35;17147
974;36;17152
974;37;17155
974;38;17161
974;39;17177
974;40;17181
975;1;13509
975;2;13565
975;3;13884
975;4;14279
975;5;14393
975;6;14485
975;7;14500
975;8;14527
975;9;14581
975;10;14583
975;11;14666
975;12;15086
975;13;15105
975;14;15357
975;15;15384
975;16;15402
975;17;15425
975;18;15475
975;19;15479
975;20;15494
975;21;15510
975;22;15944
975;23;15949
975;24;16087
975;25;16105
975;26;16128
975;27;16541
975;28;16563
975;29;16657
975;30;16719
975;31;16740
975;32;16749
975;33;16785
975;34;16789
975;35;16792
975;36;16806
975;37;16865
975;38;16874
975;39;16890
975;40;16894
975;41;16934
975;42;16950
975;43;17009
975;44;17028
975;45;17039
975;46;17061
975;47;17062
975;48;17075
975;49;17091
975;50;17100
975;51;17104
975;52;17114
975;53;17115
975;54;17121
975;55;17133
975;56;17142
975;57;17147
975;58;17157
975;59;17179
975;60;17183
976;1;11085
976;2;11544
976;3;11713
976;4;11934
976;5;12410
976;6;12879
976;7;13369
976;8;13505
976;9;13978
976;10;13987
976;11;14062
976;12;14368
976;13;14622
976;14;14718
976;15;15074
976;16;15182
976;17;15284
976;18;15647
976;19;15701
976;20;15718
976;21;15770
976;22;15774
976;23;15819
976;24;15855
976;25;15896
976;26;16430
976;27;16471
976;28;16547
976;29;16555
976;30;16592
976;31;16669
976;32;16709
976;33;16737
976;34;16770
976;35;16774
976;36;16831
976;37;16867
976;38;16887
976;39;16891
976;40;16978
976;41;16990
976;42;17008
976;43;17012
976;44;17013
976;45;17047
976;46;17121
976;47;17130
976;48;17145
976;49;17155
976;50;17172
976;51;17176
976;52;17178
976;53;17185
976;54;17198
977;1;12504
977;2;12769
977;3;13322
977;4;13436
977;5;13461
977;6;13509
977;7;13686
977;8;13696
977;9;14041
977;10;14062
977;11;14066
977;12;14706
977;13;15149
977;14;15584
977;15;15607
977;16;15644
977;17;16032
977;18;16594
977;19;16629
977;20;16760
977;21;16766
977;22;16816
977;23;16825
977;24;16834
977;25;16859
977;26;16878
977;27;16932
977;28;16990
977;29;16991
977;30;17056
977;31;17068
977;32;17122
977;33;17126
977;34;17170
977;35;17174
978;1;12485
978;2;12985
978;3;13448
978;4;13807
978;5;14340
978;6;14499
978;7;14550
978;8;14924
978;9;15086
978;10;15263
978;11;15285
978;12;15361
978;13;15481
978;14;15574
978;15;15593
978;16;15638
978;17;15655
978;18;16180
978;19;16513
978;20;16522
978;21;16538
978;22;16637
978;23;16687
978;24;16688
978;25;16700
978;26;16813
978;27;16820
978;28;16828
978;29;16844
978;30;16860
978;31;16870
978;32;16944
978;33;16955
978;34;16982
978;35;16986
978;36;17001
978;37;17022
978;38;17044
978;39;17050
978;40;17059
978;41;17067
978;42;17077
978;43;17089
978;44;17093
978;45;17111
978;46;17120
978;47;17124
978;48;17128
978;49;17136
978;50;17144
978;51;17147
978;52;17157
978;53;17163
978;54;17167
978;55;17183
978;56;17196
979;1;12197
979;2;12212
979;3;12549
979;4;12978
979;5;13019
979;6;13036
979;7;13057
979;8;13156
979;9;13715
979;10;13886
979;11;14107
979;12;14111
979;13;14189
979;14;14425
979;15;14442
979;16;14544
979;17;14752
979;18;14784
979;19;14842
979;20;15040
979;21;15059
979;22;15473
979;23;15491
979;24;15501
979;25;15523
979;26;15573
979;27;15579
979;28;15930
979;29;15936
979;30;15990
979;31;16002
979;32;16046
979;33;16067
979;34;16072
979;35;16093
979;36;16602
979;37;16614
979;38;16644
979;39;16677
979;40;16680
979;41;16698
979;42;16714
979;43;16772
979;44;16787
979;45;16795
979;46;16838
979;47;16866
979;48;16868
979;49;16872
979;50;16883
979;51;16885
979;52;16939
979;53;16961
979;54;16964
979;55;16980
979;56;17000
979;57;17046
979;58;17052
979;59;17071
979;60;17077
979;61;17090
979;62;17094
979;63;17098
979;64;17116
979;65;17131
979;66;17137
979;67;17138
979;68;17152
979;69;17174
979;70;17178
979;71;17183
980;1;11964
980;2;12045
980;3;12481
980;4;12490
980;5;12599
980;6;13089
980;7;13453
980;8;13508
980;9;13824
980;10;13852
980;11;13914
980;12;14266
980;13;14299
980;14;14314
980;15;14335
980;16;14748
980;17;15141
980;18;15293
980;19;15326
980;20;15394
980;21;15420
980;22;15448
980;23;15485
980;24;15697
980;25;15816
980;26;15930
980;27;16051
980;28;16055
980;29;16062
980;30;16084
980;31;16117
980;32;16139
980;33;16159
980;34;16190
980;35;16708
980;36;16721
980;37;16772
980;38;16790
980;39;16834
980;40;16857
980;41;16863
980;42;16912
980;43;16952
980;44;16960
980;45;16964
980;46;16976
980;47;16991
980;48;17045
980;49;17058
980;50;17080
980;51;17090
980;52;17099
980;53;17126
980;54;17146
980;55;17150
980;56;17172
980;57;17182
981;1;12162
981;2;12580
981;3;13078
981;4;13389
981;5;13755
981;6;13759
981;7;13913
981;8;13990
981;9;14097
981;10;14274
981;11;14365
981;12;14458
981;13;14948
981;14;15251
981;15;15343
981;16;15753
981;17;15761
981;18;15767
981;19;15847
981;20;15886
981;21;15889
981;22;15915
981;23;15968
981;24;15980
981;25;16005
981;26;16076
981;27;16095
981;28;16125
981;29;16164
981;30;16172
981;31;16192
981;32;16198
981;33;16208
981;34;16267
981;35;16742
981;36;16870
981;37;16915
981;38;16956
981;39;16960
981;40;16967
981;41;16983
981;42;16987
981;43;17069
981;44;17084
981;45;17100
981;46;17117
981;47;17126
981;48;17139
981;49;17174
981;50;17206
982;1;10564
982;2;11108
982;3;11546
982;4;11870
982;5;12255
982;6;12269
982;7;12736
982;8;12786
982;9;12845
982;10;13186
982;11;13196
982;12;13241
982;13;13375
982;14;13815
982;15;14186
982;16;14371
982;17;14884
982;18;15015
982;19;15290
982;20;15323
982;21;15331
982;22;15434
982;23;15457
982;24;15463
982;25;15893
982;26;15967
982;27;15972
982;28;16040
982;29;16103
982;30;16108
982;31;16132
982;32;16154
982;33;16160
982;34;16205
982;35;16237
982;36;16267
982;37;16271
982;38;16301
982;39;16325
982;40;16337
982;41;16343
982;42;16386
982;43;16388
982;44;16818
982;45;16838
982;46;16852
982;47;16857
982;48;16879
982;49;16890
982;50;16931
982;51;16955
982;52;16961
982;53;16983
982;54;17024
982;55;17033
982;56;17087
982;57;17093
982;58;17103
983;1;12772
983;2;13110
983;3;13224
983;4;13445
983;5;13519
983;6;13557
983;7;14090
983;8;14364
983;9;14435
983;10;14480
983;11;14681
983;12;14692
983;13;14818
983;14;14838
983;15;15018
983;16;15066
983;17;15342
983;18;15402
983;19;15442
983;20;15851
983;21;15964
983;22;16007
983;23;16108
983;24;16120
983;25;16138
983;26;16144
983;27;16160
983;28;16492
983;29;16495
983;30;16528
983;31;16590
983;32;16671
983;33;16681
983;34;16685
983;35;16737
983;36;16749
983;37;16790
983;38;16829
983;39;16903
983;40;16965
983;41;16974
983;42;16979
983;43;16993
983;44;17001
983;45;17046
983;46;17055
983;47;17063
983;48;17067
983;49;17077
983;50;17080
983;51;17084
983;52;17099
983;53;17101
983;54;17124
983;55;17135
983;56;17157
983;57;17179
983;58;17183
983;59;17206
983;60;17213
983;61;17218
983;62;17222
984;1;11769
984;2;12219
984;3;12587
984;4;13047
984;5;13204
984;6;13613
984;7;14196
984;8;14235
984;9;14708
984;10;14748
984;11;15120
984;12;15220
984;13;15232
984;14;15346
984;15;15836
984;16;15995
984;17;15999
984;18;16014
984;19;16016
984;20;16134
984;21;16231
984;22;16293
984;23;16326
984;24;16359
984;25;16367
984;26;16375
984;27;16388
984;28;16450
984;29;16503
984;30;16521
984;31;16522
984;32;16581
984;33;16601
984;34;16616
984;35;16625
984;36;16627
984;37;16641
984;38;16657
984;39;16666
984;40;16667
984;41;17136
984;42;17143
985;1;12800
985;2;12914
985;3;13218
985;4;13272
985;5;13314
985;6;13413
985;7;13825
985;8;13848
985;9;13924
985;10;14090
985;11;14112
985;12;14135
985;13;14447
985;14;14849
985;15;14853
985;16;14893
985;17;14895
985;18;14957
985;19;14989
985;20;15007
985;21;15015
985;22;15639
985;23;16031
985;24;16043
985;25;16065
985;26;16084
985;27;16126
985;28;16148
985;29;16161
985;30;16535
985;31;16573
985;32;16592
985;33;16600
985;34;16645
985;35;16694
985;36;16714
985;37;16738
985;38;16746
985;39;16790
985;40;16840
985;41;16855
985;42;16863
985;43;16865
985;44;16901
985;45;16937
985;46;16942
985;47;16961
985;48;16964
985;49;16973
985;50;16974
985;51;17012
985;52;17022
985;53;17025
985;54;17027
985;55;17040
985;56;17062
985;57;17081
985;58;17117
985;59;17134
985;60;17140
985;61;17162
985;62;17163
986;1;12541
986;2;12959
986;3;13449
986;4;13494
986;5;13678
986;6;13711
986;7;13865
986;8;13963
986;9;14528
986;10;14659
986;11;14679
986;12;14711
986;13;14855
986;14;15217
986;15;15597
986;16;15600
986;17;15676
986;18;15730
986;19;15855
986;20;15864
986;21;15896
986;22;16383
986;23;16403
986;24;16419
986;25;16439
986;26;16451
986;27;16753
986;28;16785
986;29;16807
986;30;16815
986;31;16830
986;32;16834
986;33;16851
986;34;16864
986;35;16914
986;36;16916
986;37;16926
986;38;16980
986;39;17003
986;40;17015
986;41;17024
986;42;17035
986;43;17097
986;44;17116
986;45;17138
986;46;17139
986;47;17149
987;1;12196
987;2;12709
987;3;13145
987;4;13477
987;5;13680
987;6;13812
987;7;13840
987;8;14307
987;9;14310
987;10;14876
987;11;14934
987;12;15358
987;13;15998
987;14;16107
987;15;16200
987;16;16249
987;17;16271
987;18;16485
987;19;16547
987;20;16643
987;21;16665
987;22;16673
987;23;16698
987;24;16739
987;25;16772
987;26;16781
987;27;16817
987;28;16862
987;29;16875
987;30;16877
987;31;16887
987;32;16912
987;33;16931
987;34;16939
987;35;16978
987;36;16982
987;37;16999
987;38;17018
987;39;17032
987;40;17052
987;41;17077
987;42;17083
987;43;17094
987;44;17097
987;45;17101
987;46;17116
987;47;17136
987;48;17176
987;49;17198
987;50;17202
987;51;17215
988;1;10809
988;2;11362
988;3;11903
988;4;12392
988;5;12446
988;6;12676
988;7;12721
988;8;12725
988;9;13134
988;10;13347
988;11;13847
988;12;13893
988;13;14517
988;14;14591
988;15;14653
988;16;15043
988;17;15079
988;18;15089
988;19;15442
988;20;15518
988;21;15537
988;22;15560
988;23;15610
988;24;15672
988;25;15693
988;26;15972
988;27;16062
988;28;16086
988;29;16142
988;30;16662
988;31;16672
988;32;16678
988;33;16726
988;34;16738
988;35;16760
988;36;16789
988;37;16835
988;38;16857
988;39;16877
988;40;16881
988;41;16895
988;42;16910
988;43;16981
988;44;16990
988;45;17002
988;46;17026
988;47;17040
988;48;17081
988;49;17091
988;50;17100
988;51;17108
988;52;17130
988;53;17137
988;54;17141
988;55;17160
988;56;17182
989;1;11212
989;2;11257
989;3;11859
989;4;12434
989;5;12476
989;6;12816
989;7;13369
989;8;13625
989;9;13626
989;10;13725
989;11;13749
989;12;14179
989;13;14187
989;14;14709
989;15;14767
989;16;15010
989;17;15016
989;18;15140
989;19;15410
989;20;15473
989;21;15487
989;22;15491
989;23;15522
989;24;15602
989;25;15610
989;26;16069
989;27;16092
989;28;16546
989;29;16566
989;30;16573
989;31;16609
989;32;16615
989;33;16649
989;34;16777
989;35;16818
989;36;16833
989;37;16887
989;38;16891
989;39;16896
989;40;16918
989;41;16934
989;42;16942
989;43;16983
989;44;16992
989;45;16993
989;46;17003
989;47;17022
989;48;17024
989;49;17064
989;50;17067
989;51;17107
989;52;17113
989;53;17135
989;54;17139
989;55;17156
989;56;17160
989;57;17161
989;58;17183
990;1;11636
990;2;11680
990;3;11702
990;4;12158
990;5;12196
990;6;12211
990;7;12651
990;8;13244
990;9;13352
990;10;13424
990;11;13937
990;12;14414
990;13;14425
990;14;14487
990;15;14721
990;16;14725
990;17;14747
990;18;14794
990;19;14813
990;20;14835
990;21;14911
990;22;15324
990;23;15346
990;24;15368
990;25;15401
990;26;15512
990;27;15522
990;28;15857
990;29;15927
990;30;15933
990;31;15936
990;32;16000
990;33;16047
990;34;16070
990;35;16103
990;36;16114
990;37;16146
990;38;16700
990;39;16728
990;40;16730
990;41;16746
990;42;16757
990;43;16825
990;44;16870
990;45;16882
990;46;16893
990;47;16897
990;48;16901
990;49;16913
990;50;16928
990;51;16951
990;52;16959
990;53;16971
990;54;17047
990;55;17053
990;56;17057
990;57;17080
990;58;17103
990;59;17111
990;60;17126
990;61;17138
990;62;17147
990;63;17149
990;64;17162
990;65;17166
990;66;17182
990;67;17186
990;68;17220
991;1;10929
991;2;11442
991;3;11580
991;4;11810
991;5;11868
991;6;11924
991;7;12364
991;8;12963
991;9;13469
991;10;13837
991;11;13912
991;12;14536
991;13;14889
991;14;14909
991;15;14977
991;16;14979
991;17;14983
991;18;15006
991;19;15254
991;20;15674
991;21;15680
991;22;15738
991;23;16174
991;24;16184
991;25;16458
991;26;16567
991;27;16617
991;28;16620
991;29;16696
991;30;16737
991;31;16751
991;32;16753
991;33;16847
991;34;16865
991;35;16928
991;36;16954
991;37;16964
991;38;17013
991;39;17028
991;40;17032
991;41;17054
991;42;17073
991;43;17075
991;44;17090
991;45;17106
991;46;17110
991;47;17117
991;48;17130
991;49;17139
991;50;17143
991;51;17146
991;52;17150
992;1;12027
992;2;12310
992;3;12724
992;4;13223
992;5;13334
992;6;13801
992;7;14200
992;8;14216
992;9;14309
992;10;14463
992;11;14852
992;12;14857
992;13;14995
992;14;15108
992;15;15162
992;16;15181
992;17;15581
992;18;15632
992;19;16046
992;20;16051
992;21;16068
992;22;16557
992;23;16611
992;24;16633
992;25;16634
992;26;16642
992;27;16644
992;28;16659
992;29;16661
992;30;16719
992;31;16722
992;32;16741
992;33;16745
992;34;16798
992;35;16839
992;36;16845
992;37;16867
992;38;16876
992;39;16886
992;40;16889
992;41;16896
992;42;16904
992;43;16914
992;44;16936
992;45;16996
992;46;17028
992;47;17050
992;48;17058
992;49;17068
992;50;17072
992;51;17087
992;52;17106
992;53;17110
992;54;17117
992;55;17127
992;56;17128
992;57;17135
992;58;17137
993;1;11905
993;2;11959
993;3;12290
993;4;12321
993;5;12733
993;6;13219
993;7;13244
993;8;13637
993;9;14175
993;10;14229
993;11;14358
993;12;14438
993;13;14457
993;14;14917
993;15;14960
993;16;15079
993;17;15083
993;18;15481
993;19;15579
993;20;15585
993;21;16144
993;22;16156
993;23;16574
993;24;16613
993;25;16663
993;26;16695
993;27;16743
993;28;16744
993;29;16753
993;30;16770
993;31;16772
993;32;16805
993;33;16809
993;34;16822
993;35;16828
993;36;16855
993;37;16870
993;38;16912
993;39;16918
993;40;16928
993;41;16944
993;42;16948
993;43;16956
993;44;16970
993;45;16977
993;46;16998
993;47;17013
993;48;17035
993;49;17037
993;50;17047
993;51;17062
993;52;17082
993;53;17101
993;54;17130
993;55;17152
993;56;17156
993;57;17171
993;58;17172
994;1;12046
994;2;12509
994;3;12638
994;4;12708
994;5;12784
994;6;13244
994;7;13252
994;8;13695
994;9;14033
994;10;14108
994;11;14505
994;12;14508
994;13;14535
994;14;14580
994;15;14914
994;16;14934
994;17;14936
994;18;14977
994;19;15085
994;20;15097
994;21;15150
994;22;15153
994;23;15186
994;24;15198
994;25;15232
994;26;15671
994;27;15725
994;28;16190
994;29;16193
994;30;16256
994;31;16273
994;32;16275
994;33;16765
994;34;16771
994;35;16779
994;36;16848
994;37;16857
994;38;16860
994;39;16919
994;40;16962
994;41;16984
994;42;16998
994;43;17032
994;44;17040
994;45;17062
994;46;17072
994;47;17081
994;48;17086
994;49;17093
995;1;13825
995;2;13856
995;3;14156
995;4;14312
995;5;14385
995;6;14459
995;7;14471
995;8;14818
995;9;14894
995;10;15129
995;11;15162
995;12;15202
995;13;15227
995;14;15235
995;15;15684
995;16;15695
995;17;16038
995;18;16093
995;19;16108
995;20;16117
995;21;16125
995;22;16135
995;23;16175
995;24;16186
995;25;16197
995;26;16267
995;27;16341
995;28;16363
995;29;16402
995;30;16907
995;31;16934
995;32;16951
995;33;16959
995;34;17027
995;35;17037
995;36;17087
995;37;17109
995;38;17113
995;39;17129
995;40;17142
996;1;11314
996;2;11773
996;3;12130
996;4;12187
996;5;12207
996;6;12594
996;7;12813
996;8;12821
996;9;12892
996;10;12913
996;11;12971
996;12;13430
996;13;13523
996;14;13599
996;15;13973
996;16;14539
996;17;14575
996;18;14990
996;19;15400
996;20;15418
996;21;15440
996;22;15445
996;23;15818
996;24;15872
996;25;15895
996;26;15916
996;27;15934
996;28;15951
996;29;15994
996;30;16027
996;31;16348
996;32;16356
996;33;16436
996;34;16446
996;35;16478
996;36;16533
996;37;16551
996;38;16569
996;39;16592
996;40;16617
996;41;16662
996;42;16684
996;43;16694
996;44;16734
996;45;16740
996;46;16742
996;47;16761
996;48;16790
996;49;16819
996;50;16905
996;51;16981
996;52;16992
996;53;16993
996;54;16997
996;55;17007
996;56;17029
996;57;17048
996;58;17071
996;59;17081
996;60;17103
997;1;12544
997;2;12564
997;3;13003
997;4;13311
997;5;13365
997;6;13743
997;7;14152
997;8;14188
997;9;14296
997;10;14367
997;11;14405
997;12;14603
997;13;14640
997;14;15139
997;15;15401
997;16;15412
997;17;15432
997;18;15779
997;19;15847
997;20;15965
997;21;15970
997;22;16020
997;23;16154
997;24;16541
997;25;16585
997;26;16600
997;27;16603
997;28;16635
997;29;16694
997;30;16716
997;31;16784
997;32;16806
997;33;16827
997;34;16837
997;35;16918
997;36;16945
997;37;16949
997;38;17003
997;39;17018
997;40;17043
997;41;17048
997;42;17051
997;43;17053
997;44;17067
997;45;17071
997;46;17115
997;47;17160
997;48;17170
997;49;17177
997;50;17181
998;1;13024
998;2;13047
998;3;13317
998;4;13816
998;5;14219
998;6;14318
998;7;14333
998;8;14409
998;9;14789
998;10;15003
998;11;15049
998;12;15072
998;13;15249
998;14;15303
998;15;15596
998;16;15621
998;17;15988
998;18;15991
998;19;16012
998;20;16135
998;21;16244
998;22;16665
998;23;16703
998;24;16757
998;25;16780
998;26;16798
998;27;16875
998;28;16883
998;29;16892
998;30;16905
998;31;16974
998;32;17021
998;33;17030
998;34;17045
998;35;17055
998;36;17108
998;37;17109
998;38;17124
998;39;17130
998;40;17137
998;41;17149
998;42;17171
998;43;17172
999;1;12020
999;2;12447
999;3;12913
999;4;13269
999;5;13779
999;6;13836
999;7;14355
999;8;14829
999;9;15304
999;10;15318
999;11;15678
999;12;16020
999;13;16042
999;14;16140
999;15;16642
999;16;16687
999;17;16738
999;18;16774
999;19;16791
999;20;16795
999;21;16834
999;22;16856
999;23;16858
999;24;16924
999;25;16992
999;26;17004
999;27;17040
999;28;17048
999;29;17052
999;30;17057
999;31;17061
999;32;17110
999;33;17132
999;34;17136
999;35;17164
999;36;17166
999;37;17170
999;38;17182
999;39;17186
1000;1;14416
1000;2;14872
1000;3;15348
1000;4;15821
1000;5;15857
1000;6;15865
1000;7;15923
1000;8;16001
1000;9;16409
1000;10;16435
1000;11;16453
1000;12;16462
1000;13;16503
1000;14;16571
1000;15;16577
1000;16;16599
1000;17;16675
1000;18;16695
1000;19;16717
1000;20;16771
1000;21;16787
1000;22;16810
1000;23;16846
1000;24;16866
1000;25;16889
1000;26;16925
1000;27;16929
1000;28;16944
1000;29;16945
1000;30;16967
1000;31;16991
1000;32;17033
1000;33;17055
1000;34;17067
1000;35;17077
1000;36;17088
1000;37;17092
1000;38;17102
1000;39;17125
1000;40;17135
1000;41;17154
1000;42;17178
1000;43;17193
1000;44;17212
1000;45;17213
1000;46;17217
