run_id;iteration;points
1;1;12037
1;2;12587
1;3;13162
1;4;13731
1;5;14302
1;6;14333
1;7;14844
1;8;14955
1;9;15553
1;10;16045
1;11;16140
1;12;16710
1;13;16728
1;14;17282
1;15;17302
1;16;17305
1;17;17311
1;18;17428
1;19;17440
1;20;17988
1;21;18432
1;22;18452
1;23;18565
1;24;18573
1;25;19065
1;26;19085
1;27;19150
1;28;19164
1;29;19185
1;30;19205
2;1;13172
2;2;13723
2;3;13734
2;4;13784
2;5;14435
2;6;15067
2;7;15525
2;8;15551
2;9;16081
2;10;16599
2;11;16630
2;12;16690
2;13;16708
2;14;17189
2;15;17306
2;16;17334
2;17;17643
2;18;17693
2;19;17758
2;20;18217
2;21;18277
2;22;18281
2;23;18372
2;24;18392
2;25;18410
2;26;18459
2;27;18487
2;28;18489
2;29;19035
2;30;19042
2;31;19051
2;32;19052
2;33;19106
2;34;19126
2;35;19135
3;1;11337
3;2;11888
3;3;12380
3;4;13003
3;5;13586
3;6;14108
3;7;14221
3;8;14797
3;9;14825
3;10;14866
3;11;15248
3;12;15283
3;13;15698
3;14;15797
3;15;15828
3;16;15849
3;17;15869
3;18;15986
3;19;16046
3;20;16621
3;21;17068
3;22;17102
3;23;17215
3;24;17329
3;25;17771
3;26;17812
3;27;18247
3;28;18360
3;29;18378
3;30;18406
3;31;18417
3;32;18443
3;33;18503
3;34;18523
3;35;18572
3;36;19007
3;37;19102
3;38;19135
4;1;12569
4;2;13210
4;3;13781
4;4;14212
4;5;14240
4;6;14281
4;7;14376
4;8;14999
4;9;15426
4;10;15977
4;11;16320
4;12;16433
4;13;16591
4;14;17160
4;15;17220
4;16;17238
4;17;17814
4;18;17834
4;19;17931
4;20;18045
4;21;18056
4;22;18076
4;23;18596
4;24;18627
4;25;19099
4;26;19146
4;27;19175
4;28;19195
4;29;19204
4;30;19205
4;31;19213
5;1;12781
5;2;13127
5;3;13649
5;4;13702
5;5;14194
5;6;14211
5;7;14229
5;8;14911
5;9;14940
5;10;15460
5;11;16036
5;12;16542
5;13;16573
5;14;16948
5;15;17563
5;16;17680
5;17;17777
5;18;17797
5;19;17825
5;20;17874
5;21;17921
5;22;17960
5;23;18510
5;24;18559
5;25;18600
5;26;19013
5;27;19077
5;28;19112
5;29;19155
6;1;13283
6;2;13396
6;3;13920
6;4;14461
6;5;14569
6;6;15171
6;7;15200
6;8;15563
6;9;15658
6;10;16091
6;11;16678
6;12;16791
6;13;16819
6;14;16848
6;15;17321
6;16;17438
6;17;18009
6;18;18338
6;19;18812
6;20;18830
6;21;18890
6;22;18918
6;23;18976
6;24;18996
6;25;18998
6;26;19057
6;27;19068
6;28;19086
6;29;19135
7;1;15040
7;2;15567
7;3;15678
7;4;16236
7;5;16349
7;6;16738
7;7;16896
7;8;16992
7;9;17398
7;10;17412
7;11;17525
7;12;17934
7;13;18045
7;14;18441
7;15;18836
7;16;18846
7;17;18872
7;18;18890
7;19;18985
7;20;19073
7;21;19121
7;22;19122
7;23;19133
7;24;19135
8;1;12223
8;2;12764
8;3;13362
8;4;13933
8;5;13964
8;6;14357
8;7;14474
8;8;14932
8;9;14991
8;10;15455
8;11;15580
8;12;16115
8;13;16464
8;14;17035
8;15;17056
8;16;17077
8;17;17084
8;18;17660
8;19;17785
8;20;17796
8;21;17831
8;22;17880
8;23;17940
8;24;18018
8;25;18049
8;26;18433
8;27;18875
8;28;18970
8;29;18998
8;30;19047
8;31;19104
8;32;19126
8;33;19127
8;34;19135
9;1;10015
9;2;10453
9;3;10995
9;4;11434
9;5;11435
9;6;11908
9;7;11968
9;8;12490
9;9;13061
9;10;13575
9;11;14126
9;12;14458
9;13;14476
9;14;14504
9;15;15079
9;16;15669
9;17;15728
9;18;16297
9;19;16789
9;20;16795
9;21;16824
9;22;16949
9;23;17060
9;24;17155
9;25;17272
9;26;17735
9;27;17759
9;28;17788
9;29;17885
9;30;17916
9;31;18390
9;32;18868
9;33;18879
9;34;18911
9;35;18923
9;36;18982
9;37;19042
9;38;19060
9;39;19079
9;40;19089
9;41;19104
9;42;19124
9;43;19140
9;44;19159
9;45;19167
9;46;19168
9;47;19188
9;48;19211
9;49;19213
10;1;14014
10;2;14541
10;3;15139
10;4;15674
10;5;16181
10;6;16201
10;7;16750
10;8;17263
10;9;17294
10;10;17376
10;11;17397
10;12;17871
10;13;17920
10;14;17937
10;15;17948
10;16;18026
10;17;18470
10;18;18962
10;19;19040
10;20;19090
10;21;19110
10;22;19127
11;1;12697
11;2;12746
11;3;13297
11;4;13315
11;5;13862
11;6;14384
11;7;14847
11;8;14873
11;9;15365
11;10;15967
11;11;16075
11;12;16662
11;13;17230
11;14;17343
11;15;17919
11;16;17950
11;17;18329
11;18;18446
11;19;18955
11;20;19014
11;21;19083
11;22;19104
11;23;19105
11;24;19127
12;1;12847
12;2;13202
12;3;13792
12;4;14361
12;5;14425
12;6;15086
12;7;15097
12;8;15192
12;9;15522
12;10;15614
12;11;16148
12;12;16189
12;13;16804
12;14;16835
12;15;16949
12;16;17387
12;17;17465
12;18;17514
12;19;17986
12;20;18003
12;21;18041
12;22;18084
12;23;18660
12;24;19039
12;25;19044
12;26;19092
12;27;19113
12;28;19124
12;29;19141
12;30;19161
12;31;19204
12;32;19205
13;1;10915
13;2;11455
13;3;11919
13;4;12470
13;5;12949
13;6;13564
13;7;13652
13;8;13706
13;9;13755
13;10;13786
13;11;14355
13;12;14942
13;13;15055
13;14;15678
13;15;15922
13;16;16524
13;17;16641
13;18;17302
13;19;17692
13;20;17724
13;21;17773
13;22;18348
13;23;18407
13;24;18937
13;25;18942
13;26;19035
13;27;19056
13;28;19076
13;29;19093
13;30;19111
13;31;19115
13;32;19126
13;33;19155
14;1;12913
14;2;13405
14;3;13459
14;4;13572
14;5;14108
14;6;14683
14;7;15158
14;8;15169
14;9;15595
14;10;16171
14;11;16179
14;12;16766
14;13;16883
14;14;17323
14;15;17419
14;16;17892
14;17;18553
14;18;18952
14;19;19065
14;20;19095
14;21;19098
14;22;19115
14;23;19127
15;1;9947
15;2;10421
15;3;11011
15;4;11562
15;5;12177
15;6;12786
15;7;12812
15;8;12830
15;9;12858
15;10;13445
15;11;13494
15;12;13946
15;13;14516
15;14;15067
15;15;15638
15;16;16218
15;17;16765
15;18;17305
15;19;17713
15;20;17734
15;21;18259
15;22;18318
15;23;18435
15;24;18472
15;25;18492
15;26;18527
15;27;18556
15;28;18605
15;29;18997
15;30;19057
15;31;19125
15;32;19175
15;33;19185
15;34;19205
15;35;19213
16;1;13429
16;2;13893
16;3;14480
16;4;15078
16;5;15107
16;6;15654
16;7;15682
16;8;16257
16;9;16715
16;10;17164
16;11;17567
16;12;18157
16;13;18559
16;14;18672
16;15;18731
16;16;18751
16;17;18763
16;18;18876
16;19;18971
16;20;18992
16;21;18996
16;22;19049
16;23;19109
16;24;19179
16;25;19185
16;26;19205
16;27;19213
17;1;13388
17;2;13958
17;3;14431
17;4;14556
17;5;15030
17;6;15504
17;7;15964
17;8;16318
17;9;16349
17;10;16369
17;11;16387
17;12;16395
17;13;16449
17;14;17036
17;15;17147
17;16;17264
17;17;17266
17;18;17344
17;19;17800
17;20;18229
17;21;18342
17;22;18350
17;23;18467
17;24;18527
17;25;18990
17;26;19081
17;27;19110
17;28;19129
17;29;19188
17;30;19191
17;31;19193
17;32;19205
18;1;12163
18;2;12222
18;3;12263
18;4;12393
18;5;12963
18;6;13509
18;7;13892
18;8;14384
18;9;14475
18;10;14997
18;11;15587
18;12;16123
18;13;16140
18;14;16218
18;15;16725
18;16;16736
18;17;16764
18;18;17244
18;19;17294
18;20;17699
18;21;18173
18;22;18268
18;23;18381
18;24;18431
18;25;18435
18;26;18496
18;27;18505
18;28;18523
18;29;18534
18;30;18569
18;31;18628
18;32;18630
18;33;18650
18;34;19046
18;35;19067
18;36;19162
18;37;19170
18;38;19171
18;39;19193
18;40;19205
19;1;13694
19;2;14292
19;3;14320
19;4;14445
19;5;14987
19;6;15514
19;7;15622
19;8;16114
19;9;16737
19;10;17171
19;11;17758
19;12;17828
19;13;17857
19;14;18311
19;15;18682
19;16;18765
19;17;18821
19;18;18880
19;19;18915
19;20;18923
19;21;19048
19;22;19069
19;23;19129
19;24;19133
19;25;19135
20;1;13177
20;2;13746
20;3;13758
20;4;13789
20;5;14259
20;6;14806
20;7;15404
20;8;15521
20;9;15542
20;10;15804
20;11;15811
20;12;15872
20;13;15967
20;14;16084
20;15;16086
20;16;16197
20;17;16716
20;18;16737
20;19;16745
20;20;16809
20;21;16839
20;22;16857
20;23;17254
20;24;17282
20;25;17331
20;26;17426
20;27;17512
20;28;17532
20;29;18108
20;30;18434
20;31;18488
20;32;19057
20;33;19135
20;34;19194
20;35;19205
20;36;19213
21;1;11674
21;2;11700
21;3;12251
21;4;12255
21;5;12804
21;6;13317
21;7;13413
21;8;13462
21;9;13997
21;10;14471
21;11;15061
21;12;15722
21;13;15839
21;14;16361
21;15;16912
21;16;17488
21;17;17920
21;18;17998
21;19;18022
21;20;18401
21;21;18412
21;22;18507
21;23;18620
21;24;19109
21;25;19138
21;26;19151
21;27;19162
21;28;19164
22;1;12700
22;2;12729
22;3;13300
22;4;13738
22;5;14328
22;6;14901
22;7;15477
22;8;15990
22;9;16107
22;10;16166
22;11;16215
22;12;16785
22;13;17325
22;14;17335
22;15;17413
22;16;17431
22;17;17491
22;18;17888
22;19;17903
22;20;17952
22;21;18011
22;22;18031
22;23;18126
22;24;18652
22;25;18653
22;26;18685
22;27;18696
22;28;19042
22;29;19044
22;30;19092
22;31;19110
22;32;19187
22;33;19188
22;34;19190
22;35;19205
23;1;14219
23;2;14278
23;3;14854
23;4;15328
23;5;15453
23;6;16000
23;7;16564
23;8;17039
23;9;17074
23;10;17643
23;11;17671
23;12;17692
23;13;17805
23;14;18283
23;15;18293
23;16;18786
23;17;18897
23;18;18932
23;19;18963
23;20;19023
23;21;19082
23;22;19100
23;23;19104
23;24;19106
23;25;19126
23;26;19127
23;27;19135
24;1;11647
24;2;12171
24;3;12691
24;4;12717
24;5;13293
24;6;13321
24;7;13890
24;8;14382
24;9;15064
24;10;15068
24;11;15099
24;12;15224
24;13;15640
24;14;16162
24;15;16665
24;16;17252
24;17;17347
24;18;17357
24;19;17871
24;20;17886
24;21;17972
24;22;18001
24;23;18013
24;24;18487
24;25;18498
24;26;18554
24;27;18562
24;28;18612
24;29;19044
24;30;19075
24;31;19096
24;32;19100
24;33;19122
24;34;19161
24;35;19172
24;36;19181
24;37;19204
24;38;19205
24;39;19213
25;1;15534
25;2;16118
25;3;16666
25;4;17158
25;5;17253
25;6;17763
25;7;17781
25;8;17894
25;9;18392
25;10;18487
25;11;18943
25;12;18964
25;13;18992
25;14;19059
25;15;19108
25;16;19128
25;17;19161
25;18;19204
25;19;19205
26;1;10904
26;2;11396
26;3;11416
26;4;11967
26;5;12058
26;6;12175
26;7;12225
26;8;12772
26;9;13343
26;10;13901
26;11;14421
26;12;15007
26;13;15363
26;14;15941
26;15;16058
26;16;16569
26;17;16600
26;18;16620
26;19;17225
26;20;17271
26;21;17847
26;22;17897
26;23;18022
26;24;18437
26;25;18978
26;26;19023
26;27;19140
26;28;19141
26;29;19171
26;30;19213
27;1;12632
27;2;13047
27;3;13662
27;4;14154
27;5;14267
27;6;14857
27;7;14875
27;8;15311
27;9;15326
27;10;15385
27;11;15424
27;12;15520
27;13;16047
27;14;16068
27;15;16226
27;16;16564
27;17;16590
27;18;16704
27;19;16735
27;20;17306
27;21;17327
27;22;17347
27;23;17358
27;24;17365
27;25;17424
27;26;17989
27;27;18450
27;28;18984
27;29;19078
27;30;19096
27;31;19107
27;32;19127
27;33;19136
28;1;14217
28;2;14228
28;3;14798
28;4;14822
28;5;14900
28;6;15532
28;7;15536
28;8;16105
28;9;16136
28;10;16164
28;11;16627
28;12;16656
28;13;16705
28;14;17222
28;15;17272
28;16;17290
28;17;17838
28;18;18294
28;19;18382
28;20;18825
28;21;18875
28;22;18975
28;23;18986
28;24;19014
28;25;19040
28;26;19100
28;27;19113
28;28;19133
28;29;19135
29;1;10037
29;2;10145
29;3;10550
29;4;11012
29;5;11123
29;6;11588
29;7;12110
29;8;12656
29;9;13113
29;10;13134
29;11;13739
29;12;13791
29;13;14389
29;14;14881
29;15;15471
29;16;15974
29;17;16525
29;18;16587
29;19;16618
29;20;16731
29;21;16732
29;22;16786
29;23;17361
29;24;17914
29;25;17935
29;26;17940
29;27;18477
29;28;18568
29;29;18906
29;30;18959
29;31;19012
29;32;19061
29;33;19121
29;34;19129
29;35;19133
29;36;19135
30;1;15143
30;2;15192
30;3;15220
30;4;15729
30;5;16190
30;6;16645
30;7;16683
30;8;16689
30;9;16761
30;10;17217
30;11;17252
30;12;17301
30;13;17418
30;14;17438
30;15;17453
30;16;17488
30;17;17961
30;18;18031
30;19;18494
30;20;18496
30;21;18534
30;22;19043
30;23;19073
30;24;19084
30;25;19110
30;26;19143
30;27;19155
31;1;8024
31;2;8575
31;3;9151
31;4;9691
31;5;10215
31;6;10762
31;7;10876
31;8;10896
31;9;11328
31;10;11346
31;11;11944
31;12;12457
31;13;13047
31;14;13511
31;15;13570
31;16;14157
31;17;14253
31;18;14655
31;19;15206
31;20;15247
31;21;15360
31;22;15485
31;23;15978
31;24;16007
31;25;16165
31;26;16167
31;27;16189
31;28;16701
31;29;16761
31;30;16820
31;31;16849
31;32;17261
31;33;17693
31;34;18160
31;35;18273
31;36;18331
31;37;18347
31;38;18378
31;39;18385
31;40;18463
31;41;18815
31;42;18898
31;43;19011
31;44;19039
31;45;19070
31;46;19134
31;47;19139
31;48;19148
31;49;19150
31;50;19193
31;51;19205
32;1;11502
32;2;12100
32;3;12414
32;4;12950
32;5;13045
32;6;13071
32;7;13120
32;8;13696
32;9;14286
32;10;14444
32;11;14995
32;12;15444
32;13;16020
32;14;16134
32;15;16607
32;16;16618
32;17;17192
32;18;17309
32;19;17643
32;20;17703
32;21;17731
32;22;17734
32;23;17755
32;24;17773
32;25;17853
32;26;18287
32;27;18383
32;28;18498
32;29;18993
32;30;18999
32;31;19014
32;32;19040
32;33;19051
32;34;19053
32;35;19088
32;36;19091
32;37;19103
32;38;19112
32;39;19130
32;40;19135
32;41;19139
32;42;19141
32;43;19161
32;44;19184
32;45;19204
32;46;19213
33;1;11766
33;2;12288
33;3;12863
33;4;12869
33;5;13396
33;6;13931
33;7;14434
33;8;15010
33;9;15106
33;10;15682
33;11;15711
33;12;16129
33;13;16242
33;14;16262
33;15;16800
33;16;16830
33;17;17322
33;18;17844
33;19;17952
33;20;18431
33;21;18481
33;22;18499
33;23;18577
33;24;19058
33;25;19118
33;26;19126
33;27;19136
34;1;12141
34;2;12694
34;3;12852
34;4;13428
34;5;13955
34;6;13966
34;7;14440
34;8;15015
34;9;15411
34;10;15429
34;11;16005
34;12;16541
34;13;16590
34;14;16608
34;15;16637
34;16;17140
34;17;17218
34;18;17246
34;19;17277
34;20;17677
34;21;17731
34;22;18132
34;23;18149
34;24;18226
34;25;18322
34;26;18447
34;27;18518
34;28;18585
34;29;18626
34;30;19100
34;31;19109
34;32;19125
34;33;19184
34;34;19204
34;35;19213
35;1;15121
35;2;15596
35;3;16069
35;4;16118
35;5;16592
35;6;17190
35;7;17236
35;8;17349
35;9;17360
35;10;17810
35;11;18074
35;12;18170
35;13;18199
35;14;18258
35;15;18286
35;16;18307
35;17;18410
35;18;18439
35;19;18450
35;20;18563
35;21;18604
35;22;18611
35;23;18640
35;24;18649
35;25;18669
35;26;19126
35;27;19135
36;1;11615
36;2;12102
36;3;12516
36;4;12545
36;5;13206
36;6;13232
36;7;13327
36;8;13925
36;9;13945
36;10;14023
36;11;14570
36;12;15061
36;13;15090
36;14;15614
36;15;16093
36;16;16472
36;17;17011
36;18;17124
36;19;17145
36;20;17664
36;21;17684
36;22;17725
36;23;17821
36;24;17847
36;25;17938
36;26;17987
36;27;18343
36;28;18410
36;29;18421
36;30;18424
36;31;18506
36;32;18524
36;33;18528
36;34;18967
36;35;19062
36;36;19073
36;37;19075
36;38;19093
36;39;19111
36;40;19112
36;41;19127
37;1;14641
37;2;15216
37;3;15276
37;4;15827
37;5;16230
37;6;16672
37;7;17119
37;8;17230
37;9;17644
37;10;17757
37;11;18270
37;12;18338
37;13;18356
37;14;18391
37;15;18420
37;16;18441
37;17;18470
37;18;19016
37;19;19020
37;20;19049
37;21;19060
37;22;19074
37;23;19103
37;24;19112
37;25;19114
37;26;19126
38;1;11061
38;2;11447
38;3;11497
38;4;12101
38;5;12620
38;6;13137
38;7;13155
38;8;13731
38;9;14306
38;10;14337
38;11;14914
38;12;14924
38;13;14959
38;14;15279
38;15;15830
38;16;15879
38;17;15900
38;18;16011
38;19;16099
38;20;16670
38;21;16672
38;22;16696
38;23;16714
38;24;17304
38;25;17351
38;26;17881
38;27;18277
38;28;18298
38;29;18316
38;30;18411
38;31;18465
38;32;18909
38;33;18929
38;34;18936
38;35;19053
38;36;19096
38;37;19105
38;38;19126
38;39;19135
39;1;12050
39;2;12584
39;3;13153
39;4;13724
39;5;13841
39;6;13861
39;7;13872
39;8;14412
39;9;14927
39;10;15419
39;11;15968
39;12;15988
39;13;16510
39;14;17108
39;15;17553
39;16;17664
39;17;17693
39;18;17695
39;19;17791
39;20;18293
39;21;18384
39;22;18404
39;23;18443
39;24;18463
39;25;18551
39;26;18600
39;27;18601
39;28;18636
39;29;19062
39;30;19063
39;31;19130
39;32;19140
39;33;19162
39;34;19205
39;35;19213
40;1;11615
40;2;12202
40;3;12256
40;4;12888
40;5;13368
40;6;13464
40;7;13523
40;8;14113
40;9;14537
40;10;14565
40;11;14594
40;12;15020
40;13;15366
40;14;15981
40;15;16454
40;16;16472
40;17;16579
40;18;16667
40;19;17126
40;20;17144
40;21;17655
40;22;17661
40;23;17679
40;24;17719
40;25;17814
40;26;17821
40;27;17839
40;28;18273
40;29;18345
40;30;18386
40;31;18468
40;32;18990
40;33;19025
40;34;19039
40;35;19074
40;36;19086
40;37;19117
40;38;19135
40;39;19136
41;1;11187
41;2;11722
41;3;12115
41;4;12705
41;5;13204
41;6;13572
41;7;14132
41;8;14150
41;9;14814
41;10;15371
41;11;15986
41;12;16502
41;13;16531
41;14;17023
41;15;17610
41;16;17628
41;17;18101
41;18;18152
41;19;18178
41;20;18286
41;21;18335
41;22;18366
41;23;18401
41;24;18463
41;25;18522
41;26;18523
41;27;18527
41;28;19061
41;29;19081
41;30;19099
41;31;19177
41;32;19179
41;33;19190
41;34;19194
41;35;19205
42;1;12207
42;2;12208
42;3;12321
42;4;12841
42;5;13392
42;6;13771
42;7;13778
42;8;13895
42;9;14195
42;10;14254
42;11;14859
42;12;15281
42;13;15335
42;14;15448
42;15;15606
42;16;16193
42;17;16561
42;18;16674
42;19;16791
42;20;16840
42;21;16874
42;22;16883
42;23;16968
42;24;17460
42;25;17814
42;26;17832
42;27;18295
42;28;18406
42;29;18465
42;30;18525
42;31;19034
42;32;19056
42;33;19057
42;34;19068
42;35;19127
43;1;15058
43;2;15488
43;3;15508
43;4;15625
43;5;16227
43;6;16762
43;7;17226
43;8;17261
43;9;17836
43;10;18405
43;11;18500
43;12;18940
43;13;18975
43;14;19024
43;15;19035
43;16;19095
43;17;19109
43;18;19133
43;19;19161
43;20;19168
43;21;19169
43;22;19171
43;23;19185
43;24;19205
44;1;13086
44;2;13199
44;3;13814
44;4;14389
44;5;14979
44;6;14999
44;7;15094
44;8;15630
44;9;16111
44;10;16122
44;11;16239
44;12;16268
44;13;16836
44;14;16927
44;15;17469
44;16;18045
44;17;18560
44;18;18973
44;19;18995
44;20;19018
44;21;19053
44;22;19112
44;23;19126
45;1;12610
45;2;13068
45;3;13644
45;4;14136
45;5;14662
45;6;14716
45;7;15230
45;8;15259
45;9;15864
45;10;15882
45;11;15900
45;12;16427
45;13;16816
45;14;17363
45;15;17394
45;16;17502
45;17;17537
45;18;17563
45;19;17569
45;20;17581
45;21;17672
45;22;18094
45;23;18205
45;24;18264
45;25;18293
45;26;18410
45;27;18880
45;28;18898
45;29;18976
45;30;19093
45;31;19110
45;32;19113
45;33;19115
45;34;19127
46;1;12707
46;2;13229
46;3;13648
46;4;13743
46;5;14294
46;6;14402
46;7;14821
46;8;15390
46;9;15992
46;10;16105
46;11;16419
46;12;16544
46;13;16661
46;14;17236
46;15;17296
46;16;17734
46;17;17752
46;18;17755
46;19;17771
46;20;18163
46;21;18192
46;22;18317
46;23;18321
46;24;18339
46;25;18374
46;26;18433
46;27;18437
46;28;18865
46;29;18945
46;30;18963
46;31;19012
46;32;19055
46;33;19088
46;34;19101
46;35;19121
46;36;19122
46;37;19133
46;38;19211
46;39;19213
47;1;14150
47;2;14721
47;3;15213
47;4;15782
47;5;16358
47;6;17019
47;7;17037
47;8;17143
47;9;17665
47;10;18172
47;11;18232
47;12;18291
47;13;18320
47;14;18369
47;15;18389
47;16;18484
47;17;18513
47;18;19029
47;19;19055
47;20;19088
47;21;19109
47;22;19111
47;23;19126
47;24;19155
48;1;10576
48;2;11051
48;3;11543
48;4;12166
48;5;12225
48;6;12840
48;7;13367
48;8;13481
48;9;14057
48;10;14495
48;11;14531
48;12;15082
48;13;15141
48;14;15573
48;15;16076
48;16;16154
48;17;16437
48;18;16961
48;19;17057
48;20;17170
48;21;17181
48;22;17202
48;23;17319
48;24;17638
48;25;18090
48;26;18631
48;27;18768
48;28;18794
48;29;18908
48;30;18929
48;31;18950
48;32;18953
48;33;19066
48;34;19069
48;35;19078
48;36;19086
48;37;19097
48;38;19098
48;39;19106
48;40;19118
48;41;19127
49;1;12537
49;2;12650
49;3;13219
49;4;13790
49;5;14115
49;6;14717
49;7;15252
49;8;15338
49;9;15455
49;10;15846
49;11;16349
49;12;16377
49;13;16405
49;14;16454
49;15;16612
49;16;16662
49;17;16729
49;18;17068
49;19;17644
49;20;17761
49;21;17828
49;22;17839
49;23;17952
49;24;17965
49;25;17976
49;26;18007
49;27;18042
49;28;18053
49;29;18073
49;30;18420
49;31;18421
49;32;18470
49;33;18565
49;34;18583
49;35;18609
49;36;19111
49;37;19163
49;38;19193
49;39;19204
49;40;19205
49;41;19213
50;1;11354
50;2;11969
50;3;12538
50;4;13030
50;5;13653
50;6;13766
50;7;14280
50;8;14827
50;9;15368
50;10;15398
50;11;15949
50;12;16468
50;13;16503
50;14;16930
50;15;17044
50;16;17161
50;17;17288
50;18;17299
50;19;17822
50;20;17857
50;21;17868
50;22;17899
50;23;17948
50;24;18440
50;25;18475
50;26;18880
50;27;18903
50;28;18932
50;29;18938
50;30;18997
50;31;19011
50;32;19013
50;33;19031
50;34;19066
50;35;19085
50;36;19086
50;37;19127
50;38;19136
51;1;11728
51;2;11845
51;3;12381
51;4;12951
51;5;13490
51;6;13942
51;7;14407
51;8;14983
51;9;15032
51;10;15061
51;11;15666
51;12;16104
51;13;16195
51;14;16521
51;15;16638
51;16;16965
51;17;16987
51;18;17002
51;19;17110
51;20;17128
51;21;17241
51;22;17301
51;23;17329
51;24;17348
51;25;17828
51;26;17845
51;27;17852
51;28;17881
51;29;18496
51;30;18779
51;31;18893
51;32;18938
51;33;18997
51;34;19008
51;35;19028
51;36;19044
51;37;19045
51;38;19104
51;39;19109
51;40;19111
51;41;19114
51;42;19126
52;1;13805
52;2;14345
52;3;14869
52;4;15420
52;5;15438
52;6;15471
52;7;15482
52;8;15995
52;9;16023
52;10;16502
52;11;16615
52;12;16706
52;13;16712
52;14;16740
52;15;17265
52;16;17325
52;17;17940
52;18;18372
52;19;18393
52;20;18467
52;21;18487
52;22;18578
52;23;19059
52;24;19088
52;25;19098
52;26;19147
52;27;19207
52;28;19211
52;29;19213
53;1;12789
53;2;12820
53;3;13247
53;4;13761
53;5;14288
53;6;14385
53;7;14481
53;8;14510
53;9;14531
53;10;14581
53;11;15051
53;12;15619
53;13;15650
53;14;15660
53;15;16166
53;16;16693
53;17;16743
53;18;17213
53;19;17338
53;20;17747
53;21;17797
53;22;17801
53;23;17860
53;24;18204
53;25;18300
53;26;18321
53;27;18416
53;28;18501
53;29;18530
53;30;18558
53;31;19099
53;32;19125
53;33;19127
53;34;19135
53;35;19142
53;36;19147
53;37;19190
53;38;19205
54;1;11881
54;2;12450
54;3;12864
54;4;13462
54;5;13496
54;6;14031
54;7;14636
54;8;14744
54;9;15219
54;10;15806
54;11;16436
54;12;16467
54;13;16562
54;14;16992
54;15;17558
54;16;17589
54;17;17684
54;18;18193
54;19;18215
54;20;18326
54;21;18908
54;22;18968
54;23;18973
54;24;18997
54;25;19014
54;26;19110
54;27;19122
54;28;19125
54;29;19155
54;30;19204
54;31;19205
54;32;19213
55;1;13938
55;2;14451
55;3;14576
55;4;15147
55;5;15716
55;6;15807
55;7;16383
55;8;16952
55;9;17476
55;10;17571
55;11;17597
55;12;17688
55;13;17770
55;14;18339
55;15;18820
55;16;18838
55;17;18864
55;18;18879
55;19;18894
55;20;18905
55;21;19001
55;22;19027
55;23;19086
55;24;19159
55;25;19170
55;26;19181
55;27;19194
55;28;19205
56;1;11924
56;2;12399
56;3;12738
56;4;12773
56;5;13405
56;6;13981
56;7;14473
56;8;14598
56;9;15138
56;10;15187
56;11;15246
56;12;15774
56;13;16062
56;14;16170
56;15;16261
56;16;16687
56;17;17209
56;18;17219
56;19;17227
56;20;17264
56;21;17359
56;22;17864
56;23;17892
56;24;17910
56;25;17988
56;26;18038
56;27;18544
56;28;18564
56;29;18623
56;30;18634
56;31;19069
56;32;19105
56;33;19164
56;34;19193
56;35;19205
57;1;12829
57;2;13346
57;3;13922
57;4;14378
57;5;14491
57;6;14966
57;7;15025
57;8;15504
57;9;15892
57;10;16333
57;11;16411
57;12;16461
57;13;16531
57;14;17044
57;15;17062
57;16;17723
57;17;17743
57;18;18348
57;19;18379
57;20;18398
57;21;18473
57;22;18586
57;23;19019
57;24;19047
57;25;19105
57;26;19112
57;27;19171
57;28;19205
58;1;13140
58;2;13763
58;3;13812
58;4;14363
58;5;14837
58;6;14932
58;7;15472
58;8;15554
58;9;16041
58;10;16125
58;11;16672
58;12;17163
58;13;17280
58;14;17309
58;15;17703
58;16;17816
58;17;18249
58;18;18298
58;19;18328
58;20;18396
58;21;18416
58;22;18486
58;23;18498
58;24;18520
58;25;18534
58;26;18564
58;27;18599
58;28;18998
58;29;19060
58;30;19119
58;31;19168
58;32;19211
58;33;19213
59;1;10529
59;2;10983
59;3;11570
59;4;12139
59;5;12253
59;6;12777
59;7;12805
59;8;13278
59;9;13696
59;10;14201
59;11;14772
59;12;15187
59;13;15300
59;14;15329
59;15;15821
59;16;15881
59;17;15902
59;18;16013
59;19;16263
59;20;16274
59;21;16850
59;22;16963
59;23;17020
59;24;17069
59;25;17160
59;26;17750
59;27;18256
59;28;18287
59;29;18369
59;30;18429
59;31;18951
59;32;18960
59;33;19009
59;34;19059
59;35;19079
59;36;19100
59;37;19105
59;38;19108
59;39;19112
59;40;19113
59;41;19115
59;42;19127
60;1;13133
60;2;13244
60;3;13874
60;4;14443
60;5;14476
60;6;14507
60;7;15041
60;8;15533
60;9;16104
60;10;16673
60;11;17107
60;12;17663
60;13;18253
60;14;18780
60;15;18829
60;16;18830
60;17;18943
60;18;18947
60;19;19003
60;20;19120
60;21;19179
60;22;19190
60;23;19202
60;24;19213
61;1;11012
61;2;11137
61;3;11726
61;4;12170
61;5;12697
61;6;12712
61;7;12761
61;8;13359
61;9;13377
61;10;13930
61;11;14431
61;12;14481
61;13;14973
61;14;14993
61;15;15562
61;16;16021
61;17;16052
61;18;16080
61;19;16109
61;20;16167
61;21;16251
61;22;16694
61;23;16753
61;24;16802
61;25;16837
61;26;16852
61;27;17160
61;28;17163
61;29;17212
61;30;17320
61;31;17338
61;32;17368
61;33;17371
61;34;17427
61;35;17486
61;36;17600
61;37;18146
61;38;18407
61;39;18465
61;40;18476
61;41;18521
61;42;18571
61;43;19027
61;44;19105
61;45;19114
61;46;19140
61;47;19164
62;1;13785
62;2;14355
62;3;14469
62;4;14910
62;5;15515
62;6;15632
62;7;15663
62;8;15681
62;9;16182
62;10;16208
62;11;16678
62;12;16756
62;13;16870
62;14;17280
62;15;17676
62;16;17705
62;17;17801
62;18;17914
62;19;18512
62;20;18523
62;21;18583
62;22;18589
62;23;19115
62;24;19136
63;1;13224
63;2;13793
63;3;14217
63;4;14248
63;5;14325
63;6;14839
63;7;14870
63;8;15362
63;9;15469
63;10;15586
63;11;15636
63;12;16113
63;13;16144
63;14;16257
63;15;16833
63;16;17368
63;17;17802
63;18;17872
63;19;17898
63;20;17933
63;21;17992
63;22;18488
63;23;18542
63;24;18636
63;25;19121
63;26;19141
63;27;19184
63;28;19187
63;29;19207
63;30;19213
64;1;12690
64;2;12711
64;3;13280
64;4;13878
64;5;13927
64;6;14503
64;7;14529
64;8;15104
64;9;15129
64;10;15200
64;11;15513
64;12;15541
64;13;15567
64;14;16114
64;15;16173
64;16;16582
64;17;17158
64;18;17187
64;19;17212
64;20;17262
64;21;17282
64;22;17341
64;23;17822
64;24;17833
64;25;17845
64;26;17970
64;27;18012
64;28;18418
64;29;18509
64;30;18518
64;31;18554
64;32;19044
64;33;19045
64;34;19067
64;35;19102
64;36;19161
64;37;19204
64;38;19213
65;1;14180
65;2;14293
65;3;14383
65;4;14914
65;5;15461
65;6;15511
65;7;15529
65;8;15646
65;9;15994
65;10;16025
65;11;16601
65;12;17051
65;13;17086
65;14;17145
65;15;17176
65;16;17797
65;17;17914
65;18;17968
65;19;18327
65;20;18422
65;21;18533
65;22;18554
65;23;18565
65;24;18573
65;25;18970
65;26;19030
65;27;19051
65;28;19063
65;29;19072
65;30;19083
65;31;19113
65;32;19133
65;33;19211
65;34;19213
66;1;13051
66;2;13159
66;3;13820
66;4;14425
66;5;14994
66;6;15545
66;7;16093
66;8;16139
66;9;16638
66;10;16734
66;11;17122
66;12;17153
66;13;17181
66;14;17768
66;15;17809
66;16;17891
66;17;18444
66;18;18511
66;19;18518
66;20;18577
66;21;18966
66;22;19032
66;23;19036
66;24;19075
66;25;19091
66;26;19095
66;27;19141
66;28;19143
66;29;19155
67;1;15535
67;2;16086
67;3;16117
67;4;16644
67;5;16739
67;6;17309
67;7;17420
67;8;17453
67;9;17464
67;10;17828
67;11;17887
67;12;17937
67;13;17972
67;14;18000
67;15;18499
67;16;18525
67;17;18545
67;18;18969
67;19;19036
67;20;19050
67;21;19065
67;22;19076
67;23;19085
67;24;19144
67;25;19164
67;26;19170
67;27;19213
68;1;12809
68;2;13356
68;3;13971
68;4;14396
68;5;14861
68;6;14972
68;7;15467
68;8;16036
68;9;16103
68;10;16633
68;11;16654
68;12;17108
68;13;17117
68;14;17498
68;15;17514
68;16;17609
68;17;17631
68;18;17722
68;19;18097
68;20;18699
68;21;18824
68;22;18828
68;23;18830
68;24;18850
68;25;18899
68;26;18945
68;27;19053
68;28;19103
68;29;19155
69;1;14832
69;2;14922
69;3;14972
69;4;15382
69;5;15507
69;6;15535
69;7;15594
69;8;16072
69;9;16594
69;10;16629
69;11;16678
69;12;17163
69;13;17181
69;14;17529
69;15;18144
69;16;18150
69;17;18178
69;18;18207
69;19;18238
69;20;18266
69;21;18379
69;22;18417
69;23;18440
69;24;18535
69;25;18557
69;26;18571
69;27;18591
69;28;18640
69;29;19117
69;30;19152
69;31;19170
69;32;19204
69;33;19205
70;1;11696
70;2;12218
70;3;12710
70;4;12739
70;5;13308
70;6;13422
70;7;13482
70;8;13989
70;9;14272
70;10;14307
70;11;14937
70;12;15446
70;13;15524
70;14;15559
70;15;15570
70;16;15599
70;17;16174
70;18;16542
70;19;16642
70;20;16755
70;21;16851
70;22;17183
70;23;17668
70;24;18283
70;25;18289
70;26;18403
70;27;18442
70;28;18463
70;29;18482
70;30;18487
70;31;18546
70;32;18557
70;33;19066
70;34;19126
70;35;19135
71;1;12261
71;2;12831
71;3;12859
71;4;13373
71;5;13944
71;6;14471
71;7;14966
71;8;15001
71;9;15552
71;10;16065
71;11;16108
71;12;16582
71;13;17165
71;14;17193
71;15;17780
71;16;17875
71;17;17901
71;18;17904
71;19;17945
71;20;18373
71;21;18422
71;22;18535
71;23;18594
71;24;18620
71;25;19094
71;26;19189
71;27;19192
71;28;19193
71;29;19205
72;1;14349
72;2;14444
72;3;14473
72;4;14586
72;5;15126
72;6;15502
72;7;15627
72;8;16090
72;9;16637
72;10;16667
72;11;16696
72;12;16804
72;13;16917
72;14;17488
72;15;18085
72;16;18096
72;17;18492
72;18;18516
72;19;18978
72;20;19103
72;21;19127
73;1;10611
73;2;11103
73;3;11652
73;4;12223
73;5;12827
73;6;13319
73;7;13780
73;8;14316
73;9;14429
73;10;14782
73;11;14813
73;12;15400
73;13;15969
73;14;16029
73;15;16539
73;16;17043
73;17;17061
73;18;17676
73;19;18252
73;20;18336
73;21;18450
73;22;18567
73;23;18992
73;24;19003
73;25;19031
73;26;19072
73;27;19075
73;28;19105
73;29;19125
73;30;19155
74;1;11559
74;2;12072
74;3;12621
74;4;12729
74;5;12750
74;6;13242
74;7;13291
74;8;13893
74;9;13989
74;10;14587
74;11;15079
74;12;15648
74;13;16175
74;14;16283
74;15;16757
74;16;17230
74;17;17722
74;18;18197
74;19;18246
74;20;18310
74;21;18315
74;22;18375
74;23;18425
74;24;18433
74;25;18474
74;26;18478
74;27;18501
74;28;18548
74;29;19004
74;30;19032
74;31;19123
74;32;19130
74;33;19132
74;34;19152
74;35;19195
74;36;19204
74;37;19205
74;38;19213
75;1;12666
75;2;12695
75;3;13202
75;4;13272
75;5;13716
75;6;13829
75;7;14399
75;8;15003
75;9;15517
75;10;15642
75;11;15671
75;12;15706
75;13;16164
75;14;16617
75;15;16984
75;16;17092
75;17;17109
75;18;17222
75;19;17282
75;20;17789
75;21;17824
75;22;18315
75;23;18329
75;24;18388
75;25;18406
75;26;18441
75;27;18455
75;28;18475
75;29;18494
75;30;18512
75;31;18977
75;32;19036
75;33;19056
75;34;19075
75;35;19081
75;36;19086
75;37;19135
76;1;12828
76;2;13315
76;3;13374
76;4;13921
76;5;13939
76;6;14497
76;7;15084
76;8;15652
76;9;15689
76;10;16264
76;11;16674
76;12;16791
76;13;17353
76;14;17444
76;15;18013
76;16;18024
76;17;18053
76;18;18449
76;19;18477
76;20;18498
76;21;18518
76;22;18544
76;23;18562
76;24;18597
76;25;18993
76;26;19042
76;27;19077
76;28;19080
76;29;19091
76;30;19105
76;31;19117
76;32;19126
77;1;12619
77;2;13221
77;3;13790
77;4;14359
77;5;14377
77;6;14830
77;7;15377
77;8;15708
77;9;15727
77;10;15852
77;11;15941
77;12;15986
77;13;16556
77;14;16574
77;15;16685
77;16;17134
77;17;17193
77;18;17664
77;19;17682
77;20;17795
77;21;18267
77;22;18285
77;23;18339
77;24;18813
77;25;18921
77;26;18962
77;27;19022
77;28;19040
77;29;19069
77;30;19089
77;31;19109
77;32;19133
77;33;19135
78;1;12616
78;2;13298
78;3;13302
78;4;13824
78;5;13932
78;6;13985
78;7;14045
78;8;14526
78;9;14855
78;10;14946
78;11;15522
78;12;16176
78;13;16196
78;14;16801
78;15;16840
78;16;17380
78;17;17391
78;18;17508
78;19;17946
78;20;18042
78;21;18155
78;22;18158
78;23;18573
78;24;18593
78;25;18641
78;26;18652
78;27;19143
78;28;19155
79;1;10540
79;2;11032
79;3;11061
79;4;11666
79;5;11783
79;6;12370
79;7;12911
79;8;13351
79;9;13902
79;10;14442
79;11;14993
79;12;15034
79;13;15529
79;14;15540
79;15;16046
79;16;16621
79;17;16627
79;18;16740
79;19;16760
79;20;17284
79;21;17338
79;22;17427
79;23;17918
79;24;17967
79;25;18487
79;26;18544
79;27;18884
79;28;18931
79;29;18951
79;30;19042
79;31;19048
79;32;19097
79;33;19117
79;34;19126
79;35;19135
79;36;19164
80;1;12853
80;2;12902
80;3;13417
80;4;13896
80;5;14288
80;6;14413
80;7;14720
80;8;14816
80;9;15406
80;10;15971
80;11;16547
80;12;16575
80;13;16683
80;14;16690
80;15;16701
80;16;17282
80;17;17750
80;18;17776
80;19;18219
80;20;18225
80;21;18333
80;22;18937
80;23;18960
80;24;18966
80;25;19001
80;26;19019
80;27;19079
80;28;19100
80;29;19106
80;30;19115
80;31;19126
80;32;19127
80;33;19136
81;1;12029
81;2;12088
81;3;12512
81;4;12991
81;5;13560
81;6;14111
81;7;14647
81;8;15172
81;9;15685
81;10;16228
81;11;16684
81;12;16745
81;13;17101
81;14;17214
81;15;17741
81;16;17866
81;17;17884
81;18;17934
81;19;17994
81;20;18465
81;21;18469
81;22;18495
81;23;18898
81;24;18965
81;25;18984
81;26;19019
81;27;19022
81;28;19024
81;29;19036
81;30;19057
81;31;19117
81;32;19126
81;33;19135
82;1;11475
82;2;11604
82;3;12265
82;4;12361
82;5;12965
82;6;13000
82;7;13541
82;8;13866
82;9;14291
82;10;14325
82;11;14374
82;12;14392
82;13;14427
82;14;14866
82;15;14895
82;16;14945
82;17;14963
82;18;15022
82;19;15637
82;20;16112
82;21;16648
82;22;17157
82;23;17248
82;24;17259
82;25;17864
82;26;17899
82;27;17955
82;28;17958
82;29;17959
82;30;17990
82;31;18008
82;32;18442
82;33;18453
82;34;18570
82;35;18629
82;36;18649
82;37;19060
82;38;19101
82;39;19127
82;40;19138
82;41;19162
82;42;19164
83;1;13629
83;2;14290
83;3;14839
83;4;14880
83;5;15449
83;6;16039
83;7;16641
83;8;17126
83;9;17239
83;10;17281
83;11;17704
83;12;18327
83;13;18377
83;14;18381
83;15;18431
83;16;18462
83;17;18497
83;18;18949
83;19;18969
83;20;18971
83;21;19031
83;22;19059
83;23;19081
83;24;19131
83;25;19164
84;1;10265
84;2;10788
84;3;11358
84;4;11386
84;5;11896
84;6;12501
84;7;12560
84;8;12651
84;9;13173
84;10;13199
84;11;13768
84;12;14307
84;13;14879
84;14;14992
84;15;15535
84;16;16105
84;17;16200
84;18;16676
84;19;16771
84;20;16800
84;21;17320
84;22;17871
84;23;17882
84;24;18374
84;25;18395
84;26;18430
84;27;18797
84;28;18817
84;29;18876
84;30;18915
84;31;19028
84;32;19030
84;33;19066
84;34;19086
84;35;19145
84;36;19154
84;37;19161
84;38;19170
84;39;19189
84;40;19192
84;41;19202
84;42;19213
85;1;13693
85;2;14131
85;3;14655
85;4;14751
85;5;14839
85;6;15315
85;7;15947
85;8;16001
85;9;16092
85;10;16139
85;11;16606
85;12;17007
85;13;17057
85;14;17098
85;15;17193
85;16;17762
85;17;17790
85;18;18388
85;19;18423
85;20;18444
85;21;18473
85;22;18475
85;23;18553
85;24;18575
85;25;18625
85;26;19104
85;27;19130
85;28;19131
85;29;19146
85;30;19155
85;31;19181
85;32;19205
86;1;12849
86;2;12867
86;3;12927
86;4;12962
86;5;13435
86;6;13852
86;7;14372
86;8;14948
86;9;15553
86;10;15649
86;11;16200
86;12;16728
86;13;16729
86;14;17087
86;15;17769
86;16;17827
86;17;17847
86;18;17896
86;19;17927
86;20;17973
86;21;17993
86;22;18058
86;23;18128
86;24;18502
86;25;18512
86;26;18579
86;27;18629
86;28;18637
86;29;18655
86;30;18670
86;31;18693
86;32;18698
86;33;18719
86;34;19066
86;35;19086
86;36;19181
86;37;19185
86;38;19194
86;39;19205
87;1;14396
87;2;14509
87;3;15085
87;4;15717
87;5;16332
87;6;16392
87;7;16709
87;8;17277
87;9;17881
87;10;18443
87;11;18985
87;12;19030
87;13;19065
87;14;19085
87;15;19106
87;16;19127
87;17;19135
87;18;19145
87;19;19165
87;20;19171
87;21;19213
88;1;11148
88;2;11675
88;3;12133
88;4;12201
88;5;12250
88;6;12797
88;7;13430
88;8;13512
88;9;13547
88;10;14017
88;11;14075
88;12;14550
88;13;14581
88;14;14601
88;15;14661
88;16;14715
88;17;15179
88;18;15197
88;19;15246
88;20;15720
88;21;16229
88;22;16279
88;23;16793
88;24;16868
88;25;17419
88;26;17929
88;27;17935
88;28;17968
88;29;17994
88;30;18005
88;31;18414
88;32;18418
88;33;18529
88;34;18578
88;35;18634
88;36;18638
88;37;18640
88;38;18675
88;39;18695
88;40;18738
88;41;19094
88;42;19104
88;43;19141
88;44;19182
88;45;19190
88;46;19200
88;47;19211
88;48;19213
89;1;10660
89;2;11152
89;3;11610
89;4;12083
89;5;12652
89;6;13284
89;7;13312
89;8;13364
89;9;13886
89;10;13907
89;11;14476
89;12;14589
89;13;14609
89;14;15083
89;15;15624
89;16;16214
89;17;16240
89;18;16271
89;19;16839
89;20;17206
89;21;17282
89;22;17858
89;23;17954
89;24;17975
89;25;18004
89;26;18025
89;27;18045
89;28;18566
89;29;19086
89;30;19110
89;31;19127
90;1;14427
90;2;14978
90;3;15488
90;4;16086
90;5;16497
90;6;16547
90;7;16634
90;8;16660
90;9;17203
90;10;17328
90;11;17787
90;12;17846
90;13;17916
90;14;17983
90;15;18488
90;16;18517
90;17;18612
90;18;19104
90;19;19108
90;20;19167
90;21;19187
90;22;19211
90;23;19213
91;1;10549
91;2;10577
91;3;11175
91;4;11688
91;5;12167
91;6;12185
91;7;12817
91;8;13357
91;9;13832
91;10;14324
91;11;14437
91;12;14994
91;13;15483
91;14;15596
91;15;15609
91;16;16213
91;17;16272
91;18;16627
91;19;17101
91;20;17218
91;21;17329
91;22;17424
91;23;17780
91;24;17798
91;25;17911
91;26;18346
91;27;18441
91;28;18476
91;29;18511
91;30;18522
91;31;19078
91;32;19098
91;33;19141
91;34;19143
91;35;19155
92;1;10552
92;2;11121
92;3;11613
92;4;12135
92;5;12205
92;6;12662
92;7;12775
92;8;13317
92;9;13673
92;10;14215
92;11;14225
92;12;14262
92;13;14293
92;14;14768
92;15;15366
92;16;15942
92;17;16390
92;18;16410
92;19;16414
92;20;17016
92;21;17592
92;22;17610
92;23;17727
92;24;17746
92;25;17787
92;26;17788
92;27;18343
92;28;18393
92;29;18404
92;30;18417
92;31;18445
92;32;18450
92;33;18980
92;34;18991
92;35;19012
92;36;19023
92;37;19026
92;38;19047
92;39;19058
92;40;19065
92;41;19076
92;42;19135
93;1;10865
93;2;11434
93;3;11906
93;4;12227
93;5;12694
93;6;12802
93;7;13315
93;8;13404
93;9;13426
93;10;13543
93;11;14127
93;12;14585
93;13;14639
93;14;14668
93;15;14696
93;16;14745
93;17;15233
93;18;15346
93;19;15400
93;20;15935
93;21;16052
93;22;16063
93;23;16480
93;24;17023
93;25;17072
93;26;17546
93;27;17610
93;28;18069
93;29;18104
93;30;18163
93;31;18215
93;32;18332
93;33;18393
93;34;18401
93;35;18466
93;36;18894
93;37;19007
93;38;19056
93;39;19068
93;40;19071
93;41;19092
93;42;19127
93;43;19187
93;44;19190
93;45;19192
93;46;19204
93;47;19205
94;1;9528
94;2;9619
94;3;10132
94;4;10656
94;5;11148
94;6;11210
94;7;11685
94;8;12308
94;9;12326
94;10;12799
94;11;13257
94;12;13671
94;13;14301
94;14;14426
94;15;14977
94;16;15491
94;17;15953
94;18;16012
94;19;16125
94;20;16154
94;21;16723
94;22;17136
94;23;17186
94;24;17252
94;25;17711
94;26;17740
94;27;17794
94;28;17889
94;29;17907
94;30;18377
94;31;18408
94;32;18839
94;33;18888
94;34;18920
94;35;18955
94;36;19005
94;37;19055
94;38;19115
94;39;19126
94;40;19161
94;41;19180
94;42;19183
94;43;19193
94;44;19205
94;45;19213
95;1;12740
95;2;13315
95;3;13853
95;4;13949
95;5;14462
95;6;15094
95;7;15586
95;8;16054
95;9;16162
95;10;16792
95;11;16821
95;12;17206
95;13;17742
95;14;17855
95;15;18329
95;16;18388
95;17;18419
95;18;18893
95;19;19006
95;20;19066
95;21;19077
95;22;19126
95;23;19135
96;1;12789
96;2;13281
96;3;13344
96;4;13846
96;5;14279
96;6;14281
96;7;14372
96;8;14810
96;9;14830
96;10;15381
96;11;15866
96;12;15963
96;13;16532
96;14;16627
96;15;16647
96;16;17120
96;17;17237
96;18;17607
96;19;17683
96;20;18155
96;21;18230
96;22;18271
96;23;18344
96;24;18853
96;25;18901
96;26;18932
96;27;19007
96;28;19042
96;29;19053
96;30;19073
96;31;19091
96;32;19103
96;33;19134
96;34;19162
96;35;19207
96;36;19211
96;37;19213
97;1;11821
97;2;12284
97;3;12835
97;4;13370
97;5;13411
97;6;13869
97;7;14459
97;8;14999
97;9;15467
97;10;16036
97;11;16718
97;12;16746
97;13;16805
97;14;16855
97;15;17450
97;16;17849
97;17;17881
97;18;18452
97;19;18968
97;20;18986
97;21;19081
97;22;19103
97;23;19112
97;24;19155
98;1;12581
98;2;13090
98;3;13659
98;4;14208
98;5;14325
98;6;14875
98;7;14907
98;8;15511
98;9;15972
98;10;16485
98;11;16505
98;12;16540
98;13;16964
98;14;17023
98;15;17131
98;16;17181
98;17;17752
98;18;17815
98;19;17932
98;20;18394
98;21;19017
98;22;19043
98;23;19064
98;24;19181
98;25;19189
98;26;19202
98;27;19211
98;28;19213
99;1;13060
99;2;13095
99;3;13116
99;4;13568
99;5;14115
99;6;14228
99;7;14830
99;8;15399
99;9;16060
99;10;16637
99;11;16988
99;12;17084
99;13;17242
99;14;17243
99;15;17643
99;16;17760
99;17;18297
99;18;18326
99;19;18780
99;20;18824
99;21;18937
99;22;18954
99;23;18974
99;24;19091
99;25;19094
99;26;19103
99;27;19114
99;28;19135
100;1;11979
100;2;12640
100;3;13216
100;4;13311
100;5;13754
100;6;13867
100;7;13955
100;8;13986
100;9;14144
100;10;14713
100;11;15187
100;12;15714
100;13;15745
100;14;15825
100;15;16298
100;16;16394
100;17;16947
100;18;17379
100;19;17981
100;20;18092
100;21;18526
100;22;18585
100;23;18611
100;24;19042
100;25;19046
100;26;19072
100;27;19081
100;28;19092
100;29;19109
100;30;19111
100;31;19126
100;32;19155
101;1;12962
101;2;12988
101;3;13013
101;4;13041
101;5;13072
101;6;13676
101;7;14266
101;8;14362
101;9;14967
101;10;15092
101;11;15180
101;12;15478
101;13;16054
101;14;16454
101;15;17056
101;16;17116
101;17;17126
101;18;17222
101;19;17684
101;20;17695
101;21;17808
101;22;17836
101;23;18386
101;24;18483
101;25;18512
101;26;18527
101;27;18538
101;28;19012
101;29;19125
101;30;19175
101;31;19182
101;32;19193
101;33;19205
101;34;19213
102;1;11191
102;2;11642
102;3;11673
102;4;11684
102;5;12299
102;6;12314
102;7;12946
102;8;13481
102;9;14023
102;10;14599
102;11;14640
102;12;15209
102;13;15667
102;14;15686
102;15;15777
102;16;16204
102;17;16681
102;18;16806
102;19;16919
102;20;17452
102;21;17459
102;22;17981
102;23;18077
102;24;18600
102;25;18628
102;26;18687
102;27;18713
102;28;19092
102;29;19184
102;30;19192
102;31;19204
102;32;19205
103;1;14940
103;2;15035
103;3;15053
103;4;15102
103;5;15689
103;6;16129
103;7;16147
103;8;16431
103;9;16485
103;10;16533
103;11;16582
103;12;17055
103;13;17168
103;14;17203
103;15;17231
103;16;17260
103;17;17281
103;18;17377
103;19;17385
103;20;17445
103;21;17715
103;22;18330
103;23;18455
103;24;18889
103;25;18891
103;26;18941
103;27;19019
103;28;19136
103;29;19171
103;30;19213
104;1;10914
104;2;11490
104;3;12113
104;4;12717
104;5;12748
104;6;13317
104;7;13791
104;8;14362
104;9;14429
104;10;15090
104;11;15154
104;12;15744
104;13;16260
104;14;16309
104;15;16845
104;16;16941
104;17;17379
104;18;17433
104;19;17550
104;20;17609
104;21;18041
104;22;18052
104;23;18064
104;24;18112
104;25;18123
104;26;18556
104;27;19057
104;28;19117
105;1;10769
105;2;11282
105;3;11833
105;4;12308
105;5;12821
105;6;13341
105;7;13887
105;8;14474
105;9;14485
105;10;15054
105;11;15083
105;12;15135
105;13;15568
105;14;16015
105;15;16537
105;16;16565
105;17;16643
105;18;17219
105;19;17603
105;20;17663
105;21;17673
105;22;17708
105;23;17726
105;24;18275
105;25;18303
105;26;18307
105;27;18387
105;28;18398
105;29;18476
105;30;18872
105;31;18931
105;32;18952
105;33;18969
105;34;18997
105;35;19046
105;36;19057
105;37;19106
105;38;19126
105;39;19135
105;40;19136
106;1;9913
106;2;10464
106;3;11062
106;4;11537
106;5;12141
106;6;12717
106;7;12808
106;8;13351
106;9;13974
106;10;14315
106;11;14886
106;12;14897
106;13;15467
106;14;15584
106;15;16074
106;16;16706
106;17;16735
106;18;17227
106;19;17276
106;20;17823
106;21;17858
106;22;17876
106;23;18368
106;24;18463
106;25;18571
106;26;18620
106;27;18649
106;28;19105
106;29;19140
106;30;19159
106;31;19170
106;32;19171
106;33;19205
107;1;11577
107;2;12126
107;3;12695
107;4;12712
107;5;13191
107;6;13299
107;7;13416
107;8;13938
107;9;13958
107;10;13966
107;11;14537
107;12;15142
107;13;15210
107;14;15617
107;15;15999
107;16;16478
107;17;16503
107;18;16614
107;19;16663
107;20;17026
107;21;17028
107;22;17145
107;23;17176
107;24;17197
107;25;17252
107;26;17754
107;27;17789
107;28;17884
107;29;18009
107;30;18393
107;31;18466
107;32;19037
107;33;19055
107;34;19073
107;35;19129
107;36;19157
107;37;19158
107;38;19184
107;39;19190
107;40;19193
107;41;19205
108;1;13871
108;2;13902
108;3;13956
108;4;13980
108;5;14438
108;6;14891
108;7;14951
108;8;15425
108;9;15917
108;10;16034
108;11;16508
108;12;16616
108;13;16711
108;14;17233
108;15;17244
108;16;17255
108;17;17728
108;18;18304
108;19;18363
108;20;18364
108;21;18399
108;22;18455
108;23;18899
108;24;18903
108;25;18911
108;26;19024
108;27;19099
108;28;19148
108;29;19152
108;30;19168
108;31;19182
108;32;19204
108;33;19205
108;34;19213
109;1;11471
109;2;12041
109;3;12561
109;4;13222
109;5;13773
109;6;14403
109;7;14972
109;8;15548
109;9;15869
109;10;15895
109;11;15973
109;12;16033
109;13;16068
109;14;16071
109;15;16130
109;16;16657
109;17;17138
109;18;17246
109;19;17684
109;20;17705
109;21;18091
109;22;18202
109;23;18204
109;24;18224
109;25;18246
109;26;18341
109;27;18400
109;28;18491
109;29;18495
109;30;18923
109;31;19036
109;32;19054
109;33;19132
109;34;19152
109;35;19195
109;36;19213
110;1;12510
110;2;13097
110;3;13175
110;4;13744
110;5;14268
110;6;14788
110;7;14901
110;8;15302
110;9;15356
110;10;15848
110;11;15865
110;12;15956
110;13;16073
110;14;16677
110;15;16700
110;16;17207
110;17;17238
110;18;17355
110;19;17356
110;20;17380
110;21;17995
110;22;18006
110;23;18465
110;24;18578
110;25;18582
110;26;19103
110;27;19105
110;28;19117
110;29;19126
111;1;12059
111;2;12516
111;3;13131
111;4;13159
111;5;13730
111;6;13847
111;7;13958
111;8;14533
111;9;15109
111;10;15543
111;11;15578
111;12;15632
111;13;16040
111;14;16081
111;15;16415
111;16;16573
111;17;17134
111;18;17757
111;19;17781
111;20;17812
111;21;17826
111;22;17879
111;23;17880
111;24;17891
111;25;18314
111;26;18352
111;27;18381
111;28;18397
111;29;18447
111;30;18448
111;31;18543
111;32;18602
111;33;19093
111;34;19113
111;35;19133
111;36;19135
112;1;11225
112;2;11243
112;3;11261
112;4;11774
112;5;12344
112;6;12744
112;7;12766
112;8;13273
112;9;13878
112;10;13951
112;11;13986
112;12;14382
112;13;14403
112;14;14841
112;15;15417
112;16;15446
112;17;15986
112;18;16572
112;19;16689
112;20;17152
112;21;17247
112;22;17681
112;23;18057
112;24;18150
112;25;18246
112;26;18657
112;27;18762
112;28;18773
112;29;18801
112;30;18909
112;31;18929
112;32;18933
112;33;19024
112;34;19034
112;35;19036
112;36;19057
112;37;19076
112;38;19096
112;39;19103
112;40;19112
112;41;19132
112;42;19175
112;43;19205
113;1;13194
113;2;13764
113;3;13877
113;4;14362
113;5;14804
113;6;14839
113;7;14934
113;8;15505
113;9;16081
113;10;16529
113;11;16558
113;12;16607
113;13;16720
113;14;16770
113;15;17208
113;16;17243
113;17;17325
113;18;17850
113;19;17885
113;20;18428
113;21;18478
113;22;19030
113;23;19065
113;24;19083
113;25;19093
113;26;19121
113;27;19170
113;28;19171
113;29;19205
113;30;19213
114;1;11424
114;2;11483
114;3;11501
114;4;12088
114;5;12580
114;6;13057
114;7;13689
114;8;13718
114;9;13788
114;10;14310
114;11;14886
114;12;15437
114;13;15865
114;14;15893
114;15;15913
114;16;16030
114;17;16144
114;18;16719
114;19;17175
114;20;17193
114;21;17211
114;22;17222
114;23;17250
114;24;17281
114;25;17374
114;26;17837
114;27;17857
114;28;17875
114;29;17877
114;30;18388
114;31;18420
114;32;18424
114;33;18483
114;34;18984
114;35;19026
114;36;19037
114;37;19038
114;38;19056
114;39;19084
114;40;19102
114;41;19113
114;42;19115
114;43;19127
114;44;19136
115;1;11097
115;2;11590
115;3;12162
115;4;12191
115;5;12823
115;6;13410
115;7;13672
115;8;13789
115;9;14311
115;10;14736
115;11;14757
115;12;15326
115;13;15422
115;14;15486
115;15;15515
115;16;15543
115;17;15654
115;18;15675
115;19;15800
115;20;15835
115;21;16277
115;22;16305
115;23;16745
115;24;16766
115;25;17255
115;26;17327
115;27;17347
115;28;17908
115;29;17957
115;30;18497
115;31;18874
115;32;18923
115;33;18983
115;34;19001
115;35;19024
115;36;19055
115;37;19084
115;38;19129
115;39;19133
115;40;19135
116;1;9632
116;2;10124
116;3;10241
116;4;10733
116;5;11246
116;6;11769
116;7;11823
116;8;11936
116;9;11995
116;10;12016
116;11;12062
116;12;12723
116;13;12751
116;14;13349
116;15;13894
116;16;14462
116;17;14876
116;18;15318
116;19;15922
116;20;16033
116;21;16524
116;22;16921
116;23;16949
116;24;17060
116;25;17173
116;26;17646
116;27;17705
116;28;17800
116;29;17917
116;30;18328
116;31;18377
116;32;18392
116;33;18488
116;34;18927
116;35;18947
116;36;19040
116;37;19135
116;38;19138
116;39;19146
116;40;19155
116;41;19166
116;42;19184
116;43;19204
116;44;19205
117;1;13686
117;2;14276
117;3;14849
117;4;14884
117;5;15419
117;6;15901
117;7;16393
117;8;16498
117;9;17049
117;10;17060
117;11;17070
117;12;17119
117;13;17236
117;14;17287
117;15;17780
117;16;18328
117;17;18356
117;18;18368
117;19;18388
117;20;18934
117;21;18983
117;22;19001
117;23;19002
117;24;19032
117;25;19058
117;26;19076
117;27;19135
118;1;11643
118;2;11674
118;3;11769
118;4;12384
118;5;12405
118;6;12974
118;7;13543
118;8;14057
118;9;14479
118;10;15083
118;11;15103
118;12;15120
118;13;15594
118;14;16015
118;15;16035
118;16;16152
118;17;16177
118;18;16218
118;19;16227
118;20;16247
118;21;16288
118;22;16347
118;23;16350
118;24;16696
118;25;16813
118;26;16926
118;27;17017
118;28;17490
118;29;17493
118;30;17797
118;31;17896
118;32;18243
118;33;18259
118;34;18354
118;35;18382
118;36;18385
118;37;18681
118;38;18798
118;39;18824
118;40;18850
118;41;18958
118;42;19071
118;43;19100
118;44;19111
118;45;19121
118;46;19141
118;47;19184
118;48;19188
118;49;19190
118;50;19205
119;1;10733
119;2;10850
119;3;11369
119;4;11938
119;5;12543
119;6;13023
119;7;13542
119;8;13667
119;9;13693
119;10;14185
119;11;14343
119;12;14919
119;13;15256
119;14;15414
119;15;15527
119;16;15547
119;17;15576
119;18;16113
119;19;16581
119;20;17101
119;21;17134
119;22;17710
119;23;18313
119;24;18341
119;25;18717
119;26;18834
119;27;18835
119;28;18864
119;29;18931
119;30;19054
119;31;19056
119;32;19086
119;33;19115
119;34;19136
120;1;10795
120;2;11400
120;3;11854
120;4;11885
120;5;12416
120;6;12874
120;7;13366
120;8;13479
120;9;14001
120;10;14599
120;11;14617
120;12;14703
120;13;15275
120;14;15815
120;15;16402
120;16;16519
120;17;16875
120;18;17451
120;19;17479
120;20;17596
120;21;17691
120;22;17706
120;23;18052
120;24;18177
120;25;18197
120;26;18256
120;27;18274
120;28;18299
120;29;18369
120;30;18477
120;31;18508
120;32;19053
120;33;19079
120;34;19093
120;35;19126
120;36;19127
120;37;19136
121;1;13780
121;2;14315
121;3;14872
121;4;15259
121;5;15857
121;6;15924
121;7;16528
121;8;16834
121;9;16929
121;10;16955
121;11;16972
121;12;17080
121;13;17085
121;14;17687
121;15;17746
121;16;17863
121;17;17864
121;18;18308
121;19;18386
121;20;18511
121;21;18525
121;22;18805
121;23;18918
121;24;18947
121;25;19035
121;26;19052
121;27;19081
121;28;19085
121;29;19086
121;30;19106
121;31;19114
121;32;19135
122;1;12750
122;2;12768
122;3;12803
122;4;13401
122;5;13988
122;6;14515
122;7;15084
122;8;15112
122;9;15742
122;10;16028
122;11;16689
122;12;16707
122;13;16769
122;14;16882
122;15;17133
122;16;17612
122;17;17725
122;18;17739
122;19;17774
122;20;17844
122;21;17870
122;22;17948
122;23;18008
122;24;18056
122;25;18073
122;26;18452
122;27;18565
122;28;18585
122;29;18614
122;30;18657
122;31;18668
122;32;18698
122;33;18699
122;34;18702
122;35;19193
122;36;19205
123;1;13341
123;2;13832
123;3;14306
123;4;14780
123;5;15331
123;6;15444
123;7;15462
123;8;15579
123;9;16052
123;10;16588
123;11;16648
123;12;16697
123;13;17186
123;14;17204
123;15;17779
123;16;17814
123;17;17939
123;18;17999
123;19;18473
123;20;18508
123;21;18979
123;22;19028
123;23;19048
123;24;19086
123;25;19104
123;26;19139
123;27;19141
123;28;19161
123;29;19204
123;30;19205
124;1;11621
124;2;11639
124;3;11667
124;4;12242
124;5;12783
124;6;13275
124;7;13756
124;8;13851
124;9;13880
124;10;13921
124;11;13956
124;12;14430
124;13;14505
124;14;15032
124;15;15436
124;16;15500
124;17;15521
124;18;16111
124;19;16159
124;20;16218
124;21;16625
124;22;17052
124;23;17064
124;24;17065
124;25;17529
124;26;17642
124;27;17718
124;28;17742
124;29;17773
124;30;17801
124;31;17812
124;32;17866
124;33;18241
124;34;18354
124;35;18876
124;36;18982
124;37;18993
124;38;19010
124;39;19031
124;40;19048
124;41;19097
124;42;19117
124;43;19126
125;1;10986
125;2;11489
125;3;12091
125;4;12151
125;5;12694
125;6;13167
125;7;13221
125;8;13673
125;9;14243
125;10;14756
125;11;14791
125;12;15158
125;13;15773
125;14;16265
125;15;16816
125;16;16889
125;17;17014
125;18;17015
125;19;17605
125;20;17625
125;21;17742
125;22;17837
125;23;17865
125;24;17914
125;25;18022
125;26;18480
125;27;18498
125;28;18593
125;29;19038
125;30;19059
125;31;19119
125;32;19178
125;33;19204
125;34;19205
126;1;12144
126;2;12629
126;3;13198
126;4;13673
126;5;14296
126;6;14327
126;7;14362
126;8;14813
126;9;14895
126;10;14926
126;11;14976
126;12;15527
126;13;16000
126;14;16024
126;15;16084
126;16;16389
126;17;16855
126;18;16875
126;19;16966
126;20;17568
126;21;18068
126;22;18181
126;23;18277
126;24;18298
126;25;18348
126;26;18777
126;27;18797
126;28;18857
126;29;18873
126;30;18968
126;31;19035
126;32;19085
126;33;19096
126;34;19104
126;35;19132
126;36;19177
126;37;19183
126;38;19213
127;1;11477
127;2;11935
127;3;12540
127;4;12613
127;5;13105
127;6;13116
127;7;13222
127;8;13276
127;9;13866
127;10;14501
127;11;14916
127;12;15390
127;13;15773
127;14;15832
127;15;15945
127;16;15956
127;17;16052
127;18;16563
127;19;16884
127;20;16967
127;21;17543
127;22;17656
127;23;17690
127;24;17786
127;25;17814
127;26;17835
127;27;17883
127;28;17904
127;29;17923
127;30;18478
127;31;18527
127;32;18538
127;33;18564
127;34;18568
127;35;18588
127;36;18619
127;37;18637
127;38;18975
127;39;19033
127;40;19129
127;41;19131
127;42;19190
127;43;19213
128;1;10512
128;2;11116
128;3;11665
128;4;12034
128;5;12632
128;6;12681
128;7;13154
128;8;13271
128;9;13744
128;10;13858
128;11;14382
128;12;14874
128;13;14923
128;14;15447
128;15;15525
128;16;15566
128;17;15928
128;18;15954
128;19;16045
128;20;16508
128;21;16539
128;22;16697
128;23;17266
128;24;17798
128;25;18215
128;26;18277
128;27;18414
128;28;18906
128;29;18997
128;30;19026
128;31;19047
128;32;19058
128;33;19075
128;34;19095
128;35;19103
128;36;19112
128;37;19114
128;38;19126
129;1;12319
129;2;12337
129;3;12396
129;4;12869
129;5;12887
129;6;13327
129;7;13328
129;8;13852
129;9;14279
129;10;14308
129;11;14421
129;12;15023
129;13;15599
129;14;15651
129;15;16182
129;16;16620
129;17;16629
129;18;16641
129;19;17217
129;20;17342
129;21;17759
129;22;17809
129;23;17876
129;24;17896
129;25;18234
129;26;18329
129;27;18360
129;28;18916
129;29;18921
129;30;18933
129;31;18966
129;32;18975
129;33;18996
129;34;19024
129;35;19036
129;36;19095
129;37;19097
129;38;19098
129;39;19115
129;40;19136
130;1;11751
130;2;12320
130;3;12793
130;4;13364
130;5;13962
130;6;14489
130;7;14504
130;8;14522
130;9;14927
130;10;15531
130;11;15598
130;12;15984
130;13;16422
130;14;16969
130;15;16977
130;16;17090
130;17;17647
130;18;17675
130;19;17724
130;20;17755
130;21;18335
130;22;18353
130;23;18374
130;24;18469
130;25;18547
130;26;18555
130;27;18988
130;28;19099
130;29;19103
130;30;19124
130;31;19126
130;32;19135
131;1;12752
131;2;13279
131;3;13736
131;4;14312
131;5;14340
131;6;14854
131;7;15350
131;8;15463
131;9;15481
131;10;15592
131;11;15618
131;12;16132
131;13;16507
131;14;16525
131;15;17112
131;16;17200
131;17;17861
131;18;17890
131;19;17949
131;20;17979
131;21;18459
131;22;18554
131;23;18613
131;24;18624
131;25;18644
131;26;19018
131;27;19135
132;1;11650
132;2;11685
132;3;12236
132;4;12812
132;5;13473
132;6;14024
132;7;14551
132;8;14573
132;9;15196
132;10;15671
132;11;15706
132;12;16076
132;13;16193
132;14;16651
132;15;16746
132;16;17236
132;17;17626
132;18;18114
132;19;18173
132;20;18201
132;21;18326
132;22;18357
132;23;18470
132;24;18488
132;25;19005
132;26;19045
132;27;19065
132;28;19105
132;29;19108
132;30;19112
132;31;19114
132;32;19126
133;1;13468
133;2;13906
133;3;14496
133;4;15018
133;5;15470
133;6;15480
133;7;15498
133;8;15533
133;9;15582
133;10;15658
133;11;15686
133;12;16318
133;13;16333
133;14;16650
133;15;16685
133;16;17139
133;17;17147
133;18;17583
133;19;17632
133;20;17790
133;21;17874
133;22;17934
133;23;17954
133;24;18238
133;25;18355
133;26;18468
133;27;18479
133;28;18496
133;29;18555
133;30;19029
133;31;19036
133;32;19096
133;33;19117
133;34;19126
133;35;19135
134;1;11635
134;2;12148
134;3;12179
134;4;12287
134;5;12856
134;6;13407
134;7;13983
134;8;14518
134;9;15054
134;10;15142
134;11;15631
134;12;16121
134;13;16238
134;14;16249
134;15;16839
134;16;16888
134;17;17362
134;18;17440
134;19;17789
134;20;18293
134;21;18355
134;22;18386
134;23;18458
134;24;18494
134;25;18852
134;26;18969
134;27;19004
134;28;19028
134;29;19064
134;30;19124
134;31;19135
134;32;19152
134;33;19174
134;34;19204
134;35;19205
135;1;13948
135;2;14027
135;3;14540
135;4;15019
135;5;15546
135;6;16038
135;7;16097
135;8;16673
135;9;16722
135;10;16742
135;11;17243
135;12;17731
135;13;17746
135;14;17779
135;15;17825
135;16;17884
135;17;17903
135;18;18377
135;19;18437
135;20;18448
135;21;18458
135;22;18950
135;23;18976
135;24;18980
135;25;19007
135;26;19036
135;27;19096
135;28;19106
135;29;19126
136;1;12778
136;2;12779
136;3;12810
136;4;13302
136;5;13356
136;6;13415
136;7;14013
136;8;14529
136;9;14642
136;10;15179
136;11;15215
136;12;15692
136;13;15720
136;14;16335
136;15;16387
136;16;16402
136;17;16949
136;18;17003
136;19;17062
136;20;17090
136;21;17573
136;22;18064
136;23;18118
136;24;18646
136;25;18918
136;26;18953
136;27;19002
136;28;19014
136;29;19092
136;30;19107
136;31;19127
136;32;19187
136;33;19211
136;34;19213
137;1;13262
137;2;13374
137;3;13922
137;4;14080
137;5;14108
137;6;14137
137;7;14611
137;8;15201
137;9;15251
137;10;15792
137;11;15821
137;12;15833
137;13;16347
137;14;16407
137;15;16899
137;16;16917
137;17;17349
137;18;17377
137;19;17899
137;20;18388
137;21;18442
137;22;18776
137;23;18796
137;24;18817
137;25;18931
137;26;18990
137;27;18998
137;28;19007
137;29;19018
137;30;19027
137;31;19055
137;32;19073
137;33;19074
137;34;19133
137;35;19135
137;36;19136
138;1;10836
138;2;10961
138;3;11401
138;4;11518
138;5;12043
138;6;12138
138;7;12197
138;8;12677
138;9;13246
138;10;13814
138;11;14387
138;12;14974
138;13;15543
138;14;16166
138;15;16261
138;16;16812
138;17;17235
138;18;17294
138;19;17319
138;20;17321
138;21;17347
138;22;17442
138;23;17453
138;24;18051
138;25;18592
138;26;18666
138;27;18967
138;28;19062
138;29;19080
138;30;19158
138;31;19162
138;32;19164
139;1;9782
139;2;10304
139;3;10771
139;4;11432
139;5;11948
139;6;12538
139;7;12655
139;8;12733
139;9;13302
139;10;13343
139;11;13828
139;12;13846
139;13;13963
139;14;14436
139;15;14945
139;16;15577
139;17;15595
139;18;15985
139;19;16098
139;20;16129
139;21;16653
139;22;16744
139;23;17278
139;24;17338
139;25;17387
139;26;17641
139;27;17707
139;28;17779
139;29;17820
139;30;18335
139;31;18345
139;32;18371
139;33;18403
139;34;18431
139;35;18452
139;36;18480
139;37;18972
139;38;18990
139;39;19025
139;40;19051
139;41;19052
139;42;19081
139;43;19114
139;44;19126
140;1;12248
140;2;12738
140;3;13368
140;4;13919
140;5;14443
140;6;15016
140;7;15308
140;8;15466
140;9;15526
140;10;16124
140;11;16215
140;12;16490
140;13;16518
140;14;16590
140;15;17082
140;16;17240
140;17;17269
140;18;17386
140;19;17665
140;20;17724
140;21;17728
140;22;17764
140;23;17874
140;24;17934
140;25;18461
140;26;18484
140;27;18494
140;28;18907
140;29;19020
140;30;19031
140;31;19038
140;32;19097
140;33;19101
140;34;19144
140;35;19155
141;1;14748
141;2;14754
141;3;15229
141;4;15827
141;5;16403
141;6;16431
141;7;16490
141;8;16528
141;9;16596
141;10;17036
141;11;17056
141;12;17152
141;13;17169
141;14;17198
141;15;17257
141;16;17382
141;17;17478
141;18;17513
141;19;17982
141;20;17991
141;21;18040
141;22;18046
141;23;18508
141;24;19077
141;25;19172
141;26;19205
141;27;19213
142;1;13164
142;2;13252
142;3;13708
142;4;13726
142;5;13786
142;6;13812
142;7;14361
142;8;14764
142;9;15223
142;10;15287
142;11;15412
142;12;15440
142;13;15991
142;14;16562
142;15;16658
142;16;16689
142;17;16739
142;18;16856
142;19;17312
142;20;17772
142;21;17793
142;22;17889
142;23;18312
142;24;18797
142;25;18910
142;26;18919
142;27;18952
142;28;18972
142;29;19032
142;30;19091
142;31;19122
142;32;19123
142;33;19134
142;34;19136
143;1;11048
143;2;11587
143;3;12157
143;4;12679
143;5;13221
143;6;13700
143;7;14361
143;8;14420
143;9;14974
143;10;15003
143;11;15091
143;12;15611
143;13;16108
143;14;16128
143;15;16178
143;16;16652
143;17;17114
143;18;17173
143;19;17748
143;20;17750
143;21;17768
143;22;18202
143;23;18223
143;24;18233
143;25;18241
143;26;18290
143;27;18321
143;28;18322
143;29;18345
143;30;18350
143;31;18409
143;32;18440
143;33;18469
143;34;18489
143;35;18495
143;36;18555
143;37;18581
143;38;19052
143;39;19111
143;40;19114
143;41;19126
144;1;12389
144;2;12976
144;3;13245
144;4;13749
144;5;14339
144;6;14910
144;7;15023
144;8;15628
144;9;16086
144;10;16194
144;11;16620
144;12;16745
144;13;16763
144;14;16812
144;15;17293
144;16;17353
144;17;17470
144;18;17498
144;19;17873
144;20;17951
144;21;18008
144;22;18067
144;23;18482
144;24;18510
144;25;18541
144;26;18542
144;27;18972
144;28;19005
144;29;19006
144;30;19027
144;31;19039
144;32;19135
145;1;12597
145;2;13071
145;3;13617
145;4;13646
145;5;13759
145;6;14328
145;7;14874
145;8;14954
145;9;14958
145;10;15505
145;11;15600
145;12;16173
145;13;16175
145;14;16702
145;15;16707
145;16;16757
145;17;16788
145;18;17328
145;19;17419
145;20;17450
145;21;17906
145;22;17936
145;23;18378
145;24;18456
145;25;18482
145;26;18502
145;27;18504
145;28;18850
145;29;18963
145;30;19070
145;31;19128
145;32;19187
145;33;19211
145;34;19213
146;1;11847
146;2;11906
146;3;12064
146;4;12666
146;5;13242
146;6;13874
146;7;13991
146;8;14520
146;9;14549
146;10;14915
146;11;14988
146;12;15480
146;13;15515
146;14;15533
146;15;15564
146;16;16105
146;17;16709
146;18;16737
146;19;17298
146;20;17303
146;21;17617
146;22;18232
146;23;18343
146;24;18345
146;25;18360
146;26;18438
146;27;18449
146;28;18466
146;29;18501
146;30;19088
146;31;19091
146;32;19103
146;33;19112
146;34;19161
146;35;19162
146;36;19205
146;37;19213
147;1;13945
147;2;14418
147;3;14477
147;4;15017
147;5;15105
147;6;15640
147;7;16167
147;8;16572
147;9;17162
147;10;17203
147;11;17744
147;12;17801
147;13;18235
147;14;18295
147;15;18319
147;16;18432
147;17;18476
147;18;18961
147;19;18965
147;20;18991
147;21;19051
147;22;19053
147;23;19102
147;24;19135
147;25;19136
148;1;12252
148;2;12779
148;3;12883
148;4;13487
148;5;13961
148;6;14559
148;7;15134
148;8;15468
148;9;15538
148;10;16023
148;11;16118
148;12;16243
148;13;16339
148;14;16812
148;15;16925
148;16;17379
148;17;17463
148;18;17498
148;19;17920
148;20;18491
148;21;18541
148;22;19088
148;23;19147
148;24;19190
148;25;19193
148;26;19205
149;1;14836
149;2;14895
149;3;15384
149;4;15904
149;5;16494
149;6;16498
149;7;16529
149;8;16555
149;9;16643
149;10;17266
149;11;17348
149;12;17811
149;13;18160
149;14;18277
149;15;18362
149;16;18403
149;17;18424
149;18;18434
149;19;18954
149;20;18972
149;21;19000
149;22;19050
149;23;19057
149;24;19106
149;25;19115
149;26;19126
150;1;13052
150;2;13621
150;3;14190
150;4;14741
150;5;14761
150;6;15216
150;7;15294
150;8;15870
150;9;16367
150;10;16773
150;11;17183
150;12;17279
150;13;17288
150;14;17716
150;15;18191
150;16;18275
150;17;18296
150;18;18355
150;19;18384
150;20;18433
150;21;18451
150;22;18471
150;23;18486
150;24;18890
150;25;18914
150;26;18942
150;27;18962
150;28;18983
150;29;19016
150;30;19024
150;31;19026
150;32;19061
150;33;19062
150;34;19122
150;35;19133
150;36;19135
151;1;13215
151;2;13637
151;3;14224
151;4;14283
151;5;14441
151;6;14469
151;7;14981
151;8;15596
151;9;15603
151;10;16076
151;11;16136
151;12;16676
151;13;17127
151;14;17520
151;15;17611
151;16;17652
151;17;17670
151;18;17828
151;19;18306
151;20;18341
151;21;18826
151;22;18843
151;23;18932
151;24;19010
151;25;19088
151;26;19124
151;27;19164
151;28;19175
151;29;19184
151;30;19204
151;31;19205
151;32;19213
152;1;12511
152;2;13069
152;3;13638
152;4;13751
152;5;13876
152;6;14295
152;7;14299
152;8;14410
152;9;14885
152;10;14903
152;11;15443
152;12;15492
152;13;15855
152;14;16431
152;15;16449
152;16;16527
152;17;17102
152;18;17215
152;19;17275
152;20;17303
152;21;17411
152;22;17522
152;23;17551
152;24;17907
152;25;17935
152;26;17956
152;27;18345
152;28;18384
152;29;18406
152;30;18424
152;31;18520
152;32;18958
152;33;19071
152;34;19080
152;35;19110
152;36;19145
152;37;19165
152;38;19171
152;39;19185
152;40;19204
152;41;19205
153;1;15613
153;2;15663
153;3;16164
153;4;16190
153;5;16636
153;6;17186
153;7;17725
153;8;17766
153;9;18225
153;10;18327
153;11;18358
153;12;18410
153;13;18527
153;14;18587
153;15;18604
153;16;18630
153;17;19027
153;18;19031
153;19;19051
153;20;19068
153;21;19077
153;22;19097
153;23;19106
153;24;19117
153;25;19126
153;26;19135
154;1;9731
154;2;10258
154;3;10778
154;4;11380
154;5;11970
154;6;12081
154;7;12652
154;8;13188
154;9;13739
154;10;14278
154;11;14391
154;12;14966
154;13;15542
154;14;16055
154;15;16625
154;16;17194
154;17;17198
154;18;17199
154;19;17230
154;20;17388
154;21;17784
154;22;17880
154;23;17898
154;24;17993
154;25;18519
154;26;18858
154;27;18869
154;28;18918
154;29;18935
154;30;18981
154;31;19030
154;32;19091
154;33;19126
154;34;19130
154;35;19138
154;36;19168
154;37;19169
154;38;19171
154;39;19205
155;1;14914
155;2;15490
155;3;16060
155;4;16595
155;5;16598
155;6;17167
155;7;17278
155;8;17288
155;9;17361
155;10;17387
155;11;17388
155;12;17873
155;13;17899
155;14;17917
155;15;17920
155;16;17951
155;17;18526
155;18;18547
155;19;18575
155;20;18606
155;21;18634
155;22;18660
155;23;18683
155;24;19097
155;25;19132
155;26;19143
155;27;19157
155;28;19183
155;29;19187
155;30;19190
155;31;19192
155;32;19193
155;33;19205
156;1;11081
156;2;11555
156;3;12157
156;4;12726
156;5;13240
156;6;13715
156;7;13823
156;8;14413
156;9;14434
156;10;14452
156;11;14954
156;12;14955
156;13;15005
156;14;15419
156;15;15448
156;16;15476
156;17;16025
156;18;16110
156;19;16602
156;20;16697
156;21;17114
156;22;17554
156;23;17649
156;24;17669
156;25;17699
156;26;18255
156;27;18274
156;28;18587
156;29;18675
156;30;18771
156;31;18830
156;32;18938
156;33;18947
156;34;18976
156;35;19071
156;36;19102
156;37;19112
156;38;19127
156;39;19156
156;40;19162
156;41;19171
156;42;19191
156;43;19211
156;44;19213
157;1;13452
157;2;13950
157;3;14492
157;4;14930
157;5;15472
157;6;16062
157;7;16122
157;8;16159
157;9;16537
157;10;16565
157;11;17019
157;12;17068
157;13;17127
157;14;17742
157;15;17822
157;16;17848
157;17;17914
157;18;17943
157;19;18060
157;20;18508
157;21;19038
157;22;19050
157;23;19058
157;24;19062
157;25;19079
157;26;19103
157;27;19133
157;28;19134
157;29;19136
158;1;11630
158;2;11680
158;3;12227
158;4;12706
158;5;13246
158;6;13277
158;7;13391
158;8;13876
158;9;13904
158;10;14018
158;11;14474
158;12;15047
158;13;15068
158;14;15485
158;15;16007
158;16;16465
158;17;16476
158;18;16589
158;19;17165
158;20;17570
158;21;17620
158;22;17688
158;23;18182
158;24;18255
158;25;18276
158;26;18296
158;27;18770
158;28;18861
158;29;18892
158;30;18974
158;31;19000
158;32;19031
158;33;19059
158;34;19074
158;35;19086
158;36;19104
158;37;19133
158;38;19135
159;1;12710
159;2;12821
159;3;13391
159;4;13869
159;5;14344
159;6;14414
159;7;14928
159;8;15468
159;9;16019
159;10;16094
159;11;16604
159;12;16717
159;13;16834
159;14;17183
159;15;17201
159;16;17668
159;17;17759
159;18;17884
159;19;18376
159;20;18388
159;21;18887
159;22;18907
159;23;19002
159;24;19027
159;25;19055
159;26;19076
159;27;19161
159;28;19204
159;29;19205
160;1;10893
160;2;11483
160;3;12052
160;4;12636
160;5;12991
160;6;13086
160;7;13599
160;8;13713
160;9;14283
160;10;14301
160;11;14815
160;12;15364
160;13;15446
160;14;15456
160;15;15567
160;16;15648
160;17;16158
160;18;16585
160;19;17076
160;20;17125
160;21;17130
160;22;17161
160;23;17196
160;24;17591
160;25;17687
160;26;17778
160;27;17796
160;28;17909
160;29;18310
160;30;18398
160;31;18821
160;32;18825
160;33;18868
160;34;18879
160;35;18928
160;36;18948
160;37;18966
160;38;19007
160;39;19067
160;40;19106
160;41;19124
160;42;19135
161;1;11622
161;2;11642
161;3;12116
161;4;12706
161;5;13338
161;6;13455
161;7;13999
161;8;14027
161;9;14058
161;10;14076
161;11;14094
161;12;14669
161;13;15245
161;14;15706
161;15;15727
161;16;15772
161;17;16230
161;18;16781
161;19;17308
161;20;17316
161;21;17892
161;22;17918
161;23;18389
161;24;18421
161;25;18534
161;26;18612
161;27;18671
161;28;18697
161;29;18998
161;30;19094
161;31;19109
161;32;19110
161;33;19127
161;34;19136
162;1;12791
162;2;13421
162;3;13900
162;4;14013
162;5;14674
162;6;15112
162;7;15510
162;8;15865
162;9;16434
162;10;17032
162;11;17123
162;12;17143
162;13;17161
162;14;17677
162;15;17698
162;16;17705
162;17;18256
162;18;18807
162;19;18835
162;20;18857
162;21;18868
162;22;18872
162;23;18892
162;24;18920
162;25;18980
162;26;19001
162;27;19049
162;28;19066
162;29;19089
162;30;19100
162;31;19115
162;32;19126
162;33;19135
163;1;10811
163;2;10840
163;3;11380
163;4;11929
163;5;12504
163;6;13039
163;7;13626
163;8;14249
163;9;14807
163;10;14837
163;11;14872
163;12;14874
163;13;15384
163;14;15501
163;15;15927
163;16;16374
163;17;16409
163;18;16978
163;19;16999
163;20;17009
163;21;17037
163;22;17038
163;23;17095
163;24;17113
163;25;17671
163;26;18205
163;27;18226
163;28;18235
163;29;18284
163;30;18293
163;31;18789
163;32;18818
163;33;18853
163;34;18895
163;35;18906
163;36;18918
163;37;18932
163;38;18950
163;39;18991
163;40;19009
163;41;19104
163;42;19139
163;43;19150
163;44;19161
163;45;19162
163;46;19181
163;47;19189
163;48;19193
163;49;19204
163;50;19205
163;51;19213
164;1;11144
164;2;11695
164;3;11749
164;4;12318
164;5;12707
164;6;12821
164;7;12870
164;8;13357
164;9;13416
164;10;13423
164;11;13886
164;12;14240
164;13;14678
164;14;15034
164;15;15093
164;16;15663
164;17;16190
164;18;16286
164;19;16315
164;20;16884
164;21;17474
164;22;17528
164;23;17578
164;24;18153
164;25;18188
164;26;18313
164;27;18367
164;28;18390
164;29;18422
164;30;18457
164;31;18516
164;32;19044
164;33;19104
164;34;19163
164;35;19189
164;36;19192
164;37;19213
165;1;9875
165;2;9895
165;3;10409
165;4;10933
165;5;11493
165;6;12062
165;7;12179
165;8;12730
165;9;13298
165;10;13896
165;11;13925
165;12;14038
165;13;14613
165;14;15161
165;15;15274
165;16;15809
165;17;16351
165;18;16873
165;19;17338
165;20;17367
165;21;17492
165;22;17518
165;23;18094
165;24;18614
165;25;18948
165;26;19056
165;27;19079
165;28;19174
165;29;19184
165;30;19195
165;31;19202
165;32;19213
166;1;11254
166;2;11280
166;3;11882
166;4;12395
166;5;12971
166;6;13561
166;7;13578
166;8;14051
166;9;14164
166;10;14598
166;11;15113
166;12;15238
166;13;15832
166;14;15910
166;15;16430
166;16;16479
166;17;17083
166;18;17196
166;19;17783
166;20;17847
166;21;18197
166;22;18244
166;23;18357
166;24;18392
166;25;18452
166;26;18506
166;27;19007
166;28;19008
166;29;19057
166;30;19117
166;31;19135
167;1;11646
167;2;12182
167;3;12211
167;4;12801
167;5;13377
167;6;13917
167;7;14409
167;8;14479
167;9;14863
167;10;15390
167;11;15503
167;12;15628
167;13;16037
167;14;16087
167;15;16200
167;16;16747
167;17;17312
167;18;17408
167;19;17468
167;20;17503
167;21;18044
167;22;18055
167;23;18079
167;24;18492
167;25;18555
167;26;19047
167;27;19058
167;28;19067
167;29;19107
167;30;19127
167;31;19136
168;1;11604
168;2;12227
168;3;12628
168;4;12639
168;5;13300
168;6;13836
168;7;14363
168;8;14398
168;9;14448
168;10;14489
168;11;14517
168;12;15097
168;13;15115
168;14;15232
168;15;15598
168;16;16174
168;17;16271
168;18;16677
168;19;16695
168;20;17246
168;21;17766
168;22;17802
168;23;18254
168;24;18367
168;25;18371
168;26;18443
168;27;18492
168;28;18518
168;29;18529
168;30;18535
168;31;18583
168;32;18980
168;33;19040
168;34;19058
168;35;19118
168;36;19129
168;37;19131
168;38;19134
168;39;19183
168;40;19202
168;41;19213
169;1;15369
169;2;15387
169;3;15991
169;4;16086
169;5;16114
169;6;16587
169;7;17202
169;8;17718
169;9;17831
169;10;17860
169;11;18177
169;12;18227
169;13;18317
169;14;18334
169;15;18404
169;16;18408
169;17;18464
169;18;18954
169;19;19011
169;20;19071
169;21;19091
169;22;19122
169;23;19134
169;24;19162
169;25;19168
169;26;19211
169;27;19213
170;1;12201
170;2;12770
170;3;12798
170;4;12911
170;5;13515
170;6;14022
170;7;14609
170;8;14644
170;9;15001
170;10;15118
170;11;15177
170;12;15195
170;13;15650
170;14;16124
170;15;16194
170;16;16229
170;17;16800
170;18;16811
170;19;17223
170;20;17237
170;21;17263
170;22;17298
170;23;17790
170;24;17821
170;25;18357
170;26;18393
170;27;18792
170;28;18798
170;29;18956
170;30;18990
170;31;19016
170;32;19057
170;33;19068
170;34;19096
170;35;19105
170;36;19109
170;37;19111
170;38;19114
170;39;19126
171;1;13883
171;2;14485
171;3;14503
171;4;14953
171;5;15405
171;6;15423
171;7;16055
171;8;16114
171;9;16682
171;10;16757
171;11;16778
171;12;16809
171;13;16904
171;14;16922
171;15;17385
171;16;17963
171;17;17989
171;18;18373
171;19;18486
171;20;19062
171;21;19080
171;22;19103
171;23;19146
171;24;19161
171;25;19182
171;26;19204
171;27;19205
172;1;12393
172;2;12885
172;3;13409
172;4;13753
172;5;13784
172;6;13880
172;7;14324
172;8;14374
172;9;14423
172;10;15046
172;11;15504
172;12;15861
172;13;15956
172;14;15984
172;15;16013
172;16;16083
172;17;16681
172;18;16839
172;19;17285
172;20;17306
172;21;17320
172;22;17600
172;23;18003
172;24;18052
172;25;18078
172;26;18195
172;27;18226
172;28;18339
172;29;18357
172;30;18371
172;31;18423
172;32;18458
172;33;18488
172;34;18509
172;35;18569
172;36;18972
172;37;19030
172;38;19089
172;39;19118
172;40;19164
173;1;13643
173;2;14074
173;3;14588
173;4;15026
173;5;15030
173;6;15143
173;7;15635
173;8;15656
173;9;15983
173;10;16011
173;11;16018
173;12;16063
173;13;16125
173;14;16174
173;15;16202
173;16;16771
173;17;16800
173;18;17292
173;19;17311
173;20;17322
173;21;17898
173;22;17915
173;23;18010
173;24;18359
173;25;18472
173;26;18568
173;27;19000
173;28;19026
173;29;19071
173;30;19097
173;31;19105
173;32;19116
173;33;19117
173;34;19128
173;35;19171
173;36;19204
173;37;19205
174;1;13231
174;2;13706
174;3;14219
174;4;14310
174;5;14341
174;6;14909
174;7;15023
174;8;15042
174;9;15060
174;10;15173
174;11;15710
174;12;15736
174;13;16193
174;14;16816
174;15;16827
174;16;16877
174;17;17332
174;18;17391
174;19;17434
174;20;17464
174;21;17937
174;22;17947
174;23;17997
174;24;18033
174;25;18044
174;26;18516
174;27;18611
174;28;19103
174;29;19146
174;30;19195
174;31;19204
174;32;19213
175;1;10910
175;2;11571
175;3;11649
175;4;12225
175;5;12275
175;6;12846
175;7;13450
175;8;14019
175;9;14037
175;10;14448
175;11;14988
175;12;15508
175;13;16083
175;14;16196
175;15;16604
175;16;16605
175;17;17141
175;18;17588
175;19;17685
175;20;17753
175;21;17781
175;22;17841
175;23;18339
175;24;18456
175;25;18487
175;26;18532
175;27;18581
175;28;18592
175;29;19017
175;30;19037
175;31;19086
175;32;19103
175;33;19133
175;34;19162
175;35;19164
176;1;16780
176;2;17215
176;3;17328
176;4;17396
176;5;17947
176;6;18381
176;7;18729
176;8;18842
176;9;18891
176;10;19016
176;11;19040
176;12;19135
177;1;10411
177;2;10528
177;3;10546
177;4;10949
177;5;11564
177;6;12091
177;7;12187
177;8;12701
177;9;13174
177;10;13683
177;11;14273
177;12;14905
177;13;15481
177;14;15512
177;15;15550
177;16;15974
177;17;16099
177;18;16429
177;19;16540
177;20;16636
177;21;16653
177;22;16682
177;23;17136
177;24;17711
177;25;18238
177;26;18302
177;27;18397
177;28;18410
177;29;18488
177;30;18523
177;31;18583
177;32;19007
177;33;19009
177;34;19120
177;35;19130
177;36;19134
177;37;19136
177;38;19164
177;39;19193
177;40;19213
178;1;13719
178;2;13836
178;3;13932
178;4;14259
178;5;14287
178;6;14305
178;7;14418
178;8;14576
178;9;15141
178;10;15429
178;11;15525
178;12;15584
178;13;15654
178;14;16286
178;15;16317
178;16;16834
178;17;17385
178;18;17875
178;19;17906
178;20;17988
178;21;18549
178;22;18566
178;23;19055
178;24;19074
178;25;19076
179;1;11708
179;2;12130
179;3;12706
179;4;12819
179;5;13318
179;6;13329
179;7;13746
179;8;13800
179;9;13917
179;10;14480
179;11;14928
179;12;15504
179;13;15617
179;14;16141
179;15;16193
179;16;16195
179;17;16255
179;18;16777
179;19;16798
179;20;16857
179;21;17250
179;22;17753
179;23;17768
179;24;17773
179;25;17784
179;26;18272
179;27;18385
179;28;18386
179;29;18906
179;30;18950
179;31;18968
179;32;19052
179;33;19063
179;34;19075
179;35;19083
179;36;19115
179;37;19126
179;38;19135
180;1;13462
180;2;13920
180;3;13922
180;4;14435
180;5;15010
180;6;15600
180;7;16120
180;8;16151
180;9;16265
180;10;16272
180;11;16283
180;12;16312
180;13;16888
180;14;16908
180;15;17335
180;16;17714
180;17;17773
180;18;17886
180;19;17935
180;20;18324
180;21;18325
180;22;18385
180;23;18397
180;24;18451
180;25;18479
180;26;18529
180;27;18558
180;28;18653
180;29;19134
180;30;19155
180;31;19160
180;32;19175
180;33;19183
180;34;19213
181;1;11729
181;2;12221
181;3;12679
181;4;12721
181;5;12838
181;6;13313
181;7;13882
181;8;14484
181;9;15089
181;10;15592
181;11;16162
181;12;16760
181;13;16783
181;14;16833
181;15;16868
181;16;16964
181;17;17077
181;18;17569
181;19;17965
181;20;18290
181;21;18330
181;22;18379
181;23;18456
181;24;18493
181;25;18511
181;26;18533
181;27;18954
181;28;18989
181;29;19080
181;30;19088
181;31;19090
181;32;19111
181;33;19161
181;34;19170
181;35;19213
182;1;11009
182;2;11584
182;3;12160
182;4;12758
182;5;13198
182;6;13880
182;7;13975
182;8;14092
182;9;14668
182;10;15219
182;11;15230
182;12;15820
182;13;16461
182;14;17032
182;15;17091
182;16;17411
182;17;17903
182;18;17923
182;19;18383
182;20;18432
182;21;18455
182;22;18515
182;23;18993
182;24;19028
182;25;19029
182;26;19078
182;27;19099
182;28;19113
182;29;19135
182;30;19140
182;31;19141
182;32;19152
182;33;19162
182;34;19185
182;35;19204
182;36;19205
182;37;19213
183;1;13710
183;2;14286
183;3;14399
183;4;14469
183;5;14949
183;6;14953
183;7;15529
183;8;16042
183;9;16053
183;10;16567
183;11;17238
183;12;17583
183;13;17633
183;14;17691
183;15;17782
183;16;17793
183;17;18302
183;18;18419
183;19;18447
183;20;18457
183;21;18476
183;22;18918
183;23;18946
183;24;18954
183;25;18989
183;26;19013
183;27;19048
183;28;19051
183;29;19060
183;30;19081
183;31;19113
183;32;19124
183;33;19133
183;34;19134
183;35;19136
184;1;13041
184;2;13609
184;3;14131
184;4;14651
184;5;15127
184;6;15617
184;7;15666
184;8;16166
184;9;16279
184;10;16801
184;11;17388
184;12;17447
184;13;17461
184;14;17490
184;15;18009
184;16;18087
184;17;18122
184;18;18393
184;19;18483
184;20;18975
184;21;18993
184;22;19042
184;23;19070
184;24;19074
184;25;19095
184;26;19130
184;27;19140
184;28;19183
184;29;19185
184;30;19205
184;31;19213
185;1;13719
185;2;14266
185;3;14835
185;4;14952
185;5;15508
185;6;15543
185;7;16133
185;8;16241
185;9;16270
185;10;16296
185;11;16717
185;12;17191
185;13;17211
185;14;17308
185;15;17815
185;16;18337
185;17;18368
185;18;18370
185;19;18487
185;20;19028
185;21;19052
185;22;19078
185;23;19098
185;24;19099
185;25;19110
185;26;19112
185;27;19115
185;28;19127
186;1;13257
186;2;13749
186;3;14324
186;4;15006
186;5;15566
186;6;16040
186;7;16137
186;8;16163
186;9;16538
186;10;16569
186;11;16589
186;12;16600
186;13;16621
186;14;16652
186;15;17239
186;16;17741
186;17;17836
186;18;17924
186;19;18495
186;20;18833
186;21;18939
186;22;18950
186;23;19042
186;24;19048
186;25;19076
186;26;19096
186;27;19105
186;28;19146
186;29;19153
186;30;19171
186;31;19205
186;32;19213
187;1;11273
187;2;11795
187;3;12404
187;4;12939
187;5;13486
187;6;14037
187;7;14588
187;8;15029
187;9;15064
187;10;15189
187;11;15652
187;12;16228
187;13;16674
187;14;16703
187;15;17301
187;16;17414
187;17;17838
187;18;17850
187;19;18217
187;20;18292
187;21;18351
187;22;18373
187;23;18375
187;24;18843
187;25;18845
187;26;18864
187;27;18959
187;28;19073
187;29;19084
187;30;19120
187;31;19180
187;32;19183
187;33;19192
187;34;19204
187;35;19205
187;36;19213
188;1;12754
188;2;13274
188;3;13302
188;4;13904
188;5;14445
188;6;15077
188;7;15646
188;8;16160
188;9;16632
188;10;16650
188;11;17227
188;12;17255
188;13;17282
188;14;17752
188;15;17802
188;16;17927
188;17;18463
188;18;18948
188;19;18959
188;20;18963
188;21;19054
188;22;19074
188;23;19076
188;24;19135
189;1;12681
189;2;13216
189;3;13708
189;4;14259
189;5;14801
189;6;15318
189;7;15880
189;8;16398
189;9;17021
189;10;17112
189;11;17550
189;12;18211
189;13;18252
189;14;18302
189;15;18330
189;16;18852
189;17;18969
189;18;18974
189;19;19033
189;20;19068
189;21;19091
189;22;19112
189;23;19123
189;24;19173
189;25;19181
189;26;19200
189;27;19211
189;28;19213
190;1;11083
190;2;11574
190;3;12169
190;4;12228
190;5;12263
190;6;12737
190;7;13102
190;8;13210
190;9;13587
190;10;14097
190;11;14211
190;12;14252
190;13;14410
190;14;14463
190;15;14558
190;16;15094
190;17;15497
190;18;15890
190;19;16240
190;20;16258
190;21;16346
190;22;16961
190;23;17551
190;24;17592
190;25;17652
190;26;17670
190;27;17765
190;28;17783
190;29;17828
190;30;17941
190;31;18444
190;32;18462
190;33;18932
190;34;19021
190;35;19027
190;36;19055
190;37;19057
190;38;19075
190;39;19133
190;40;19135
191;1;11873
191;2;11968
191;3;12519
191;4;12530
191;5;12968
191;6;13477
191;7;13940
191;8;14057
191;9;14088
191;10;14201
191;11;14229
191;12;14798
191;13;15272
191;14;15332
191;15;15443
191;16;16058
191;17;16149
191;18;16504
191;19;17012
191;20;17137
191;21;17677
191;22;18136
191;23;18157
191;24;18185
191;25;18239
191;26;18335
191;27;18384
191;28;18404
191;29;18878
191;30;18973
191;31;19008
191;32;19043
191;33;19102
191;34;19145
191;35;19154
191;36;19161
191;37;19170
191;38;19204
191;39;19213
192;1;11440
192;2;11991
192;3;12559
192;4;12641
192;5;13245
192;6;13276
192;7;13695
192;8;14318
192;9;14869
192;10;15383
192;11;15875
192;12;16505
192;13;16583
192;14;16609
192;15;16704
192;16;17280
192;17;17291
192;18;17320
192;19;17433
192;20;17847
192;21;17955
192;22;17975
192;23;18010
192;24;18428
192;25;18429
192;26;18457
192;27;18458
192;28;18467
192;29;18506
192;30;19043
192;31;19045
192;32;19123
192;33;19163
192;34;19183
192;35;19189
192;36;19190
192;37;19205
193;1;9535
193;2;10125
193;3;10675
193;4;11307
193;5;11781
193;6;12379
193;7;12410
193;8;12496
193;9;12983
193;10;12993
193;11;13042
193;12;13590
193;13;13619
193;14;14016
193;15;14133
193;16;14673
193;17;14784
193;18;14812
193;19;15494
193;20;15589
193;21;16045
193;22;16476
193;23;16536
193;24;16574
193;25;16603
193;26;16638
193;27;16659
193;28;17056
193;29;17078
193;30;17174
193;31;17751
193;32;17868
193;33;17887
193;34;17918
193;35;18362
193;36;18448
193;37;18990
193;38;19039
193;39;19050
193;40;19057
193;41;19117
193;42;19135
194;1;12880
194;2;12910
194;3;12951
194;4;13461
194;5;13502
194;6;13520
194;7;14086
194;8;14463
194;9;14483
194;10;14504
194;11;14600
194;12;14989
194;13;15106
194;14;15602
194;15;15661
194;16;16259
194;17;16594
194;18;16614
194;19;16680
194;20;16739
194;21;17253
194;22;17270
194;23;17741
194;24;18317
194;25;18434
194;26;18529
194;27;18588
194;28;19068
194;29;19097
194;30;19098
194;31;19104
194;32;19115
194;33;19127
194;34;19136
195;1;14464
195;2;14482
195;3;14599
195;4;14628
195;5;15179
195;6;15781
195;7;16256
195;8;16667
195;9;17191
195;10;17217
195;11;17308
195;12;17416
195;13;17527
195;14;17897
195;15;17959
195;16;18340
195;17;18344
195;18;18387
195;19;18389
195;20;18862
195;21;18975
195;22;18978
195;23;19037
195;24;19048
195;25;19143
195;26;19166
195;27;19183
195;28;19187
195;29;19188
195;30;19190
195;31;19205
196;1;14169
196;2;14682
196;3;15229
196;4;15721
196;5;16006
196;6;16554
196;7;17012
196;8;17043
196;9;17157
196;10;17202
196;11;17773
196;12;17864
196;13;17882
196;14;17931
196;15;18340
196;16;18360
196;17;18485
196;18;18891
196;19;18914
196;20;18978
196;21;19013
196;22;19138
196;23;19181
196;24;19183
196;25;19213
197;1;12162
197;2;12713
197;3;13311
197;4;13835
197;5;13879
197;6;14331
197;7;14858
197;8;15248
197;9;15298
197;10;15316
197;11;15429
197;12;15980
197;13;16074
197;14;16112
197;15;16229
197;16;16805
197;17;17327
197;18;17356
197;19;17835
197;20;17903
197;21;18186
197;22;18281
197;23;18364
197;24;18382
197;25;18410
197;26;18447
197;27;18471
197;28;18482
197;29;19034
197;30;19051
197;31;19100
197;32;19124
197;33;19159
197;34;19168
197;35;19200
197;36;19211
197;37;19213
198;1;13672
198;2;14147
198;3;14808
198;4;14840
198;5;15364
198;6;15443
198;7;15556
198;8;16132
198;9;16744
198;10;17258
198;11;17287
198;12;17336
198;13;17347
198;14;17827
198;15;17856
198;16;17874
198;17;18224
198;18;18337
198;19;18355
198;20;18790
198;21;18903
198;22;18914
198;23;18931
198;24;18958
198;25;18987
198;26;18997
198;27;19014
198;28;19024
198;29;19033
198;30;19038
198;31;19100
198;32;19111
198;33;19114
198;34;19126
199;1;11513
199;2;12005
199;3;12064
199;4;12662
199;5;12758
199;6;12786
199;7;13390
199;8;13859
199;9;14373
199;10;14457
199;11;14930
199;12;15047
199;13;15158
199;14;15615
199;15;16202
199;16;16210
199;17;16323
199;18;16845
199;19;17371
199;20;17901
199;21;18503
199;22;18905
199;23;18971
199;24;19020
199;25;19041
199;26;19049
199;27;19091
199;28;19097
199;29;19143
199;30;19155
200;1;13072
200;2;13180
200;3;13534
200;4;14074
200;5;14181
200;6;14605
200;7;14616
200;8;14651
200;9;14966
200;10;15436
200;11;15495
200;12;16092
200;13;16096
200;14;16751
200;15;16780
200;16;17292
200;17;17351
200;18;17857
200;19;17886
200;20;18462
200;21;18473
200;22;18561
200;23;18590
200;24;18617
200;25;18652
200;26;18695
200;27;18699
200;28;18701
200;29;19086
200;30;19089
200;31;19096
200;32;19130
200;33;19135
200;34;19136
200;35;19142
200;36;19151
200;37;19162
200;38;19194
200;39;19205
201;1;13169
201;2;13720
201;3;14248
201;4;14277
201;5;14311
201;6;14389
201;7;15004
201;8;15594
201;9;16163
201;10;16497
201;11;17037
201;12;17641
201;13;17755
201;14;17868
201;15;18331
201;16;18878
201;17;18895
201;18;18944
201;19;18970
201;20;19030
201;21;19115
201;22;19126
201;23;19135
202;1;11727
202;2;11773
202;3;12349
202;4;12380
202;5;12893
202;6;12911
202;7;13418
202;8;13806
202;9;14233
202;10;14262
202;11;14813
202;12;14867
202;13;15391
202;14;15966
202;15;16077
202;16;16190
202;17;16712
202;18;16806
202;19;17393
202;20;17878
202;21;17885
202;22;17939
202;23;18156
202;24;18212
202;25;18232
202;26;18329
202;27;18370
202;28;18906
202;29;18909
202;30;18927
202;31;18993
202;32;19034
202;33;19039
202;34;19042
202;35;19057
202;36;19075
202;37;19116
202;38;19127
202;39;19136
203;1;12658
203;2;13071
203;3;13686
203;4;14291
203;5;14405
203;6;14426
203;7;14461
203;8;14489
203;9;15025
203;10;15496
203;11;15591
203;12;16142
203;13;16193
203;14;16228
203;15;16706
203;16;16734
203;17;16844
203;18;16865
203;19;16896
203;20;17395
203;21;17858
203;22;17906
203;23;17949
203;24;18463
203;25;18489
203;26;18498
203;27;18533
203;28;18534
203;29;18545
203;30;19036
203;31;19086
203;32;19103
203;33;19111
203;34;19112
203;35;19136
203;36;19138
203;37;19153
203;38;19179
203;39;19190
203;40;19205
203;41;19213
204;1;11497
204;2;12024
204;3;12425
204;4;12453
204;5;12531
204;6;13114
204;7;13636
204;8;13996
204;9;14586
204;10;15190
204;11;15739
204;12;15770
204;13;15790
204;14;15903
204;15;16028
204;16;16077
204;17;16105
204;18;16543
204;19;16814
204;20;16927
204;21;16960
204;22;17051
204;23;17626
204;24;17657
204;25;17735
204;26;17852
204;27;17856
204;28;17921
204;29;18391
204;30;18482
204;31;18486
204;32;18506
204;33;18514
204;34;18984
204;35;19005
204;36;19100
204;37;19108
204;38;19127
204;39;19138
204;40;19140
204;41;19164
205;1;12289
205;2;12315
205;3;12343
205;4;12762
205;5;12791
205;6;13283
205;7;13304
205;8;13839
205;9;13952
205;10;14528
205;11;15002
205;12;15403
205;13;15882
205;14;15995
205;15;16001
205;16;16457
205;17;17005
205;18;17016
205;19;17051
205;20;17129
205;21;17700
205;22;18171
205;23;18288
205;24;18291
205;25;18386
205;26;18414
205;27;18434
205;28;18530
205;29;18548
205;30;18549
205;31;19112
205;32;19116
205;33;19127
205;34;19136
206;1;11927
206;2;12390
206;3;12939
206;4;13353
206;5;14014
206;6;14585
206;7;15105
206;8;15618
206;9;16111
206;10;16175
206;11;16206
206;12;16260
206;13;16794
206;14;16815
206;15;16844
206;16;16862
206;17;17338
206;18;17455
206;19;17473
206;20;17533
206;21;17566
206;22;17585
206;23;17963
206;24;18059
206;25;18080
206;26;18091
206;27;18108
206;28;18157
206;29;18492
206;30;18516
206;31;18544
206;32;18611
206;33;18958
206;34;18967
206;35;18996
206;36;19006
206;37;19047
206;38;19082
206;39;19132
206;40;19152
206;41;19170
206;42;19171
206;43;19185
206;44;19205
207;1;9866
207;2;10435
207;3;11065
207;4;11178
207;5;11670
207;6;12149
207;7;12724
207;8;12774
207;9;13299
207;10;13903
207;11;13962
207;12;14070
207;13;14557
207;14;14575
207;15;15013
207;16;15083
207;17;15583
207;18;15653
207;19;16105
207;20;16674
207;21;16788
207;22;17143
207;23;17301
207;24;17825
207;25;17853
207;26;17864
207;27;17890
207;28;18466
207;29;18999
207;30;19027
207;31;19048
207;32;19068
207;33;19117
207;34;19118
207;35;19127
207;36;19135
208;1;13087
208;2;13710
208;3;13767
208;4;14287
208;5;14298
208;6;14829
208;7;15343
208;8;15941
208;9;16054
208;10;16630
208;11;17039
208;12;17098
208;13;17223
208;14;17227
208;15;17751
208;16;17752
208;17;18328
208;18;18349
208;19;18399
208;20;18459
208;21;18951
208;22;19034
208;23;19043
208;24;19062
208;25;19070
208;26;19120
208;27;19126
208;28;19135
209;1;12461
209;2;12578
209;3;12927
209;4;13044
209;5;13501
209;6;13579
209;7;14211
209;8;14324
209;9;14893
209;10;15495
209;11;15554
209;12;16017
209;13;16632
209;14;17111
209;15;17130
209;16;17255
209;17;17842
209;18;17937
209;19;18472
209;20;18931
209;21;19048
209;22;19068
209;23;19103
209;24;19127
209;25;19135
210;1;12124
210;2;12152
210;3;12767
210;4;13449
210;5;13545
210;6;13930
210;7;13952
210;8;14522
210;9;14551
210;10;15016
210;11;15565
210;12;15690
210;13;16269
210;14;16809
210;15;16869
210;16;17445
210;17;17992
210;18;18001
210;19;18036
210;20;18040
210;21;18042
210;22;18091
210;23;18392
210;24;18424
210;25;18452
210;26;18502
210;27;18537
210;28;18555
210;29;19018
210;30;19086
210;31;19121
210;32;19170
210;33;19213
211;1;12118
211;2;12705
211;3;13335
211;4;13430
211;5;13960
211;6;14592
211;7;15194
211;8;15760
211;9;15827
211;10;15848
211;11;15856
211;12;16446
211;13;16696
211;14;17267
211;15;17703
211;16;17738
211;17;17757
211;18;17817
211;19;17975
211;20;18551
211;21;18590
211;22;18924
211;23;18944
211;24;19037
211;25;19078
211;26;19098
211;27;19102
211;28;19110
211;29;19122
211;30;19148
211;31;19159
211;32;19181
211;33;19205
212;1;11583
212;2;11632
212;3;12009
212;4;12503
212;5;13072
212;6;13454
212;7;14005
212;8;14592
212;9;15253
212;10;15772
212;11;15864
212;12;16440
212;13;17038
212;14;17073
212;15;17667
212;16;17753
212;17;17799
212;18;17814
212;19;18168
212;20;18653
212;21;18682
212;22;18710
212;23;18769
212;24;18780
212;25;18840
212;26;18948
212;27;19047
212;28;19073
212;29;19093
212;30;19111
212;31;19146
212;32;19189
212;33;19190
212;34;19193
212;35;19205
213;1;12714
213;2;13188
213;3;13447
213;4;13561
213;5;13624
213;6;14254
213;7;14825
213;8;15440
213;9;15598
213;10;15644
213;11;16021
213;12;16091
213;13;16531
213;14;17133
213;15;17162
213;16;17221
213;17;17624
213;18;18042
213;19;18155
213;20;18272
213;21;18321
213;22;18332
213;23;18417
213;24;18476
213;25;18487
213;26;19014
213;27;19026
213;28;19027
213;29;19030
213;30;19056
213;31;19071
213;32;19082
213;33;19094
213;34;19097
213;35;19127
213;36;19136
214;1;12183
214;2;12753
214;3;13355
214;4;13421
214;5;14019
214;6;14555
214;7;14604
214;8;14717
214;9;15217
214;10;15586
214;11;15927
214;12;16005
214;13;16122
214;14;16181
214;15;16654
214;16;16745
214;17;17237
214;18;17255
214;19;17296
214;20;17316
214;21;17840
214;22;17841
214;23;17862
214;24;17867
214;25;18358
214;26;18378
214;27;18869
214;28;18929
214;29;19040
214;30;19099
214;31;19110
214;32;19134
214;33;19136
215;1;13192
215;2;13309
215;3;13941
215;4;14422
215;5;15024
215;6;15042
215;7;15556
215;8;15585
215;9;16037
215;10;16402
215;11;16480
215;12;16546
215;13;16565
215;14;17226
215;15;17252
215;16;17287
215;17;17711
215;18;17828
215;19;17888
215;20;17914
215;21;17973
215;22;18321
215;23;18434
215;24;18530
215;25;18558
215;26;18589
215;27;18869
215;28;18873
215;29;18885
215;30;18998
215;31;19093
215;32;19096
215;33;19105
215;34;19135
216;1;9366
216;2;9880
216;3;9914
216;4;10441
216;5;10933
216;6;11024
216;7;11482
216;8;12018
216;9;12377
216;10;12465
216;11;12578
216;12;12609
216;13;12687
216;14;12706
216;15;13195
216;16;13230
216;17;13724
216;18;14251
216;19;14827
216;20;15431
216;21;15449
216;22;15544
216;23;15951
216;24;16527
216;25;16548
216;26;16665
216;27;16688
216;28;16706
216;29;16819
216;30;16845
216;31;17400
216;32;17459
216;33;17858
216;34;17886
216;35;17904
216;36;17933
216;37;17951
216;38;18443
216;39;18538
216;40;18549
216;41;18599
216;42;18611
216;43;18620
216;44;18629
216;45;18643
216;46;18721
216;47;19000
216;48;19018
216;49;19085
216;50;19096
216;51;19187
216;52;19207
216;53;19211
216;54;19213
217;1;13218
217;2;13740
217;3;14344
217;4;14461
217;5;14895
217;6;15408
217;7;15449
217;8;16018
217;9;16566
217;10;17164
217;11;17278
217;12;17391
217;13;17409
217;14;17430
217;15;17447
217;16;17782
217;17;18246
217;18;18363
217;19;18521
217;20;18951
217;21;19001
217;22;19092
217;23;19101
217;24;19127
217;25;19135
217;26;19155
217;27;19205
217;28;19213
218;1;13751
218;2;14242
218;3;14710
218;4;15223
218;5;15758
218;6;16282
218;7;16293
218;8;16352
218;9;17013
218;10;17121
218;11;17139
218;12;17585
218;13;17605
218;14;17730
218;15;18360
218;16;18455
218;17;18877
218;18;18880
218;19;18928
218;20;18949
218;21;18973
218;22;18979
218;23;18997
218;24;19046
218;25;19106
218;26;19107
218;27;19127
219;1;14245
219;2;14273
219;3;14726
219;4;14761
219;5;14874
219;6;15443
219;7;15538
219;8;16125
219;9;16676
219;10;16772
219;11;17328
219;12;17349
219;13;17360
219;14;17936
219;15;17948
219;16;18044
219;17;18423
219;18;18536
219;19;19010
219;20;19105
219;21;19122
219;22;19171
219;23;19204
219;24;19213
220;1;12035
220;2;12548
220;3;13099
220;4;13544
220;5;13635
220;6;14149
220;7;14718
220;8;15333
220;9;15392
220;10;15487
220;11;15505
220;12;16074
220;13;16644
220;14;17107
220;15;17125
220;16;17145
220;17;17177
220;18;17205
220;19;17216
220;20;17324
220;21;17911
220;22;18373
220;23;18421
220;24;18450
220;25;18563
220;26;18612
220;27;18623
220;28;18644
220;29;19135
221;1;10048
221;2;10650
221;3;10699
221;4;11234
221;5;11743
221;6;12234
221;7;12245
221;8;12678
221;9;13157
221;10;13253
221;11;13829
221;12;13849
221;13;13877
221;14;14481
221;15;15046
221;16;15622
221;17;16060
221;18;16573
221;19;17088
221;20;17551
221;21;17709
221;22;17805
221;23;17922
221;24;18395
221;25;18487
221;26;18497
221;27;18517
221;28;18528
221;29;19058
221;30;19069
221;31;19072
221;32;19092
221;33;19102
221;34;19152
221;35;19211
221;36;19213
222;1;14901
222;2;14902
222;3;14997
222;4;15573
222;5;15935
222;6;16030
222;7;16063
222;8;16123
222;9;16134
222;10;16222
222;11;16251
222;12;16318
222;13;16869
222;14;17341
222;15;17361
222;16;17872
222;17;17892
222;18;17921
222;19;17932
222;20;17981
222;21;17999
222;22;18447
222;23;18560
222;24;19076
222;25;19135
223;1;9844
223;2;10357
223;3;10959
223;4;11557
223;5;11585
223;6;12136
223;7;12712
223;8;13234
223;9;13748
223;10;14340
223;11;14448
223;12;14479
223;13;14917
223;14;15034
223;15;15045
223;16;15094
223;17;15630
223;18;16013
223;19;16584
223;20;16697
223;21;16717
223;22;17142
223;23;17746
223;24;17841
223;25;18203
223;26;18298
223;27;18874
223;28;18904
223;29;18958
223;30;19053
223;31;19102
223;32;19161
223;33;19162
223;34;19205
224;1;13747
224;2;13773
224;3;14320
224;4;14918
224;5;15469
224;6;15501
224;7;15555
224;8;16003
224;9;16545
224;10;17069
224;11;17582
224;12;17600
224;13;17994
224;14;18391
224;15;18504
224;16;18532
224;17;18581
224;18;18689
224;19;18724
224;20;18849
224;21;18870
224;22;18913
224;23;18933
224;24;18992
224;25;18994
224;26;19027
224;27;19056
224;28;19091
224;29;19111
224;30;19171
224;31;19181
224;32;19184
224;33;19205
225;1;13098
225;2;13611
225;3;14179
225;4;14749
225;5;15364
225;6;15402
225;7;15431
225;8;15548
225;9;15569
225;10;15635
225;11;15643
225;12;16181
225;13;16673
225;14;17214
225;15;17704
225;16;17732
225;17;18307
225;18;18311
225;19;18378
225;20;18841
225;21;18859
225;22;18865
225;23;18949
225;24;19045
225;25;19066
225;26;19086
225;27;19145
225;28;19152
225;29;19161
225;30;19162
225;31;19205
226;1;13248
226;2;13788
226;3;13905
226;4;13931
226;5;14467
226;6;14526
226;7;15011
226;8;15060
226;9;15071
226;10;15523
226;11;16078
226;12;16676
226;13;17168
226;14;17197
226;15;17670
226;16;17748
226;17;17808
226;18;17899
226;19;17909
226;20;18305
226;21;18422
226;22;18439
226;23;18469
226;24;18519
226;25;18530
226;26;18573
226;27;19075
226;28;19104
226;29;19132
226;30;19153
226;31;19164
226;32;19175
226;33;19205
226;34;19213
227;1;14316
227;2;14433
227;3;14505
227;4;14963
227;5;15012
227;6;15582
227;7;15907
227;8;16065
227;9;16364
227;10;16393
227;11;16968
227;12;16986
227;13;17144
227;14;17731
227;15;18253
227;16;18691
227;17;18801
227;18;18839
227;19;18950
227;20;19017
227;21;19041
227;22;19062
227;23;19070
227;24;19074
227;25;19084
227;26;19133
227;27;19135
228;1;12462
228;2;12949
228;3;12998
228;4;13009
228;5;13031
228;6;13600
228;7;13618
228;8;13713
228;9;13783
228;10;13814
228;11;14292
228;12;14827
228;13;14905
228;14;15562
228;15;16131
228;16;16574
228;17;16687
228;18;16722
228;19;17229
228;20;17651
228;21;17747
228;22;17796
228;23;17827
228;24;17861
228;25;17917
228;26;17928
228;27;17957
228;28;18442
228;29;18462
228;30;18558
228;31;18593
228;32;18653
228;33;19133
228;34;19159
228;35;19180
228;36;19213
229;1;12231
229;2;12348
229;3;12883
229;4;13397
229;5;13425
229;6;13460
229;7;13478
229;8;14048
229;9;14575
229;10;14683
229;11;15242
229;12;15924
229;13;16416
229;14;16825
229;15;16836
229;16;17374
229;17;17896
229;18;17945
229;19;17976
229;20;18396
229;21;18478
229;22;18862
229;23;18897
229;24;18919
229;25;18947
229;26;19006
229;27;19017
229;28;19043
229;29;19066
229;30;19126
229;31;19135
230;1;13206
230;2;13709
230;3;14201
230;4;14248
230;5;14799
230;6;14830
230;7;15406
230;8;15975
230;9;16004
230;10;16503
230;11;16544
230;12;16555
230;13;16643
230;14;17136
230;15;17676
230;16;17767
230;17;18337
230;18;18365
230;19;18374
230;20;18776
230;21;18796
230;22;18954
230;23;19011
230;24;19022
230;25;19077
230;26;19109
230;27;19113
230;28;19124
230;29;19152
230;30;19154
230;31;19161
230;32;19171
230;33;19185
230;34;19205
230;35;19213
231;1;12363
231;2;12899
231;3;13468
231;4;13921
231;5;14515
231;6;15007
231;7;15061
231;8;15543
231;9;15572
231;10;16083
231;11;16133
231;12;16174
231;13;16749
231;14;17207
231;15;17302
231;16;17863
231;17;17959
231;18;18434
231;19;18465
231;20;18514
231;21;18876
231;22;18967
231;23;19026
231;24;19086
231;25;19153
231;26;19155
231;27;19181
231;28;19184
231;29;19193
231;30;19204
231;31;19213
232;1;12933
232;2;13371
232;3;13801
232;4;14254
232;5;14350
232;6;14378
232;7;14784
232;8;15382
232;9;15499
232;10;15594
232;11;15705
232;12;16246
232;13;16359
232;14;16387
232;15;16446
232;16;16707
232;17;16725
232;18;17152
232;19;17230
232;20;17319
232;21;17758
232;22;17789
232;23;17848
232;24;18202
232;25;18360
232;26;18852
232;27;18887
232;28;18922
232;29;18933
232;30;18969
232;31;19000
232;32;19075
232;33;19095
232;34;19101
232;35;19112
232;36;19121
232;37;19170
232;38;19171
232;39;19190
232;40;19205
232;41;19213
233;1;12445
233;2;12998
233;3;13525
233;4;13553
233;5;13991
233;6;14478
233;7;15025
233;8;15483
233;9;15505
233;10;15600
233;11;16124
233;12;16507
233;13;16621
233;14;16717
233;15;17157
233;16;17560
233;17;17601
233;18;17759
233;19;17763
233;20;18251
233;21;18262
233;22;18291
233;23;18388
233;24;18408
233;25;19001
233;26;19032
233;27;19067
233;28;19126
234;1;13614
234;2;13727
234;3;14276
234;4;14823
234;5;14858
234;6;14878
234;7;15289
234;8;15810
234;9;15968
234;10;16064
234;11;16085
234;12;16610
234;13;17137
234;14;17250
234;15;17268
234;16;17278
234;17;17751
234;18;17799
234;19;17810
234;20;17828
234;21;18368
234;22;18943
234;23;18961
234;24;18965
234;25;18995
234;26;19031
234;27;19090
234;28;19104
234;29;19112
234;30;19114
234;31;19126
235;1;12842
235;2;12860
235;3;13435
235;4;14004
235;5;14039
235;6;14561
235;7;14609
235;8;14687
235;9;15145
235;10;15240
235;11;15781
235;12;16442
235;13;16722
235;14;16739
235;15;16786
235;16;16807
235;17;16885
235;18;17444
235;19;17448
235;20;17476
235;21;17957
235;22;17986
235;23;18311
235;24;18360
235;25;18381
235;26;18392
235;27;18452
235;28;18505
235;29;18961
235;30;18987
235;31;19100
235;32;19109
235;33;19126
235;34;19127
235;35;19135
236;1;9376
236;2;9834
236;3;10369
236;4;10387
236;5;10422
236;6;11045
236;7;11620
236;8;12160
236;9;12765
236;10;12814
236;11;13338
236;12;13455
236;13;14042
236;14;14593
236;15;15164
236;16;15520
236;17;15975
236;18;16071
236;19;16675
236;20;16766
236;21;17258
236;22;17286
236;23;17403
236;24;17414
236;25;17844
236;26;18309
236;27;18329
236;28;18388
236;29;18448
236;30;18544
236;31;19034
236;32;19050
236;33;19072
236;34;19121
236;35;19171
236;36;19172
236;37;19195
236;38;19213
237;1;13451
237;2;13545
237;3;13983
237;4;14615
237;5;14992
237;6;15010
237;7;15067
237;8;15181
237;9;15654
237;10;16128
237;11;16679
237;12;16700
237;13;16729
237;14;16789
237;15;16885
237;16;16944
237;17;16975
237;18;17492
237;19;17968
237;20;18515
237;21;18535
237;22;18594
237;23;18611
237;24;18630
237;25;18635
237;26;18670
237;27;19032
237;28;19067
237;29;19126
238;1;13973
238;2;13990
238;3;14001
238;4;14576
238;5;15049
238;6;15524
238;7;15606
238;8;16064
238;9;16662
238;10;17143
238;11;17154
238;12;17195
238;13;17213
238;14;17273
238;15;17736
238;16;17808
238;17;18187
238;18;18218
238;19;18670
238;20;18783
238;21;18874
238;22;18991
238;23;18993
238;24;19033
238;25;19051
238;26;19055
238;27;19060
238;28;19081
238;29;19103
238;30;19126
238;31;19135
239;1;14359
239;2;14910
239;3;15386
239;4;15799
239;5;16401
239;6;16422
239;7;16991
239;8;17535
239;9;17652
239;10;18150
239;11;18220
239;12;18279
239;13;18396
239;14;18908
239;15;19003
239;16;19012
239;17;19043
239;18;19071
239;19;19092
239;20;19100
239;21;19133
239;22;19155
239;23;19164
240;1;13989
240;2;14540
240;3;15013
240;4;15073
240;5;15576
240;6;15611
240;7;15891
240;8;15909
240;9;15969
240;10;15976
240;11;16011
240;12;16039
240;13;16590
240;14;17136
240;15;17253
240;16;17855
240;17;18369
240;18;18482
240;19;18486
240;20;18546
240;21;18557
240;22;19020
240;23;19051
240;24;19079
240;25;19094
240;26;19102
240;27;19113
240;28;19132
240;29;19143
240;30;19146
240;31;19166
240;32;19178
240;33;19193
240;34;19204
240;35;19205
241;1;11603
241;2;12190
241;3;12704
241;4;13255
241;5;13797
241;6;13910
241;7;14380
241;8;14538
241;9;15030
241;10;15060
241;11;15584
241;12;15595
241;13;15619
241;14;16126
241;15;16155
241;16;16196
241;17;16695
241;18;17256
241;19;17305
241;20;17778
241;21;17801
241;22;17894
241;23;17964
241;24;18462
241;25;18490
241;26;18540
241;27;18569
241;28;18589
241;29;18985
241;30;18997
241;31;19040
241;32;19135
241;33;19144
241;34;19155
242;1;12031
242;2;12555
242;3;13216
242;4;13785
242;5;14387
242;6;14963
242;7;15477
242;8;15990
242;9;16510
242;10;16530
242;11;16643
242;12;17116
242;13;17224
242;14;17255
242;15;17303
242;16;17331
242;17;17349
242;18;17378
242;19;17867
242;20;18302
242;21;18326
242;22;18375
242;23;18411
242;24;18415
242;25;18450
242;26;18479
242;27;18872
242;28;18881
242;29;18911
242;30;18928
242;31;18951
242;32;19004
242;33;19033
242;34;19059
242;35;19081
242;36;19105
242;37;19116
242;38;19146
242;39;19189
242;40;19193
242;41;19204
242;42;19205
243;1;12367
243;2;12408
243;3;12443
243;4;13014
243;5;13506
243;6;13979
243;7;14369
243;8;14854
243;9;15441
243;10;16028
243;11;16554
243;12;16585
243;13;16626
243;14;17139
243;15;17235
243;16;17284
243;17;17721
243;18;17749
243;19;17760
243;20;17810
243;21;17901
243;22;18018
243;23;18509
243;24;18975
243;25;19013
243;26;19024
243;27;19063
243;28;19112
243;29;19113
243;30;19124
243;31;19152
243;32;19159
243;33;19168
243;34;19170
243;35;19189
243;36;19190
243;37;19193
243;38;19213
244;1;11760
244;2;12309
244;3;12913
244;4;13247
244;5;13280
244;6;13756
244;7;13870
244;8;13987
244;9;14534
244;10;14563
244;11;14598
244;12;15188
244;13;15614
244;14;16025
244;15;16104
244;16;16483
244;17;16491
244;18;16520
244;19;16929
244;20;16988
244;21;17006
244;22;17055
244;23;17168
244;24;17212
244;25;17266
244;26;17759
244;27;17809
244;28;17827
244;29;17905
244;30;17934
244;31;18450
244;32;18478
244;33;18538
244;34;18542
244;35;18544
244;36;18988
244;37;19105
244;38;19135
245;1;13457
245;2;13932
245;3;14355
245;4;14480
245;5;14484
245;6;14597
245;7;14918
245;8;14946
245;9;15495
245;10;15612
245;11;16149
245;12;16592
245;13;16641
245;14;16667
245;15;16775
245;16;16835
245;17;17315
245;18;17709
245;19;17744
245;20;17857
245;21;18402
245;22;18415
245;23;18475
245;24;18501
245;25;18865
245;26;18990
245;27;19025
245;28;19035
245;29;19039
245;30;19049
245;31;19090
245;32;19099
245;33;19125
245;34;19145
245;35;19168
245;36;19188
245;37;19190
245;38;19205
246;1;12611
246;2;12622
246;3;13135
246;4;13194
246;5;13817
246;6;13934
246;7;14029
246;8;14481
246;9;14880
246;10;14927
246;11;15437
246;12;15497
246;13;15549
246;14;16164
246;15;16445
246;16;16562
246;17;16569
246;18;16647
246;19;16682
246;20;16739
246;21;17214
246;22;17245
246;23;17285
246;24;17334
246;25;17365
246;26;17424
246;27;17741
246;28;18276
246;29;18305
246;30;18401
246;31;18421
246;32;18438
246;33;18469
246;34;18547
246;35;18942
246;36;18962
246;37;19070
246;38;19129
246;39;19130
246;40;19136
247;1;11026
247;2;11501
247;3;11530
247;4;11647
247;5;12146
247;6;12704
247;7;13196
247;8;13710
247;9;14232
247;10;14756
247;11;15332
247;12;15896
247;13;16447
247;14;16525
247;15;17024
247;16;17441
247;17;17599
247;18;17610
247;19;17645
247;20;17673
247;21;17732
247;22;17843
247;23;17864
247;24;17913
247;25;17937
247;26;18508
247;27;19024
247;28;19084
247;29;19095
247;30;19100
247;31;19133
247;32;19135
247;33;19136
248;1;11275
248;2;11873
248;3;12449
248;4;12540
248;5;13015
248;6;13602
248;7;14133
248;8;14748
248;9;15317
248;10;15337
248;11;15872
248;12;15901
248;13;15996
248;14;16530
248;15;16547
248;16;17083
248;17;17179
248;18;17200
248;19;17740
248;20;17816
248;21;17875
248;22;17895
248;23;18329
248;24;18412
248;25;18448
248;26;18478
248;27;18499
248;28;18510
248;29;18532
248;30;19042
248;31;19101
248;32;19107
248;33;19127
248;34;19136
249;1;11201
249;2;11805
249;3;12318
249;4;12346
249;5;12936
249;6;13460
249;7;13952
249;8;14398
249;9;14907
249;10;14967
249;11;15125
249;12;15672
249;13;16132
249;14;16730
249;15;16841
249;16;17299
249;17;17805
249;18;17858
249;19;17879
249;20;17889
249;21;17948
249;22;17995
249;23;18016
249;24;18044
249;25;18467
249;26;18506
249;27;18544
249;28;18570
249;29;18581
249;30;19027
249;31;19122
249;32;19172
249;33;19180
249;34;19189
249;35;19192
249;36;19213
250;1;11671
250;2;12198
250;3;12711
250;4;13262
250;5;13864
250;6;14377
250;7;14494
250;8;14941
250;9;15531
250;10;16066
250;11;16635
250;12;17076
250;13;17136
250;14;17261
250;15;17833
250;16;18409
250;17;18469
250;18;19003
250;19;19044
250;20;19047
250;21;19106
250;22;19115
250;23;19127
250;24;19135
251;1;11741
251;2;12311
251;3;12814
251;4;13273
251;5;13797
251;6;14399
251;7;14939
251;8;15601
251;9;16085
251;10;16114
251;11;16683
251;12;17156
251;13;17251
251;14;17269
251;15;17820
251;16;17877
251;17;18357
251;18;18453
251;19;18494
251;20;18554
251;21;19058
251;22;19080
251;23;19088
251;24;19105
251;25;19117
251;26;19126
252;1;11486
252;2;11514
252;3;12090
252;4;12168
252;5;12850
252;6;13482
252;7;13490
252;8;13965
252;9;14516
252;10;14630
252;11;15203
252;12;15244
252;13;15732
252;14;16224
252;15;16811
252;16;17125
252;17;17557
252;18;17616
252;19;17683
252;20;17796
252;21;17872
252;22;17908
252;23;18338
252;24;18451
252;25;18480
252;26;18513
252;27;18974
252;28;19034
252;29;19062
252;30;19112
252;31;19120
252;32;19146
252;33;19155
252;34;19175
252;35;19205
253;1;9859
253;2;10394
253;3;10970
253;4;11428
253;5;11457
253;6;11485
253;7;12056
253;8;12078
253;9;12629
253;10;13205
253;11;13774
253;12;14425
253;13;14484
253;14;14575
253;15;15053
253;16;15625
253;17;16172
253;18;16795
253;19;16890
253;20;17412
253;21;17915
253;22;17925
253;23;17929
253;24;17978
253;25;18547
253;26;18548
253;27;18559
253;28;18618
253;29;18629
253;30;18632
253;31;18682
253;32;18712
253;33;18713
253;34;18762
253;35;19146
253;36;19205
253;37;19213
254;1;9325
254;2;9721
254;3;10166
254;4;10195
254;5;10799
254;6;11389
254;7;11976
254;8;12007
254;9;12612
254;10;12640
254;11;13238
254;12;13785
254;13;13820
254;14;14396
254;15;14888
254;16;15005
254;17;15480
254;18;15910
254;19;15936
254;20;16509
254;21;16550
254;22;16599
254;23;16660
254;24;16728
254;25;16757
254;26;16870
254;27;17322
254;28;17430
254;29;17479
254;30;17941
254;31;18354
254;32;18467
254;33;18471
254;34;18531
254;35;18560
254;36;18619
254;37;19050
254;38;19073
254;39;19099
254;40;19110
254;41;19134
254;42;19162
254;43;19183
254;44;19205
255;1;14150
255;2;14624
255;3;15116
255;4;15138
255;5;15658
255;6;16172
255;7;16192
255;8;16221
255;9;16242
255;10;16253
255;11;16267
255;12;16642
255;13;16666
255;14;16697
255;15;16726
255;16;17169
255;17;17186
255;18;17277
255;19;17881
255;20;17922
255;21;18326
255;22;18337
255;23;18709
255;24;18826
255;25;18934
255;26;18969
255;27;19082
255;28;19103
255;29;19112
255;30;19141
255;31;19142
255;32;19152
255;33;19170
255;34;19171
255;35;19190
255;36;19213
256;1;11227
256;2;11831
256;3;12306
256;4;12798
256;5;13341
256;6;13833
256;7;14379
256;8;14915
256;9;15513
256;10;16026
256;11;16619
256;12;16678
256;13;17190
256;14;17201
256;15;17279
256;16;17308
256;17;17707
256;18;17795
256;19;17816
256;20;17911
256;21;17998
256;22;18024
256;23;18520
256;24;18964
256;25;18965
256;26;19049
256;27;19060
256;28;19081
256;29;19110
256;30;19112
256;31;19121
256;32;19135
256;33;19136
257;1;12720
257;2;13108
257;3;13698
257;4;13770
257;5;14368
257;6;14915
257;7;15545
257;8;15999
257;9;16157
257;10;16212
257;11;16323
257;12;16334
257;13;16826
257;14;17306
257;15;17808
257;16;17814
257;17;17818
257;18;18258
257;19;18369
257;20;18465
257;21;18866
257;22;18941
257;23;18943
257;24;18957
257;25;18986
257;26;19010
257;27;19022
257;28;19024
257;29;19044
257;30;19098
257;31;19129
257;32;19133
257;33;19135
258;1;11028
258;2;11599
258;3;12175
258;4;12186
258;5;12206
258;6;12867
258;7;12926
258;8;12955
258;9;13477
258;10;13565
258;11;14133
258;12;14576
258;13;15208
258;14;15748
258;15;16261
258;16;16285
258;17;16296
258;18;16349
258;19;16399
258;20;16873
258;21;16912
258;22;16971
258;23;16999
258;24;17020
258;25;17492
258;26;18063
258;27;18083
258;28;18363
258;29;18480
258;30;18488
258;31;18489
258;32;18520
258;33;18923
258;34;18951
258;35;19046
258;36;19055
258;37;19076
258;38;19098
258;39;19144
258;40;19155
259;1;10422
259;2;10860
259;3;11380
259;4;11475
259;5;12002
259;6;12475
259;7;12516
259;8;13012
259;9;13089
259;10;13118
259;11;13593
259;12;13642
259;13;13993
259;14;14063
259;15;14678
259;16;15192
259;17;15763
259;18;15880
259;19;16455
259;20;17031
259;21;17144
259;22;17633
259;23;17635
259;24;17715
259;25;17810
259;26;18300
259;27;18331
259;28;18390
259;29;18419
259;30;18421
259;31;18770
259;32;18881
259;33;18930
259;34;18942
259;35;18950
259;36;18970
259;37;18988
259;38;19083
259;39;19112
259;40;19114
259;41;19135
260;1;13274
260;2;13814
260;3;14446
260;4;14500
260;5;14992
260;6;15027
260;7;15047
260;8;15096
260;9;15647
260;10;15714
260;11;16152
260;12;16754
260;13;16765
260;14;16772
260;15;17230
260;16;17281
260;17;17302
260;18;17828
260;19;17859
260;20;17879
260;21;17990
260;22;18613
260;23;19088
260;24;19092
260;25;19112
260;26;19120
260;27;19129
260;28;19130
260;29;19134
260;30;19136
261;1;12113
261;2;12743
261;3;13235
261;4;13360
261;5;13410
261;6;13443
261;7;14046
261;8;14538
261;9;15052
261;10;15081
261;11;15632
261;12;16148
261;13;16724
261;14;17205
261;15;17231
261;16;17266
261;17;17764
261;18;18271
261;19;18300
261;20;18362
261;21;18933
261;22;18945
261;23;18986
261;24;19045
261;25;19053
261;26;19112
261;27;19114
261;28;19135
262;1;14966
262;2;15457
262;3;16072
262;4;16596
262;5;16630
262;6;16656
262;7;16754
262;8;17352
262;9;17690
262;10;17807
262;11;17833
262;12;17920
262;13;17946
262;14;18006
262;15;18047
262;16;18443
262;17;18473
262;18;18523
262;19;18941
262;20;18986
262;21;19058
262;22;19078
262;23;19125
262;24;19136
262;25;19164
262;26;19185
262;27;19205
262;28;19213
263;1;12276
263;2;12297
263;3;12826
263;4;13395
263;5;13817
263;6;13846
263;7;13960
263;8;14547
263;9;14588
263;10;15203
263;11;15695
263;12;16127
263;13;16484
263;14;16597
263;15;16657
263;16;17149
263;17;17668
263;18;17679
263;19;17692
263;20;17712
263;21;17760
263;22;17789
263;23;17846
263;24;17906
263;25;17917
263;26;18425
263;27;18449
263;28;18946
263;29;18995
263;30;19038
263;31;19073
263;32;19108
263;33;19119
263;34;19121
263;35;19135
263;36;19140
263;37;19164
264;1;14377
264;2;14975
264;3;14993
264;4;15110
264;5;15138
264;6;15635
264;7;16171
264;8;16235
264;9;16256
264;10;16725
264;11;16761
264;12;16857
264;13;17433
264;14;17487
264;15;17528
264;16;18021
264;17;18032
264;18;18393
264;19;18397
264;20;18398
264;21;18439
264;22;18930
264;23;18980
264;24;19015
264;25;19017
264;26;19046
264;27;19141
264;28;19171
264;29;19185
264;30;19205
265;1;11452
265;2;11965
265;3;12457
265;4;12506
265;5;12623
265;6;12714
265;7;12828
265;8;13302
265;9;13906
265;10;13984
265;11;14437
265;12;14463
265;13;14533
265;14;14583
265;15;15085
265;16;15470
265;17;15587
265;18;16062
265;19;16101
265;20;16575
265;21;16671
265;22;17076
265;23;17087
265;24;17100
265;25;17118
265;26;17213
265;27;17239
265;28;17259
265;29;17688
265;30;17719
265;31;18290
265;32;18363
265;33;18906
265;34;18947
265;35;18974
265;36;19024
265;37;19084
265;38;19105
265;39;19134
265;40;19136
266;1;11114
266;2;11548
266;3;11662
266;4;12267
266;5;12285
266;6;12402
266;7;12929
266;8;13469
266;9;13944
266;10;14457
266;11;14949
266;12;15355
266;13;15433
266;14;16003
266;15;16031
266;16;16051
266;17;16080
266;18;16134
266;19;16135
266;20;16252
266;21;16802
266;22;16815
266;23;17248
266;24;17330
266;25;17759
266;26;17812
266;27;17824
266;28;17937
266;29;18381
266;30;18477
266;31;19018
266;32;19075
266;33;19113
266;34;19133
266;35;19135
266;36;19136
267;1;15351
267;2;15380
267;3;15476
267;4;16063
267;5;16497
267;6;17101
267;7;17122
267;8;17693
267;9;18228
267;10;18345
267;11;18921
267;12;18950
267;13;18981
267;14;19016
267;15;19017
267;16;19045
267;17;19076
267;18;19104
267;19;19136
267;20;19171
267;21;19185
267;22;19205
268;1;9769
268;2;10367
268;3;10916
268;4;11485
268;5;12060
268;6;12647
268;7;13182
268;8;13241
268;9;13817
268;10;14290
268;11;14403
268;12;14854
268;13;15469
268;14;15583
268;15;16134
268;16;16702
268;17;16860
268;18;17413
268;19;17431
268;20;17875
268;21;17903
268;22;17948
268;23;18422
268;24;18442
268;25;18471
268;26;18478
268;27;19000
268;28;19028
268;29;19059
268;30;19063
268;31;19112
268;32;19114
268;33;19126
269;1;14408
269;2;14437
269;3;14988
269;4;15356
269;5;15848
269;6;16435
269;7;17096
269;8;17161
269;9;17179
269;10;17274
269;11;17732
269;12;18194
269;13;18311
269;14;18313
269;15;18373
269;16;18391
269;17;18419
269;18;18447
269;19;18473
269;20;19023
269;21;19034
269;22;19055
269;23;19075
269;24;19077
269;25;19086
269;26;19135
270;1;12934
270;2;13330
270;3;13359
270;4;13413
270;5;13948
270;6;13983
270;7;14570
270;8;14581
270;9;14665
270;10;15288
270;11;15890
270;12;16383
270;13;16858
270;14;16861
270;15;16890
270;16;16898
270;17;17247
270;18;17798
270;19;17809
270;20;17827
270;21;17935
270;22;17938
270;23;18033
270;24;18059
270;25;18485
270;26;18593
270;27;19007
270;28;19048
270;29;19088
270;30;19108
270;31;19126
270;32;19127
270;33;19136
271;1;13397
271;2;13921
271;3;14402
271;4;15004
271;5;15478
271;6;15992
271;7;16508
271;8;16557
271;9;16611
271;10;16670
271;11;16674
271;12;17044
271;13;17157
271;14;17512
271;15;17629
271;16;17742
271;17;17801
271;18;17877
271;19;17949
271;20;18468
271;21;18489
271;22;18944
271;23;18957
271;24;18958
271;25;18994
271;26;19053
271;27;19057
271;28;19100
271;29;19111
271;30;19170
271;31;19171
271;32;19185
271;33;19205
272;1;12394
272;2;12867
272;3;12902
272;4;13507
272;5;13550
272;6;13599
272;7;14112
272;8;14162
272;9;14210
272;10;14327
272;11;14871
272;12;15422
272;13;15481
272;14;16056
272;15;16654
272;16;16674
272;17;17155
272;18;17243
272;19;17269
272;20;17727
272;21;17805
272;22;17963
272;23;17998
272;24;18060
272;25;18109
272;26;18115
272;27;18124
272;28;18591
272;29;18592
272;30;18620
272;31;18679
272;32;19105
272;33;19164
272;34;19187
272;35;19207
272;36;19211
272;37;19213
273;1;13977
273;2;13995
273;3;14072
273;4;14126
273;5;14695
273;6;15140
273;7;15716
273;8;16143
273;9;16629
273;10;17066
273;11;17653
273;12;17680
273;13;17979
273;14;18007
273;15;18165
273;16;18185
273;17;18299
273;18;18325
273;19;18384
273;20;18427
273;21;18464
273;22;18493
273;23;18514
273;24;18523
273;25;19055
273;26;19075
273;27;19086
273;28;19095
273;29;19099
273;30;19110
273;31;19127
274;1;12014
274;2;12393
274;3;12995
274;4;13108
274;5;13635
274;6;13715
274;7;14178
274;8;14557
274;9;15126
274;10;15243
274;11;15302
274;12;15849
274;13;15878
274;14;15989
274;15;16557
274;16;17134
274;17;17155
274;18;17560
274;19;17685
274;20;17692
274;21;17703
274;22;18129
274;23;18221
274;24;18243
274;25;18310
274;26;18423
274;27;18451
274;28;18459
274;29;18811
274;30;18893
274;31;19006
274;32;19041
274;33;19084
274;34;19094
274;35;19105
274;36;19126
274;37;19135
275;1;11810
275;2;12442
275;3;12776
275;4;13296
275;5;13823
275;6;14374
275;7;14847
275;8;14912
275;9;14947
275;10;15348
275;11;15374
275;12;15456
275;13;15470
275;14;15511
275;15;15602
275;16;16217
275;17;16264
275;18;16672
275;19;17274
275;20;17682
275;21;17790
275;22;18361
275;23;18396
275;24;18455
275;25;18493
275;26;18524
275;27;18553
275;28;18564
275;29;18992
275;30;19013
275;31;19030
275;32;19077
275;33;19126
275;34;19135
276;1;12849
276;2;13341
276;3;13904
276;4;14472
276;5;14589
276;6;15165
276;7;15736
276;8;16306
276;9;16376
276;10;16794
276;11;17321
276;12;17323
276;13;17416
276;14;18018
276;15;18036
276;16;18086
276;17;18449
276;18;18560
276;19;18619
276;20;19061
276;21;19081
276;22;19092
276;23;19110
276;24;19187
276;25;19188
276;26;19191
276;27;19211
276;28;19213
277;1;11181
277;2;11732
277;3;12319
277;4;12917
277;5;13540
277;6;14109
277;7;14446
277;8;14884
277;9;14912
277;10;15460
277;11;15519
277;12;15548
277;13;16117
277;14;16135
277;15;16252
277;16;16744
277;17;16762
277;18;17337
277;19;17910
277;20;18271
277;21;18330
277;22;18352
277;23;18437
277;24;18818
277;25;18935
277;26;19002
277;27;19013
277;28;19041
277;29;19062
277;30;19074
277;31;19092
277;32;19124
277;33;19135
277;34;19136
278;1;13234
278;2;13747
278;3;14222
278;4;14798
278;5;15388
278;6;16070
278;7;16090
278;8;16116
278;9;16233
278;10;16651
278;11;16653
278;12;16658
278;13;17260
278;14;17644
278;15;17739
278;16;17788
278;17;18279
278;18;18357
278;19;18385
278;20;18502
278;21;18528
278;22;19143
278;23;19166
278;24;19199
278;25;19202
278;26;19213
279;1;8806
279;2;9342
279;3;9856
279;4;9885
279;5;10436
279;6;10911
279;7;11515
279;8;12091
279;9;12186
279;10;12344
279;11;12457
279;12;12915
279;13;13486
279;14;14055
279;15;14631
279;16;15151
279;17;15726
279;18;16172
279;19;16653
279;20;17201
279;21;17251
279;22;17368
279;23;17814
279;24;17927
279;25;17987
279;26;18015
279;27;18056
279;28;18547
279;29;18558
279;30;18613
279;31;18642
279;32;18683
279;33;19033
279;34;19146
279;35;19155
279;36;19205
280;1;12873
280;2;13346
280;3;13838
280;4;13869
280;5;14215
280;6;14805
280;7;15340
280;8;15453
280;9;15861
280;10;16019
280;11;16410
280;12;16445
280;13;16475
280;14;16939
280;15;16959
280;16;16990
280;17;17098
280;18;17126
280;19;17216
280;20;17312
280;21;17899
280;22;18262
280;23;18312
280;24;18379
280;25;18906
280;26;18955
280;27;19014
280;28;19092
280;29;19096
280;30;19116
280;31;19133
280;32;19135
281;1;10970
281;2;11001
281;3;11525
281;4;12094
281;5;12185
281;6;12787
281;7;13334
281;8;13924
281;9;14460
281;10;14926
281;11;15496
281;12;16119
281;13;16654
281;14;16731
281;15;17189
281;16;17248
281;17;17279
281;18;17830
281;19;18310
281;20;18681
281;21;18699
281;22;18703
281;23;18798
281;24;18839
281;25;18930
281;26;19043
281;27;19071
281;28;19085
281;29;19109
281;30;19135
282;1;12920
282;2;13354
282;3;13941
282;4;14465
282;5;14923
282;6;14954
282;7;14983
282;8;15468
282;9;16039
282;10;16153
282;11;16193
282;12;16204
282;13;16232
282;14;16261
282;15;16719
282;16;17194
282;17;17229
282;18;17748
282;19;18294
282;20;18407
282;21;18786
282;22;18864
282;23;18878
282;24;18917
282;25;18967
282;26;19027
282;27;19062
282;28;19083
282;29;19111
282;30;19153
282;31;19164
282;32;19193
282;33;19202
282;34;19213
283;1;11121
283;2;11150
283;3;11663
283;4;12233
283;5;12753
283;6;13279
283;7;13754
283;8;14323
283;9;14344
283;10;14457
283;11;14582
283;12;14608
283;13;15128
283;14;15620
283;15;15651
283;16;15747
283;17;16002
283;18;16361
283;19;16486
283;20;16603
283;21;17190
283;22;17822
283;23;17843
283;24;17871
283;25;17899
283;26;17931
283;27;17962
283;28;18354
283;29;18383
283;30;18419
283;31;18478
283;32;18506
283;33;18531
283;34;18648
283;35;19080
283;36;19111
283;37;19114
283;38;19115
283;39;19127
284;1;15541
284;2;15699
284;3;15999
284;4;16460
284;5;16568
284;6;16596
284;7;16709
284;8;16759
284;9;17037
284;10;17039
284;11;17050
284;12;17711
284;13;17828
284;14;18294
284;15;18323
284;16;18827
284;17;18938
284;18;18957
284;19;18962
284;20;19046
284;21;19074
284;22;19100
284;23;19111
284;24;19114
284;25;19126
285;1;11490
285;2;12043
285;3;12078
285;4;12610
285;5;12628
285;6;13226
285;7;13771
285;8;13792
285;9;13818
285;10;14331
285;11;14769
285;12;15283
285;13;15819
285;14;16315
285;15;16428
285;16;16523
285;17;16582
285;18;17113
285;19;17682
285;20;17790
285;21;17915
285;22;18282
285;23;18341
285;24;18887
285;25;18978
285;26;18998
285;27;19028
285;28;19040
285;29;19060
285;30;19081
285;31;19124
285;32;19173
285;33;19175
285;34;19184
285;35;19204
285;36;19213
286;1;14076
286;2;14193
286;3;14263
286;4;14811
286;5;14839
286;6;14870
286;7;15460
286;8;15489
286;9;16171
286;10;16200
286;11;16769
286;12;16850
286;13;17179
286;14;17190
286;15;17307
286;16;17345
286;17;17715
286;18;17806
286;19;17832
286;20;17850
286;21;17928
286;22;17995
286;23;18045
286;24;18054
286;25;18606
286;26;18614
286;27;19023
286;28;19140
286;29;19183
286;30;19213
287;1;13479
287;2;14098
287;3;14473
287;4;15071
287;5;15112
287;6;15203
287;7;15294
287;8;15651
287;9;15677
287;10;15794
287;11;16345
287;12;16767
287;13;16875
287;14;17409
287;15;17878
287;16;17955
287;17;18428
287;18;18437
287;19;18473
287;20;18532
287;21;18561
287;22;18628
287;23;18629
287;24;18650
287;25;19062
287;26;19079
287;27;19087
287;28;19108
287;29;19119
287;30;19121
287;31;19135
287;32;19136
288;1;12778
288;2;13250
288;3;13669
288;4;14142
288;5;14168
288;6;14263
288;7;14832
288;8;15401
288;9;15922
288;10;16389
288;11;16484
288;12;16959
288;13;17561
288;14;17581
288;15;17583
288;16;17700
288;17;17811
288;18;18398
288;19;18920
288;20;18938
288;21;18957
288;22;18968
288;23;19008
288;24;19012
288;25;19019
288;26;19071
288;27;19093
288;28;19106
288;29;19117
288;30;19126
289;1;13266
289;2;13837
289;3;13858
289;4;14414
289;5;14471
289;6;15022
289;7;15076
289;8;15108
289;9;15629
289;10;15657
289;11;16170
289;12;16675
289;13;17072
289;14;17197
289;15;17250
289;16;17742
289;17;17773
289;18;17831
289;19;18293
289;20;18406
289;21;18455
289;22;18967
289;23;19017
289;24;19076
289;25;19077
289;26;19098
289;27;19117
289;28;19135
289;29;19136
290;1;14394
290;2;14868
290;3;15444
290;4;15498
290;5;16038
290;6;16059
290;7;16176
290;8;16190
290;9;16194
290;10;16624
290;11;16683
290;12;16700
290;13;16720
290;14;16768
290;15;17163
290;16;17223
290;17;17241
290;18;17358
290;19;17873
290;20;18140
290;21;18257
290;22;18316
290;23;18376
290;24;18427
290;25;18466
290;26;18974
290;27;18977
290;28;18988
290;29;19029
290;30;19036
290;31;19092
290;32;19112
290;33;19135
290;34;19155
291;1;13929
291;2;14430
291;3;14455
291;4;14484
291;5;15019
291;6;15419
291;7;15469
291;8;15594
291;9;15696
291;10;15724
291;11;16295
291;12;16386
291;13;16764
291;14;17228
291;15;17239
291;16;17807
291;17;18383
291;18;18905
291;19;18917
291;20;18937
291;21;19021
291;22;19042
291;23;19060
291;24;19064
291;25;19112
291;26;19171
291;27;19179
291;28;19184
291;29;19187
291;30;19191
291;31;19193
291;32;19205
292;1;13254
292;2;13720
292;3;14381
292;4;14957
292;5;15053
292;6;15532
292;7;15616
292;8;15711
292;9;15770
292;10;16317
292;11;16738
292;12;17254
292;13;17311
292;14;17813
292;15;18353
292;16;18374
292;17;18459
292;18;18554
292;19;18565
292;20;18982
292;21;19066
292;22;19084
292;23;19090
292;24;19111
292;25;19154
292;26;19161
292;27;19170
292;28;19213
293;1;13284
293;2;13832
293;3;14324
293;4;14412
293;5;14461
293;6;14988
293;7;15014
293;8;15042
293;9;15431
293;10;15451
293;11;15483
293;12;15608
293;13;15678
293;14;15709
293;15;16201
293;16;16296
293;17;16742
293;18;16760
293;19;17248
293;20;17266
293;21;17834
293;22;18222
293;23;18243
293;24;18303
293;25;18356
293;26;18374
293;27;18402
293;28;18410
293;29;18477
293;30;19053
293;31;19082
293;32;19091
293;33;19120
293;34;19124
293;35;19126
293;36;19138
293;37;19161
293;38;19181
293;39;19205
294;1;12052
294;2;12565
294;3;12643
294;4;13212
294;5;13215
294;6;13622
294;7;13650
294;8;13735
294;9;13848
294;10;14339
294;11;14797
294;12;14817
294;13;14866
294;14;15393
294;15;15991
294;16;16086
294;17;16108
294;18;16622
294;19;16736
294;20;17195
294;21;17219
294;22;17315
294;23;17410
294;24;17862
294;25;17883
294;26;18308
294;27;18421
294;28;18456
294;29;18485
294;30;18521
294;31;18551
294;32;18600
294;33;18836
294;34;18902
294;35;18916
294;36;18944
294;37;19004
294;38;19022
294;39;19082
294;40;19096
294;41;19132
294;42;19161
294;43;19190
294;44;19211
294;45;19213
295;1;13403
295;2;13452
295;3;14042
295;4;14047
295;5;14095
295;6;14509
295;7;14527
295;8;14546
295;9;15084
295;10;15125
295;11;15723
295;12;15836
295;13;15871
295;14;15982
295;15;16140
295;16;16650
295;17;17197
295;18;17643
295;19;18033
295;20;18092
295;21;18110
295;22;18205
295;23;18216
295;24;18244
295;25;18270
295;26;18328
295;27;18341
295;28;18386
295;29;18420
295;30;18430
295;31;18446
295;32;18478
295;33;18487
295;34;18499
295;35;18519
295;36;18537
295;37;18555
295;38;18952
295;39;19030
295;40;19078
295;41;19089
295;42;19095
295;43;19110
295;44;19127
296;1;9322
296;2;9353
296;3;9929
296;4;9979
296;5;10417
296;6;10932
296;7;10950
296;8;11519
296;9;12124
296;10;12675
296;11;13085
296;12;13144
296;13;13746
296;14;14157
296;15;14818
296;16;15307
296;17;15878
296;18;16454
296;19;16889
296;20;17504
296;21;17545
296;22;18037
296;23;18130
296;24;18159
296;25;18187
296;26;18304
296;27;18762
296;28;18810
296;29;18830
296;30;18921
296;31;18970
296;32;18974
296;33;18975
296;34;18983
296;35;19013
296;36;19024
296;37;19026
296;38;19067
296;39;19117
296;40;19135
297;1;14517
297;2;15140
297;3;15611
297;4;15670
297;5;16206
297;6;16234
297;7;16681
297;8;17142
297;9;17177
297;10;17285
297;11;17410
297;12;17934
297;13;17963
297;14;18386
297;15;18464
297;16;18956
297;17;18991
297;18;19051
297;19;19071
297;20;19092
297;21;19104
297;22;19112
297;23;19114
297;24;19115
297;25;19135
298;1;13169
298;2;13570
298;3;13659
298;4;13685
298;5;14262
298;6;14303
298;7;14352
298;8;14866
298;9;14900
298;10;14904
298;11;14995
298;12;15453
298;13;15486
298;14;16068
298;15;16079
298;16;16604
298;17;16635
298;18;16655
298;19;17120
298;20;17689
298;21;18276
298;22;18325
298;23;18436
298;24;18544
298;25;18619
298;26;18678
298;27;18698
298;28;19072
298;29;19189
298;30;19190
298;31;19193
298;32;19205
299;1;11510
299;2;11935
299;3;12510
299;4;13081
299;5;13734
299;6;13763
299;7;14331
299;8;14448
299;9;14498
299;10;15000
299;11;15492
299;12;15617
299;13;16215
299;14;16235
299;15;16295
299;16;16312
299;17;16341
299;18;16784
299;19;17185
299;20;17234
299;21;17246
299;22;17659
299;23;18109
299;24;18205
299;25;18264
299;26;18278
299;27;18389
299;28;18991
299;29;19008
299;30;19121
299;31;19156
299;32;19199
299;33;19213
300;1;12793
300;2;13329
300;3;13772
300;4;14323
300;5;14925
300;6;15383
300;7;16006
300;8;16114
300;9;16164
300;10;16553
300;11;16574
300;12;16623
300;13;16734
300;14;16755
300;15;16851
300;16;17388
300;17;17684
300;18;17701
300;19;17721
300;20;17812
300;21;17861
300;22;18459
300;23;18509
300;24;18514
300;25;18524
300;26;18559
300;27;18602
300;28;18605
300;29;18606
300;30;18616
300;31;19093
300;32;19110
300;33;19136
300;34;19158
300;35;19170
300;36;19190
300;37;19213
301;1;13801
301;2;13871
301;3;14440
301;4;15072
301;5;15113
301;6;15542
301;7;15571
301;8;15597
301;9;16175
301;10;16667
301;11;17142
301;12;17533
301;13;17600
301;14;18126
301;15;18239
301;16;18299
301;17;18307
301;18;18424
301;19;18455
301;20;18473
301;21;18964
301;22;18984
301;23;19003
301;24;19063
301;25;19102
301;26;19122
301;27;19129
301;28;19138
301;29;19162
301;30;19185
301;31;19205
301;32;19213
302;1;10442
302;2;10454
302;3;10489
302;4;11047
302;5;11616
302;6;12171
302;7;12629
302;8;13227
302;9;13778
302;10;14312
302;11;14916
302;12;15030
302;13;15059
302;14;15615
302;15;15633
302;16;16095
302;17;16224
302;18;16253
302;19;16745
302;20;17320
302;21;17331
302;22;17823
302;23;17851
302;24;17856
302;25;18443
302;26;18999
302;27;19000
302;28;19059
302;29;19079
302;30;19084
302;31;19103
302;32;19105
302;33;19126
302;34;19135
303;1;14955
303;2;15525
303;3;16035
303;4;16650
303;5;16708
303;6;17048
303;7;17522
303;8;17636
303;9;17747
303;10;17796
303;11;18155
303;12;18313
303;13;18348
303;14;18396
303;15;19000
303;16;19020
303;17;19023
303;18;19051
303;19;19062
303;20;19105
303;21;19126
303;22;19135
303;23;19146
303;24;19155
303;25;19164
304;1;10195
304;2;10746
304;3;11234
304;4;11283
304;5;11314
304;6;11349
304;7;11953
304;8;12007
304;9;12035
304;10;12527
304;11;13098
304;12;13640
304;13;14230
304;14;14799
304;15;15374
304;16;15943
304;17;16416
304;18;16511
304;19;17077
304;20;17664
304;21;17777
304;22;17845
304;23;18309
304;24;18340
304;25;18379
304;26;18475
304;27;18482
304;28;18487
304;29;18573
304;30;18583
304;31;18623
304;32;18643
304;33;19021
304;34;19134
304;35;19164
305;1;11482
305;2;11995
305;3;12006
305;4;12563
305;5;13072
305;6;13121
305;7;13672
305;8;14241
305;9;14838
305;10;14855
305;11;14968
305;12;14997
305;13;15092
305;14;15482
305;15;15995
305;16;16026
305;17;16449
305;18;16477
305;19;16999
305;20;17513
305;21;17542
305;22;17546
305;23;17596
305;24;17713
305;25;17838
305;26;18328
305;27;18359
305;28;18385
305;29;18414
305;30;18437
305;31;18906
305;32;18935
305;33;18993
305;34;19053
305;35;19112
305;36;19114
305;37;19126
306;1;11702
306;2;11798
306;3;12148
306;4;12626
306;5;13202
306;6;13220
306;7;13345
306;8;13920
306;9;14460
306;10;15009
306;11;15390
306;12;15503
306;13;15853
306;14;15948
306;15;16435
306;16;16548
306;17;17062
306;18;17093
306;19;17210
306;20;17781
306;21;17906
306;22;17984
306;23;18319
306;24;18784
306;25;18812
306;26;18937
306;27;18954
306;28;19012
306;29;19041
306;30;19067
306;31;19110
306;32;19125
306;33;19155
307;1;14990
307;2;15448
307;3;16035
307;4;16586
307;5;17176
307;6;17205
307;7;17750
307;8;18184
307;9;18195
307;10;18228
307;11;18306
307;12;18335
307;13;18356
307;14;18416
307;15;18465
307;16;18495
307;17;18862
307;18;18869
307;19;18890
307;20;18950
307;21;18958
307;22;18979
307;23;19015
307;24;19074
307;25;19084
307;26;19134
307;27;19162
307;28;19211
307;29;19213
308;1;11328
308;2;11436
308;3;11977
308;4;12008
308;5;12556
308;6;12585
308;7;13034
308;8;13122
308;9;13673
308;10;14249
308;11;14344
308;12;14375
308;13;15032
308;14;15398
308;15;15427
308;16;16031
308;17;16572
308;18;16631
308;19;16680
308;20;17071
308;21;17149
308;22;17244
308;23;17361
308;24;17474
308;25;17524
308;26;17565
308;27;18026
308;28;18085
308;29;18104
308;30;18555
308;31;18566
308;32;18586
308;33;18595
308;34;18616
308;35;18645
308;36;18673
308;37;18683
308;38;18694
308;39;18699
308;40;18722
308;41;19207
308;42;19211
308;43;19213
309;1;12815
309;2;13391
309;3;13918
309;4;14465
309;5;14590
309;6;15141
309;7;15176
309;8;15235
309;9;15741
309;10;15749
309;11;16115
309;12;16135
309;13;16142
309;14;16171
309;15;16190
309;16;16256
309;17;16323
309;18;16802
309;19;16893
309;20;17249
309;21;17340
309;22;17766
309;23;18232
309;24;18261
309;25;18357
309;26;18396
309;27;18402
309;28;18447
309;29;18455
309;30;18505
309;31;18531
309;32;18535
309;33;18578
309;34;18587
309;35;18618
309;36;19187
309;37;19188
309;38;19190
309;39;19213
310;1;11612
310;2;12202
310;3;12853
310;4;12961
310;5;13548
310;6;14023
310;7;14137
310;8;14742
310;9;15255
310;10;15791
310;11;16367
310;12;16378
310;13;16495
310;14;16969
310;15;17010
310;16;17366
310;17;17409
310;18;17890
310;19;17936
310;20;18387
310;21;18445
310;22;18465
310;23;18474
310;24;18978
310;25;18998
310;26;19094
310;27;19124
310;28;19136
310;29;19142
310;30;19162
310;31;19171
310;32;19213
311;1;11479
311;2;11957
311;3;12618
311;4;12688
311;5;12712
311;6;13232
311;7;13349
311;8;13350
311;9;13954
311;10;14014
311;11;14585
311;12;15183
311;13;15677
311;14;16204
311;15;16734
311;16;17277
311;17;17750
311;18;17781
311;19;17792
311;20;18294
311;21;18394
311;22;18416
311;23;18427
311;24;18522
311;25;18604
311;26;18639
311;27;18682
311;28;18983
311;29;19001
311;30;19096
311;31;19126
311;32;19135
311;33;19136
312;1;12658
312;2;12754
312;3;13267
312;4;13380
312;5;13497
312;6;14073
312;7;14546
312;8;14968
312;9;15398
312;10;15489
312;11;16087
312;12;16118
312;13;16589
312;14;16593
312;15;17121
312;16;17540
312;17;17551
312;18;17610
312;19;17723
312;20;17764
312;21;17814
312;22;17920
312;23;18421
312;24;18481
312;25;18492
312;26;19068
312;27;19076
313;1;11487
313;2;11583
313;3;12110
313;4;12700
313;5;13175
313;6;13604
313;7;14265
313;8;14690
313;9;14803
313;10;15295
313;11;15787
313;12;15851
313;13;15879
313;14;16430
313;15;16461
313;16;16934
313;17;17047
313;18;17155
313;19;17731
313;20;17734
313;21;17783
313;22;17842
313;23;17863
313;24;17894
313;25;17903
313;26;17931
313;27;17942
313;28;17952
313;29;17980
313;30;18034
313;31;18508
313;32;18551
313;33;18584
313;34;18610
313;35;18621
313;36;19047
313;37;19051
313;38;19110
313;39;19113
313;40;19115
313;41;19127
314;1;12214
314;2;12748
314;3;12859
314;4;13430
314;5;13456
314;6;13948
314;7;13976
314;8;14310
314;9;14345
314;10;14803
314;11;15344
314;12;15919
314;13;16012
314;14;16638
314;15;17162
314;16;17738
314;17;18198
314;18;18289
314;19;18304
314;20;18333
314;21;18339
314;22;18445
314;23;18480
314;24;18969
314;25;18970
314;26;18998
314;27;19000
314;28;19002
314;29;19051
314;30;19052
314;31;19110
314;32;19112
314;33;19115
314;34;19127
315;1;12067
315;2;12116
315;3;12703
315;4;12714
315;5;13265
315;6;13291
315;7;13846
315;8;14319
315;9;14436
315;10;14963
315;11;14991
315;12;15500
315;13;15841
315;14;15876
315;15;16407
315;16;16433
315;17;17094
315;18;17434
315;19;17547
315;20;17558
315;21;17607
315;22;17635
315;23;17743
315;24;17763
315;25;17798
315;26;17809
315;27;17818
315;28;17836
315;29;18287
315;30;18298
315;31;18393
315;32;18466
315;33;18501
315;34;18527
315;35;18576
315;36;18590
315;37;18591
315;38;18623
315;39;18634
315;40;19155
315;41;19175
315;42;19185
315;43;19205
316;1;14381
316;2;14436
316;3;14894
316;4;15576
316;5;15693
316;6;16127
316;7;16589
316;8;16617
316;9;16643
316;10;16721
316;11;16834
316;12;16889
316;13;17479
316;14;17508
316;15;17543
316;16;18016
316;17;18438
316;18;18450
316;19;18567
316;20;18596
316;21;18858
316;22;18936
316;23;18969
316;24;19086
316;25;19097
316;26;19132
316;27;19192
316;28;19193
316;29;19205
316;30;19213
317;1;10113
317;2;10654
317;3;11190
317;4;11516
317;5;11575
317;6;12033
317;7;12569
317;8;12581
317;9;13157
317;10;13744
317;11;14226
317;12;14252
317;13;14270
317;14;14348
317;15;14952
317;16;15443
317;17;15535
317;18;15981
317;19;16377
317;20;16928
317;21;17053
317;22;17534
317;23;17552
317;24;17580
317;25;17630
317;26;17689
317;27;17724
317;28;17837
317;29;17948
317;30;17950
317;31;18519
317;32;18551
317;33;19073
317;34;19076
317;35;19121
317;36;19170
317;37;19178
317;38;19183
317;39;19184
317;40;19190
317;41;19193
317;42;19205
318;1;11612
318;2;11725
318;3;11839
318;4;12379
318;5;12614
318;6;12993
318;7;13077
318;8;13106
318;9;13117
318;10;13555
318;11;14124
318;12;14693
318;13;14742
318;14;14856
318;15;15392
318;16;15483
318;17;15495
318;18;15546
318;19;15557
318;20;16132
318;21;16656
318;22;16716
318;23;16833
318;24;16924
318;25;16944
318;26;17333
318;27;17368
318;28;17895
318;29;18402
318;30;18423
318;31;18441
318;32;18461
318;33;18490
318;34;18894
318;35;18961
318;36;18992
318;37;19052
318;38;19087
318;39;19115
318;40;19136
318;41;19179
318;42;19187
318;43;19207
318;44;19211
318;45;19213
319;1;14624
319;2;15082
319;3;15103
319;4;15576
319;5;16145
319;6;16259
319;7;16304
319;8;16796
319;9;17331
319;10;17727
319;11;17764
319;12;17814
319;13;18386
319;14;18962
319;15;19022
319;16;19040
319;17;19043
319;18;19089
319;19;19098
319;20;19104
319;21;19144
319;22;19164
319;23;19174
319;24;19194
319;25;19195
319;26;19204
319;27;19213
320;1;12429
320;2;12447
320;3;12469
320;4;12968
320;5;13419
320;6;13898
320;7;13918
320;8;13947
320;9;14043
320;10;14633
320;11;14661
320;12;15097
320;13;15185
320;14;15648
320;15;15651
320;16;15746
320;17;16282
320;18;16638
320;19;17243
320;20;17794
320;21;17908
320;22;17919
320;23;18534
320;24;18554
320;25;18556
320;26;19131
320;27;19140
320;28;19143
320;29;19155
321;1;14272
321;2;14350
321;3;14863
321;4;14988
321;5;15096
321;6;15554
321;7;15604
321;8;15612
321;9;16188
321;10;16715
321;11;16810
321;12;17179
321;13;17225
321;14;17242
321;15;17782
321;16;17881
321;17;18325
321;18;18803
321;19;18920
321;20;18930
321;21;18959
321;22;18977
321;23;19055
321;24;19062
321;25;19091
321;26;19112
321;27;19132
321;28;19162
321;29;19181
321;30;19189
321;31;19190
321;32;19205
322;1;11525
322;2;11543
322;3;11656
322;4;12049
322;5;12590
322;6;13082
322;7;13131
322;8;13613
322;9;14182
322;10;14299
322;11;14960
322;12;15027
322;13;15642
322;14;15684
322;15;16206
322;16;16720
322;17;16769
322;18;17312
322;19;17839
322;20;17880
322;21;18268
322;22;18299
322;23;18307
322;24;18911
322;25;18914
322;26;18934
322;27;18945
322;28;18952
322;29;18987
322;30;18993
322;31;19041
322;32;19072
322;33;19083
322;34;19098
322;35;19109
322;36;19111
322;37;19112
322;38;19115
322;39;19127
323;1;10943
323;2;11470
323;3;12036
323;4;12612
323;5;12662
323;6;13326
323;7;13881
323;8;14421
323;9;14996
323;10;15073
323;11;15434
323;12;15926
323;13;16439
323;14;16496
323;15;16592
323;16;16700
323;17;17154
323;18;17203
323;19;17316
323;20;17375
323;21;17379
323;22;17767
323;23;17796
323;24;17887
323;25;17898
323;26;18396
323;27;18425
323;28;18474
323;29;18891
323;30;18912
323;31;18975
323;32;18984
323;33;19025
323;34;19029
323;35;19078
323;36;19095
323;37;19104
323;38;19126
323;39;19135
324;1;14638
324;2;15189
324;3;15200
324;4;15787
324;5;16356
324;6;16416
324;7;16445
324;8;16451
324;9;16791
324;10;17305
324;11;17782
324;12;17802
324;13;17919
324;14;17985
324;15;18034
324;16;18073
324;17;18495
324;18;18554
324;19;18590
324;20;18614
324;21;18635
324;22;18670
324;23;18971
324;24;19066
324;25;19084
324;26;19112
324;27;19138
324;28;19161
324;29;19204
324;30;19205
325;1;13900
325;2;14408
325;3;14468
325;4;14496
325;5;14516
325;6;14641
325;7;15114
325;8;15331
325;9;15841
325;10;15919
325;11;16506
325;12;16565
325;13;17141
325;14;17585
325;15;17698
325;16;17760
325;17;17781
325;18;17877
325;19;17935
325;20;18049
325;21;18425
325;22;18454
325;23;18513
325;24;18515
325;25;18608
325;26;18619
325;27;18621
325;28;18999
325;29;19014
325;30;19032
325;31;19056
325;32;19067
325;33;19107
325;34;19127
326;1;11832
326;2;12438
326;3;12882
326;4;13374
326;5;13832
326;6;14379
326;7;14909
326;8;15460
326;9;15501
326;10;15531
326;11;15656
326;12;16150
326;13;16721
326;14;16747
326;15;17239
326;16;17815
326;17;18420
326;18;18426
326;19;18444
326;20;18464
326;21;19079
326;22;19112
326;23;19155
327;1;12698
327;2;13142
327;3;13173
327;4;13697
327;5;14181
327;6;14673
327;7;14786
327;8;14897
327;9;14925
327;10;15477
327;11;16067
327;12;16116
327;13;16685
327;14;17207
327;15;17219
327;16;17823
327;17;18359
327;18;18418
327;19;18453
327;20;18474
327;21;18480
327;22;18951
327;23;19046
327;24;19050
327;25;19060
327;26;19063
327;27;19065
327;28;19103
327;29;19114
327;30;19126
328;1;12100
328;2;12698
328;3;13285
328;4;13861
328;5;14374
328;6;14832
328;7;15216
328;8;15898
328;9;16377
328;10;16381
328;11;16780
328;12;16897
328;13;16904
328;14;17062
328;15;17097
328;16;17600
328;17;17708
328;18;17825
328;19;18249
328;20;18337
328;21;18346
328;22;18387
328;23;18405
328;24;18750
328;25;18845
328;26;18863
328;27;18891
328;28;19008
328;29;19014
328;30;19023
328;31;19043
328;32;19051
328;33;19085
328;34;19092
328;35;19114
328;36;19126
329;1;12036
329;2;12623
329;3;13115
329;4;13126
329;5;13234
329;6;13237
329;7;13860
329;8;14433
329;9;14918
329;10;15505
329;11;15564
329;12;15624
329;13;16137
329;14;16534
329;15;17109
329;16;17222
329;17;17257
329;18;17258
329;19;17286
329;20;17828
329;21;18320
329;22;18369
329;23;18373
329;24;18895
329;25;18986
329;26;18995
329;27;19015
329;28;19017
329;29;19034
329;30;19062
329;31;19105
329;32;19126
329;33;19135
330;1;11738
330;2;12217
330;3;12709
330;4;13260
330;5;13808
330;6;13837
330;7;13863
330;8;14450
330;9;14977
330;10;15068
330;11;15526
330;12;15547
330;13;16040
330;14;16154
330;15;16701
330;16;16814
330;17;16842
330;18;17287
330;19;17864
330;20;17892
330;21;18384
330;22;18412
330;23;18954
330;24;18965
330;25;19000
330;26;19020
330;27;19049
330;28;19053
330;29;19113
330;30;19115
330;31;19121
330;32;19133
330;33;19135
331;1;12195
331;2;12583
331;3;13181
331;4;13783
331;5;14353
331;6;14843
331;7;14968
331;8;15081
331;9;15459
331;10;15972
331;11;16548
331;12;17030
331;13;17522
331;14;17630
331;15;17680
331;16;17771
331;17;18102
331;18;18131
331;19;18172
331;20;18181
331;21;18220
331;22;18255
331;23;18284
331;24;18398
331;25;18851
331;26;18862
331;27;18929
331;28;18960
331;29;18990
331;30;19031
331;31;19107
331;32;19118
331;33;19146
331;34;19172
331;35;19179
331;36;19190
331;37;19202
331;38;19213
332;1;14458
332;2;15140
332;3;15570
332;4;16023
332;5;16064
332;6;16092
332;7;16121
332;8;16156
332;9;16562
332;10;16581
332;11;16640
332;12;16658
332;13;16718
332;14;17322
332;15;17329
332;16;17345
332;17;17458
332;18;17915
332;19;17926
332;20;18272
332;21;18350
332;22;18377
332;23;18490
332;24;18498
332;25;18615
332;26;19099
332;27;19125
332;28;19184
332;29;19213
333;1;11508
333;2;12110
333;3;12661
333;4;13293
333;5;13311
333;6;13891
333;7;13909
333;8;14513
333;9;14858
333;10;14971
333;11;15066
333;12;15445
333;13;15558
333;14;16072
333;15;16101
333;16;16731
333;17;16780
333;18;17138
333;19;17206
333;20;17265
333;21;17695
333;22;17820
333;23;17869
333;24;17929
333;25;17932
333;26;18395
333;27;18417
333;28;18437
333;29;18455
333;30;18781
333;31;18872
333;32;18910
333;33;18976
333;34;19035
333;35;19063
333;36;19104
333;37;19105
333;38;19113
333;39;19115
333;40;19127
334;1;12161
334;2;12526
334;3;13208
334;4;13228
334;5;13791
334;6;13826
334;7;13912
334;8;14488
334;9;14959
334;10;14987
334;11;15602
334;12;15651
334;13;15669
334;14;15682
334;15;16253
334;16;16638
334;17;16656
334;18;16716
334;19;17060
334;20;17086
334;21;17211
334;22;17273
334;23;17797
334;24;17905
334;25;17926
334;26;17961
334;27;17967
334;28;18400
334;29;18403
334;30;18453
334;31;18483
334;32;18512
334;33;18516
334;34;18552
334;35;18612
334;36;19153
334;37;19162
334;38;19183
334;39;19185
334;40;19205
334;41;19213
335;1;12157
335;2;12245
335;3;12785
335;4;13220
335;5;13249
335;6;13284
335;7;13786
335;8;14330
335;9;14786
335;10;15259
335;11;15318
335;12;15388
335;13;15859
335;14;15913
335;15;15973
335;16;16517
335;17;16567
335;18;16637
335;19;16666
335;20;16686
335;21;17178
335;22;17266
335;23;17686
335;24;17799
335;25;17817
335;26;17845
335;27;17876
335;28;18447
335;29;18454
335;30;18493
335;31;18540
335;32;18599
335;33;18610
335;34;19054
335;35;19171
335;36;19193
335;37;19205
336;1;11379
336;2;11858
336;3;11953
336;4;12003
336;5;12425
336;6;12442
336;7;12477
336;8;12883
336;9;13335
336;10;13886
336;11;13956
336;12;14507
336;13;14525
336;14;14891
336;15;14902
336;16;15471
336;17;15489
336;18;15602
336;19;16112
336;20;16569
336;21;16598
336;22;16623
336;23;16711
336;24;17286
336;25;17570
336;26;17630
336;27;17650
336;28;17678
336;29;17703
336;30;18238
336;31;18267
336;32;18287
336;33;18375
336;34;18416
336;35;18465
336;36;18494
336;37;18525
336;38;18584
336;39;18659
336;40;18660
336;41;19073
336;42;19131
336;43;19134
336;44;19193
336;45;19205
337;1;12044
337;2;12120
337;3;12688
337;4;12729
337;5;12747
337;6;13362
337;7;13889
337;8;14411
337;9;14437
337;10;15069
337;11;15570
337;12;15683
337;13;15761
337;14;16095
337;15;16456
337;16;17001
337;17;17018
337;18;17143
337;19;17174
337;20;17270
337;21;17841
337;22;18332
337;23;18373
337;24;18406
337;25;18412
337;26;18432
337;27;18482
337;28;19051
337;29;19068
337;30;19127
338;1;11891
338;2;12573
338;3;13171
338;4;13740
338;5;14342
338;6;14882
338;7;15436
338;8;15544
338;9;15661
338;10;16128
338;11;16139
338;12;16631
338;13;16660
338;14;16677
338;15;16773
338;16;16886
338;17;17296
338;18;17787
338;19;17798
338;20;18343
338;21;18354
338;22;18397
338;23;18467
338;24;18919
338;25;18949
338;26;18978
338;27;19006
338;28;19055
338;29;19067
338;30;19097
338;31;19117
338;32;19135
339;1;10409
339;2;10922
339;3;11000
339;4;11018
339;5;11545
339;6;12115
339;7;12628
339;8;13150
339;9;13264
339;10;13832
339;11;14434
339;12;14456
339;13;14551
339;14;15121
339;15;15234
339;16;15774
339;17;16248
339;18;16852
339;19;17403
339;20;17884
339;21;17962
339;22;17990
339;23;18577
339;24;18637
339;25;18648
339;26;19129
339;27;19140
339;28;19155
340;1;10974
340;2;11453
340;3;12058
340;4;12087
340;5;12515
340;6;13176
340;7;13264
340;8;13862
340;9;14318
340;10;14346
340;11;14948
340;12;15574
340;13;15592
340;14;15621
340;15;15983
340;16;16001
340;17;16577
340;18;16690
340;19;17107
340;20;17198
340;21;17749
340;22;17778
340;23;18270
340;24;18301
340;25;18409
340;26;18984
340;27;18989
340;28;19048
340;29;19067
340;30;19087
340;31;19146
340;32;19163
340;33;19167
340;34;19169
340;35;19190
340;36;19213
341;1;13756
341;2;14249
341;3;14303
341;4;14795
341;5;14912
341;6;14943
341;7;15460
341;8;15481
341;9;16001
341;10;16029
341;11;16124
341;12;16756
341;13;16777
341;14;17235
341;15;17729
341;16;17783
341;17;18305
341;18;18825
341;19;18838
341;20;18844
341;21;18879
341;22;18890
341;23;19007
341;24;19025
341;25;19068
341;26;19096
341;27;19155
342;1;13194
342;2;13855
342;3;13914
342;4;14537
342;5;14998
342;6;15538
342;7;15555
342;8;16094
342;9;16698
342;10;17267
342;11;17278
342;12;17328
342;13;17791
342;14;18313
342;15;18362
342;16;18520
342;17;19008
342;18;19103
342;19;19123
342;20;19166
342;21;19167
342;22;19178
342;23;19187
342;24;19190
342;25;19211
342;26;19213
343;1;8690
343;2;9203
343;3;9676
343;4;10203
343;5;10779
343;6;10839
343;7;11415
343;8;11450
343;9;12082
343;10;12141
343;11;12539
343;12;13052
343;13;13549
343;14;14164
343;15;14700
343;16;14797
343;17;14856
343;18;15460
343;19;16027
343;20;16045
343;21;16643
343;22;16754
343;23;16871
343;24;17405
343;25;17995
343;26;18358
343;27;18453
343;28;18481
343;29;18530
343;30;18802
343;31;18807
343;32;18867
343;33;18921
343;34;19046
343;35;19050
343;36;19065
343;37;19108
343;38;19167
343;39;19187
343;40;19188
343;41;19190
343;42;19205
344;1;13258
344;2;13863
344;3;14467
344;4;14549
344;5;14599
344;6;14630
344;7;14636
344;8;15177
344;9;15700
344;10;16227
344;11;16888
344;12;17347
344;13;17460
344;14;17464
344;15;17906
344;16;17924
344;17;18400
344;18;18420
344;19;18448
344;20;18533
344;21;18561
344;22;19053
344;23;19062
344;24;19079
344;25;19081
344;26;19140
344;27;19164
345;1;11799
345;2;12334
345;3;12813
345;4;13382
345;5;13801
345;6;13832
345;7;14261
345;8;14837
345;9;15406
345;10;15933
345;11;15962
345;12;16484
345;13;16543
345;14;16629
345;15;16664
345;16;16696
345;17;16755
345;18;17292
345;19;17312
345;20;17372
345;21;17442
345;22;17489
345;23;17865
345;24;18355
345;25;18365
345;26;18478
345;27;18489
345;28;18585
345;29;18645
345;30;19125
345;31;19136
346;1;11415
346;2;12038
346;3;12542
346;4;13111
346;5;13140
346;6;13662
346;7;14191
346;8;14795
346;9;14800
346;10;14849
346;11;14966
346;12;14987
346;13;15333
346;14;15343
346;15;15392
346;16;15407
346;17;15524
346;18;16062
346;19;16097
346;20;16146
346;21;16257
346;22;16719
346;23;16725
346;24;16803
346;25;17364
346;26;17455
346;27;17515
346;28;18030
346;29;18089
346;30;18093
346;31;18563
346;32;18582
346;33;19124
346;34;19126
346;35;19135
347;1;11463
347;2;11498
347;3;11956
347;4;11982
347;5;12553
347;6;13102
347;7;13594
347;8;13625
347;9;14248
347;10;14721
347;11;15257
347;12;15799
347;13;16264
347;14;16749
347;15;17132
347;16;17290
347;17;17294
347;18;17361
347;19;17396
347;20;17407
347;21;17928
347;22;17977
347;23;18373
347;24;18464
347;25;18495
347;26;19021
347;27;19056
347;28;19114
347;29;19123
347;30;19134
347;31;19144
347;32;19148
347;33;19157
347;34;19168
347;35;19170
347;36;19213
348;1;13090
348;2;13203
348;3;13751
348;4;14293
348;5;14410
348;6;14961
348;7;15399
348;8;15448
348;9;15958
348;10;16526
348;11;16560
348;12;16576
348;13;16987
348;14;17076
348;15;17104
348;16;17114
348;17;17168
348;18;17184
348;19;17279
348;20;17392
348;21;17850
348;22;18377
348;23;18473
348;24;18504
348;25;18584
348;26;18909
348;27;18913
348;28;18962
348;29;18966
348;30;19026
348;31;19057
348;32;19135
348;33;19136
349;1;13333
349;2;13748
349;3;14240
349;4;14269
349;5;14873
349;6;14891
349;7;15331
349;8;15840
349;9;15954
349;10;16503
349;11;16771
349;12;16802
349;13;16804
349;14;16929
349;15;17519
349;16;18095
349;17;18113
349;18;18224
349;19;18252
349;20;18672
349;21;18789
349;22;18893
349;23;18952
349;24;18973
349;25;18992
349;26;19012
349;27;19041
349;28;19048
349;29;19052
349;30;19087
349;31;19094
349;32;19137
349;33;19143
349;34;19155
350;1;12146
350;2;12157
350;3;12818
350;4;13200
350;5;13776
350;6;14279
350;7;14375
350;8;14979
350;9;15569
350;10;16104
350;11;16192
350;12;16213
350;13;16685
350;14;16763
350;15;17338
350;16;17451
350;17;17546
350;18;18115
350;19;18461
350;20;18578
350;21;18637
350;22;19033
350;23;19083
350;24;19094
350;25;19140
350;26;19164
351;1;14351
351;2;14379
351;3;14493
351;4;14900
351;5;14996
351;6;15583
351;7;16067
351;8;16576
351;9;16693
351;10;17100
351;11;17588
351;12;17702
351;13;17716
351;14;17833
351;15;17874
351;16;18215
351;17;18372
351;18;18401
351;19;18495
351;20;18555
351;21;18581
351;22;18592
351;23;18618
351;24;18989
351;25;19084
351;26;19091
351;27;19103
351;28;19146
351;29;19164
352;1;11166
352;2;11295
352;3;11733
352;4;12280
352;5;12941
352;6;13399
352;7;13873
352;8;14365
352;9;14393
352;10;14962
352;11;15552
352;12;15918
352;13;15970
352;14;16019
352;15;16132
352;16;16167
352;17;16221
352;18;16713
352;19;17193
352;20;17224
352;21;17780
352;22;17798
352;23;17857
352;24;17953
352;25;18379
352;26;18877
352;27;18883
352;28;18978
352;29;19019
352;30;19136
352;31;19139
352;32;19149
352;33;19150
352;34;19182
352;35;19193
352;36;19205
353;1;11589
353;2;11684
353;3;12259
353;4;12705
353;5;12726
353;6;12775
353;7;13156
353;8;13167
353;9;13711
353;10;13807
353;11;14299
353;12;14812
353;13;15363
353;14;15926
353;15;16418
353;16;16932
353;17;17057
353;18;17524
353;19;18126
353;20;18147
353;21;18260
353;22;18298
353;23;18312
353;24;18361
353;25;18381
353;26;18429
353;27;18449
353;28;18508
353;29;18517
353;30;18528
353;31;19104
353;32;19153
353;33;19170
353;34;19213
354;1;11805
354;2;11834
354;3;12421
354;4;12447
354;5;12497
354;6;12971
354;7;13546
354;8;13567
354;9;14040
354;10;14663
354;11;14683
354;12;15281
354;13;15312
354;14;15335
354;15;15353
354;16;15939
354;17;16510
354;18;16605
354;19;16650
354;20;17124
354;21;17155
354;22;17184
354;23;17720
354;24;17748
354;25;17839
354;26;17860
354;27;17875
354;28;17880
354;29;17943
354;30;18492
354;31;18541
354;32;18906
354;33;18966
354;34;18970
354;35;19022
354;36;19033
354;37;19035
354;38;19046
354;39;19081
354;40;19109
354;41;19155
354;42;19159
354;43;19168
354;44;19169
354;45;19171
354;46;19205
354;47;19213
355;1;13607
355;2;13635
355;3;13702
355;4;13819
355;5;14346
355;6;14961
355;7;15358
355;8;15516
355;9;16070
355;10;16166
355;11;16283
355;12;16792
355;13;16905
355;14;16915
355;15;16936
355;16;17309
355;17;17358
355;18;17475
355;19;17495
355;20;17555
355;21;17566
355;22;18142
355;23;18151
355;24;18163
355;25;18575
355;26;18983
355;27;19018
355;28;19096
355;29;19127
355;30;19135
356;1;13310
356;2;13858
356;3;14333
356;4;14446
356;5;15078
356;6;15554
356;7;15961
356;8;15992
356;9;16105
356;10;16524
356;11;16594
356;12;16604
356;13;16622
356;14;16699
356;15;16717
356;16;16831
356;17;17210
356;18;17288
356;19;17864
356;20;17874
356;21;17900
356;22;17935
356;23;17984
356;24;18013
356;25;18440
356;26;18553
356;27;18970
356;28;19024
356;29;19065
356;30;19124
356;31;19159
356;32;19170
356;33;19171
356;34;19185
356;35;19205
357;1;12512
357;2;12561
357;3;13108
357;4;13582
357;5;13617
357;6;14207
357;7;14225
357;8;14285
357;9;14748
357;10;15317
357;11;15891
357;12;15926
357;13;16448
357;14;16561
357;15;16579
357;16;16607
357;17;16666
357;18;16674
357;19;17120
357;20;17158
357;21;17745
357;22;17773
357;23;17819
357;24;18260
357;25;18747
357;26;18796
357;27;18913
357;28;18959
357;29;19008
357;30;19009
357;31;19068
357;32;19086
357;33;19112
357;34;19127
358;1;14890
358;2;15003
358;3;15161
358;4;15206
358;5;15733
358;6;16284
358;7;16824
358;8;16874
358;9;16885
358;10;17285
358;11;17806
358;12;18362
358;13;18393
358;14;18421
358;15;18450
358;16;18499
358;17;18558
358;18;18636
358;19;18976
358;20;19062
358;21;19079
358;22;19081
358;23;19110
358;24;19122
358;25;19127
358;26;19135
358;27;19194
358;28;19205
359;1;12403
359;2;12993
359;3;13597
359;4;14072
359;5;14546
359;6;15068
359;7;15644
359;8;15751
359;9;16225
359;10;16823
359;11;17324
359;12;17355
359;13;17394
359;14;17423
359;15;17452
359;16;17454
359;17;17503
359;18;17992
359;19;18013
359;20;18121
359;21;18671
359;22;19067
359;23;19108
359;24;19126
359;25;19127
360;1;12162
360;2;12738
360;3;13196
360;4;13786
360;5;14447
360;6;14476
360;7;15046
360;8;15159
360;9;15644
360;10;15739
360;11;16362
360;12;16876
360;13;17398
360;14;17511
360;15;18033
360;16;18476
360;17;18990
360;18;19049
360;19;19050
360;20;19074
360;21;19109
360;22;19139
360;23;19182
360;24;19204
360;25;19205
361;1;13326
361;2;13758
361;3;14280
361;4;14388
361;5;14978
361;6;14982
361;7;15378
361;8;15491
361;9;15929
361;10;16343
361;11;16820
361;12;16915
361;13;16941
361;14;16976
361;15;17089
361;16;17107
361;17;17616
361;18;17711
361;19;17761
361;20;17875
361;21;18412
361;22;18462
361;23;18490
361;24;18511
361;25;18540
361;26;18581
361;27;18984
361;28;19051
361;29;19060
361;30;19120
361;31;19131
361;32;19146
361;33;19175
361;34;19195
361;35;19202
361;36;19213
362;1;12675
362;2;13251
362;3;13286
362;4;13340
362;5;13813
362;6;14448
362;7;14459
362;8;14745
362;9;15204
362;10;15225
362;11;15342
362;12;15453
362;13;15531
362;14;15552
362;15;15570
362;16;16040
362;17;16581
362;18;16689
362;19;16724
362;20;17246
362;21;17341
362;22;17868
362;23;17946
362;24;17974
362;25;17988
362;26;18012
362;27;18587
362;28;18591
362;29;18593
362;30;18611
362;31;18622
362;32;18657
362;33;19036
362;34;19054
362;35;19075
362;36;19103
362;37;19129
362;38;19146
362;39;19149
362;40;19192
362;41;19193
362;42;19205
363;1;8037
363;2;8698
363;3;9249
363;4;9741
363;5;10300
363;6;10835
363;7;11362
363;8;11475
363;9;11604
363;10;12144
363;11;12222
363;12;12502
363;13;13106
363;14;13693
363;15;13722
363;16;13880
363;17;13939
363;18;13959
363;19;13977
363;20;14012
363;21;14610
363;22;14670
363;23;15275
363;24;15851
363;25;15890
363;26;15901
363;27;16476
363;28;16939
363;29;17510
363;30;17513
363;31;17548
363;32;18010
363;33;18389
363;34;18462
363;35;18484
363;36;18495
363;37;18898
363;38;18995
363;39;19027
363;40;19046
363;41;19070
363;42;19105
363;43;19116
363;44;19159
363;45;19170
363;46;19181
363;47;19204
363;48;19205
364;1;10612
364;2;11053
364;3;11658
364;4;11693
364;5;12049
364;6;12625
364;7;12742
364;8;13332
364;9;13824
364;10;14311
364;11;14402
364;12;14894
364;13;15468
364;14;16037
364;15;16086
364;16;16114
364;17;16673
364;18;16732
364;19;17187
364;20;17215
364;21;17332
364;22;17356
364;23;17835
364;24;17853
364;25;17871
364;26;18256
364;27;18334
364;28;18362
364;29;18383
364;30;18401
364;31;18496
364;32;18507
364;33;18841
364;34;18884
364;35;18966
364;36;18992
364;37;19000
364;38;19008
364;39;19012
364;40;19017
364;41;19052
364;42;19053
364;43;19055
364;44;19085
364;45;19086
364;46;19115
364;47;19136
365;1;13234
365;2;13756
365;3;14230
365;4;14799
365;5;14840
365;6;15442
365;7;15567
365;8;15684
365;9;16282
365;10;16708
365;11;17067
365;12;17184
365;13;17676
365;14;18134
365;15;18247
365;16;18364
365;17;18489
365;18;18491
365;19;19011
365;20;19089
365;21;19135
365;22;19155
366;1;9959
366;2;10479
366;3;11084
366;4;11555
366;5;11584
366;6;11633
366;7;12235
366;8;12896
366;9;13307
366;10;13911
366;11;14294
366;12;14411
366;13;14953
366;14;14984
366;15;15097
366;16;15672
366;17;16111
366;18;16165
366;19;16622
366;20;17165
366;21;17763
366;22;17798
366;23;17864
366;24;17923
366;25;18510
366;26;18920
366;27;19016
366;28;19042
366;29;19043
366;30;19102
366;31;19116
366;32;19151
366;33;19152
366;34;19162
366;35;19191
366;36;19211
366;37;19213
367;1;12249
367;2;12284
367;3;12827
367;4;13300
367;5;13331
367;6;13751
367;7;13868
367;8;14466
367;9;14562
367;10;15130
367;11;15189
367;12;15676
367;13;15697
367;14;16172
367;15;16183
367;16;16243
367;17;16321
367;18;16717
367;19;16808
367;20;16827
367;21;17340
367;22;17838
367;23;18414
367;24;18436
367;25;18486
367;26;18603
367;27;19076
367;28;19172
367;29;19181
367;30;19205
368;1;13761
368;2;13878
368;3;14429
368;4;14543
368;5;14940
368;6;14969
368;7;15004
368;8;15517
368;9;15583
368;10;16159
368;11;16177
368;12;16534
368;13;17132
368;14;17152
368;15;17614
368;16;17731
368;17;17759
368;18;18184
368;19;18788
368;20;18883
368;21;18904
368;22;18920
368;23;18974
368;24;18977
368;25;18989
368;26;19012
368;27;19041
368;28;19136
368;29;19137
368;30;19144
368;31;19167
368;32;19187
368;33;19191
368;34;19193
368;35;19205
369;1;14908
369;2;15381
369;3;15495
369;4;15612
369;5;16076
369;6;16104
369;7;16596
369;8;17167
369;9;17849
369;10;17860
369;11;17867
369;12;18242
369;13;18273
369;14;18888
369;15;18909
369;16;18959
369;17;19069
369;18;19079
369;19;19090
369;20;19110
369;21;19136
370;1;14352
370;2;14923
370;3;14964
370;4;14965
370;5;15014
370;6;15031
370;7;15126
370;8;15758
370;9;15808
370;10;16317
370;11;16809
370;12;16850
370;13;17386
370;14;17421
370;15;17538
370;16;17996
370;17;18391
370;18;18505
370;19;18583
370;20;18643
370;21;18654
370;22;19204
370;23;19213
371;1;12073
371;2;12133
371;3;12625
371;4;12638
371;5;12733
371;6;12751
371;7;13207
371;8;13365
371;9;13394
371;10;13868
371;11;13871
371;12;14269
371;13;14706
371;14;15280
371;15;15339
371;16;15827
371;17;16325
371;18;16353
371;19;16866
371;20;16895
371;21;17417
371;22;17446
371;23;17554
371;24;18141
371;25;18254
371;26;18320
371;27;18437
371;28;18480
371;29;18501
371;30;19076
371;31;19083
371;32;19103
371;33;19121
371;34;19135
371;35;19136
372;1;14037
372;2;14045
372;3;14660
372;4;14785
372;5;15467
372;6;15919
372;7;15969
372;8;16434
372;9;16551
372;10;16611
372;11;17099
372;12;17119
372;13;17629
372;14;17679
372;15;17792
372;16;17917
372;17;17977
372;18;18452
372;19;18481
372;20;18516
372;21;18547
372;22;18565
372;23;18937
372;24;18959
372;25;18980
372;26;19076
372;27;19135
373;1;13677
373;2;14228
373;3;14826
373;4;15346
373;5;15363
373;6;15488
373;7;15532
373;8;15554
373;9;15624
373;10;15644
373;11;16077
373;12;16514
373;13;17116
373;14;17229
373;15;17712
373;16;18130
373;17;18234
373;18;18359
373;19;18476
373;20;18496
373;21;18555
373;22;18862
373;23;18949
373;24;18969
373;25;19029
373;26;19035
373;27;19053
373;28;19073
373;29;19093
373;30;19171
373;31;19195
373;32;19205
373;33;19213
374;1;11020
374;2;11589
374;3;11620
374;4;12191
374;5;12742
374;6;13255
374;7;13860
374;8;14447
374;9;14926
374;10;14979
374;11;15396
374;12;15463
374;13;15525
374;14;15554
374;15;16158
374;16;16254
374;17;16761
374;18;16774
374;19;16802
374;20;17434
374;21;17445
374;22;17777
374;23;17894
374;24;18342
374;25;18363
374;26;18396
374;27;18414
374;28;18442
374;29;18537
374;30;18558
374;31;18587
374;32;18594
374;33;18991
374;34;19011
374;35;19060
374;36;19071
374;37;19083
374;38;19104
374;39;19115
374;40;19126
374;41;19135
375;1;12081
375;2;12573
375;3;13142
375;4;13191
375;5;13726
375;6;14341
375;7;14370
375;8;14483
375;9;14484
375;10;14957
375;11;15392
375;12;15997
375;13;16085
375;14;16102
375;15;16197
375;16;16748
375;17;17319
375;18;17337
375;19;17415
375;20;17462
375;21;17475
375;22;17534
375;23;17562
375;24;17941
375;25;17995
375;26;18429
375;27;18522
375;28;19066
375;29;19086
375;30;19146
375;31;19205
376;1;11100
376;2;11671
376;3;12332
376;4;12727
376;5;13317
376;6;13999
376;7;14067
376;8;14559
376;9;14587
376;10;14616
376;11;14666
376;12;14670
376;13;15104
376;14;15217
376;15;15671
376;16;15730
376;17;16306
376;18;16857
376;19;16888
376;20;16906
376;21;16918
376;22;17379
376;23;17380
376;24;17725
376;25;17838
376;26;17933
376;27;17992
376;28;18405
376;29;18423
376;30;19009
376;31;19038
376;32;19076
376;33;19105
376;34;19126
376;35;19135
377;1;12865
377;2;13277
377;3;13344
377;4;13812
377;5;14358
377;6;14812
377;7;15299
377;8;15330
377;9;15934
377;10;15994
377;11;16412
377;12;16529
377;13;16558
377;14;16622
377;15;16705
377;16;17254
377;17;17275
377;18;17329
377;19;17810
377;20;17923
377;21;18324
377;22;18326
377;23;18443
377;24;18459
377;25;18942
377;26;19025
377;27;19049
377;28;19053
377;29;19074
377;30;19083
377;31;19133
377;32;19135
378;1;12144
378;2;12695
378;3;13170
378;4;13746
378;5;14297
378;6;14803
378;7;15378
378;8;15410
378;9;15997
378;10;16587
378;11;16682
378;12;16713
378;13;16767
378;14;17050
378;15;17146
378;16;17187
378;17;17246
378;18;17701
378;19;17814
378;20;17842
378;21;17871
378;22;17918
378;23;17967
378;24;17977
378;25;18037
378;26;18457
378;27;18528
378;28;18533
378;29;18544
378;30;18564
378;31;18993
378;32;19084
378;33;19110
378;34;19133
378;35;19135
379;1;13717
379;2;13743
379;3;14318
379;4;14805
379;5;14865
379;6;15385
379;7;15859
379;8;15976
379;9;16072
379;10;16185
379;11;16589
379;12;16706
379;13;16765
379;14;16767
379;15;17382
379;16;17958
379;17;18367
379;18;18480
379;19;18488
379;20;19064
379;21;19150
379;22;19170
379;23;19178
379;24;19189
379;25;19202
379;26;19213
380;1;14502
380;2;15071
380;3;15509
380;4;16132
380;5;16152
380;6;16605
380;7;17142
380;8;17150
380;9;17264
380;10;17324
380;11;17734
380;12;17848
380;13;18321
380;14;18352
380;15;18469
380;16;18504
380;17;18553
380;18;18557
380;19;18598
380;20;18618
380;21;18668
380;22;18679
380;23;18722
380;24;19211
380;25;19213
381;1;14437
381;2;14854
381;3;15394
381;4;15507
381;5;15606
381;6;16034
381;7;16603
381;8;17009
381;9;17030
381;10;17065
381;11;17176
381;12;17194
381;13;17282
381;14;17853
381;15;17898
381;16;18280
381;17;18344
381;18;18457
381;19;18468
381;20;19044
381;21;19094
381;22;19097
381;23;19106
381;24;19126
381;25;19135
382;1;12114
382;2;12573
382;3;12684
382;4;13220
382;5;13671
382;6;14195
382;7;14667
382;8;14775
382;9;14866
382;10;14991
382;11;15051
382;12;15558
382;13;15599
382;14;16020
382;15;16096
382;16;16594
382;17;16620
382;18;16653
382;19;16770
382;20;16788
382;21;17231
382;22;17234
382;23;17236
382;24;17758
382;25;18175
382;26;18300
382;27;18351
382;28;18373
382;29;18381
382;30;18412
382;31;18892
382;32;18918
382;33;19006
382;34;19009
382;35;19030
382;36;19034
382;37;19083
382;38;19116
382;39;19133
382;40;19135
382;41;19136
383;1;11213
383;2;11717
383;3;12106
383;4;12137
383;5;12197
383;6;12689
383;7;12715
383;8;13347
383;9;13820
383;10;14450
383;11;15052
383;12;15070
383;13;15685
383;14;15703
383;15;15720
383;16;16292
383;17;16841
383;18;16890
383;19;17331
383;20;17349
383;21;17900
383;22;18346
383;23;18441
383;24;18957
383;25;19017
383;26;19058
383;27;19108
383;28;19119
383;29;19129
383;30;19164
383;31;19207
383;32;19211
383;33;19213
384;1;12759
384;2;13361
384;3;13993
384;4;14075
384;5;14548
384;6;15075
384;7;15153
384;8;15666
384;9;15715
384;10;15719
384;11;15832
384;12;16371
384;13;16820
384;14;17179
384;15;17672
384;16;17731
384;17;17752
384;18;17812
384;19;18222
384;20;18294
384;21;18452
384;22;18930
384;23;18985
384;24;19011
384;25;19070
384;26;19081
384;27;19112
384;28;19127
385;1;11079
385;2;11110
385;3;11139
385;4;11744
385;5;11785
385;6;12259
385;7;12743
385;8;13347
385;9;13785
385;10;14354
385;11;14408
385;12;14521
385;13;14646
385;14;15071
385;15;15184
385;16;15705
385;17;16197
385;18;16217
385;19;16306
385;20;16337
385;21;16789
385;22;17222
385;23;17264
385;24;17313
385;25;17854
385;26;17863
385;27;17947
385;28;18342
385;29;18377
385;30;18381
385;31;18758
385;32;18786
385;33;18845
385;34;18958
385;35;18984
385;36;19044
385;37;19129
385;38;19178
385;39;19187
385;40;19207
385;41;19211
385;42;19213
386;1;10869
386;2;11361
386;3;11830
386;4;12343
386;5;12941
386;6;13320
386;7;13349
386;8;13866
386;9;13897
386;10;13932
386;11;14536
386;12;15123
386;13;15596
386;14;15709
386;15;16043
386;16;16137
386;17;16530
386;18;17005
386;19;17519
386;20;17578
386;21;17627
386;22;18017
386;23;18018
386;24;18077
386;25;18190
386;26;18211
386;27;18271
386;28;18388
386;29;18408
386;30;18507
386;31;18566
386;32;18962
386;33;19057
386;34;19068
386;35;19118
386;36;19127
386;37;19135
387;1;14548
387;2;15099
387;3;15163
387;4;15644
387;5;16018
387;6;16558
387;7;16964
387;8;17059
387;9;17085
387;10;17116
387;11;17748
387;12;17828
387;13;18320
387;14;18341
387;15;18349
387;16;18399
387;17;18407
387;18;18411
387;19;18803
387;20;18898
387;21;18955
387;22;19014
387;23;19045
387;24;19047
387;25;19086
387;26;19089
387;27;19101
387;28;19179
387;29;19183
387;30;19205
388;1;12727
388;2;12762
388;3;12791
388;4;13360
388;5;13833
388;6;13854
388;7;14484
388;8;14942
388;9;15603
388;10;16152
388;11;16727
388;12;16756
388;13;16806
388;14;16834
388;15;17271
388;16;17326
388;17;17736
388;18;17824
388;19;17835
388;20;17856
388;21;17880
388;22;17898
388;23;17933
388;24;17961
388;25;17983
388;26;18570
388;27;18608
388;28;18640
388;29;18675
388;30;18686
388;31;19039
388;32;19132
388;33;19152
388;34;19170
388;35;19213
389;1;12263
389;2;12292
389;3;12405
389;4;12957
389;5;12977
389;6;13546
389;7;14136
389;8;14515
389;9;14606
389;10;15036
389;11;15659
389;12;15687
389;13;16125
389;14;16581
389;15;17132
389;16;17210
389;17;17649
389;18;17677
389;19;18080
389;20;18193
389;21;18247
389;22;18344
389;23;18348
389;24;18423
389;25;18443
389;26;18447
389;27;18496
389;28;19016
389;29;19036
389;30;19043
389;31;19103
389;32;19105
389;33;19117
389;34;19126
389;35;19155
390;1;11054
390;2;11095
390;3;11208
390;4;11735
390;5;12277
390;6;12703
390;7;12791
390;8;13276
390;9;13325
390;10;13955
390;11;14381
390;12;14435
390;13;14453
390;14;14460
390;15;14472
390;16;14568
390;17;15250
390;18;15723
390;19;16147
390;20;16698
390;21;16811
390;22;16871
390;23;17272
390;24;17307
390;25;17335
390;26;17365
390;27;17905
390;28;18397
390;29;18429
390;30;18457
390;31;18905
390;32;18968
390;33;18996
390;34;18998
390;35;19027
390;36;19028
390;37;19056
390;38;19058
390;39;19076
390;40;19135
391;1;13809
391;2;14383
391;3;14952
391;4;15444
391;5;15465
391;6;16052
391;7;16063
391;8;16122
391;9;16692
391;10;17261
391;11;17310
391;12;17885
391;13;17998
391;14;18320
391;15;18437
391;16;18457
391;17;18506
391;18;19033
391;19;19082
391;20;19093
391;21;19102
391;22;19124
391;23;19135
392;1;10984
392;2;11015
392;3;11128
392;4;11601
392;5;12205
392;6;12756
392;7;12870
392;8;13383
392;9;13432
392;10;13849
392;11;14418
392;12;14919
392;13;15506
392;14;15532
392;15;15690
392;16;15710
392;17;16279
392;18;16357
392;19;16392
392;20;16452
392;21;16569
392;22;16983
392;23;17043
392;24;17476
392;25;18032
392;26;18080
392;27;18422
392;28;18481
392;29;18577
392;30;18588
392;31;18637
392;32;18686
392;33;18697
392;34;19094
392;35;19111
392;36;19112
392;37;19127
393;1;12578
393;2;13160
393;3;13189
393;4;13230
393;5;13853
393;6;14386
393;7;14976
393;8;15002
393;9;15487
393;10;16014
393;11;16127
393;12;16460
393;13;16472
393;14;17047
393;15;17662
393;16;18147
393;17;18183
393;18;18300
393;19;18391
393;20;18402
393;21;18978
393;22;19007
393;23;19014
393;24;19025
393;25;19037
393;26;19044
393;27;19079
393;28;19090
393;29;19095
393;30;19109
393;31;19110
393;32;19112
393;33;19127
394;1;12567
394;2;13094
394;3;13122
394;4;13615
394;5;14164
394;6;14762
394;7;15331
394;8;15753
394;9;15795
394;10;15891
394;11;16496
394;12;16621
394;13;16649
394;14;16762
394;15;16879
394;16;17246
394;17;17277
394;18;17849
394;19;17940
394;20;17944
394;21;17946
394;22;18042
394;23;18521
394;24;18570
394;25;18576
394;26;18611
394;27;18612
394;28;18638
394;29;19059
394;30;19152
394;31;19172
394;32;19181
394;33;19190
394;34;19205
394;35;19213
395;1;12676
395;2;13281
395;3;13850
395;4;14334
395;5;14833
395;6;14892
395;7;15009
395;8;15607
395;9;16125
395;10;16220
395;11;16269
395;12;16270
395;13;16805
395;14;16834
395;15;17275
395;16;17770
395;17;17810
395;18;18414
395;19;18459
395;20;18479
395;21;19055
395;22;19104
395;23;19115
395;24;19133
395;25;19211
395;26;19213
396;1;10166
396;2;10767
396;3;10787
396;4;11392
396;5;11875
396;6;12443
396;7;12531
396;8;13100
396;9;13702
396;10;14278
396;11;14295
396;12;14326
396;13;14916
396;14;14934
396;15;15513
396;16;15626
396;17;15696
396;18;16311
396;19;16339
396;20;16438
396;21;16985
396;22;17380
396;23;17398
396;24;17887
396;25;18438
396;26;19025
396;27;19084
396;28;19090
396;29;19110
396;30;19112
396;31;19127
397;1;12945
397;2;13458
397;3;13493
397;4;13985
397;5;14361
397;6;14362
397;7;14810
397;8;14885
397;9;14894
397;10;15002
397;11;15529
397;12;16076
397;13;16130
397;14;16596
397;15;16614
397;16;16622
397;17;17096
397;18;17098
397;19;17649
397;20;17760
397;21;17764
397;22;17814
397;23;18156
397;24;18215
397;25;18596
397;26;18616
397;27;18711
397;28;18789
397;29;18947
397;30;19006
397;31;19034
397;32;19088
397;33;19109
397;34;19120
397;35;19127
397;36;19136
397;37;19140
397;38;19151
397;39;19162
397;40;19204
397;41;19205
398;1;12153
398;2;12693
398;3;12960
398;4;13530
398;5;13565
398;6;14134
398;7;14816
398;8;14895
398;9;15273
398;10;15309
398;11;15467
398;12;15485
398;13;15544
398;14;16130
398;15;16593
398;16;16613
398;17;16691
398;18;16720
398;19;17295
398;20;17409
398;21;17449
398;22;17460
398;23;17480
398;24;17484
398;25;18021
398;26;18039
398;27;18068
398;28;18559
398;29;18575
398;30;18576
398;31;18635
398;32;18641
398;33;19016
398;34;19028
398;35;19145
398;36;19162
398;37;19170
398;38;19171
398;39;19205
399;1;12970
399;2;13029
399;3;13690
399;4;14164
399;5;14688
399;6;14706
399;7;15241
399;8;15354
399;9;15449
399;10;15540
399;11;16098
399;12;16730
399;13;16771
399;14;16781
399;15;17297
399;16;17782
399;17;17899
399;18;18369
399;19;18380
399;20;18497
399;21;18528
399;22;19097
399;23;19105
399;24;19117
399;25;19126
400;1;11864
400;2;12353
400;3;12929
400;4;13374
400;5;13423
400;6;13536
400;7;13974
400;8;14010
400;9;14060
400;10;14101
400;11;14218
400;12;14313
400;13;14344
400;14;14782
400;15;15284
400;16;15674
400;17;15702
400;18;15761
400;19;16224
400;20;16294
400;21;16774
400;22;16815
400;23;17378
400;24;17880
400;25;17997
400;26;18015
400;27;18128
400;28;18579
400;29;18818
400;30;18838
400;31;18946
400;32;18958
400;33;18987
400;34;19008
400;35;19043
400;36;19052
400;37;19064
400;38;19072
400;39;19089
400;40;19119
400;41;19130
400;42;19152
400;43;19195
400;44;19204
400;45;19205
400;46;19213
401;1;11261
401;2;11876
401;3;11967
401;4;12542
401;5;12893
401;6;13366
401;7;13457
401;8;14003
401;9;14116
401;10;14636
401;11;15111
401;12;15592
401;13;16142
401;14;16718
401;15;16776
401;16;16836
401;17;17423
401;18;17933
401;19;17959
401;20;18019
401;21;18030
401;22;18443
401;23;18503
401;24;18599
401;25;18604
401;26;18923
401;27;18929
401;28;18964
401;29;18972
401;30;19021
401;31;19049
401;32;19109
401;33;19111
401;34;19130
401;35;19133
401;36;19172
401;37;19183
401;38;19213
402;1;14375
402;2;14827
402;3;14858
402;4;15433
402;5;15528
402;6;16020
402;7;16380
402;8;16429
402;9;16542
402;10;16579
402;11;16603
402;12;16714
402;13;16773
402;14;16898
402;15;17258
402;16;17873
402;17;17990
402;18;18103
402;19;18520
402;20;18580
402;21;19013
402;22;19041
402;23;19052
402;24;19072
402;25;19100
402;26;19129
402;27;19137
402;28;19141
402;29;19143
402;30;19155
403;1;10585
403;2;11154
403;3;11752
403;4;11865
403;5;12309
403;6;12860
403;7;13239
403;8;13731
403;9;14307
403;10;14827
403;11;15488
403;12;16059
403;13;16094
403;14;16125
403;15;16674
403;16;16715
403;17;17200
403;18;17504
403;19;17513
403;20;17626
403;21;18202
403;22;18213
403;23;18669
403;24;18687
403;25;18728
403;26;18823
403;27;18914
403;28;18975
403;29;19033
403;30;19082
403;31;19093
403;32;19096
403;33;19117
403;34;19135
404;1;13134
404;2;13229
404;3;13805
404;4;14329
404;5;14934
404;6;15504
404;7;15996
404;8;16104
404;9;16675
404;10;17202
404;11;17534
404;12;17595
404;13;17616
404;14;17727
404;15;17745
404;16;17763
404;17;17794
404;18;18228
404;19;18256
404;20;18272
404;21;18356
404;22;18449
404;23;18469
404;24;18542
404;25;19118
404;26;19140
404;27;19151
404;28;19160
404;29;19193
404;30;19205
405;1;13780
405;2;14349
405;3;14423
405;4;14757
405;5;14778
405;6;14868
405;7;15417
405;8;15530
405;9;15548
405;10;15656
405;11;16065
405;12;16408
405;13;16443
405;14;16556
405;15;16714
405;16;16831
405;17;17169
405;18;17247
405;19;17256
405;20;17284
405;21;17681
405;22;17716
405;23;18117
405;24;18208
405;25;18257
405;26;18675
405;27;18742
405;28;18859
405;29;18862
405;30;18976
405;31;19045
405;32;19063
405;33;19077
405;34;19112
405;35;19153
405;36;19164
405;37;19170
405;38;19213
406;1;13401
406;2;13489
406;3;13498
406;4;13990
406;5;14412
406;6;14867
406;7;14955
406;8;15409
406;9;15452
406;10;15506
406;11;15529
406;12;16133
406;13;16258
406;14;16650
406;15;17109
406;16;17234
406;17;17785
406;18;17873
406;19;18444
406;20;18458
406;21;18476
406;22;18914
406;23;18999
406;24;19013
406;25;19029
406;26;19055
406;27;19085
406;28;19105
406;29;19111
406;30;19114
406;31;19115
406;32;19127
407;1;12736
407;2;13287
407;3;13863
407;4;14427
407;5;14952
407;6;15474
407;7;15552
407;8;15611
407;9;16084
407;10;16134
407;11;16201
407;12;16705
407;13;16740
407;14;17268
407;15;17810
407;16;17821
407;17;17870
407;18;17896
407;19;17960
407;20;18073
407;21;18103
407;22;18623
407;23;18718
407;24;18738
407;25;18762
407;26;19145
407;27;19193
407;28;19204
407;29;19205
407;30;19213
408;1;13451
408;2;13456
408;3;13581
408;4;13669
408;5;13700
408;6;13718
408;7;14269
408;8;14763
408;9;15299
408;10;15922
408;11;15986
408;12;16498
408;13;16513
408;14;16604
408;15;17191
408;16;17304
408;17;17382
408;18;17997
408;19;18056
408;20;18464
408;21;18569
408;22;18578
408;23;18581
408;24;18601
408;25;18604
408;26;18615
408;27;19130
408;28;19145
408;29;19205
408;30;19213
409;1;12810
409;2;13345
409;3;13920
409;4;13955
409;5;14068
409;6;14590
409;7;15188
409;8;15701
409;9;16241
409;10;16300
409;11;16717
409;12;16796
409;13;16827
409;14;16845
409;15;17225
409;16;17525
409;17;17683
409;18;17684
409;19;17744
409;20;17765
409;21;18312
409;22;18365
409;23;18375
409;24;18434
409;25;18460
409;26;18970
409;27;19083
409;28;19103
409;29;19127
409;30;19162
409;31;19205
410;1;11121
410;2;11736
410;3;12368
410;4;12387
410;5;12879
410;6;13483
410;7;13514
410;8;13573
410;9;14084
410;10;14559
410;11;15013
410;12;15582
410;13;16095
410;14;16718
410;15;16832
410;16;17294
410;17;17354
410;18;17792
410;19;17909
410;20;18020
410;21;18133
410;22;18629
410;23;18664
410;24;18667
410;25;18678
410;26;18721
410;27;19117
410;28;19135
410;29;19170
410;30;19213
411;1;10595
411;2;11053
411;3;11685
411;4;12032
411;5;12609
411;6;13160
411;7;13273
411;8;13829
411;9;14396
411;10;14945
411;11;14973
411;12;15004
411;13;15405
411;14;16028
411;15;16597
411;16;16617
411;17;16619
411;18;16650
411;19;17085
411;20;17114
411;21;17142
411;22;17717
411;23;17834
411;24;17835
411;25;18406
411;26;18407
411;27;18765
411;28;18815
411;29;18838
411;30;18842
411;31;18889
411;32;18994
411;33;19014
411;34;19032
411;35;19067
411;36;19126
412;1;11973
412;2;12251
412;3;12761
412;4;12772
412;5;13335
412;6;13808
412;7;14330
412;8;14865
412;9;14973
412;10;15571
412;11;16041
412;12;16072
412;13;16084
412;14;16608
412;15;16639
412;16;17300
412;17;17304
412;18;17363
412;19;17459
412;20;17520
412;21;17972
412;22;17993
412;23;18004
412;24;18411
412;25;18470
412;26;18533
412;27;18597
412;28;18632
412;29;18915
412;30;18964
412;31;18982
412;32;19025
412;33;19053
412;34;19102
412;35;19161
412;36;19163
412;37;19184
412;38;19204
412;39;19205
413;1;14357
413;2;14366
413;3;14479
413;4;15007
413;5;15582
413;6;16022
413;7;16147
413;8;16715
413;9;17207
413;10;17233
413;11;17264
413;12;17360
413;13;17455
413;14;17893
413;15;18010
413;16;18088
413;17;18491
413;18;18547
413;19;18582
413;20;18586
413;21;18932
413;22;18952
413;23;18965
413;24;19082
413;25;19178
413;26;19180
413;27;19213
414;1;10741
414;2;10772
414;3;11370
414;4;11906
414;5;12476
414;6;12966
414;7;13465
414;8;13500
414;9;13614
414;10;14102
414;11;14581
414;12;14991
414;13;15034
414;14;15062
414;15;15396
414;16;15414
414;17;15990
414;18;16018
414;19;16062
414;20;16480
414;21;16558
414;22;16683
414;23;16712
414;24;16761
414;25;16856
414;26;16891
414;27;16913
414;28;17008
414;29;17039
414;30;17548
414;31;17927
414;32;18412
414;33;18496
414;34;19036
414;35;19071
414;36;19086
414;37;19094
414;38;19154
414;39;19183
414;40;19193
414;41;19205
414;42;19213
415;1;11766
415;2;12258
415;3;12769
415;4;12860
415;5;13429
415;6;13932
415;7;14508
415;8;15119
415;9;15689
415;10;16181
415;11;16269
415;12;16796
415;13;16891
415;14;16920
415;15;17465
415;16;17782
415;17;18333
415;18;18446
415;19;18490
415;20;18491
415;21;18539
415;22;18614
415;23;18615
415;24;18626
415;25;18686
415;26;18696
415;27;18698
415;28;18710
415;29;18992
415;30;19010
415;31;19124
415;32;19135
416;1;13331
416;2;13386
416;3;13990
416;4;14078
416;5;14668
416;6;15136
416;7;15150
416;8;15460
416;9;15618
416;10;15712
416;11;16154
416;12;16622
416;13;16675
416;14;16706
416;15;16750
416;16;17224
416;17;17319
416;18;17398
416;19;17409
416;20;17430
416;21;17465
416;22;17472
416;23;17964
416;24;18077
416;25;18088
416;26;18094
416;27;18465
416;28;18479
416;29;18514
416;30;18525
416;31;18545
416;32;18574
416;33;18623
416;34;18683
416;35;19202
416;36;19213
417;1;13130
417;2;13705
417;3;14197
417;4;14626
417;5;14723
417;6;14819
417;7;15501
417;8;16106
417;9;16696
417;10;17255
417;11;17363
417;12;17396
417;13;17408
417;14;17428
417;15;17853
417;16;17864
417;17;17975
417;18;18501
417;19;18522
417;20;18524
417;21;18550
417;22;18579
417;23;18967
417;24;19045
417;25;19065
417;26;19114
417;27;19144
417;28;19155
417;29;19175
417;30;19205
418;1;11515
418;2;12119
418;3;12150
418;4;12674
418;5;13185
418;6;13808
418;7;13899
418;8;14372
418;9;14486
418;10;14899
418;11;15012
418;12;15126
418;13;15695
418;14;16169
418;15;16662
418;16;17120
418;17;17237
418;18;17258
418;19;17615
418;20;17723
418;21;18208
418;22;18303
418;23;18332
418;24;18410
418;25;18806
418;26;18863
418;27;18874
418;28;18934
418;29;18969
418;30;18987
418;31;19036
418;32;19096
418;33;19106
418;34;19126
418;35;19127
419;1;12754
419;2;13273
419;3;13877
419;4;14475
419;5;14876
419;6;14925
419;7;15038
419;8;15155
419;9;15691
419;10;16057
419;11;16383
419;12;16422
419;13;16471
419;14;16582
419;15;17020
419;16;17051
419;17;17129
419;18;17705
419;19;17822
419;20;18349
419;21;18462
419;22;18509
419;23;18520
419;24;18557
419;25;18577
419;26;18636
419;27;18654
419;28;19184
419;29;19194
419;30;19205
420;1;11723
420;2;11837
420;3;12388
420;4;12902
420;5;13477
420;6;14025
420;7;14442
420;8;14453
420;9;14507
420;10;15030
420;11;15058
420;12;15550
420;13;16072
420;14;16547
420;15;17123
420;16;17240
420;17;17336
420;18;17396
420;19;17913
420;20;17944
420;21;18505
420;22;18855
420;23;18885
420;24;18998
420;25;19033
420;26;19045
420;27;19074
420;28;19076
420;29;19135
421;1;15543
421;2;15668
421;3;16130
421;4;16138
421;5;16651
421;6;16764
421;7;16881
421;8;17457
421;9;17854
421;10;18456
421;11;18464
421;12;18474
421;13;18520
421;14;18570
421;15;18665
421;16;19068
421;17;19086
421;18;19094
421;19;19123
421;20;19127
421;21;19157
421;22;19158
421;23;19178
421;24;19211
421;25;19213
422;1;14702
422;2;14815
422;3;14973
422;4;15485
422;5;16054
422;6;16089
422;7;16177
422;8;16576
422;9;17178
422;10;17295
422;11;17354
422;12;17701
422;13;17792
422;14;18367
422;15;18373
422;16;18801
422;17;18885
422;18;18935
422;19;18952
422;20;19002
422;21;19022
422;22;19040
422;23;19048
422;24;19107
422;25;19127
423;1;14911
423;2;15424
423;3;15535
423;4;16104
423;5;16569
423;6;17011
423;7;17598
423;8;18167
423;9;18185
423;10;18186
423;11;18311
423;12;18361
423;13;18768
423;14;18863
423;15;18874
423;16;18887
423;17;18908
423;18;19021
423;19;19025
423;20;19046
423;21;19048
423;22;19068
423;23;19127
423;24;19136
423;25;19164
423;26;19213
424;1;11290
424;2;11407
424;3;11831
424;4;11926
424;5;12051
424;6;12656
424;7;13171
424;8;13775
424;9;14377
424;10;14871
424;11;14939
424;12;14974
424;13;15002
424;14;15477
424;15;15495
424;16;16046
424;17;16096
424;18;16145
424;19;16258
424;20;16276
424;21;16733
424;22;17159
424;23;17653
424;24;18142
424;25;18175
424;26;18225
424;27;18303
424;28;18332
424;29;18360
424;30;18456
424;31;18468
424;32;18959
424;33;19076
424;34;19109
424;35;19145
424;36;19205
424;37;19213
425;1;11050
425;2;11542
425;3;12055
425;4;12630
425;5;12665
425;6;13138
425;7;13233
425;8;13344
425;9;13394
425;10;13831
425;11;14305
425;12;14784
425;13;15231
425;14;15291
425;15;15402
425;16;15519
425;17;15630
425;18;15646
425;19;16244
425;20;16623
425;21;16676
425;22;17057
425;23;17083
425;24;17196
425;25;17235
425;26;17292
425;27;17313
425;28;17342
425;29;17416
425;30;17466
425;31;17525
425;32;17536
425;33;17999
425;34;18017
425;35;18021
425;36;18363
425;37;18813
425;38;18821
425;39;18905
425;40;18946
425;41;18974
425;42;19000
425;43;19031
425;44;19050
425;45;19089
425;46;19106
425;47;19126
425;48;19135
426;1;11790
426;2;12365
426;3;12393
426;4;12421
426;5;12972
426;6;13494
426;7;13875
426;8;13992
426;9;14543
426;10;14656
426;11;14687
426;12;15194
426;13;15551
426;14;15587
426;15;15607
426;16;16134
426;17;16635
426;18;16749
426;19;17110
426;20;17206
426;21;17256
426;22;17259
426;23;17372
426;24;17486
426;25;18062
426;26;18345
426;27;18836
426;28;18871
426;29;18897
426;30;19008
426;31;19009
426;32;19020
426;33;19022
426;34;19052
426;35;19067
426;36;19077
426;37;19127
426;38;19136
427;1;12562
427;2;13166
427;3;13742
427;4;14286
427;5;14314
427;6;14856
427;7;14969
427;8;15528
427;9;16094
427;10;16406
427;11;16490
427;12;17066
427;13;17640
427;14;17661
427;15;17672
427;16;17721
427;17;17768
427;18;17799
427;19;17820
427;20;18418
427;21;18478
427;22;18506
427;23;18526
427;24;18552
427;25;18581
427;26;18960
427;27;19073
427;28;19103
427;29;19116
427;30;19127
427;31;19135
428;1;13538
428;2;13634
428;3;14236
428;4;14305
428;5;14852
428;6;15325
428;7;15450
428;8;15538
428;9;16086
428;10;16654
428;11;16750
428;12;16863
428;13;17439
428;14;17834
428;15;17925
428;16;18465
428;17;18491
428;18;18508
428;19;18526
428;20;18535
428;21;18547
428;22;18565
428;23;19134
428;24;19145
428;25;19168
428;26;19188
428;27;19190
428;28;19205
429;1;13204
429;2;13721
429;3;14336
429;4;14997
429;5;15566
429;6;16079
429;7;16571
429;8;16688
429;9;17212
429;10;17802
429;11;17813
429;12;18235
429;13;18255
429;14;18343
429;15;18947
429;16;18958
429;17;18993
429;18;18994
429;19;19089
429;20;19110
429;21;19134
429;22;19136
430;1;11629
430;2;12149
430;3;12700
430;4;13172
430;5;13723
430;6;14236
430;7;14247
430;8;14908
430;9;15484
430;10;15572
430;11;16143
430;12;16690
430;13;16708
430;14;16768
430;15;17235
430;16;17343
430;17;17371
430;18;17747
430;19;18103
430;20;18216
430;21;18244
430;22;18275
430;23;18303
430;24;18332
430;25;18428
430;26;18960
430;27;19008
430;28;19039
430;29;19043
430;30;19060
430;31;19062
430;32;19083
430;33;19115
430;34;19126
430;35;19135
431;1;12807
431;2;13320
431;3;13812
431;4;13903
431;5;14378
431;6;14492
431;7;15079
431;8;15174
431;9;15687
431;10;16162
431;11;16180
431;12;16654
431;13;17120
431;14;17179
431;15;17199
431;16;17316
431;17;17365
431;18;17916
431;19;17921
431;20;18367
431;21;18426
431;22;18452
431;23;18472
431;24;18888
431;25;18934
431;26;19045
431;27;19105
431;28;19109
431;29;19111
431;30;19126
431;31;19135
432;1;12171
432;2;12769
432;3;12882
432;4;13357
432;5;13831
432;6;14463
432;7;14959
432;8;15009
432;9;15500
432;10;15578
432;11;15607
432;12;16121
432;13;16124
432;14;16241
432;15;16259
432;16;16810
432;17;17385
432;18;17405
432;19;17503
432;20;17553
432;21;17872
432;22;17983
432;23;18100
432;24;18483
432;25;18895
432;26;18958
432;27;18989
432;28;19010
432;29;19044
432;30;19047
432;31;19096
432;32;19097
432;33;19175
432;34;19205
432;35;19213
433;1;12020
433;2;12512
433;3;13117
433;4;13693
433;5;14291
433;6;14723
433;7;14752
433;8;14811
433;9;15317
433;10;15408
433;11;15984
433;12;16484
433;13;16976
433;14;17035
433;15;17061
433;16;17606
433;17;18034
433;18;18602
433;19;18637
433;20;18762
433;21;18821
433;22;18881
433;23;18998
433;24;19111
433;25;19126
434;1;12106
434;2;12628
434;3;13066
434;4;13601
434;5;14069
434;6;14591
434;7;14928
434;8;15039
434;9;15098
434;10;15186
434;11;15696
434;12;16225
434;13;16642
434;14;16653
434;15;16741
434;16;17233
434;17;17764
434;18;17860
434;19;17888
434;20;17908
434;21;17957
434;22;18405
434;23;18431
434;24;18433
434;25;18436
434;26;18524
434;27;19035
434;28;19056
434;29;19062
434;30;19111
434;31;19171
434;32;19184
434;33;19204
434;34;19205
435;1;11289
435;2;11324
435;3;11926
435;4;12587
435;5;13061
435;6;13743
435;7;14270
435;8;14278
435;9;14306
435;10;14868
435;11;15353
435;12;15382
435;13;15393
435;14;15459
435;15;15567
435;16;16066
435;17;16146
435;18;16497
435;19;16575
435;20;17008
435;21;17067
435;22;17184
435;23;17212
435;24;17303
435;25;17329
435;26;17367
435;27;17472
435;28;17552
435;29;17984
435;30;18388
435;31;18392
435;32;18394
435;33;18453
435;34;18561
435;35;18564
435;36;18569
435;37;18571
435;38;18609
435;39;19100
435;40;19111
435;41;19135
436;1;13019
436;2;13136
436;3;13231
436;4;13345
436;5;13867
436;6;14457
436;7;14574
436;8;15096
436;9;15672
436;10;15973
436;11;16500
436;12;16595
436;13;17029
436;14;17146
436;15;17164
436;16;17641
436;17;17690
436;18;17786
436;19;18418
436;20;18478
436;21;18519
436;22;18547
436;23;18576
436;24;19030
436;25;19094
436;26;19120
436;27;19131
436;28;19151
436;29;19175
436;30;19205
437;1;14629
437;2;15021
437;3;15070
437;4;15085
437;5;15717
437;6;15830
437;7;15856
437;8;15891
437;9;16191
437;10;16683
437;11;17127
437;12;17238
437;13;17694
437;14;17712
437;15;18226
437;16;18259
437;17;18372
437;18;18392
437;19;18395
437;20;18490
437;21;18546
437;22;18901
437;23;18951
437;24;19109
437;25;19120
437;26;19155
437;27;19159
437;28;19161
437;29;19170
437;30;19192
437;31;19193
437;32;19213
438;1;10111
438;2;10520
438;3;10549
438;4;11100
438;5;11669
438;6;12143
438;7;12733
438;8;13302
438;9;13917
438;10;13942
438;11;14055
438;12;14583
438;13;14612
438;14;15141
438;15;15660
438;16;15701
438;17;15771
438;18;16322
438;19;16372
438;20;16624
438;21;17166
438;22;17261
438;23;17291
438;24;17369
438;25;17740
438;26;17766
438;27;18179
438;28;18286
438;29;18400
438;30;18433
438;31;18447
438;32;18458
438;33;19034
438;34;19069
438;35;19070
438;36;19074
438;37;19078
438;38;19079
438;39;19080
438;40;19100
438;41;19109
438;42;19110
438;43;19122
438;44;19133
438;45;19135
439;1;11385
439;2;11413
439;3;12095
439;4;12642
439;5;13193
439;6;13242
439;7;13727
439;8;13807
439;9;14334
439;10;14995
439;11;15573
439;12;16108
439;13;16698
439;14;16727
439;15;16811
439;16;17313
439;17;17745
439;18;17804
439;19;18326
439;20;18741
439;21;18854
439;22;18913
439;23;18950
439;24;19009
439;25;19050
439;26;19096
439;27;19105
439;28;19114
439;29;19155
439;30;19164
440;1;12756
440;2;12785
440;3;13400
440;4;13858
440;5;14434
440;6;14484
440;7;14905
440;8;15000
440;9;15059
440;10;15599
440;11;16136
440;12;16227
440;13;16697
440;14;17272
440;15;17397
440;16;17820
440;17;17933
440;18;18341
440;19;18370
440;20;18730
440;21;18783
440;22;18811
440;23;18815
440;24;18928
440;25;18978
440;26;19037
440;27;19133
440;28;19193
440;29;19205
441;1;14254
441;2;14727
441;3;15160
441;4;15711
441;5;15828
441;6;16303
441;7;16879
441;8;16918
441;9;17442
441;10;17452
441;11;17898
441;12;17899
441;13;17907
441;14;17927
441;15;17953
441;16;17974
441;17;18521
441;18;18543
441;19;19015
441;20;19075
441;21;19171
441;22;19204
441;23;19205
442;1;13940
442;2;14282
442;3;14361
442;4;14390
442;5;14995
442;6;15044
442;7;15088
442;8;15117
442;9;15611
442;10;16084
442;11;16459
442;12;17034
442;13;17442
442;14;17550
442;15;17609
442;16;17626
442;17;17751
442;18;17868
442;19;18327
442;20;18414
442;21;18473
442;22;18901
442;23;19012
442;24;19071
442;25;19089
442;26;19109
442;27;19115
442;28;19117
442;29;19135
443;1;11405
443;2;12003
443;3;12516
443;4;12961
443;5;12989
443;6;13576
443;7;14199
443;8;14881
443;9;14926
443;10;15003
443;11;15578
443;12;16108
443;13;16530
443;14;16550
443;15;16663
443;16;16698
443;17;16815
443;18;17140
443;19;17253
443;20;17675
443;21;18076
443;22;18172
443;23;18203
443;24;18231
443;25;18260
443;26;18268
443;27;18359
443;28;18476
443;29;18836
443;30;18874
443;31;18999
443;32;19112
443;33;19121
443;34;19170
443;35;19171
443;36;19190
443;37;19213
444;1;14357
444;2;14726
444;3;15316
444;4;15334
444;5;15429
444;6;15458
444;7;15985
444;8;16419
444;9;16510
444;10;16563
444;11;17139
444;12;17256
444;13;17266
444;14;17779
444;15;18323
444;16;18382
444;17;18393
444;18;18440
444;19;18460
444;20;18478
444;21;18556
444;22;18584
444;23;18623
444;24;18634
444;25;19153
444;26;19174
444;27;19194
444;28;19205
445;1;10835
445;2;11403
445;3;11861
445;4;12304
445;5;12354
445;6;12372
445;7;12923
445;8;13481
445;9;13934
445;10;14524
445;11;14927
445;12;14940
445;13;15005
445;14;15366
445;15;15483
445;16;15975
445;17;16035
445;18;16084
445;19;16192
445;20;16197
445;21;16557
445;22;17139
445;23;17219
445;24;17226
445;25;17339
445;26;17777
445;27;17800
445;28;17892
445;29;17900
445;30;17978
445;31;17986
445;32;18437
445;33;18448
445;34;18794
445;35;18852
445;36;18965
445;37;19025
445;38;19056
445;39;19084
445;40;19110
445;41;19131
445;42;19151
445;43;19175
445;44;19205
446;1;12629
446;2;13116
446;3;13686
446;4;14127
446;5;14205
446;6;14670
446;7;15274
446;8;15825
446;9;15843
446;10;16412
446;11;16447
446;12;16464
446;13;16522
446;14;16636
446;15;17093
446;16;17644
446;17;17740
446;18;18370
446;19;18842
446;20;18871
446;21;18967
446;22;18982
446;23;19027
446;24;19055
446;25;19076
446;26;19096
446;27;19155
446;28;19164
447;1;12934
447;2;13426
447;3;14013
447;4;14044
447;5;14122
447;6;14673
447;7;14701
447;8;15175
447;9;15660
447;10;16145
447;11;16583
447;12;17128
447;13;17245
447;14;17601
447;15;18177
447;16;18294
447;17;18590
447;18;18650
447;19;18741
447;20;18849
447;21;18962
447;22;19058
447;23;19099
447;24;19103
447;25;19108
447;26;19110
447;27;19114
447;28;19140
447;29;19155
448;1;13597
448;2;14201
448;3;14230
448;4;14739
448;5;14779
448;6;14810
448;7;15332
448;8;15410
448;9;15524
448;10;15545
448;11;15594
448;12;15601
448;13;15730
448;14;16162
448;15;16636
448;16;16662
448;17;17264
448;18;17753
448;19;17770
448;20;17861
448;21;17921
448;22;18354
448;23;18360
448;24;18378
448;25;18416
448;26;18944
448;27;18964
448;28;19010
448;29;19069
448;30;19074
448;31;19105
448;32;19108
448;33;19109
448;34;19158
448;35;19187
448;36;19191
448;37;19193
448;38;19205
449;1;11181
449;2;11581
449;3;11694
449;4;11772
449;5;12323
449;6;12984
449;7;13437
449;8;13912
449;9;13917
449;10;13948
449;11;14440
449;12;14950
449;13;15441
449;14;16017
449;15;16586
449;16;16601
449;17;16714
449;18;16723
449;19;17119
449;20;17168
449;21;17197
449;22;17595
449;23;17632
449;24;17678
449;25;18187
449;26;18258
449;27;18304
449;28;18822
449;29;18857
449;30;18968
449;31;19011
449;32;19039
449;33;19060
449;34;19103
449;35;19124
449;36;19146
449;37;19205
450;1;12263
450;2;12281
450;3;12292
450;4;12963
450;5;13464
450;6;13956
450;7;14447
450;8;14920
450;9;14948
450;10;15390
450;11;15419
450;12;15514
450;13;15989
450;14;16545
450;15;16565
450;16;17113
450;17;17594
450;18;17633
450;19;17683
450;20;17694
450;21;17746
450;22;17778
450;23;17808
450;24;17826
450;25;18228
450;26;18241
450;27;18290
450;28;18367
450;29;18387
450;30;18446
450;31;18927
450;32;18949
450;33;19027
450;34;19062
450;35;19073
450;36;19084
450;37;19086
450;38;19124
450;39;19135
451;1;11517
451;2;12041
451;3;12059
451;4;12657
451;5;12815
451;6;13232
451;7;13670
451;8;14239
451;9;14874
451;10;15366
451;11;15407
451;12;15520
451;13;15561
451;14;16036
451;15;16047
451;16;16575
451;17;17179
451;18;17264
451;19;17815
451;20;17903
451;21;18011
451;22;18416
451;23;18507
451;24;18557
451;25;18918
451;26;18921
451;27;18922
451;28;18951
451;29;18962
451;30;18988
451;31;19008
451;32;19038
451;33;19056
451;34;19060
451;35;19078
451;36;19092
451;37;19113
451;38;19129
451;39;19140
451;40;19169
451;41;19171
451;42;19205
452;1;11677
452;2;12199
452;3;12860
452;4;13296
452;5;13849
452;6;14341
452;7;14419
452;8;14917
452;9;15421
452;10;15894
452;11;16005
452;12;16026
452;13;16393
452;14;16411
452;15;16437
452;16;16470
452;17;16501
452;18;17049
452;19;17077
452;20;17738
452;21;17766
452;22;18258
452;23;18265
452;24;18276
452;25;18371
452;26;18912
452;27;18930
452;28;18958
452;29;19008
452;30;19034
452;31;19103
452;32;19162
452;33;19205
453;1;11307
453;2;11799
453;3;12323
453;4;12913
453;5;13399
453;6;13802
453;7;13843
453;8;14394
453;9;14507
453;10;14557
453;11;14585
453;12;14614
453;13;15035
453;14;15429
453;15;15543
453;16;15569
453;17;16251
453;18;16629
453;19;16647
453;20;16707
453;21;17005
453;22;17471
453;23;17584
453;24;18171
453;25;18202
453;26;18230
453;27;18290
453;28;18765
453;29;18873
453;30;18914
453;31;18943
453;32;18947
453;33;18968
453;34;18975
453;35;18986
453;36;19001
453;37;19018
453;38;19045
453;39;19063
453;40;19065
453;41;19076
454;1;12644
454;2;12710
454;3;13232
454;4;13261
454;5;13848
454;6;14435
454;7;14898
454;8;15400
454;9;15517
454;10;16068
454;11;16143
454;12;16565
454;13;16586
454;14;17009
454;15;17691
454;16;18035
454;17;18160
454;18;18195
454;19;18199
454;20;18277
454;21;18385
454;22;18786
454;23;18800
454;24;18829
454;25;18864
454;26;18964
454;27;18993
454;28;19013
454;29;19082
454;30;19084
454;31;19096
454;32;19125
454;33;19174
454;34;19204
454;35;19205
455;1;13901
455;2;14522
455;3;15057
455;4;15632
455;5;16219
455;6;16770
455;7;16781
455;8;17303
455;9;17926
455;10;17946
455;11;17950
455;12;18393
455;13;18424
455;14;18515
455;15;18535
455;16;19054
455;17;19084
455;18;19110
455;19;19115
455;20;19117
455;21;19133
455;22;19135
456;1;14932
456;2;15424
456;3;15951
456;4;16001
456;5;16522
456;6;16548
456;7;16665
456;8;17347
456;9;17726
456;10;17789
456;11;17869
456;12;17918
456;13;18354
456;14;18372
456;15;18378
456;16;18473
456;17;19048
456;18;19068
456;19;19082
456;20;19093
456;21;19128
456;22;19137
456;23;19146
456;24;19189
456;25;19213
457;1;10090
457;2;10535
457;3;10570
457;4;11087
457;5;11565
457;6;11690
457;7;11785
457;8;12250
457;9;12278
457;10;12800
457;11;13211
457;12;13787
457;13;14171
457;14;14284
457;15;14832
457;16;15345
457;17;15935
457;18;15994
457;19;15998
457;20;16526
457;21;16639
457;22;16734
457;23;16753
457;24;17293
457;25;17384
457;26;17939
457;27;17999
457;28;18451
457;29;18481
457;30;18492
457;31;18509
457;32;18941
457;33;19000
457;34;19044
457;35;19104
457;36;19126
457;37;19135
458;1;10105
458;2;10159
458;3;10690
458;4;11266
458;5;11294
458;6;11719
458;7;12194
458;8;12205
458;9;12322
458;10;12898
458;11;13356
458;12;13426
458;13;13950
458;14;14519
458;15;14554
458;16;15105
458;17;15216
458;18;15775
458;19;16270
458;20;16810
458;21;16923
458;22;17555
458;23;18044
458;24;18079
458;25;18571
458;26;18588
458;27;18647
458;28;18649
458;29;18669
458;30;18678
458;31;19057
458;32;19104
458;33;19110
458;34;19129
458;35;19172
458;36;19202
458;37;19213
459;1;11183
459;2;11675
459;3;11706
459;4;12198
459;5;12648
459;6;13278
459;7;13781
459;8;14386
459;9;14838
459;10;15409
459;11;15854
459;12;15872
459;13;15931
459;14;16518
459;15;16613
459;16;16671
459;17;17240
459;18;17658
459;19;17753
459;20;18058
459;21;18149
459;22;18266
459;23;18284
459;24;18304
459;25;18332
459;26;18708
459;27;18821
459;28;18870
459;29;18929
459;30;18940
459;31;18961
459;32;19010
459;33;19036
459;34;19054
459;35;19083
459;36;19090
459;37;19133
459;38;19153
459;39;19163
459;40;19187
459;41;19191
459;42;19193
459;43;19205
460;1;12486
460;2;13041
460;3;13439
460;4;13470
460;5;14039
460;6;14088
460;7;14168
460;8;14725
460;9;14785
460;10;14805
460;11;14854
460;12;15374
460;13;15392
460;14;15877
460;15;16399
460;16;16512
460;17;17063
460;18;17098
460;19;17174
460;20;17223
460;21;17651
460;22;17679
460;23;17767
460;24;17880
460;25;18356
460;26;18379
460;27;18406
460;28;18465
460;29;18483
460;30;18488
460;31;18537
460;32;18557
460;33;19000
460;34;19095
460;35;19144
460;36;19145
460;37;19188
460;38;19190
460;39;19205
461;1;13351
461;2;13930
461;3;14368
461;4;14937
461;5;14958
461;6;15275
461;7;15898
461;8;16474
461;9;17001
461;10;17021
461;11;17116
461;12;17194
461;13;17211
461;14;17336
461;15;17702
461;16;17761
461;17;17857
461;18;17881
461;19;17930
461;20;18255
461;21;18797
461;22;18819
461;23;18914
461;24;19031
461;25;19127
461;26;19135
461;27;19136
462;1;9273
462;2;9813
462;3;9862
462;4;10384
462;5;10954
462;6;11615
462;7;12205
462;8;12774
462;9;13350
462;10;13808
462;11;13867
462;12;14394
462;13;14831
462;14;14944
462;15;15458
462;16;15896
462;17;15917
462;18;15992
462;19;16150
462;20;16245
462;21;16666
462;22;17271
462;23;17633
462;24;17744
462;25;17840
462;26;17864
462;27;17919
462;28;17948
462;29;18384
462;30;18417
462;31;18435
462;32;18551
462;33;18912
462;34;18943
462;35;18983
462;36;19001
462;37;19029
462;38;19070
462;39;19079
462;40;19105
462;41;19111
462;42;19112
462;43;19127
463;1;11104
463;2;11673
463;3;12148
463;4;12236
463;5;12834
463;6;13307
463;7;13827
463;8;14398
463;9;14399
463;10;14948
463;11;15440
463;12;15914
463;13;16289
463;14;16367
463;15;16411
463;16;16524
463;17;16937
463;18;17485
463;19;17506
463;20;17565
463;21;17591
463;22;18214
463;23;18233
463;24;18324
463;25;18326
463;26;18341
463;27;18344
463;28;18382
463;29;18497
463;30;18919
463;31;18966
463;32;18977
463;33;19031
463;34;19048
463;35;19068
463;36;19094
463;37;19107
463;38;19115
463;39;19136
464;1;11891
464;2;12008
464;3;12631
464;4;13153
464;5;13751
464;6;14321
464;7;14868
464;8;14993
464;9;15561
464;10;16157
464;11;16217
464;12;16708
464;13;16758
464;14;16778
464;15;17123
464;16;17182
464;17;17271
464;18;17300
464;19;17349
464;20;17876
464;21;17933
464;22;17957
464;23;18017
464;24;18142
464;25;18467
464;26;18584
464;27;18593
464;28;18997
464;29;19086
464;30;19106
464;31;19126
464;32;19127
464;33;19135
465;1;11094
465;2;11684
465;3;11780
465;4;12350
465;5;13011
465;6;13504
465;7;13522
465;8;14124
465;9;14699
465;10;14812
465;11;15191
465;12;15795
465;13;15824
465;14;16506
465;15;16532
465;16;17119
465;17;17236
465;18;17266
465;19;17842
465;20;18334
465;21;18394
465;22;18908
465;23;18956
465;24;19015
465;25;19065
465;26;19125
465;27;19136
466;1;14368
466;2;14860
466;3;15450
466;4;15545
466;5;15670
466;6;16239
466;7;16740
466;8;17057
466;9;17445
466;10;17456
466;11;18032
466;12;18146
466;13;18269
466;14;18333
466;15;18368
466;16;18376
466;17;18384
466;18;18410
466;19;18506
466;20;18526
466;21;18956
466;22;19064
466;23;19081
466;24;19140
466;25;19146
466;26;19178
466;27;19189
466;28;19190
466;29;19205
467;1;12638
467;2;13214
467;3;13829
467;4;13860
467;5;13919
467;6;14446
467;7;14927
467;8;15401
467;9;15429
467;10;16031
467;11;16553
467;12;16571
467;13;17158
467;14;17253
467;15;17800
467;16;18295
467;17;18768
467;18;18846
467;19;18867
467;20;18963
467;21;18994
467;22;19030
467;23;19039
467;24;19068
467;25;19089
467;26;19113
467;27;19115
467;28;19127
467;29;19135
468;1;15354
468;2;15397
468;3;15423
468;4;15915
468;5;16073
468;6;16091
468;7;16752
468;8;17164
468;9;17277
468;10;17295
468;11;17688
468;12;17714
468;13;17802
468;14;17813
468;15;17883
468;16;18258
468;17;18307
468;18;18878
468;19;18938
468;20;18969
468;21;19001
468;22;19022
468;23;19033
468;24;19054
468;25;19056
468;26;19076
468;27;19109
468;28;19126
468;29;19127
469;1;13617
469;2;14153
469;3;14207
469;4;14707
469;5;15247
469;6;15769
469;7;16338
469;8;16398
469;9;16409
469;10;16522
469;11;16542
469;12;17092
469;13;17180
469;14;17198
469;15;17255
469;16;17259
469;17;17270
469;18;17779
469;19;17810
469;20;17831
469;21;17891
469;22;17909
469;23;17931
469;24;17976
469;25;17986
469;26;18046
469;27;18494
469;28;18566
469;29;18607
469;30;18924
469;31;19029
469;32;19049
469;33;19077
469;34;19126
469;35;19127
470;1;11183
470;2;11734
470;3;12310
470;4;12834
470;5;13438
470;6;14053
470;7;14630
470;8;15143
470;9;15663
470;10;15696
470;11;16188
470;12;16199
470;13;16248
470;14;16361
470;15;16392
470;16;16884
470;17;17452
470;18;17480
470;19;17975
470;20;17979
470;21;18007
470;22;18481
470;23;18890
470;24;18892
470;25;18921
470;26;19038
470;27;19084
470;28;19123
470;29;19134
470;30;19143
470;31;19155
471;1;10515
471;2;10990
471;3;11482
471;4;11516
471;5;11547
471;6;12083
471;7;12555
471;8;12590
471;9;13089
471;10;13564
471;11;14056
471;12;14141
471;13;14232
471;14;14260
471;15;14858
471;16;14899
471;17;15362
471;18;15416
471;19;15533
471;20;16104
471;21;16163
471;22;16631
471;23;16698
471;24;17135
471;25;17690
471;26;17807
471;27;17848
471;28;17877
471;29;17936
471;30;18417
471;31;18439
471;32;18948
471;33;19026
471;34;19066
471;35;19087
471;36;19098
471;37;19118
471;38;19127
471;39;19135
472;1;14793
472;2;15475
472;3;16002
472;4;16090
472;5;16619
472;6;17092
472;7;17112
472;8;17171
472;9;17705
472;10;17723
472;11;17820
472;12;18305
472;13;18333
472;14;18391
472;15;18854
472;16;18965
472;17;18976
472;18;18977
472;19;19005
472;20;19036
472;21;19056
472;22;19084
472;23;19110
472;24;19113
472;25;19115
472;26;19127
473;1;12092
473;2;12530
473;3;13128
473;4;13751
473;5;14383
473;6;14973
473;7;15524
473;8;16139
473;9;16715
473;10;16744
473;11;16785
473;12;17197
473;13;17772
473;14;17831
473;15;17838
473;16;17883
473;17;17937
473;18;18461
473;19;18490
473;20;18500
473;21;18529
473;22;18595
473;23;18615
473;24;18618
473;25;18647
473;26;18658
473;27;19097
473;28;19164
473;29;19190
473;30;19193
473;31;19205
474;1;11714
474;2;12227
474;3;12248
474;4;12671
474;5;12712
474;6;13242
474;7;13813
474;8;13842
474;9;14447
474;10;14880
474;11;14930
474;12;15422
474;13;15991
474;14;16040
474;15;16466
474;16;16583
474;17;17102
474;18;17192
474;19;17761
474;20;17811
474;21;18244
474;22;18265
474;23;18283
474;24;18300
474;25;18335
474;26;18827
474;27;18940
474;28;18989
474;29;18993
474;30;19015
474;31;19026
474;32;19086
474;33;19134
474;34;19145
474;35;19175
474;36;19195
474;37;19204
474;38;19205
474;39;19213
475;1;12873
475;2;13314
475;3;13772
475;4;14251
475;5;14855
475;6;14909
475;7;14968
475;8;15460
475;9;15987
475;10;16057
475;11;16532
475;12;16581
475;13;16698
475;14;16811
475;15;17308
475;16;17838
475;17;17866
475;18;17907
475;19;17918
475;20;18393
475;21;18852
475;22;18883
475;23;18991
475;24;19017
475;25;19077
475;26;19081
475;27;19110
475;28;19129
475;29;19188
475;30;19190
475;31;19194
475;32;19205
476;1;10971
476;2;11522
476;3;12044
476;4;12620
476;5;13094
476;6;13207
476;7;13783
476;8;13818
476;9;14398
476;10;14920
476;11;15399
476;12;15410
476;13;15469
476;14;15476
476;15;15504
476;16;16136
476;17;16693
476;18;16788
476;19;16823
476;20;16824
476;21;17358
476;22;17796
476;23;17818
476;24;17836
476;25;18441
476;26;18983
476;27;19051
476;28;19062
476;29;19112
476;30;19160
476;31;19171
476;32;19205
477;1;12193
477;2;12310
477;3;12900
477;4;12995
477;5;13023
477;6;13515
477;7;13983
477;8;14552
477;9;15065
477;10;15568
477;11;15597
477;12;15599
477;13;16086
477;14;16107
477;15;16575
477;16;16670
477;17;17048
477;18;17078
477;19;17186
477;20;17570
477;21;18002
477;22;18022
477;23;18081
477;24;18198
477;25;18293
477;26;18821
477;27;18934
477;28;19042
477;29;19053
477;30;19085
477;31;19135
477;32;19146
477;33;19205
477;34;19213
478;1;11351
478;2;11830
478;3;11925
478;4;12016
478;5;12677
478;6;13152
478;7;13721
478;8;14344
478;9;14868
478;10;14879
478;11;14974
478;12;15550
478;13;15569
478;14;15888
478;15;16361
478;16;16381
478;17;16956
478;18;17069
478;19;17095
478;20;17559
478;21;17587
478;22;17695
478;23;17713
478;24;17830
478;25;18381
478;26;18957
478;27;18969
478;28;18990
478;29;19050
478;30;19081
478;31;19116
478;32;19138
478;33;19181
478;34;19205
479;1;13467
479;2;14018
479;3;14608
479;4;15033
479;5;15059
479;6;15108
479;7;15121
479;8;15160
479;9;15490
479;10;15540
479;11;16032
479;12;16086
479;13;16146
479;14;16598
479;15;16715
479;16;16828
479;17;16839
479;18;17194
479;19;17225
479;20;17634
479;21;18006
479;22;18041
479;23;18059
479;24;18172
479;25;18226
479;26;18317
479;27;18388
479;28;18420
479;29;18479
479;30;18497
479;31;18516
479;32;18559
479;33;18995
479;34;18999
479;35;19090
479;36;19150
479;37;19172
479;38;19175
479;39;19195
479;40;19204
479;41;19213
480;1;11932
480;2;12040
480;3;12042
480;4;12070
480;5;12672
480;6;13270
480;7;13874
480;8;13903
480;9;14474
480;10;14928
480;11;15498
480;12;15586
480;13;16126
480;14;16135
480;15;16146
480;16;16206
480;17;16742
480;18;16745
480;19;17360
480;20;17378
480;21;17427
480;22;17796
480;23;17831
480;24;17989
480;25;18049
480;26;18566
480;27;18944
480;28;19039
480;29;19065
480;30;19074
480;31;19095
480;32;19138
480;33;19162
480;34;19171
480;35;19191
480;36;19211
480;37;19213
481;1;14486
481;2;14603
481;3;14663
481;4;15088
481;5;15616
481;6;16074
481;7;16649
481;8;17176
481;9;17763
481;10;18236
481;11;18327
481;12;18334
481;13;18346
481;14;18364
481;15;18979
481;16;18987
481;17;18991
481;18;19050
481;19;19053
481;20;19055
481;21;19067
481;22;19126
482;1;11549
482;2;12023
482;3;12646
482;4;13159
482;5;13735
482;6;14225
482;7;14731
482;8;15241
482;9;15368
482;10;15399
482;11;15986
482;12;16555
482;13;16583
482;14;16700
482;15;16814
482;16;17180
482;17;17756
482;18;17776
482;19;17804
482;20;17890
482;21;18375
482;22;18492
482;23;18533
482;24;18600
482;25;19072
482;26;19092
482;27;19103
482;28;19105
482;29;19135
482;30;19146
482;31;19205
483;1;12635
483;2;13206
483;3;13867
483;4;13889
483;5;14458
483;6;15081
483;7;15099
483;8;15573
483;9;15608
483;10;15639
483;11;15747
483;12;16226
483;13;16739
483;14;17182
483;15;17673
483;16;17691
483;17;17702
483;18;17776
483;19;18327
483;20;18380
483;21;18397
483;22;18426
483;23;18454
483;24;18464
483;25;18510
483;26;18560
483;27;18566
483;28;18586
483;29;18597
483;30;18621
483;31;18995
483;32;19095
483;33;19112
483;34;19116
483;35;19127
484;1;11992
484;2;12473
484;3;12504
484;4;12554
484;5;13236
484;6;13812
484;7;13937
484;8;14325
484;9;14839
484;10;15259
484;11;15277
484;12;15909
484;13;16450
484;14;16563
484;15;17147
484;16;17230
484;17;17732
484;18;17760
484;19;17775
484;20;17795
484;21;17800
484;22;18192
484;23;18250
484;24;18276
484;25;18434
484;26;18445
484;27;18452
484;28;18494
484;29;18512
484;30;18547
484;31;18558
484;32;19088
484;33;19147
484;34;19190
484;35;19193
484;36;19205
485;1;12739
485;2;13172
485;3;13192
485;4;13624
485;5;14146
485;6;14744
485;7;15320
485;8;15433
485;9;15473
485;10;16044
485;11;16568
485;12;16571
485;13;17158
485;14;17177
485;15;17669
485;16;17729
485;17;17786
485;18;18367
485;19;18378
485;20;18416
485;21;18441
485;22;18461
485;23;18472
485;24;18498
485;25;18516
485;26;18561
485;27;18611
485;28;19100
485;29;19109
485;30;19133
485;31;19135
486;1;13696
486;2;13725
486;3;13757
486;4;14333
486;5;14901
486;6;15388
486;7;15416
486;8;15923
486;9;15982
486;10;15988
486;11;15989
486;12;16048
486;13;16600
486;14;16654
486;15;16660
486;16;16738
486;17;17307
486;18;17395
486;19;17424
486;20;17519
486;21;18017
486;22;18040
486;23;18445
486;24;18494
486;25;18611
486;26;18986
486;27;19025
486;28;19042
486;29;19101
486;30;19109
486;31;19110
486;32;19159
486;33;19202
486;34;19213
487;1;12384
487;2;12388
487;3;13011
487;4;13065
487;5;13576
487;6;13690
487;7;14203
487;8;14710
487;9;15165
487;10;15282
487;11;15801
487;12;15829
487;13;16261
487;14;16837
487;15;16950
487;16;17402
487;17;17433
487;18;17923
487;19;17944
487;20;17973
487;21;18033
487;22;18400
487;23;18525
487;24;19018
487;25;19024
487;26;19073
487;27;19093
487;28;19117
487;29;19126
487;30;19135
488;1;13809
488;2;13904
488;3;13939
488;4;14431
488;5;15054
488;6;15652
488;7;16015
488;8;16106
488;9;16710
488;10;17203
488;11;17739
488;12;17834
488;13;17912
488;14;18363
488;15;18462
488;16;18485
488;17;18801
488;18;18897
488;19;18914
488;20;18973
488;21;18993
488;22;19116
488;23;19127
488;24;19194
488;25;19205
489;1;14383
489;2;14927
489;3;14938
489;4;15046
489;5;15396
489;6;15414
489;7;15455
489;8;15930
489;9;16532
489;10;17024
489;11;17053
489;12;17107
489;13;17224
489;14;17811
489;15;18245
489;16;18843
489;17;18949
489;18;18960
489;19;19020
489;20;19079
489;21;19101
489;22;19108
489;23;19151
489;24;19172
489;25;19175
489;26;19195
489;27;19204
489;28;19205
489;29;19213
490;1;14324
490;2;14338
490;3;14860
490;4;14977
490;5;15055
490;6;15399
490;7;15430
490;8;16020
490;9;16399
490;10;16740
490;11;16818
490;12;16846
490;13;17373
490;14;17490
490;15;17549
490;16;17645
490;17;18114
490;18;18164
490;19;18271
490;20;18384
490;21;18420
490;22;18438
490;23;18516
490;24;18541
490;25;18561
490;26;19072
490;27;19084
490;28;19133
490;29;19161
490;30;19191
490;31;19211
490;32;19213
491;1;12619
491;2;13195
491;3;13797
491;4;13888
491;5;14424
491;6;15106
491;7;15598
491;8;16202
491;9;16777
491;10;17319
491;11;17339
491;12;17699
491;13;17758
491;14;17769
491;15;18320
491;16;18369
491;17;18471
491;18;18992
491;19;18996
491;20;19007
491;21;19038
491;22;19044
491;23;19055
491;24;19133
491;25;19135
492;1;14192
492;2;14209
492;3;14756
492;4;14778
492;5;14806
492;6;14866
492;7;15471
492;8;15536
492;9;16050
492;10;16534
492;11;16909
492;12;17478
492;13;17940
492;14;18053
492;15;18113
492;16;18238
492;17;18355
492;18;18414
492;19;18990
492;20;19008
492;21;19025
492;22;19051
492;23;19097
492;24;19138
492;25;19141
492;26;19184
492;27;19204
492;28;19213
493;1;9348
493;2;9799
493;3;9895
493;4;10359
493;5;10883
493;6;11452
493;7;12028
493;8;12123
493;9;12172
493;10;12741
493;11;13245
493;12;13334
493;13;13861
493;14;13889
493;15;14438
493;16;15028
493;17;15611
493;18;15629
493;19;16052
493;20;16650
493;21;16763
493;22;16822
493;23;16900
493;24;16928
493;25;17404
493;26;17461
493;27;17578
493;28;17595
493;29;18110
493;30;18488
493;31;18895
493;32;18915
493;33;18941
493;34;19036
493;35;19037
493;36;19054
493;37;19065
493;38;19123
493;39;19143
493;40;19183
493;41;19189
493;42;19213
494;1;8303
494;2;8872
494;3;9447
494;4;9905
494;5;10013
494;6;10505
494;7;11056
494;8;11075
494;9;11644
494;10;12214
494;11;12702
494;12;13229
494;13;13276
494;14;13863
494;15;13891
494;16;14521
494;17;14899
494;18;15475
494;19;15504
494;20;15553
494;21;15613
494;22;15742
494;23;15760
494;24;16330
494;25;16715
494;26;16828
494;27;17286
494;28;17377
494;29;17924
494;30;18318
494;31;18324
494;32;18939
494;33;18951
494;34;19046
494;35;19051
494;36;19054
494;37;19056
494;38;19065
494;39;19086
494;40;19135
494;41;19170
494;42;19171
494;43;19185
494;44;19205
495;1;12783
495;2;13275
495;3;13760
495;4;14304
495;5;14392
495;6;14853
495;7;15311
495;8;15317
495;9;15940
495;10;16376
495;11;16489
495;12;16548
495;13;17124
495;14;17129
495;15;17697
495;16;17723
495;17;18294
495;18;18295
495;19;18325
495;20;18343
495;21;18451
495;22;18470
495;23;18530
495;24;18540
495;25;18996
495;26;19009
495;27;19087
495;28;19089
495;29;19109
495;30;19110
495;31;19127
496;1;12357
496;2;12795
496;3;12890
496;4;13371
496;5;13932
496;6;14411
496;7;14522
496;8;14560
496;9;15186
496;10;15700
496;11;16196
496;12;16630
496;13;17104
496;14;17125
496;15;17156
496;16;17167
496;17;17718
496;18;17831
496;19;17851
496;20;18190
496;21;18239
496;22;18356
496;23;18367
496;24;18480
496;25;18508
496;26;18558
496;27;18654
496;28;18938
496;29;19051
496;30;19068
496;31;19127
496;32;19136
497;1;13374
497;2;13491
497;3;13499
497;4;14026
497;5;14649
497;6;15173
497;7;15722
497;8;16168
497;9;16719
497;10;16743
497;11;16800
497;12;17371
497;13;17431
497;14;18029
497;15;18058
497;16;18572
497;17;18887
497;18;18928
497;19;18946
497;20;19066
497;21;19086
497;22;19104
497;23;19115
497;24;19127
497;25;19136
498;1;12107
498;2;12654
498;3;13092
498;4;13566
498;5;13601
498;6;14170
498;7;14692
498;8;14803
498;9;15295
498;10;15830
498;11;15947
498;12;16055
498;13;16585
498;14;17099
498;15;17159
498;16;17764
498;17;17881
498;18;17977
498;19;18503
498;20;18544
498;21;18929
498;22;18988
498;23;19010
498;24;19038
498;25;19057
498;26;19086
498;27;19199
498;28;19207
498;29;19211
498;30;19213
499;1;13014
499;2;13131
499;3;13718
499;4;14294
499;5;14315
499;6;14905
499;7;14934
499;8;15510
499;9;15606
499;10;15637
499;11;16159
499;12;16187
499;13;16770
499;14;17042
499;15;17138
499;16;17167
499;17;17216
499;18;17767
499;19;17837
499;20;17858
499;21;18358
499;22;18397
499;23;18493
499;24;18513
499;25;19079
499;26;19083
499;27;19086
499;28;19095
499;29;19112
499;30;19114
499;31;19126
500;1;12533
500;2;13108
500;3;13644
500;4;13761
500;5;13886
500;6;13981
500;7;14456
500;8;14967
500;9;15514
500;10;15534
500;11;16132
500;12;16158
500;13;16236
500;14;16781
500;15;16830
500;16;16851
500;17;16964
500;18;17365
500;19;17425
500;20;17797
500;21;18221
500;22;18250
500;23;18314
500;24;18409
500;25;18450
500;26;18481
500;27;18960
500;28;18972
500;29;19063
500;30;19091
500;31;19187
500;32;19189
500;33;19204
500;34;19205
501;1;11463
501;2;11955
501;3;12531
501;4;13082
501;5;13174
501;6;13269
501;7;13743
501;8;14330
501;9;14351
501;10;14891
501;11;15349
501;12;15690
501;13;15749
501;14;16284
501;15;16339
501;16;16398
501;17;16511
501;18;17028
501;19;17087
501;20;17131
501;21;17640
501;22;17696
501;23;17792
501;24;17950
501;25;18477
501;26;18480
501;27;18594
501;28;18629
501;29;18640
501;30;18683
501;31;19213
502;1;14550
502;2;15042
502;3;15101
502;4;15652
502;5;15702
502;6;15772
502;7;16247
502;8;16576
502;9;17103
502;10;17680
502;11;17730
502;12;17823
502;13;18325
502;14;18345
502;15;18376
502;16;18405
502;17;18501
502;18;18511
502;19;19053
502;20;19074
502;21;19083
502;22;19090
502;23;19110
502;24;19124
502;25;19133
502;26;19141
502;27;19143
502;28;19155
503;1;12075
503;2;12708
503;3;12786
503;4;13244
503;5;13813
503;6;14428
503;7;14790
503;8;15344
503;9;15352
503;10;15381
503;11;15873
503;12;15984
503;13;16480
503;14;16564
503;15;16681
503;16;17221
503;17;17748
503;18;18324
503;19;18355
503;20;18383
503;21;18401
503;22;18422
503;23;18433
503;24;18482
503;25;18508
503;26;18537
503;27;18566
503;28;19074
503;29;19075
503;30;19134
503;31;19154
503;32;19161
503;33;19170
503;34;19192
503;35;19204
503;36;19213
504;1;13440
504;2;14009
504;3;14444
504;4;14561
504;5;15034
504;6;15548
504;7;16084
504;8;16695
504;9;16724
504;10;17204
504;11;17300
504;12;17311
504;13;17428
504;14;17811
504;15;17906
504;16;17960
504;17;18335
504;18;18383
504;19;18453
504;20;18474
504;21;18485
504;22;19031
504;23;19060
504;24;19062
504;25;19140
504;26;19151
504;27;19162
504;28;19171
504;29;19213
505;1;12529
505;2;13190
505;3;13813
505;4;13842
505;5;14382
505;6;14495
505;7;14552
505;8;14877
505;9;14955
505;10;15495
505;11;16070
505;12;16126
505;13;16639
505;14;16667
505;15;16702
505;16;16717
505;17;16834
505;18;17385
505;19;17394
505;20;17425
505;21;17503
505;22;17921
505;23;17952
505;24;18012
505;25;18524
505;26;18535
505;27;18594
505;28;18622
505;29;18911
505;30;18960
505;31;19009
505;32;19038
505;33;19105
505;34;19117
505;35;19141
505;36;19152
505;37;19162
505;38;19205
506;1;12115
506;2;12156
506;3;12683
506;4;12761
506;5;13199
506;6;13768
506;7;13818
506;8;14433
506;9;14908
506;10;15469
506;11;16151
506;12;16210
506;13;16238
506;14;16333
506;15;16796
506;16;16803
506;17;16831
506;18;17231
506;19;17688
506;20;17717
506;21;17750
506;22;18167
506;23;18771
506;24;18773
506;25;18890
506;26;19001
506;27;19079
506;28;19135
506;29;19170
506;30;19171
506;31;19185
506;32;19205
507;1;12758
507;2;13309
507;3;13363
507;4;13932
507;5;14534
507;6;15110
507;7;15584
507;8;16154
507;9;16204
507;10;16701
507;11;17086
507;12;17156
507;13;17234
507;14;17392
507;15;17433
507;16;17459
507;17;17825
507;18;17879
507;19;17975
507;20;17986
507;21;18435
507;22;18531
507;23;18590
507;24;19014
507;25;19127
507;26;19136
508;1;11709
508;2;12278
508;3;12663
508;4;12821
508;5;13345
508;6;13867
508;7;14469
508;8;15084
508;9;15624
508;10;16097
508;11;16211
508;12;16801
508;13;17405
508;14;17501
508;15;18076
508;16;18397
508;17;18418
508;18;18514
508;19;18975
508;20;18980
508;21;18997
508;22;19017
508;23;19028
508;24;19056
508;25;19088
508;26;19099
508;27;19103
508;28;19105
508;29;19126
508;30;19135
509;1;11396
509;2;11998
509;3;12493
509;4;13083
509;5;13094
509;6;13568
509;7;14229
509;8;14764
509;9;15446
509;10;15481
509;11;16057
509;12;16407
509;13;16805
509;14;17381
509;15;17948
509;16;18106
509;17;18675
509;18;18693
509;19;18810
509;20;18834
509;21;18929
509;22;18964
509;23;19078
509;24;19098
509;25;19122
509;26;19124
509;27;19135
509;28;19213
510;1;12124
510;2;12232
510;3;12345
510;4;12777
510;5;12827
510;6;13457
510;7;14047
510;8;14057
510;9;14579
510;10;14639
510;11;15186
510;12;15773
510;13;16265
510;14;16560
510;15;16610
510;16;16637
510;17;17118
510;18;17136
510;19;17154
510;20;17269
510;21;17845
510;22;17894
510;23;18385
510;24;18445
510;25;18903
510;26;18929
510;27;18963
510;28;19074
510;29;19152
510;30;19211
510;31;19213
511;1;12026
511;2;12110
511;3;12583
511;4;12678
511;5;13170
511;6;13739
511;7;13798
511;8;14373
511;9;14405
511;10;14906
511;11;15344
511;12;15839
511;13;15952
511;14;16047
511;15;16075
511;16;16189
511;17;16787
511;18;16904
511;19;17377
511;20;17491
511;21;17511
511;22;17522
511;23;18052
511;24;18055
511;25;18092
511;26;18151
511;27;18564
511;28;18624
511;29;18985
511;30;19069
511;31;19095
511;32;19112
511;33;19115
511;34;19127
512;1;12102
512;2;12480
512;3;12957
512;4;13535
512;5;14084
512;6;14113
512;7;14591
512;8;15160
512;9;15273
512;10;15776
512;11;16381
512;12;16477
512;13;16531
512;14;16626
512;15;17184
512;16;17710
512;17;18173
512;18;18262
512;19;18353
512;20;18466
512;21;18508
512;22;18887
512;23;19000
512;24;19015
512;25;19033
512;26;19041
512;27;19052
512;28;19083
512;29;19103
512;30;19112
512;31;19127
512;32;19135
513;1;12920
513;2;12948
513;3;13018
513;4;13088
513;5;13525
513;6;13912
513;7;14454
513;8;14567
513;9;14929
513;10;15477
513;11;15584
513;12;16086
513;13;16654
513;14;16680
513;15;16793
513;16;16868
513;17;17277
513;18;17327
513;19;17347
513;20;17420
513;21;17470
513;22;17813
513;23;17853
513;24;17888
513;25;17999
513;26;18028
513;27;18032
513;28;18034
513;29;18480
513;30;18546
513;31;18575
513;32;18625
513;33;19053
513;34;19076
513;35;19086
513;36;19135
513;37;19146
513;38;19149
513;39;19170
513;40;19213
514;1;13232
514;2;13345
514;3;13404
514;4;13980
514;5;14499
514;6;15068
514;7;15070
514;8;15099
514;9;15194
514;10;15681
514;11;16119
514;12;16565
514;13;16678
514;14;17280
514;15;17300
514;16;17359
514;17;17391
514;18;17876
514;19;17885
514;20;18260
514;21;18698
514;22;18702
514;23;18815
514;24;18923
514;25;18928
514;26;18939
514;27;18989
514;28;19027
514;29;19065
514;30;19115
514;31;19127
515;1;11142
515;2;11691
515;3;12156
515;4;12513
515;5;13097
515;6;13673
515;7;13787
515;8;13805
515;9;14381
515;10;14413
515;11;15074
515;12;15095
515;13;15575
515;14;15616
515;15;16020
515;16;16449
515;17;16889
515;18;16936
515;19;16974
515;20;17082
515;21;17160
515;22;17219
515;23;17254
515;24;17274
515;25;17825
515;26;17903
515;27;17957
515;28;18314
515;29;18826
515;30;18939
515;31;19056
515;32;19076
515;33;19111
515;34;19171
515;35;19172
515;36;19181
515;37;19189
515;38;19213
516;1;10056
516;2;10738
516;3;11248
516;4;11682
516;5;12204
516;6;12736
516;7;12832
516;8;13371
516;9;13402
516;10;13881
516;11;14450
516;12;14965
516;13;15022
516;14;15617
516;15;16132
516;16;16793
516;17;17189
516;18;17248
516;19;17283
516;20;17379
516;21;17439
516;22;17443
516;23;17863
516;24;17974
516;25;18070
516;26;18503
516;27;18563
516;28;19083
516;29;19100
516;30;19133
516;31;19135
517;1;13033
517;2;13573
517;3;13686
517;4;14256
517;5;14730
517;6;15247
517;7;15275
517;8;15873
517;9;16448
517;10;16477
517;11;16565
517;12;16694
517;13;16790
517;14;17104
517;15;17154
517;16;17165
517;17;17166
517;18;17798
517;19;17889
517;20;17985
517;21;18397
517;22;18419
517;23;18440
517;24;19007
517;25;19040
517;26;19048
517;27;19050
517;28;19071
517;29;19095
517;30;19112
517;31;19127
518;1;10773
518;2;11286
518;3;11798
518;4;12256
518;5;12778
518;6;13270
518;7;13846
518;8;13885
518;9;14348
518;10;14377
518;11;14794
518;12;15409
518;13;15979
518;14;16036
518;15;16037
518;16;16516
518;17;17106
518;18;17134
518;19;17143
518;20;17613
518;21;17678
518;22;17704
518;23;17713
518;24;17821
518;25;18289
518;26;18759
518;27;18876
518;28;18984
518;29;19033
518;30;19066
518;31;19077
518;32;19106
518;33;19114
518;34;19115
518;35;19135
519;1;12144
519;2;12713
519;3;13283
519;4;13775
519;5;14351
519;6;14390
519;7;14910
519;8;15437
519;9;15977
519;10;16638
519;11;16688
519;12;17349
519;13;17762
519;14;18139
519;15;18256
519;16;18369
519;17;18395
519;18;18416
519;19;18466
519;20;19003
519;21;19006
519;22;19026
519;23;19037
519;24;19057
519;25;19117
519;26;19126
520;1;11969
520;2;12482
520;3;13018
520;4;13072
520;5;13613
520;6;14182
520;7;14733
520;8;15284
520;9;15334
520;10;15355
520;11;15932
520;12;15967
520;13;15978
520;14;16418
520;15;16436
520;16;16503
520;17;16534
520;18;16575
520;19;16642
520;20;17102
520;21;17117
520;22;17213
520;23;17326
520;24;17337
520;25;17357
520;26;17826
520;27;18255
520;28;18266
520;29;18379
520;30;18496
520;31;18591
520;32;19056
520;33;19141
520;34;19150
520;35;19161
520;36;19170
520;37;19213
521;1;16247
521;2;16870
521;3;17343
521;4;17878
521;5;18252
521;6;18284
521;7;18323
521;8;18422
521;9;18547
521;10;18567
521;11;18663
521;12;19095
521;13;19155
522;1;10670
522;2;10688
522;3;10846
522;4;11319
522;5;11859
522;6;11894
522;7;12311
522;8;12901
522;9;13448
522;10;13940
522;11;14036
522;12;14623
522;13;14736
522;14;14747
522;15;14765
522;16;14791
522;17;14822
522;18;14929
522;19;15527
522;20;15936
522;21;15964
522;22;16514
522;23;16917
522;24;16947
522;25;17025
522;26;17074
522;27;17102
522;28;17626
522;29;17743
522;30;17772
522;31;18146
522;32;18259
522;33;18327
522;34;18423
522;35;18472
522;36;18946
522;37;18994
522;38;19014
522;39;19074
522;40;19083
522;41;19089
522;42;19109
522;43;19133
522;44;19162
522;45;19164
523;1;11442
523;2;11556
523;3;11994
523;4;12538
523;5;13125
523;6;13740
523;7;13800
523;8;13859
523;9;13947
523;10;14446
523;11;14975
523;12;15016
523;13;15034
523;14;15584
523;15;15638
523;16;15666
523;17;16129
523;18;16164
523;19;16686
523;20;17064
523;21;17666
523;22;17687
523;23;18259
523;24;18367
523;25;18406
523;26;18424
523;27;18462
523;28;18491
523;29;18503
523;30;18521
523;31;18561
523;32;19112
523;33;19114
523;34;19134
523;35;19162
523;36;19188
523;37;19190
523;38;19213
524;1;13783
524;2;14305
524;3;14710
524;4;14741
524;5;14849
524;6;15358
524;7;15399
524;8;15854
524;9;15882
524;10;16366
524;11;16384
524;12;16395
524;13;16430
524;14;16860
524;15;16951
524;16;16980
524;17;16998
524;18;17000
524;19;17002
524;20;17097
524;21;17107
524;22;17127
524;23;17218
524;24;17661
524;25;17684
524;26;18253
524;27;18361
524;28;18775
524;29;18825
524;30;18888
524;31;18914
524;32;18974
524;33;18992
524;34;19027
524;35;19051
524;36;19062
524;37;19121
524;38;19164
525;1;13257
525;2;13825
525;3;14374
525;4;14923
525;5;15048
525;6;15392
525;7;15488
525;8;15601
525;9;15718
525;10;15815
525;11;16217
525;12;16267
525;13;16792
525;14;16803
525;15;16852
525;16;17387
525;17;17772
525;18;18374
525;19;18469
525;20;18582
525;21;19158
525;22;19186
525;23;19190
525;24;19191
525;25;19193
525;26;19205
526;1;14192
526;2;14797
526;3;15373
526;4;15433
526;5;16004
526;6;16555
526;7;16603
526;8;17193
526;9;17234
526;10;17707
526;11;17728
526;12;18241
526;13;18301
526;14;18354
526;15;18430
526;16;18450
526;17;18510
526;18;18540
526;19;18548
526;20;19018
526;21;19060
526;22;19092
526;23;19098
526;24;19118
526;25;19153
526;26;19162
526;27;19170
526;28;19213
527;1;13414
527;2;13989
527;3;14035
527;4;14510
527;5;15002
527;6;15524
527;7;16126
527;8;16653
527;9;17166
527;10;17753
527;11;18213
527;12;18248
527;13;18373
527;14;18486
527;15;19013
527;16;19024
527;17;19073
527;18;19093
527;19;19111
527;20;19112
527;21;19127
528;1;14340
528;2;14972
528;3;15247
528;4;15845
528;5;16468
528;6;16581
528;7;16607
528;8;16629
528;9;16652
528;10;16681
528;11;17088
528;12;17127
528;13;17205
528;14;17226
528;15;17242
528;16;17701
528;17;17747
528;18;17806
528;19;17856
528;20;18393
528;21;18506
528;22;18998
528;23;19029
528;24;19040
528;25;19075
528;26;19085
528;27;19135
528;28;19136
529;1;11054
529;2;11080
529;3;11572
529;4;12046
529;5;12582
529;6;13197
529;7;13218
529;8;13335
529;9;13337
529;10;13415
529;11;13939
529;12;13998
529;13;14450
529;14;14924
529;15;15411
529;16;15460
529;17;15999
529;18;16412
529;19;16529
529;20;16908
529;21;16968
529;22;16969
529;23;16998
529;24;17027
529;25;17055
529;26;17118
529;27;17694
529;28;17718
529;29;17749
529;30;17866
529;31;17902
529;32;17937
529;33;17972
529;34;18003
529;35;18459
529;36;18487
529;37;18949
529;38;18977
529;39;19006
529;40;19026
529;41;19086
529;42;19088
529;43;19123
529;44;19166
529;45;19182
529;46;19183
529;47;19205
530;1;12035
530;2;12625
530;3;13145
530;4;13696
530;5;14294
530;6;14898
530;7;15390
530;8;15486
530;9;15978
530;10;16660
530;11;16720
530;12;16731
530;13;17220
530;14;17222
530;15;17281
530;16;17309
530;17;17361
530;18;17378
530;19;17729
530;20;17783
530;21;18289
530;22;18348
530;23;18935
530;24;18955
530;25;18958
530;26;19075
530;27;19077
530;28;19155
531;1;12023
531;2;12498
531;3;13025
531;4;13183
531;5;13719
531;6;13794
531;7;14216
531;8;14327
531;9;14792
531;10;14862
531;11;15354
531;12;15984
531;13;16455
531;14;16940
531;15;16975
531;16;17383
531;17;17905
531;18;17927
531;19;18041
531;20;18059
531;21;18657
531;22;18770
531;23;18834
531;24;18879
531;25;18992
531;26;18994
531;27;19005
531;28;19015
531;29;19048
531;30;19077
531;31;19107
531;32;19110
531;33;19159
531;34;19202
531;35;19213
532;1;10996
532;2;11488
532;3;11601
532;4;12262
532;5;12831
532;6;13176
532;7;13254
532;8;13332
532;9;13343
532;10;13744
532;11;14313
532;12;14862
532;13;15335
532;14;15939
532;15;16338
532;16;16452
532;17;17028
532;18;17145
532;19;17152
532;20;17180
532;21;17476
532;22;18027
532;23;18116
532;24;18144
532;25;18696
532;26;18810
532;27;18968
532;28;18997
532;29;19025
532;30;19034
532;31;19039
532;32;19050
532;33;19068
532;34;19086
532;35;19117
532;36;19138
532;37;19179
532;38;19205
533;1;10466
533;2;10468
533;3;10982
533;4;11614
533;5;12190
533;6;12648
533;7;12679
533;8;12705
533;9;12796
533;10;13411
533;11;13431
533;12;13905
533;13;13926
533;14;14022
533;15;14542
533;16;14982
533;17;15495
533;18;15544
533;19;16017
533;20;16105
533;21;16674
533;22;17185
533;23;17627
533;24;18198
533;25;18206
533;26;18323
533;27;18419
533;28;18440
533;29;18471
533;30;18915
533;31;19040
533;32;19057
533;33;19065
533;34;19095
533;35;19100
533;36;19116
533;37;19118
533;38;19138
533;39;19162
533;40;19205
534;1;13523
534;2;14099
534;3;14701
534;4;15145
534;5;15163
534;6;15640
534;7;16150
534;8;16179
534;9;16730
534;10;16750
534;11;16845
534;12;17359
534;13;17472
534;14;17497
534;15;17518
534;16;17553
534;17;18062
534;18;18440
534;19;18448
534;20;18453
534;21;18544
534;22;18547
534;23;18553
534;24;18573
534;25;18597
534;26;18600
534;27;18611
534;28;19068
534;29;19088
534;30;19092
534;31;19094
534;32;19129
534;33;19140
534;34;19155
535;1;14235
535;2;14708
535;3;14726
535;4;14761
535;5;14860
535;6;15447
535;7;16018
535;8;16593
535;9;16622
535;10;17100
535;11;17631
535;12;17690
535;13;17804
535;14;17825
535;15;17836
535;16;18301
535;17;18764
535;18;18842
535;19;18868
535;20;18886
535;21;18999
535;22;19034
535;23;19067
535;24;19076
535;25;19135
536;1;12618
536;2;13160
536;3;13750
536;4;14295
536;5;14865
536;6;15363
536;7;15433
536;8;15521
536;9;15917
536;10;16398
536;11;16969
536;12;17047
536;13;17594
536;14;17623
536;15;17711
536;16;17836
536;17;17871
536;18;17891
536;19;18431
536;20;18509
536;21;18519
536;22;19008
536;23;19037
536;24;19132
536;25;19148
536;26;19168
536;27;19170
536;28;19184
536;29;19204
536;30;19213
537;1;13854
537;2;13871
537;3;14440
537;4;14548
537;5;14644
537;6;15066
537;7;15476
537;8;15587
537;9;16061
537;10;16722
537;11;16753
537;12;17162
537;13;17739
537;14;17774
537;15;17833
537;16;17944
537;17;17973
537;18;17999
537;19;18049
537;20;18145
537;21;18567
537;22;18574
537;23;18586
537;24;18615
537;25;19173
537;26;19184
537;27;19205
538;1;10570
538;2;11107
538;3;11581
538;4;12168
538;5;12253
538;6;12331
538;7;12935
538;8;13493
538;9;13504
538;10;13995
538;11;14044
538;12;14566
538;13;14683
538;14;15175
538;15;15210
538;16;15683
538;17;16121
538;18;16199
538;19;16210
538;20;16624
538;21;16642
538;22;16750
538;23;17116
538;24;17194
538;25;17247
538;26;17834
538;27;18328
538;28;18439
538;29;18499
538;30;18565
538;31;18595
538;32;18644
538;33;19129
538;34;19133
538;35;19135
539;1;10956
539;2;11546
539;3;12082
539;4;12177
539;5;12704
539;6;13226
539;7;13841
539;8;14439
539;9;14517
539;10;14585
539;11;15125
539;12;15446
539;13;15481
539;14;15594
539;15;15631
539;16;16089
539;17;16143
539;18;16157
539;19;16571
539;20;16630
539;21;16648
539;22;16765
539;23;16860
539;24;17397
539;25;17848
539;26;17860
539;27;17910
539;28;17941
539;29;18066
539;30;18095
539;31;18522
539;32;18635
539;33;18964
539;34;19077
539;35;19096
539;36;19155
540;1;12710
540;2;12745
540;3;13296
540;4;13788
540;5;14301
540;6;14697
540;7;15248
540;8;15679
540;9;15792
540;10;15841
540;11;15917
540;12;16464
540;13;16492
540;14;16588
540;15;16977
540;16;17068
540;17;17644
540;18;17732
540;19;17817
540;20;18310
540;21;18343
540;22;18372
540;23;18822
540;24;18917
540;25;19034
540;26;19048
540;27;19077
540;28;19101
540;29;19121
540;30;19128
540;31;19134
540;32;19164
541;1;15962
541;2;15982
541;3;16445
541;4;16947
541;5;17042
541;6;17071
541;7;17545
541;8;17547
541;9;17606
541;10;17717
541;11;17834
541;12;17869
541;13;17965
541;14;18428
541;15;18435
541;16;18928
541;17;19019
541;18;19050
541;19;19069
541;20;19077
541;21;19085
541;22;19089
541;23;19091
541;24;19112
541;25;19132
541;26;19142
541;27;19162
541;28;19181
541;29;19204
541;30;19205
542;1;12117
542;2;12609
542;3;13207
542;4;13233
542;5;13691
542;6;13808
542;7;13843
542;8;14390
542;9;14449
542;10;14852
542;11;14912
542;12;15535
542;13;16104
542;14;16719
542;15;16810
542;16;17320
542;17;17370
542;18;17768
542;19;17803
542;20;17894
542;21;18366
542;22;18479
542;23;18596
542;24;18599
542;25;18613
542;26;18672
542;27;19069
542;28;19118
542;29;19135
542;30;19136
543;1;11610
543;2;11632
543;3;12181
543;4;12757
543;5;12788
543;6;13323
543;7;13815
543;8;13911
543;9;13939
543;10;14387
543;11;14512
543;12;15081
543;13;15650
543;14;15763
543;15;15769
543;16;15886
543;17;16271
543;18;16273
543;19;16871
543;20;16984
543;21;17457
543;22;17516
543;23;17836
543;24;17867
543;25;17885
543;26;18387
543;27;18394
543;28;18410
543;29;18430
543;30;18882
543;31;18941
543;32;19019
543;33;19040
543;34;19048
543;35;19074
543;36;19105
543;37;19106
543;38;19115
543;39;19136
544;1;11908
544;2;12477
544;3;12573
544;4;13095
544;5;13587
544;6;14177
544;7;14753
544;8;14807
544;9;14867
544;10;14958
544;11;15380
544;12;15419
544;13;15489
544;14;15517
544;15;15537
544;16;15604
544;17;15630
544;18;16122
544;19;16677
544;20;16708
544;21;16736
544;22;17263
544;23;17726
544;24;17747
544;25;17801
544;26;17860
544;27;18260
544;28;18356
544;29;18387
544;30;18392
544;31;18395
544;32;18425
544;33;18474
544;34;18500
544;35;18505
544;36;18531
544;37;18991
544;38;19040
544;39;19051
544;40;19111
544;41;19112
544;42;19127
545;1;13983
545;2;14550
545;3;14585
545;4;14919
545;5;14945
545;6;15062
545;7;15506
545;8;15516
545;9;15551
545;10;15579
545;11;15670
545;12;16224
545;13;16827
545;14;16922
545;15;17446
545;16;17885
545;17;18426
545;18;18472
545;19;18494
545;20;18523
545;21;18534
545;22;18993
545;23;19088
545;24;19108
545;25;19110
545;26;19131
545;27;19134
545;28;19160
545;29;19180
545;30;19190
545;31;19213
546;1;12257
546;2;12307
546;3;12806
546;4;13320
546;5;13348
546;6;13379
546;7;13871
546;8;14363
546;9;14968
546;10;15342
546;11;15370
546;12;15972
546;13;16001
546;14;16450
546;15;16575
546;16;16666
546;17;17242
546;18;17355
546;19;17953
546;20;18366
546;21;18425
546;22;18520
546;23;19030
546;24;19062
546;25;19084
546;26;19096
546;27;19127
547;1;11468
547;2;11990
547;3;12504
547;4;12532
547;5;13214
547;6;13223
547;7;13254
547;8;13283
547;9;13870
547;10;14383
547;11;14442
547;12;14553
547;13;15028
547;14;15507
547;15;15999
547;16;16526
547;17;16546
547;18;17161
547;19;17252
547;20;17369
547;21;17690
547;22;18266
547;23;18323
547;24;18358
547;25;18378
547;26;18407
547;27;18520
547;28;18853
547;29;19011
547;30;19022
547;31;19034
547;32;19056
547;33;19067
547;34;19126
548;1;13471
548;2;14058
548;3;14594
548;4;14596
548;5;15011
548;6;15581
548;7;15607
548;8;15765
548;9;16109
548;10;16138
548;11;16251
548;12;16310
548;13;16732
548;14;16769
548;15;16828
548;16;16863
548;17;17301
548;18;17302
548;19;17764
548;20;17878
548;21;17969
548;22;17980
548;23;18447
548;24;18492
548;25;18552
548;26;18913
548;27;18922
548;28;19039
548;29;19050
548;30;19072
548;31;19122
548;32;19133
548;33;19141
548;34;19161
548;35;19187
548;36;19188
548;37;19191
548;38;19193
548;39;19205
549;1;13793
549;2;14338
549;3;14829
549;4;15462
549;5;15550
549;6;15586
549;7;16161
549;8;16274
549;9;16328
549;10;16738
549;11;16773
549;12;17216
549;13;17311
549;14;17342
549;15;17834
549;16;18395
549;17;18418
549;18;18467
549;19;18476
549;20;18478
549;21;18481
549;22;18512
549;23;18540
549;24;18571
549;25;18976
549;26;18995
549;27;19017
549;28;19077
549;29;19093
549;30;19171
549;31;19195
549;32;19204
549;33;19205
549;34;19213
550;1;12699
550;2;13191
550;3;13731
550;4;14329
550;5;14891
550;6;15426
550;7;15901
550;8;15996
550;9;16045
550;10;16479
550;11;16592
550;12;17068
550;13;17144
550;14;17240
550;15;17289
550;16;17293
550;17;17324
550;18;17359
550;19;17923
550;20;18354
550;21;18450
550;22;18470
550;23;18480
550;24;18504
550;25;18512
550;26;19099
550;27;19103
550;28;19112
550;29;19114
550;30;19126
551;1;10529
551;2;11098
551;3;11193
551;4;11203
551;5;11582
551;6;12151
551;7;12661
551;8;12757
551;9;13308
551;10;13336
551;11;13834
551;12;13855
551;13;14378
551;14;14407
551;15;14865
551;16;14893
551;17;15006
551;18;15521
551;19;15523
551;20;15552
551;21;16182
551;22;16260
551;23;16280
551;24;16884
551;25;17189
551;26;17196
551;27;17263
551;28;17291
551;29;17321
551;30;17370
551;31;17804
551;32;18130
551;33;18189
551;34;18306
551;35;18401
551;36;18403
551;37;18438
551;38;18445
551;39;18915
551;40;18926
551;41;18969
551;42;18991
551;43;19008
551;44;19086
551;45;19114
551;46;19135
551;47;19155
552;1;12705
552;2;12801
552;3;13179
552;4;13337
552;5;13450
552;6;13900
552;7;14392
552;8;14886
552;9;15484
552;10;15939
552;11;16509
552;12;16622
552;13;16681
552;14;16741
552;15;17328
552;16;17445
552;17;17541
552;18;18042
552;19;18545
552;20;19037
552;21;19081
552;22;19111
552;23;19131
552;24;19170
552;25;19181
552;26;19211
552;27;19213
553;1;14412
553;2;14926
553;3;15528
553;4;15641
553;5;16075
553;6;16533
553;7;16563
553;8;16586
553;9;16597
553;10;17258
553;11;17721
553;12;17812
553;13;17813
553;14;18389
553;15;18417
553;16;18427
553;17;18448
553;18;18477
553;19;18986
553;20;19004
553;21;19049
553;22;19070
553;23;19079
553;24;19099
553;25;19103
553;26;19112
553;27;19114
553;28;19135
554;1;9564
554;2;10141
554;3;10153
554;4;10675
554;5;11251
554;6;11706
554;7;12219
554;8;12693
554;9;13176
554;10;13747
554;11;13797
554;12;14271
554;13;14300
554;14;14890
554;15;15460
554;16;15548
554;17;16152
554;18;16813
554;19;17389
554;20;17418
554;21;17826
554;22;18236
554;23;18238
554;24;18612
554;25;18640
554;26;18707
554;27;18736
554;28;18853
554;29;18966
554;30;18996
554;31;19016
554;32;19031
554;33;19066
554;34;19126
554;35;19135
555;1;14686
555;2;15149
555;3;15644
555;4;15674
555;5;15734
555;6;16274
555;7;16571
555;8;17031
555;9;17156
555;10;17673
555;11;18154
555;12;18203
555;13;18320
555;14;18335
555;15;18341
555;16;18400
555;17;18460
555;18;18480
555;19;18489
555;20;19027
555;21;19062
555;22;19121
555;23;19135
555;24;19136
556;1;11878
556;2;11927
556;3;11958
556;4;11987
556;5;12398
556;6;12920
556;7;13518
556;8;13635
556;9;13663
556;10;14234
556;11;14672
556;12;14759
556;13;14854
556;14;15420
556;15;15938
556;16;15979
556;17;16510
556;18;16920
556;19;16951
556;20;16983
556;21;17042
556;22;17167
556;23;17736
556;24;17814
556;25;17832
556;26;18300
556;27;18313
556;28;18339
556;29;18763
556;30;18868
556;31;18883
556;32;18974
556;33;19000
556;34;19018
556;35;19054
556;36;19057
556;37;19083
556;38;19103
556;39;19146
556;40;19158
556;41;19188
556;42;19190
556;43;19205
557;1;11700
557;2;12175
557;3;12716
557;4;13174
557;5;13252
557;6;13828
557;7;13864
557;8;14422
557;9;14539
557;10;14918
557;11;15465
557;12;15938
557;13;16489
557;14;16547
557;15;17061
557;16;17110
557;17;17122
557;18;17581
557;19;17622
557;20;17653
557;21;17688
557;22;17780
557;23;17801
557;24;17814
557;25;17842
557;26;17902
557;27;18015
557;28;18044
557;29;18065
557;30;18585
557;31;19076
557;32;19105
557;33;19135
557;34;19136
558;1;12141
558;2;12692
558;3;13104
558;4;13631
558;5;13666
558;6;13779
558;7;14354
558;8;14901
558;9;15018
558;10;15036
558;11;15090
558;12;15198
558;13;15785
558;14;16258
558;15;16834
558;16;16855
558;17;17226
558;18;17267
558;19;17869
558;20;17924
558;21;17933
558;22;17998
558;23;18027
558;24;18507
558;25;18567
558;26;18617
558;27;18621
558;28;18628
558;29;18666
558;30;18677
558;31;19074
558;32;19075
558;33;19096
558;34;19118
558;35;19136
559;1;11727
559;2;12219
559;3;12789
559;4;13302
559;5;13352
559;6;13831
559;7;13898
559;8;14496
559;9;14988
559;10;15578
559;11;15695
559;12;15724
559;13;15783
559;14;15789
559;15;15817
559;16;16275
559;17;16630
559;18;16743
559;19;16763
559;20;17291
559;21;17866
559;22;17872
559;23;17892
559;24;17951
559;25;17992
559;26;18364
559;27;18460
559;28;18510
559;29;18934
559;30;18936
559;31;18965
559;32;18969
559;33;18994
559;34;19054
559;35;19089
559;36;19109
559;37;19156
559;38;19170
559;39;19213
560;1;12559
560;2;12717
560;3;13304
560;4;13777
560;5;14269
560;6;14287
560;7;14315
560;8;14839
560;9;14953
560;10;15048
560;11;15059
560;12;15439
560;13;16009
560;14;16031
560;15;16148
560;16;16150
560;17;16725
560;18;17294
560;19;17814
560;20;17849
560;21;18400
560;22;18430
560;23;18985
560;24;19073
560;25;19090
560;26;19139
560;27;19157
560;28;19168
560;29;19211
560;30;19213
561;1;12328
561;2;12369
561;3;12844
561;4;12876
561;5;12904
561;6;13506
561;7;14075
561;8;14110
561;9;14564
561;10;14659
561;11;14685
561;12;15236
561;13;15690
561;14;16164
561;15;16722
561;16;16723
561;17;17166
561;18;17471
561;19;17562
561;20;17648
561;21;18209
561;22;18238
561;23;18265
561;24;18285
561;25;18302
561;26;18419
561;27;18515
561;28;18549
561;29;19075
561;30;19081
561;31;19105
561;32;19135
562;1;13398
562;2;13949
562;3;14631
562;4;15235
562;5;15638
562;6;15752
562;7;15811
562;8;16381
562;9;16416
562;10;16777
562;11;16859
562;12;17351
562;13;17386
562;14;17406
562;15;17864
562;16;17981
562;17;18010
562;18;18040
562;19;18051
562;20;18501
562;21;18518
562;22;18537
562;23;18563
562;24;18594
562;25;18604
562;26;18883
562;27;18887
562;28;19000
562;29;19018
562;30;19053
562;31;19096
562;32;19117
562;33;19135
563;1;12352
563;2;12826
563;3;12939
563;4;13508
563;5;14048
563;6;14616
563;7;15206
563;8;15757
563;9;16333
563;10;16450
563;11;16888
563;12;17439
563;13;17503
563;14;17856
563;15;18348
563;16;18461
563;17;18575
563;18;18993
563;19;19151
563;20;19159
563;21;19170
563;22;19213
564;1;11554
564;2;11632
564;3;11749
564;4;12318
564;5;12791
564;6;13273
564;7;13955
564;8;14004
564;9;14162
564;10;14760
564;11;14968
564;12;15056
564;13;15646
564;14;15677
564;15;15790
564;16;15948
564;17;16176
564;18;16605
564;19;16683
564;20;16742
564;21;17104
564;22;17135
564;23;17162
564;24;17257
564;25;17371
564;26;17690
564;27;17749
564;28;17771
564;29;17841
564;30;18412
564;31;18413
564;32;18851
564;33;18916
564;34;19025
564;35;19036
564;36;19060
564;37;19071
564;38;19072
564;39;19074
564;40;19141
564;41;19152
564;42;19211
564;43;19213
565;1;12686
565;2;12714
565;3;13301
565;4;13397
565;5;13409
565;6;13420
565;7;13960
565;8;14020
565;9;14116
565;10;14485
565;11;14885
565;12;14963
565;13;15565
565;14;16133
565;15;16151
565;16;16675
565;17;17059
565;18;17616
565;19;17675
565;20;17710
565;21;17789
565;22;17815
565;23;18337
565;24;18443
565;25;18501
565;26;18560
565;27;18964
565;28;19077
565;29;19106
565;30;19126
565;31;19137
565;32;19180
565;33;19190
565;34;19193
565;35;19213
566;1;13557
566;2;14077
566;3;14628
566;4;15162
566;5;15709
566;6;16260
566;7;16278
566;8;16313
566;9;16401
566;10;16430
566;11;16981
566;12;17076
566;13;17178
566;14;17215
566;15;17246
566;16;17276
566;17;17288
566;18;17353
566;19;17849
566;20;17940
566;21;17989
566;22;18009
566;23;18040
566;24;18041
566;25;18052
566;26;18060
566;27;18080
566;28;18565
566;29;19105
566;30;19140
566;31;19144
566;32;19147
566;33;19149
566;34;19161
566;35;19184
566;36;19204
566;37;19205
567;1;14839
567;2;15331
567;3;15445
567;4;16014
567;5;16127
567;6;16160
567;7;16673
567;8;16686
567;9;17129
567;10;17147
567;11;17176
567;12;17752
567;13;17869
567;14;17952
567;15;18331
567;16;18422
567;17;18452
567;18;18471
567;19;18474
567;20;18478
567;21;18485
567;22;18505
567;23;18949
567;24;18980
567;25;19009
567;26;19030
567;27;19056
567;28;19089
567;29;19106
567;30;19107
567;31;19112
567;32;19115
567;33;19127
568;1;13793
568;2;13888
568;3;14463
568;4;14559
568;5;14587
568;6;14665
568;7;15201
568;8;15521
568;9;16067
568;10;16180
568;11;16693
568;12;17230
568;13;17633
568;14;17668
568;15;17727
568;16;17728
568;17;17745
568;18;17903
568;19;17914
568;20;18376
568;21;18471
568;22;18850
568;23;18946
568;24;18963
568;25;19056
568;26;19070
568;27;19088
568;28;19148
568;29;19163
568;30;19174
568;31;19175
568;32;19205
568;33;19213
569;1;13944
569;2;14436
569;3;14850
569;4;15008
569;5;15422
569;6;15514
569;7;15631
569;8;16167
569;9;16194
569;10;16734
569;11;17226
569;12;17343
569;13;17778
569;14;17800
569;15;17831
569;16;18352
569;17;18469
569;18;18943
569;19;18961
569;20;19006
569;21;19029
569;22;19040
569;23;19044
569;24;19104
569;25;19115
569;26;19124
569;27;19135
570;1;9728
570;2;10220
570;3;10692
570;4;11268
570;5;11426
570;6;11939
570;7;11956
570;8;12038
570;9;12163
570;10;12732
570;11;12767
570;12;13294
570;13;13862
570;14;14218
570;15;14313
570;16;14427
570;17;14540
570;18;14550
570;19;14571
570;20;14989
570;21;15038
570;22;15625
570;23;16165
570;24;16194
570;25;16569
570;26;16665
570;27;17259
570;28;17277
570;29;17308
570;30;17906
570;31;18315
570;32;18350
570;33;18402
570;34;18480
570;35;18504
570;36;19012
570;37;19023
570;38;19040
570;39;19089
570;40;19115
570;41;19124
570;42;19125
570;43;19145
570;44;19168
570;45;19188
570;46;19190
570;47;19213
571;1;12875
571;2;13434
571;3;13484
571;4;13592
571;5;14132
571;6;14719
571;7;15157
571;8;15572
571;9;16028
571;10;16522
571;11;16600
571;12;16725
571;13;16754
571;14;17168
571;15;17209
571;16;17322
571;17;17350
571;18;17765
571;19;17768
571;20;18275
571;21;18304
571;22;18332
571;23;18398
571;24;18427
571;25;18458
571;26;18473
571;27;19060
571;28;19091
571;29;19114
571;30;19133
571;31;19192
571;32;19213
572;1;11010
572;2;11585
572;3;12112
572;4;12681
572;5;13249
572;6;13820
572;7;14389
572;8;15004
572;9;15364
572;10;15951
572;11;15980
572;12;15986
572;13;16027
572;14;16547
572;15;17079
572;16;17105
572;17;17200
572;18;17317
572;19;17735
572;20;18250
572;21;18300
572;22;18391
572;23;18508
572;24;18530
572;25;18603
572;26;18949
572;27;19008
572;28;19121
572;29;19141
572;30;19147
572;31;19150
572;32;19193
572;33;19205
573;1;13124
573;2;13693
573;3;13806
573;4;14246
573;5;14295
573;6;14412
573;7;15002
573;8;15571
573;9;15621
573;10;16017
573;11;16082
573;12;16177
573;13;16181
573;14;16590
573;15;16594
573;16;16664
573;17;17059
573;18;17064
573;19;17529
573;20;17588
573;21;17617
573;22;17628
573;23;18046
573;24;18150
573;25;18245
573;26;18263
573;27;18283
573;28;18303
573;29;18357
573;30;18369
573;31;18419
573;32;18883
573;33;18942
573;34;19055
573;35;19086
573;36;19105
573;37;19131
573;38;19190
573;39;19213
574;1;9226
574;2;9762
574;3;10331
574;4;10805
574;5;10918
574;6;11453
574;7;11549
574;8;12096
574;9;12131
574;10;12651
574;11;12809
574;12;12923
574;13;13445
574;14;14043
574;15;14630
574;16;15122
574;17;15142
574;18;15212
574;19;15573
574;20;16089
574;21;16505
574;22;16534
574;23;16622
574;24;16702
574;25;17224
574;26;17225
574;27;17238
574;28;17264
574;29;17289
574;30;17300
574;31;17360
574;32;17364
574;33;17920
574;34;17998
574;35;18020
574;36;18500
574;37;18957
574;38;18965
574;39;18969
574;40;18988
574;41;19101
574;42;19103
574;43;19126
574;44;19135
575;1;13227
575;2;13749
575;3;13808
575;4;14384
575;5;14986
575;6;15568
575;7;16060
575;8;16110
575;9;16630
575;10;17206
575;11;17729
575;12;18131
575;13;18151
575;14;18210
575;15;18288
575;16;18383
575;17;18900
575;18;18920
575;19;18950
575;20;19057
575;21;19075
575;22;19153
575;23;19171
575;24;19205
575;25;19213
576;1;12576
576;2;13066
576;3;13428
576;4;13524
576;5;14099
576;6;14572
576;7;14986
576;8;15004
576;9;15035
576;10;15611
576;11;16067
576;12;16085
576;13;16126
576;14;16222
576;15;16656
576;16;16917
576;17;17034
576;18;17147
576;19;17165
576;20;17235
576;21;17264
576;22;17295
576;23;17390
576;24;17791
576;25;17850
576;26;17870
576;27;17899
576;28;18401
576;29;18460
576;30;18864
576;31;18880
576;32;18901
576;33;18937
576;34;18996
576;35;19018
576;36;19040
576;37;19057
576;38;19075
576;39;19086
576;40;19117
576;41;19135
576;42;19136
577;1;12087
577;2;12122
577;3;12230
577;4;12828
577;5;13418
577;6;13940
577;7;14462
577;8;14491
577;9;15060
577;10;15573
577;11;16178
577;12;16209
577;13;16756
577;14;17188
577;15;17759
577;16;18231
577;17;18348
577;18;18368
577;19;18416
577;20;18434
577;21;18494
577;22;19098
577;23;19109
577;24;19111
577;25;19126
578;1;11686
578;2;11781
578;3;12237
578;4;12813
578;5;13382
578;6;13906
578;7;13970
578;8;14531
578;9;15053
578;10;15178
578;11;15207
578;12;15616
578;13;16108
578;14;16221
578;15;16782
578;16;16813
578;17;16814
578;18;17390
578;19;17425
578;20;17778
578;21;18365
578;22;18827
578;23;18911
578;24;19007
578;25;19028
578;26;19074
578;27;19103
578;28;19125
578;29;19155
579;1;15678
579;2;16192
579;3;16767
579;4;16821
579;5;16832
579;6;17345
579;7;17799
579;8;17895
579;9;18418
579;10;18453
579;11;18502
579;12;18523
579;13;18552
579;14;18563
579;15;18572
579;16;19016
579;17;19129
579;18;19133
579;19;19135
580;1;10334
580;2;10845
580;3;11396
580;4;11858
580;5;12428
580;6;12464
580;7;12884
580;8;12895
580;9;13556
580;10;14076
580;11;14130
580;12;14717
580;13;14813
580;14;15445
580;15;15558
580;16;15637
580;17;15668
580;18;15756
580;19;15805
580;20;16207
580;21;16217
580;22;16342
580;23;16839
580;24;17255
580;25;17739
580;26;17745
580;27;17749
580;28;17780
580;29;18243
580;30;18272
580;31;18363
580;32;18375
580;33;18408
580;34;18436
580;35;18454
580;36;18497
580;37;18551
580;38;18574
580;39;19066
580;40;19089
580;41;19100
580;42;19175
580;43;19195
580;44;19213
581;1;12242
581;2;12734
581;3;13162
581;4;13182
581;5;13208
581;6;13257
581;7;13321
581;8;13370
581;9;13792
581;10;13905
581;11;14390
581;12;14418
581;13;14446
581;14;15015
581;15;15488
581;16;15517
581;17;16030
581;18;16110
581;19;16198
581;20;16771
581;21;17284
581;22;17310
581;23;17871
581;24;17930
581;25;18381
581;26;18498
581;27;18527
581;28;18529
581;29;19098
581;30;19109
581;31;19110
581;32;19116
581;33;19127
581;34;19136
582;1;10909
582;2;11496
582;3;12071
582;4;12658
582;5;13132
582;6;13161
582;7;13736
582;8;14258
582;9;14805
582;10;15420
582;11;15480
582;12;15605
582;13;15672
582;14;16219
582;15;16254
582;16;16793
582;17;17309
582;18;17408
582;19;17426
582;20;17440
582;21;17461
582;22;18075
582;23;18438
582;24;18456
582;25;18551
582;26;18570
582;27;18629
582;28;18640
582;29;19074
582;30;19135
582;31;19170
582;32;19171
582;33;19185
582;34;19205
582;35;19213
583;1;13919
583;2;13979
583;3;14096
583;4;14618
583;5;15142
583;6;15746
583;7;16043
583;8;16444
583;9;16522
583;10;16889
583;11;16948
583;12;17517
583;13;17545
583;14;17991
583;15;18040
583;16;18148
583;17;18169
583;18;18217
583;19;18330
583;20;18447
583;21;18512
583;22;18518
583;23;18524
583;24;18555
583;25;18575
583;26;19081
583;27;19108
583;28;19112
583;29;19113
583;30;19115
583;31;19127
584;1;12831
584;2;13409
584;3;13827
584;4;14346
584;5;14459
584;6;14570
584;7;15174
584;8;15764
584;9;16311
584;10;16804
584;11;16822
584;12;16857
584;13;17376
584;14;17387
584;15;17907
584;16;17938
584;17;17959
584;18;18340
584;19;18435
584;20;18470
584;21;18529
584;22;19110
584;23;19121
584;24;19142
584;25;19160
584;26;19171
584;27;19185
584;28;19205
584;29;19213
585;1;14828
585;2;14877
585;3;15267
585;4;15326
585;5;15404
585;6;15980
585;7;16536
585;8;16649
585;9;17137
585;10;17551
585;11;17659
585;12;17723
585;13;18215
585;14;18223
585;15;18241
585;16;18264
585;17;18290
585;18;18368
585;19;18805
585;20;18918
585;21;18922
585;22;19035
585;23;19036
585;24;19095
585;25;19112
585;26;19127
586;1;13579
586;2;14154
586;3;14271
586;4;14330
586;5;14425
586;6;14932
586;7;15445
586;8;15494
586;9;16155
586;10;16313
586;11;16734
586;12;17306
586;13;17833
586;14;17946
586;15;18434
586;16;18463
586;17;18492
586;18;18493
586;19;18956
586;20;19013
586;21;19109
586;22;19129
586;23;19132
586;24;19134
586;25;19146
586;26;19155
587;1;13886
587;2;13997
587;3;14573
587;4;15032
587;5;15555
587;6;15572
587;7;15577
587;8;16124
587;9;16150
587;10;16191
587;11;16304
587;12;16892
587;13;17365
587;14;17645
587;15;17723
587;16;17778
587;17;17789
587;18;17880
587;19;18440
587;20;18458
587;21;18461
587;22;18469
587;23;18495
587;24;18869
587;25;18898
587;26;18943
587;27;18961
587;28;18996
587;29;19005
587;30;19008
587;31;19009
587;32;19020
587;33;19050
587;34;19052
587;35;19111
587;36;19126
587;37;19135
588;1;11012
588;2;11551
588;3;12048
588;4;12113
588;5;12491
588;6;12511
588;7;13115
588;8;13199
588;9;13210
588;10;13324
588;11;13815
588;12;14324
588;13;14432
588;14;14449
588;15;14545
588;16;14566
588;17;15113
588;18;15551
588;19;15580
588;20;16178
588;21;16667
588;22;16780
588;23;17202
588;24;17676
588;25;18198
588;26;18229
588;27;18342
588;28;18402
588;29;18431
588;30;18443
588;31;18496
588;32;18514
588;33;18564
588;34;18873
588;35;18900
588;36;18919
588;37;18950
588;38;19010
588;39;19029
588;40;19036
588;41;19058
588;42;19119
588;43;19128
588;44;19140
588;45;19149
588;46;19169
588;47;19171
588;48;19213
589;1;11515
589;2;11919
589;3;12495
589;4;12612
589;5;13227
589;6;13774
589;7;14248
589;8;14788
589;9;14946
589;10;15493
589;11;15503
589;12;15563
589;13;15902
589;14;15930
589;15;15933
589;16;16046
589;17;16410
589;18;16997
589;19;17029
589;20;17107
589;21;17263
589;22;17839
589;23;17902
589;24;17931
589;25;18250
589;26;18735
589;27;18755
589;28;18870
589;29;18899
589;30;18927
589;31;18955
589;32;18956
589;33;19005
589;34;19027
589;35;19038
589;36;19055
589;37;19105
589;38;19106
589;39;19117
589;40;19126
590;1;14114
590;2;14771
590;3;15347
590;4;15462
590;5;15558
590;6;16127
590;7;16140
590;8;16707
590;9;17258
590;10;17765
590;11;17856
590;12;18371
590;13;18372
590;14;18467
590;15;18584
590;16;18602
590;17;19153
590;18;19161
590;19;19181
590;20;19211
590;21;19213
591;1;10510
591;2;11086
591;3;11768
591;4;12292
591;5;12839
591;6;13361
591;7;13799
591;8;13910
591;9;14027
591;10;14598
591;11;14973
591;12;15529
591;13;15990
591;14;16050
591;15;16508
591;16;16604
591;17;16721
591;18;17315
591;19;17428
591;20;17439
591;21;17952
591;22;18527
591;23;18913
591;24;18943
591;25;18947
591;26;18965
591;27;19013
591;28;19062
591;29;19084
591;30;19087
591;31;19095
591;32;19097
591;33;19117
591;34;19126
591;35;19127
591;36;19135
592;1;13750
592;2;13785
592;3;14363
592;4;14932
592;5;15045
592;6;15095
592;7;15670
592;8;16143
592;9;16260
592;10;16618
592;11;16678
592;12;17152
592;13;17248
592;14;17767
592;15;17880
592;16;18372
592;17;18835
592;18;18952
592;19;18998
592;20;19115
592;21;19126
592;22;19131
592;23;19140
592;24;19155
593;1;12282
593;2;12774
593;3;13269
593;4;13782
593;5;14333
593;6;14603
593;7;15207
593;8;15267
593;9;15337
593;10;15454
593;11;15461
593;12;15991
593;13;16483
593;14;17023
593;15;17521
593;16;17638
593;17;18236
593;18;18338
593;19;18434
593;20;18866
593;21;18895
593;22;18908
593;23;18988
593;24;19011
593;25;19022
593;26;19070
593;27;19072
593;28;19093
593;29;19171
593;30;19182
593;31;19204
593;32;19205
594;1;12488
594;2;12898
594;3;13412
594;4;13430
594;5;13453
594;6;13566
594;7;14023
594;8;14496
594;9;15100
594;10;15128
594;11;15565
594;12;16226
594;13;16238
594;14;16676
594;15;16771
594;16;16812
594;17;17234
594;18;17238
594;19;17276
594;20;17287
594;21;17324
594;22;17326
594;23;17340
594;24;17827
594;25;17831
594;26;17944
594;27;17979
594;28;18010
594;29;18435
594;30;18530
594;31;18579
594;32;19027
594;33;19092
594;34;19127
594;35;19138
594;36;19152
594;37;19163
594;38;19174
594;39;19193
594;40;19204
594;41;19205
595;1;12791
595;2;12887
595;3;13345
595;4;13458
595;5;14027
595;6;14444
595;7;14503
595;8;15023
595;9;15558
595;10;15636
595;11;15750
595;12;16146
595;13;16241
595;14;16354
595;15;16682
595;16;17193
595;17;17197
595;18;17308
595;19;17326
595;20;17354
595;21;17832
595;22;17863
595;23;17867
595;24;18326
595;25;18345
595;26;18442
595;27;18553
595;28;18564
595;29;18568
595;30;18611
595;31;18618
595;32;18897
595;33;18904
595;34;18915
595;35;18993
595;36;19028
595;37;19056
595;38;19099
595;39;19103
595;40;19124
595;41;19133
595;42;19135
596;1;12268
596;2;12750
596;3;13290
596;4;13951
596;5;14520
596;6;14611
596;7;14639
596;8;15254
596;9;15712
596;10;15825
596;11;16412
596;12;16947
596;13;17439
596;14;17892
596;15;18273
596;16;18381
596;17;18476
596;18;18914
596;19;18963
596;20;19025
596;21;19074
596;22;19133
596;23;19161
596;24;19200
596;25;19211
596;26;19213
597;1;11104
597;2;11706
597;3;12219
597;4;12795
597;5;12854
597;6;12885
597;7;12914
597;8;12932
597;9;13339
597;10;13886
597;11;13935
597;12;14511
597;13;14984
597;14;15456
597;15;15485
597;16;16060
597;17;16078
597;18;16109
597;19;16199
597;20;16312
597;21;16881
597;22;17279
597;23;17367
597;24;17408
597;25;17853
597;26;18250
597;27;18281
597;28;18366
597;29;18387
597;30;18447
597;31;18939
597;32;18950
597;33;18978
597;34;19013
597;35;19061
597;36;19108
597;37;19119
597;38;19148
597;39;19168
597;40;19169
597;41;19171
597;42;19190
597;43;19205
597;44;19213
598;1;11400
598;2;11558
598;3;11672
598;4;12199
598;5;12684
598;6;13253
598;7;13313
598;8;13884
598;9;13886
598;10;13999
598;11;14474
598;12;15079
598;13;15174
598;14;15177
598;15;15699
598;16;15703
598;17;16149
598;18;16184
598;19;16562
598;20;17012
598;21;17539
598;22;18079
598;23;18192
598;24;18287
598;25;18402
598;26;18904
598;27;18999
598;28;19017
598;29;19052
598;30;19095
598;31;19124
598;32;19133
598;33;19135
599;1;11561
599;2;12184
599;3;12782
599;4;12803
599;5;12857
599;6;13427
599;7;13463
599;8;13998
599;9;14522
599;10;15126
599;11;15146
599;12;15659
599;13;16210
599;14;16624
599;15;16732
599;16;17254
599;17;17314
599;18;17405
599;19;17886
599;20;18250
599;21;18272
599;22;18285
599;23;18381
599;24;18760
599;25;18835
599;26;18946
599;27;18954
599;28;18956
599;29;19073
599;30;19089
599;31;19100
599;32;19114
599;33;19143
599;34;19155
600;1;12650
600;2;13201
600;3;13714
600;4;13805
600;5;13862
600;6;14413
600;7;14888
600;8;14983
600;9;15457
600;10;15843
600;11;16370
600;12;16391
600;13;16486
600;14;17101
600;15;17218
600;16;17277
600;17;17822
600;18;17848
600;19;17869
600;20;17928
600;21;17931
600;22;18487
600;23;18505
600;24;18564
600;25;18642
600;26;18662
600;27;19075
600;28;19103
600;29;19124
600;30;19125
600;31;19145
600;32;19205
601;1;13834
601;2;14385
601;3;14955
601;4;14975
601;5;15450
601;6;15877
601;7;16452
601;8;16517
601;9;17122
601;10;17148
601;11;17150
601;12;17167
601;13;17226
601;14;17235
601;15;17295
601;16;17828
601;17;17859
601;18;18425
601;19;18434
601;20;18482
601;21;18508
601;22;18539
601;23;18568
601;24;19001
601;25;19005
601;26;19016
601;27;19051
601;28;19066
601;29;19093
601;30;19126
601;31;19127
601;32;19205
601;33;19213
602;1;14303
602;2;14843
602;3;14960
602;4;15452
602;5;15511
602;6;15561
602;7;16151
602;8;16171
602;9;16722
602;10;17328
602;11;17378
602;12;17389
602;13;17485
602;14;17528
602;15;17538
602;16;17905
602;17;18481
602;18;18547
602;19;18960
602;20;18995
602;21;19016
602;22;19017
602;23;19038
602;24;19058
602;25;19153
602;26;19161
602;27;19175
602;28;19183
602;29;19192
602;30;19213
603;1;14475
603;2;15062
603;3;15535
603;4;16045
603;5;16581
603;6;16694
603;7;16808
603;8;16903
603;9;16966
603;10;17458
603;11;17484
603;12;17504
603;13;17564
603;14;17925
603;15;18038
603;16;18503
603;17;18599
603;18;18629
603;19;18637
603;20;18638
603;21;19034
603;22;19038
603;23;19056
603;24;19075
603;25;19104
603;26;19134
603;27;19136
604;1;10638
604;2;11160
604;3;11639
604;4;12114
604;5;12775
604;6;12810
604;7;12821
604;8;13390
604;9;13460
604;10;14029
604;11;14078
604;12;14195
604;13;14582
604;14;15040
604;15;15532
604;16;16079
604;17;16100
604;18;16567
604;19;17169
604;20;17257
604;21;17286
604;22;17719
604;23;17832
604;24;17860
604;25;18258
604;26;18318
604;27;18319
604;28;18328
604;29;18349
604;30;18375
604;31;18384
604;32;18438
604;33;18899
604;34;18925
604;35;18948
604;36;18995
604;37;19026
604;38;19086
604;39;19136
604;40;19164
604;41;19213
605;1;11077
605;2;11617
605;3;11666
605;4;12141
605;5;12711
605;6;13130
605;7;13745
605;8;14350
605;9;14954
605;10;15041
605;11;15723
605;12;16272
605;13;16292
605;14;16953
605;15;17412
605;16;17435
605;17;17868
605;18;17985
605;19;18081
605;20;18507
605;21;18525
605;22;18981
605;23;19094
605;24;19172
605;25;19190
605;26;19205
605;27;19213
606;1;11071
606;2;11133
606;3;11228
606;4;11662
606;5;12266
606;6;12284
606;7;12776
606;8;13344
606;9;13904
606;10;14480
606;11;15011
606;12;15454
606;13;15946
606;14;16059
606;15;16108
606;16;16139
606;17;16765
606;18;17355
606;19;17840
606;20;18391
606;21;18395
606;22;18865
606;23;18883
606;24;18961
606;25;19074
606;26;19082
606;27;19099
606;28;19108
606;29;19112
606;30;19133
606;31;19135
607;1;14206
607;2;14323
607;3;14880
607;4;14976
607;5;15428
607;6;15439
607;7;15503
607;8;15977
607;9;16094
607;10;16123
607;11;16645
607;12;16741
607;13;17170
607;14;17174
607;15;17192
607;16;17207
607;17;17219
607;18;17332
607;19;17340
607;20;17758
607;21;17769
607;22;18345
607;23;18378
607;24;18408
607;25;18457
607;26;18907
607;27;18937
607;28;18966
607;29;19061
607;30;19083
607;31;19114
607;32;19149
607;33;19150
607;34;19193
607;35;19205
607;36;19213
608;1;10878
608;2;10909
608;3;11485
608;4;12036
608;5;12556
608;6;12673
608;7;13271
608;8;13675
608;9;14202
608;10;14233
608;11;14303
608;12;14874
608;13;14933
608;14;14968
608;15;15558
608;16;16133
608;17;16141
608;18;16717
608;19;16767
608;20;17280
608;21;17375
608;22;17402
608;23;17989
608;24;18102
608;25;18122
608;26;18133
608;27;18643
608;28;19008
608;29;19028
608;30;19048
608;31;19069
608;32;19128
608;33;19140
608;34;19148
608;35;19168
608;36;19211
608;37;19213
609;1;13615
609;2;14137
609;3;14629
609;4;15200
609;5;15861
609;6;15890
609;7;16382
609;8;16436
609;9;16543
609;10;16603
609;11;17172
609;12;17231
609;13;17667
609;14;18183
609;15;18209
609;16;18228
609;17;18246
609;18;18277
609;19;18515
609;20;18610
609;21;18727
609;22;18885
609;23;18981
609;24;19011
609;25;19125
609;26;19153
609;27;19164
609;28;19213
610;1;12693
610;2;12806
610;3;13411
610;4;13924
610;5;14475
610;6;15051
610;7;15543
610;8;16145
610;9;16603
610;10;16761
610;11;17247
610;12;17361
610;13;17379
610;14;17723
610;15;17836
610;16;17899
610;17;17935
610;18;17994
610;19;18005
610;20;18570
610;21;18581
610;22;18589
610;23;19027
610;24;19062
610;25;19083
610;26;19126
610;27;19135
610;28;19136
611;1;14376
611;2;14827
611;3;15302
611;4;15695
611;5;16246
611;6;16266
611;7;16351
611;8;16920
611;9;16951
611;10;17026
611;11;17484
611;12;17525
611;13;18045
611;14;18063
611;15;18113
611;16;18131
611;17;18244
611;18;18662
611;19;18753
611;20;18870
611;21;18890
611;22;18949
611;23;19044
611;24;19098
611;25;19157
611;26;19165
611;27;19184
611;28;19207
611;29;19213
612;1;13544
612;2;14023
612;3;14041
612;4;14611
612;5;14660
612;6;15134
612;7;15705
612;8;16256
612;9;16644
612;10;17078
612;11;17145
612;12;17574
612;13;17600
612;14;17631
612;15;17713
612;16;17739
612;17;17788
612;18;17796
612;19;17815
612;20;17873
612;21;18335
612;22;18339
612;23;18365
612;24;18425
612;25;18456
612;26;18478
612;27;18513
612;28;18515
612;29;18546
612;30;18589
612;31;19013
612;32;19126
612;33;19127
612;34;19135
613;1;13176
613;2;13858
613;3;14290
613;4;14782
613;5;14893
613;6;14958
613;7;15560
613;8;16013
613;9;16044
613;10;16140
613;11;16501
613;12;16529
613;13;16555
613;14;17069
613;15;17182
613;16;17222
613;17;17229
613;18;17247
613;19;17739
613;20;17815
613;21;17850
613;22;17851
613;23;17968
613;24;18398
613;25;18403
613;26;18886
613;27;18907
613;28;18925
613;29;18947
613;30;18984
613;31;19034
613;32;19039
613;33;19075
613;34;19135
613;35;19146
613;36;19155
613;37;19205
614;1;11205
614;2;11752
614;3;12243
614;4;12756
614;5;13325
614;6;13839
614;7;14437
614;8;14465
614;9;14898
614;10;14918
614;11;14977
614;12;14998
614;13;15029
614;14;15502
614;15;16072
614;16;16180
614;17;16576
614;18;16625
614;19;17151
614;20;17276
614;21;17735
614;22;17795
614;23;17908
614;24;18287
614;25;18404
614;26;18423
614;27;18501
614;28;18503
614;29;18942
614;30;18974
614;31;19033
614;32;19083
614;33;19114
614;34;19149
614;35;19169
614;36;19171
614;37;19190
614;38;19193
614;39;19205
615;1;14330
615;2;14872
615;3;14890
615;4;15406
615;5;16007
615;6;16057
615;7;16116
615;8;16652
615;9;17143
615;10;17238
615;11;17326
615;12;17355
615;13;17390
615;14;17747
615;15;18290
615;16;18301
615;17;18842
615;18;18955
615;19;18983
615;20;19007
615;21;19018
615;22;19085
615;23;19089
615;24;19104
615;25;19123
615;26;19134
615;27;19136
616;1;12675
616;2;13224
616;3;13274
616;4;13677
616;5;14224
616;6;14255
616;7;14857
616;8;14892
616;9;14910
616;10;15479
616;11;15548
616;12;16039
616;13;16615
616;14;16669
616;15;16705
616;16;16734
616;17;17275
616;18;17862
616;19;17975
616;20;18337
616;21;18432
616;22;18489
616;23;18500
616;24;18972
616;25;19001
616;26;19032
616;27;19065
616;28;19115
616;29;19127
616;30;19135
617;1;14054
617;2;14150
617;3;14737
617;4;14765
617;5;14814
617;6;15176
617;7;15272
617;8;15847
617;9;15888
617;10;15899
617;11;16358
617;12;16934
617;13;17001
617;14;17591
617;15;17687
617;16;17746
617;17;17774
617;18;17828
617;19;17887
617;20;17908
617;21;17938
617;22;17960
617;23;18014
617;24;18601
617;25;19014
617;26;19131
617;27;19134
617;28;19193
617;29;19205
618;1;11523
618;2;11979
618;3;12530
618;4;13212
618;5;13307
618;6;13318
618;7;13922
618;8;14013
618;9;14542
618;10;15118
618;11;15748
618;12;16319
618;13;16415
618;14;16888
618;15;16942
618;16;17395
618;17;17866
618;18;17942
618;19;17971
618;20;18020
618;21;18032
618;22;18039
618;23;18050
618;24;18446
618;25;18464
618;26;18470
618;27;18513
618;28;18996
618;29;19010
618;30;19031
618;31;19074
618;32;19085
618;33;19096
618;34;19155
619;1;13616
619;2;14103
619;3;14131
619;4;14179
619;5;14228
619;6;14843
619;7;14960
619;8;15306
619;9;15332
619;10;15922
619;11;16447
619;12;16506
619;13;16619
619;14;17202
619;15;17222
619;16;17233
619;17;17262
619;18;17779
619;19;17784
619;20;17819
619;21;17936
619;22;18385
619;23;18416
619;24;18476
619;25;18502
619;26;18530
619;27;18551
619;28;18582
619;29;18660
619;30;19073
619;31;19190
619;32;19193
619;33;19205
620;1;13148
620;2;13675
620;3;14265
620;4;14723
620;5;14790
620;6;15395
620;7;15982
620;8;16416
620;9;16444
620;10;17020
620;11;17495
620;12;17620
620;13;18043
620;14;18160
620;15;18178
620;16;18206
620;17;18234
620;18;18246
620;19;18295
620;20;18408
620;21;18880
620;22;18892
620;23;18938
620;24;18958
620;25;19016
620;26;19047
620;27;19073
620;28;19097
620;29;19106
620;30;19107
620;31;19127
620;32;19135
621;1;13355
621;2;13877
621;3;14559
621;4;14993
621;5;15506
621;6;16110
621;7;16206
621;8;16319
621;9;16894
621;10;17397
621;11;17984
621;12;18004
621;13;18008
621;14;18067
621;15;18107
621;16;18127
621;17;18484
621;18;18547
621;19;18551
621;20;18830
621;21;18880
621;22;18938
621;23;18967
621;24;18977
621;25;18992
621;26;19010
621;27;19045
621;28;19050
621;29;19052
621;30;19067
621;31;19126
622;1;13534
622;2;14085
622;3;14116
622;4;14651
622;5;15255
622;6;15283
622;7;15303
622;8;15325
622;9;15360
622;10;15363
622;11;15781
622;12;15939
622;13;16052
622;14;16713
622;15;16731
622;16;17129
622;17;17628
622;18;17674
622;19;17694
622;20;17811
622;21;17842
622;22;18184
622;23;18190
622;24;18284
622;25;18312
622;26;18323
622;27;18401
622;28;18429
622;29;18440
622;30;18988
622;31;19023
622;32;19035
622;33;19095
622;34;19117
622;35;19126
623;1;15494
623;2;15955
623;3;16542
623;4;17111
623;5;17633
623;6;17962
623;7;17982
623;8;18140
623;9;18168
623;10;18199
623;11;18258
623;12;18307
623;13;18365
623;14;18479
623;15;18490
623;16;18568
623;17;18627
623;18;19118
623;19;19135
623;20;19136
624;1;12648
624;2;13132
624;3;13243
624;4;13763
624;5;14311
624;6;14833
624;7;14864
624;8;15377
624;9;15398
624;10;15818
624;11;15844
624;12;15855
624;13;15888
624;14;16373
624;15;16423
624;16;16441
624;17;16532
624;18;17068
624;19;17163
624;20;17167
624;21;17284
624;22;17743
624;23;17831
624;24;18102
624;25;18151
624;26;18206
624;27;18237
624;28;18315
624;29;18432
624;30;18492
624;31;19046
624;32;19065
624;33;19100
624;34;19111
624;35;19150
624;36;19161
624;37;19171
624;38;19213
625;1;10541
625;2;10992
625;3;11087
625;4;11212
625;5;11241
625;6;11871
625;7;12446
625;8;12993
625;9;13485
625;10;13534
625;11;14013
625;12;14543
625;13;15018
625;14;15540
625;15;15566
625;16;15578
625;17;15607
625;18;16029
625;19;16580
625;20;17108
625;21;17684
625;22;17797
625;23;17826
625;24;18401
625;25;18915
625;26;19010
625;27;19013
625;28;19032
625;29;19060
625;30;19088
625;31;19098
625;32;19118
625;33;19119
625;34;19140
625;35;19162
625;36;19205
626;1;12609
626;2;13207
626;3;13747
626;4;14180
626;5;14553
626;6;14594
626;7;15163
626;8;15210
626;9;15230
626;10;15289
626;11;15858
626;12;15943
626;13;15997
626;14;16599
626;15;16627
626;16;16656
626;17;17149
626;18;17692
626;19;17703
626;20;17721
626;21;18311
626;22;18835
626;23;18894
626;24;18899
626;25;18994
626;26;19105
626;27;19109
626;28;19111
626;29;19126
627;1;12855
627;2;12884
627;3;13378
627;4;13799
627;5;13834
627;6;13901
627;7;14477
627;8;14591
627;9;14619
627;10;15104
627;11;15133
627;12;15723
627;13;15840
627;14;16415
627;15;16474
627;16;17014
627;17;17348
627;18;17870
627;19;17984
627;20;18521
627;21;18541
627;22;19088
627;23;19112
627;24;19113
627;25;19115
627;26;19127
628;1;11586
628;2;12017
628;3;12621
628;4;12656
628;5;12752
628;6;13226
628;7;13802
628;8;14288
628;9;14401
628;10;15003
628;11;15578
628;12;15582
628;13;15959
628;14;16353
628;15;16449
628;16;16470
628;17;16595
628;18;16681
628;19;17203
628;20;17730
628;21;18277
628;22;18310
628;23;18324
628;24;18326
628;25;18343
628;26;18346
628;27;18421
628;28;18481
628;29;18512
628;30;18540
628;31;18563
628;32;18569
628;33;18589
628;34;19085
628;35;19111
628;36;19126
628;37;19127
629;1;11750
629;2;12319
629;3;12846
629;4;12857
629;5;12970
629;6;13602
629;7;13622
629;8;14157
629;9;14684
629;10;14721
629;11;15319
629;12;15774
629;13;15834
629;14;16326
629;15;16374
629;16;16403
629;17;16895
629;18;16913
629;19;17215
629;20;17737
629;21;17833
629;22;17844
629;23;18261
629;24;18271
629;25;18320
629;26;18348
629;27;18377
629;28;18379
629;29;18445
629;30;18463
629;31;18946
629;32;19024
629;33;19083
629;34;19088
629;35;19105
629;36;19109
629;37;19133
629;38;19135
629;39;19164
630;1;12680
630;2;13251
630;3;13311
630;4;13887
630;5;14491
630;6;14604
630;7;15042
630;8;15569
630;9;15598
630;10;15647
630;11;16092
630;12;16639
630;13;16667
630;14;17243
630;15;17581
630;16;17677
630;17;17736
630;18;17777
630;19;18269
630;20;18818
630;21;18866
630;22;18948
630;23;19005
630;24;19031
630;25;19045
630;26;19140
630;27;19143
630;28;19155
631;1;12080
631;2;12108
631;3;12592
631;4;13012
631;5;13535
631;6;13648
631;7;13698
631;8;14225
631;9;14284
631;10;14717
631;11;15241
631;12;15828
631;13;15942
631;14;16518
631;15;16549
631;16;17147
631;17;17178
631;18;17677
631;19;17726
631;20;17744
631;21;17822
631;22;17881
631;23;17998
631;24;18009
631;25;18472
631;26;18492
631;27;18605
631;28;19109
631;29;19110
631;30;19205
632;1;11247
632;2;11718
632;3;12240
632;4;12816
632;5;13431
632;6;13904
632;7;13954
632;8;14491
632;9;14901
632;10;15018
632;11;15132
632;12;15639
632;13;15734
632;14;16150
632;15;16719
632;16;16754
632;17;16797
632;18;17315
632;19;17905
632;20;17931
632;21;18048
632;22;18331
632;23;18342
632;24;18455
632;25;18514
632;26;18590
632;27;18610
632;28;19140
632;29;19155
633;1;11046
633;2;11064
633;3;11725
633;4;12246
633;5;12793
633;6;13342
633;7;13869
633;8;14459
633;9;14508
633;10;15000
633;11;15522
633;12;15583
633;13;15618
633;14;16187
633;15;16785
633;16;17361
633;17;17381
633;18;17441
633;19;17992
633;20;18051
633;21;18563
633;22;18598
633;23;19063
633;24;19064
633;25;19112
633;26;19147
633;27;19159
633;28;19168
633;29;19170
633;30;19171
633;31;19190
633;32;19205
633;33;19213
634;1;13316
634;2;13345
634;3;13783
634;4;14297
634;5;14322
634;6;14433
634;7;14946
634;8;15550
634;9;16137
634;10;16225
634;11;16227
634;12;16258
634;13;16366
634;14;16369
634;15;16971
634;16;17351
634;17;17357
634;18;17808
634;19;17867
634;20;17900
634;21;18303
634;22;18330
634;23;18438
634;24;18870
634;25;18924
634;26;18983
634;27;19041
634;28;19071
634;29;19092
634;30;19120
634;31;19170
634;32;19204
634;33;19213
635;1;14416
635;2;14992
635;3;15534
635;4;16136
635;5;16214
635;6;16676
635;7;16704
635;8;17069
635;9;17227
635;10;17305
635;11;17364
635;12;17929
635;13;18476
635;14;19063
635;15;19188
635;16;19190
635;17;19193
635;18;19213
636;1;13250
636;2;13285
636;3;13836
636;4;14328
636;5;14442
636;6;15012
636;7;15439
636;8;15509
636;9;15520
636;10;15562
636;11;15970
636;12;16445
636;13;16966
636;14;16994
636;15;17107
636;16;17132
636;17;17143
636;18;17161
636;19;17192
636;20;17736
636;21;18334
636;22;18361
636;23;18411
636;24;18452
636;25;18512
636;26;18590
636;27;18599
636;28;18610
636;29;19129
636;30;19140
636;31;19143
636;32;19155
637;1;13039
637;2;13497
637;3;13972
637;4;14089
637;5;14527
637;6;14577
637;7;15128
637;8;15584
637;9;16064
637;10;16478
637;11;17065
637;12;17556
637;13;17652
637;14;17677
637;15;17804
637;16;17839
637;17;17934
637;18;18337
637;19;18397
637;20;18409
637;21;18437
637;22;18458
637;23;18950
637;24;18951
637;25;19062
637;26;19093
637;27;19105
637;28;19107
637;29;19127
638;1;13362
638;2;13825
638;3;14395
638;4;15025
638;5;15573
638;6;16097
638;7;16632
638;8;16790
638;9;17266
638;10;17292
638;11;17310
638;12;17802
638;13;18300
638;14;18305
638;15;18419
638;16;18962
638;17;18988
638;18;19066
638;19;19101
638;20;19112
638;21;19118
638;22;19127
638;23;19136
639;1;12064
639;2;12537
639;3;13073
639;4;13705
639;5;14256
639;6;14860
639;7;15465
639;8;15491
639;9;15509
639;10;15924
639;11;16490
639;12;16491
639;13;16540
639;14;16552
639;15;16553
639;16;17075
639;17;17079
639;18;17440
639;19;17536
639;20;17553
639;21;17568
639;22;17664
639;23;17778
639;24;17869
639;25;18445
639;26;18971
639;27;18982
639;28;18986
639;29;18991
639;30;19012
639;31;19030
639;32;19050
639;33;19052
639;34;19062
639;35;19091
639;36;19111
639;37;19112
639;38;19115
639;39;19127
640;1;9607
640;2;10176
640;3;10745
640;4;11320
640;5;11809
640;6;12399
640;7;12865
640;8;12900
640;9;13470
640;10;14010
640;11;14579
640;12;15181
640;13;15728
640;14;15763
640;15;16184
640;16;16200
640;17;16296
640;18;16823
640;19;17421
640;20;17950
640;21;17955
640;22;18021
640;23;18135
640;24;18573
640;25;18594
640;26;18632
640;27;19065
640;28;19076
640;29;19111
640;30;19170
640;31;19213
641;1;12424
641;2;12968
641;3;13519
641;4;14008
641;5;14375
641;6;14945
641;7;15606
641;8;16098
641;9;16116
641;10;16714
641;11;16752
641;12;16794
641;13;16835
641;14;16841
641;15;16861
641;16;16926
641;17;16937
641;18;17513
641;19;18034
641;20;18069
641;21;18089
641;22;18351
641;23;18400
641;24;18513
641;25;18971
641;26;19088
641;27;19131
641;28;19140
641;29;19143
641;30;19155
642;1;9794
642;2;10269
642;3;10871
642;4;11532
642;5;12083
642;6;12658
642;7;13025
642;8;13504
642;9;14072
642;10;14131
642;11;14700
642;12;14749
642;13;14862
642;14;14932
642;15;15503
642;16;16005
642;17;16100
642;18;16129
642;19;16444
642;20;16558
642;21;17034
642;22;17059
642;23;17071
642;24;17563
642;25;17570
642;26;17630
642;27;18104
642;28;18217
642;29;18325
642;30;18334
642;31;18393
642;32;18421
642;33;18891
642;34;18948
642;35;18974
642;36;19034
642;37;19050
642;38;19100
642;39;19122
642;40;19125
642;41;19155
643;1;9145
643;2;9713
643;3;9734
643;4;10226
643;5;10753
643;6;10870
643;7;10927
643;8;11478
643;9;11922
643;10;12284
643;11;12305
643;12;12903
643;13;13478
643;14;14125
643;15;14672
643;16;14703
643;17;14731
643;18;15302
643;19;15397
643;20;15984
643;21;16574
643;22;16689
643;23;16773
643;24;17184
643;25;17212
643;26;17664
643;27;17699
643;28;17784
643;29;17879
643;30;17897
643;31;17938
643;32;17966
643;33;17977
643;34;17998
643;35;18405
643;36;18483
643;37;18511
643;38;18537
643;39;18586
643;40;18604
643;41;18608
643;42;18686
643;43;18689
643;44;18719
643;45;19057
643;46;19116
643;47;19122
643;48;19133
643;49;19135
644;1;13832
644;2;14294
644;3;14407
644;4;14457
644;5;14486
644;6;14504
644;7;14995
644;8;15535
644;9;15584
644;10;15675
644;11;15704
644;12;15733
644;13;15776
644;14;16234
644;15;16676
644;16;17162
644;17;17625
644;18;17630
644;19;17631
644;20;17662
644;21;17712
644;22;17825
644;23;17843
644;24;17957
644;25;17992
644;26;18013
644;27;18024
644;28;18032
644;29;18041
644;30;18052
644;31;18594
644;32;19060
644;33;19155
644;34;19159
644;35;19168
644;36;19170
644;37;19204
644;38;19205
644;39;19213
645;1;12575
645;2;13151
645;3;13664
645;4;14269
645;5;14301
645;6;14871
645;7;15358
645;8;15389
645;9;16002
645;10;16097
645;11;16115
645;12;16666
645;13;17241
645;14;17755
645;15;17775
645;16;17824
645;17;17888
645;18;17937
645;19;18278
645;20;18307
645;21;18403
645;22;18407
645;23;18485
645;24;18563
645;25;18834
645;26;18840
645;27;18852
645;28;18977
645;29;19008
645;30;19026
645;31;19055
645;32;19074
645;33;19095
645;34;19113
645;35;19133
645;36;19135
646;1;13903
646;2;14526
646;3;15102
646;4;15560
646;5;15610
646;6;15700
646;7;15729
646;8;16316
646;9;16891
646;10;17331
646;11;17444
646;12;17795
646;13;17829
646;14;17946
646;15;17995
646;16;18468
646;17;18479
646;18;18510
646;19;18605
646;20;18654
646;21;19111
646;22;19135
646;23;19146
646;24;19189
646;25;19192
646;26;19193
646;27;19205
647;1;11647
647;2;12237
647;3;12265
647;4;12360
647;5;12831
647;6;12857
647;7;12877
647;8;13509
647;9;14001
647;10;14512
647;11;14590
647;12;15082
647;13;15093
647;14;15111
647;15;15627
647;16;16140
647;17;16727
647;18;17201
647;19;17212
647;20;17781
647;21;17898
647;22;18277
647;23;18336
647;24;18396
647;25;18483
647;26;18975
647;27;18980
647;28;18984
647;29;19010
647;30;19045
647;31;19060
647;32;19082
647;33;19125
647;34;19143
647;35;19144
647;36;19155
648;1;13806
648;2;14357
648;3;14928
648;4;15447
648;5;16045
648;6;16104
648;7;16215
648;8;16742
648;9;17344
648;10;17372
648;11;17485
648;12;17516
648;13;17594
648;14;17946
648;15;17957
648;16;18048
648;17;18427
648;18;18926
648;19;19021
648;20;19071
648;21;19075
648;22;19134
648;23;19136
649;1;12044
649;2;12659
649;3;13109
649;4;13684
649;5;14255
649;6;14887
649;7;15383
649;8;15432
649;9;16093
649;10;16104
649;11;16200
649;12;16206
649;13;16620
649;14;16658
649;15;17256
649;16;17794
649;17;17822
649;18;17836
649;19;17840
649;20;18380
649;21;18390
649;22;18503
649;23;18538
649;24;18569
649;25;18588
649;26;18608
649;27;18611
649;28;18628
649;29;18687
649;30;18730
649;31;19097
649;32;19134
649;33;19145
649;34;19152
649;35;19170
649;36;19171
649;37;19193
649;38;19194
649;39;19205
650;1;13926
650;2;14461
650;3;14940
650;4;14958
650;5;15053
650;6;15064
650;7;15407
650;8;15982
650;9;16643
650;10;16678
650;11;17163
650;12;17652
650;13;17736
650;14;17790
650;15;17877
650;16;17904
650;17;17953
650;18;18394
650;19;18420
650;20;18431
650;21;18544
650;22;18575
650;23;18612
650;24;18632
650;25;18653
650;26;18686
650;27;18690
650;28;18719
650;29;19161
650;30;19182
650;31;19187
650;32;19188
650;33;19191
650;34;19193
650;35;19205
651;1;12224
651;2;12748
651;3;12774
651;4;12888
651;5;12939
651;6;13258
651;7;13750
651;8;13780
651;9;13809
651;10;13837
651;11;13866
651;12;13901
651;13;13929
651;14;13960
651;15;14506
651;16;15075
651;17;15513
651;18;15535
651;19;15981
651;20;15982
651;21;16504
651;22;16621
651;23;17219
651;24;17220
651;25;17712
651;26;17756
651;27;18236
651;28;18349
651;29;18357
651;30;18370
651;31;18374
651;32;18381
651;33;18416
651;34;18425
651;35;18986
651;36;19001
651;37;19005
651;38;19025
651;39;19040
651;40;19060
651;41;19081
651;42;19089
651;43;19111
651;44;19121
651;45;19147
651;46;19162
651;47;19170
651;48;19213
652;1;12894
652;2;13436
652;3;13915
652;4;13985
652;5;14476
652;6;15047
652;7;15075
652;8;15153
652;9;15611
652;10;15728
652;11;16220
652;12;16705
652;13;16768
652;14;17383
652;15;17874
652;16;18333
652;17;18337
652;18;18819
652;19;18834
652;20;18860
652;21;18920
652;22;18931
652;23;18985
652;24;19014
652;25;19063
652;26;19068
652;27;19073
652;28;19085
652;29;19135
652;30;19143
652;31;19154
652;32;19163
652;33;19174
652;34;19183
652;35;19187
652;36;19189
652;37;19213
653;1;12367
653;2;12859
653;3;13381
653;4;13957
653;5;14047
653;6;14662
653;7;15062
653;8;15088
653;9;15201
653;10;15219
653;11;15744
653;12;16182
653;13;16784
653;14;17359
653;15;17379
653;16;17416
653;17;17718
653;18;17738
653;19;17757
653;20;17786
653;21;17877
653;22;18332
653;23;18343
653;24;18930
653;25;19008
653;26;19030
653;27;19056
653;28;19064
653;29;19076
653;30;19086
653;31;19103
653;32;19126
653;33;19135
654;1;12755
654;2;13297
654;3;13804
654;4;14296
654;5;14845
654;6;14877
654;7;14990
654;8;15031
654;9;15545
654;10;16114
654;11;16652
654;12;17139
654;13;17151
654;14;17201
654;15;17208
654;16;17245
654;17;17362
654;18;17865
654;19;17900
654;20;17908
654;21;17978
654;22;18303
654;23;18324
654;24;18345
654;25;18441
654;26;18461
654;27;18511
654;28;18560
654;29;18620
654;30;19135
654;31;19152
654;32;19162
654;33;19205
654;34;19213
655;1;11059
655;2;11176
655;3;11744
655;4;12293
655;5;12815
655;6;13224
655;7;13242
655;8;13769
655;9;13882
655;10;14451
655;11;14943
655;12;14944
655;13;14972
655;14;15574
655;15;15619
655;16;16167
655;17;16613
655;18;17164
655;19;17259
655;20;17775
655;21;17810
655;22;17838
655;23;17898
655;24;18445
655;25;18487
655;26;19074
655;27;19082
655;28;19086
655;29;19089
655;30;19119
655;31;19164
655;32;19168
655;33;19170
655;34;19171
655;35;19190
655;36;19213
656;1;12145
656;2;12747
656;3;13362
656;4;13960
656;5;14452
656;6;14473
656;7;14510
656;8;15081
656;9;15102
656;10;15615
656;11;15656
656;12;15724
656;13;15838
656;14;16360
656;15;16811
656;16;17380
656;17;17398
656;18;17400
656;19;17460
656;20;17912
656;21;17921
656;22;17941
656;23;17999
656;24;18390
656;25;18450
656;26;19026
656;27;19076
656;28;19135
656;29;19161
656;30;19204
656;31;19205
656;32;19213
657;1;15068
657;2;15547
657;3;16082
657;4;16705
657;5;17232
657;6;17282
657;7;17846
657;8;17872
657;9;18290
657;10;18385
657;11;18411
657;12;18568
657;13;18576
657;14;18635
657;15;19038
657;16;19098
657;17;19099
657;18;19110
657;19;19113
657;20;19134
657;21;19136
658;1;12508
658;2;13030
658;3;13634
658;4;13759
658;5;13872
658;6;14364
658;7;14933
658;8;15509
658;9;15626
658;10;15694
658;11;16309
658;12;16675
658;13;16788
658;14;17260
658;15;17816
658;16;18308
658;17;18404
658;18;18453
658;19;18488
658;20;18962
658;21;19021
658;22;19051
658;23;19111
658;24;19189
658;25;19190
658;26;19193
658;27;19205
659;1;13087
659;2;13212
659;3;13688
659;4;14149
659;5;14725
659;6;15327
659;7;15840
659;8;15899
659;9;16016
659;10;16036
659;11;16611
659;12;17169
659;13;17582
659;14;17583
659;15;18181
659;16;18192
659;17;18210
659;18;18327
659;19;18360
659;20;18815
659;21;18833
659;22;18854
659;23;18962
659;24;19025
659;25;19046
659;26;19095
659;27;19115
659;28;19126
659;29;19127
659;30;19135
660;1;11568
660;2;11603
660;3;12207
660;4;12801
660;5;12802
660;6;12909
660;7;12998
660;8;13440
660;9;13531
660;10;14010
660;11;14633
660;12;15085
660;13;15717
660;14;15719
660;15;15747
660;16;16261
660;17;16763
660;18;17255
660;19;17263
660;20;17272
660;21;17319
660;22;17360
660;23;17388
660;24;17816
660;25;17929
660;26;17949
660;27;18009
660;28;18018
660;29;18489
660;30;18548
660;31;18569
660;32;18589
660;33;19050
660;34;19109
660;35;19155
661;1;11208
661;2;11743
661;3;12294
661;4;12353
661;5;12379
661;6;12410
661;7;12923
661;8;13036
661;9;13153
661;10;13181
661;11;13768
661;12;13818
661;13;14345
661;14;14440
661;15;14979
661;16;15471
661;17;16046
661;18;16622
661;19;16650
661;20;16998
661;21;17600
661;22;17713
661;23;18196
661;24;18262
661;25;18301
661;26;18319
661;27;18444
661;28;18445
661;29;18540
661;30;18549
661;31;19118
661;32;19138
661;33;19168
661;34;19170
661;35;19171
661;36;19190
661;37;19213
662;1;10923
662;2;11605
662;3;12176
662;4;12202
662;5;12817
662;6;13201
662;7;13693
662;8;13713
662;9;14133
662;10;14193
662;11;14351
662;12;14373
662;13;14948
662;14;15440
662;15;16016
662;16;16075
662;17;16626
662;18;17182
662;19;17758
662;20;17778
662;21;17892
662;22;18160
662;23;18188
662;24;18301
662;25;18327
662;26;18386
662;27;18481
662;28;18592
662;29;18603
662;30;18604
662;31;18699
662;32;18711
662;33;18722
662;34;19207
662;35;19211
662;36;19213
663;1;11003
663;2;11495
663;3;12035
663;4;12085
663;5;12654
663;6;12685
663;7;13271
663;8;13388
663;9;13826
663;10;14361
663;11;14382
663;12;14910
663;13;14939
663;14;15413
663;15;15444
663;16;15906
663;17;16481
663;18;16499
663;19;17114
663;20;17683
663;21;17743
663;22;17763
663;23;17841
663;24;18326
663;25;18484
663;26;18495
663;27;18534
663;28;18954
663;29;19049
663;30;19110
663;31;19114
663;32;19142
663;33;19157
663;34;19168
663;35;19190
663;36;19213
664;1;9279
664;2;9848
664;3;10446
664;4;10474
664;5;11061
664;6;11632
664;7;12183
664;8;12639
664;9;13161
664;10;13736
664;11;14277
664;12;14308
664;13;14898
664;14;14978
664;15;15554
664;16;15599
664;17;15712
664;18;16096
664;19;16126
664;20;16212
664;21;16670
664;22;16706
664;23;17207
664;24;17822
664;25;17900
664;26;17959
664;27;18009
664;28;18020
664;29;18483
664;30;18494
664;31;18501
664;32;18912
664;33;19007
664;34;19025
664;35;19103
664;36;19132
664;37;19140
664;38;19141
664;39;19171
664;40;19205
665;1;12860
665;2;13294
665;3;13863
665;4;13958
665;5;13987
665;6;14370
665;7;14461
665;8;14953
665;9;14984
665;10;15078
665;11;15552
665;12;16139
665;13;16618
665;14;16971
665;15;16972
665;16;17031
665;17;17122
665;18;17727
665;19;17777
665;20;17824
665;21;17891
665;22;17969
665;23;17998
665;24;18347
665;25;18464
665;26;18476
665;27;18848
665;28;18939
665;29;18998
665;30;19026
665;31;19139
665;32;19150
665;33;19162
665;34;19211
665;35;19213
666;1;12878
666;2;12909
666;3;13432
666;4;14037
666;5;14066
666;6;14558
666;7;15127
666;8;15155
666;9;15514
666;10;15859
666;11;15972
666;12;16031
666;13;16558
666;14;16580
666;15;17010
666;16;17030
666;17;17143
666;18;17169
666;19;17286
666;20;17321
666;21;17361
666;22;17784
666;23;17833
666;24;17844
666;25;17879
666;26;17908
666;27;17928
666;28;18045
666;29;18500
666;30;18511
666;31;19041
666;32;19062
666;33;19080
666;34;19091
666;35;19092
666;36;19103
666;37;19117
666;38;19126
666;39;19135
666;40;19136
667;1;12704
667;2;12821
667;3;12917
667;4;13487
667;5;13905
667;6;14537
667;7;15219
667;8;15330
667;9;15700
667;10;15726
667;11;16121
667;12;16156
667;13;16651
667;14;16764
667;15;17331
667;16;17409
667;17;17534
667;18;17872
667;19;17963
667;20;18041
667;21;18437
667;22;18562
667;23;18657
667;24;19004
667;25;19053
667;26;19071
667;27;19149
667;28;19171
667;29;19172
667;30;19175
667;31;19205
668;1;12204
668;2;12755
668;3;12804
668;4;13251
668;5;13841
668;6;14320
668;7;14935
668;8;15470
668;9;15488
668;10;15931
668;11;15981
668;12;15992
668;13;16414
668;14;16445
668;15;16482
668;16;16576
668;17;17147
668;18;17487
668;19;17565
668;20;17695
668;21;17723
668;22;17758
668;23;18249
668;24;18345
668;25;18462
668;26;18473
668;27;18506
668;28;18514
668;29;18540
668;30;18957
668;31;18961
668;32;19004
668;33;19063
668;34;19074
668;35;19095
668;36;19101
668;37;19112
668;38;19115
668;39;19127
669;1;12661
669;2;13248
669;3;13723
669;4;14237
669;5;14852
669;6;15483
669;7;15957
669;8;16339
669;9;16389
669;10;16506
669;11;16588
669;12;16653
669;13;17168
669;14;17171
669;15;17769
669;16;17815
669;17;17841
669;18;17866
669;19;17897
669;20;17918
669;21;17955
669;22;17994
669;23;18005
669;24;18521
669;25;18541
669;26;18580
669;27;18601
669;28;18604
669;29;19134
669;30;19146
669;31;19164
670;1;10942
670;2;11464
670;3;11578
670;4;12148
670;5;12622
670;6;13104
670;7;13585
670;8;13680
670;9;13700
670;10;13704
670;11;13722
670;12;13835
670;13;13859
670;14;13894
670;15;13903
670;16;13923
670;17;13944
670;18;14522
670;19;15126
670;20;15130
670;21;15141
670;22;15486
670;23;15527
670;24;15612
670;25;15640
670;26;15757
670;27;15778
670;28;15796
670;29;16292
670;30;16776
670;31;16867
670;32;16908
670;33;16958
670;34;16969
670;35;17495
670;36;17505
670;37;17555
670;38;17957
670;39;18388
670;40;18834
670;41;18862
670;42;18975
670;43;19001
670;44;19036
670;45;19053
670;46;19062
670;47;19083
670;48;19126
670;49;19136
671;1;11444
671;2;11561
671;3;12159
671;4;12218
671;5;12727
671;6;12841
671;7;13431
671;8;13980
671;9;14029
671;10;14047
671;11;14540
671;12;15109
671;13;15567
671;14;16080
671;15;16682
671;16;16718
671;17;16778
671;18;17248
671;19;17406
671;20;17463
671;21;17999
671;22;18059
671;23;18438
671;24;18469
671;25;18880
671;26;19038
671;27;19049
671;28;19069
671;29;19075
671;30;19081
671;31;19089
671;32;19091
671;33;19115
671;34;19127
672;1;12081
672;2;12594
672;3;13209
672;4;13762
672;5;13876
672;6;13877
672;7;13905
672;8;14456
672;9;14573
672;10;14686
672;11;15198
672;12;15802
672;13;15831
672;14;16265
672;15;16294
672;16;16779
672;17;16892
672;18;17351
672;19;17825
672;20;17884
672;21;17916
672;22;17944
672;23;18329
672;24;18340
672;25;18457
672;26;18485
672;27;18515
672;28;19013
672;29;19039
672;30;19050
672;31;19100
672;32;19138
672;33;19159
672;34;19161
672;35;19181
672;36;19205
672;37;19213
673;1;13351
673;2;13920
673;3;13955
673;4;14040
673;5;14081
673;6;14542
673;7;15004
673;8;15496
673;9;15574
673;10;16069
673;11;16583
673;12;16678
673;13;17055
673;14;17122
673;15;17180
673;16;17216
673;17;17792
673;18;18363
673;19;18852
673;20;18888
673;21;18890
673;22;18986
673;23;19099
673;24;19106
673;25;19132
673;26;19142
673;27;19162
673;28;19181
673;29;19194
673;30;19205
674;1;14549
674;2;14938
674;3;15026
674;4;15151
674;5;15643
674;6;16213
674;7;16505
674;8;17128
674;9;17153
674;10;17261
674;11;17604
674;12;17682
674;13;17799
674;14;17858
674;15;17912
674;16;17982
674;17;18041
674;18;18418
674;19;18430
674;20;18461
674;21;18837
674;22;18950
674;23;18999
674;24;19003
674;25;19040
674;26;19059
674;27;19079
674;28;19105
674;29;19140
674;30;19144
674;31;19168
674;32;19170
674;33;19213
675;1;12711
675;2;13149
675;3;13307
675;4;13821
675;5;14302
675;6;14397
675;7;14944
675;8;15495
675;9;15620
675;10;16225
675;11;16245
675;12;16780
675;13;16809
675;14;16827
675;15;17414
675;16;17492
675;17;17992
675;18;18006
675;19;18021
675;20;18029
675;21;18057
675;22;18153
675;23;18160
675;24;18180
675;25;18722
675;26;18728
675;27;19171
675;28;19190
675;29;19213
676;1;13756
676;2;13834
676;3;14457
676;4;14903
676;5;15407
676;6;15771
676;7;16340
676;8;16457
676;9;17008
676;10;17028
676;11;17597
676;12;17710
676;13;18297
676;14;18312
676;15;18371
676;16;18443
676;17;18693
676;18;18742
676;19;18775
676;20;18875
676;21;18970
676;22;19014
676;23;19024
676;24;19050
676;25;19079
676;26;19109
676;27;19111
676;28;19140
676;29;19155
677;1;12139
677;2;12157
677;3;12704
677;4;13280
677;5;13802
677;6;14277
677;7;14846
677;8;15382
677;9;15507
677;10;15557
677;11;15592
677;12;15646
677;13;15706
677;14;16282
677;15;16813
677;16;17384
677;17;17387
677;18;17839
677;19;18223
677;20;18227
677;21;18258
677;22;18383
677;23;18831
677;24;18859
677;25;18972
677;26;18990
677;27;19025
677;28;19055
677;29;19057
677;30;19135
678;1;12656
678;2;13317
678;3;13352
678;4;13903
678;5;14452
678;6;14916
678;7;15429
678;8;16052
678;9;16639
678;10;17254
678;11;17285
678;12;17393
678;13;17659
678;14;17674
678;15;17704
678;16;17791
678;17;17840
678;18;17953
678;19;17973
678;20;18019
678;21;18495
678;22;18590
678;23;18599
678;24;18978
678;25;18996
678;26;19027
678;27;19076
678;28;19135
679;1;13394
679;2;13929
679;3;14453
679;4;14926
679;5;15004
679;6;15385
679;7;15399
679;8;15512
679;9;16127
679;10;16244
679;11;16255
679;12;16878
679;13;17476
679;14;18137
679;15;18196
679;16;18480
679;17;18575
679;18;18688
679;19;18691
679;20;18710
679;21;18721
679;22;19022
679;23;19117
679;24;19135
680;1;11376
680;2;11454
680;3;11963
680;4;12503
680;5;12562
680;6;12622
680;7;13131
680;8;13244
680;9;13795
680;10;14427
680;11;14971
680;12;15000
680;13;15070
680;14;15639
680;15;15657
680;16;16089
680;17;16679
680;18;16699
680;19;17275
680;20;17388
680;21;17435
680;22;17446
680;23;17477
680;24;17512
680;25;17957
680;26;18495
680;27;18525
680;28;18543
680;29;18563
680;30;19075
680;31;19093
680;32;19121
680;33;19150
680;34;19193
680;35;19205
681;1;13252
681;2;13744
681;3;14293
681;4;14905
681;5;14964
681;6;14975
681;7;15337
681;8;15387
681;9;15824
681;10;16298
681;11;16394
681;12;16552
681;13;17009
681;14;17122
681;15;17536
681;16;17653
681;17;18119
681;18;18178
681;19;18286
681;20;18377
681;21;18411
681;22;18946
681;23;18987
681;24;19036
681;25;19086
681;26;19104
681;27;19135
682;1;12145
682;2;12545
682;3;13114
682;4;13712
682;5;14150
682;6;14209
682;7;14698
682;8;14811
682;9;15398
682;10;15515
682;11;15640
682;12;16019
682;13;16623
682;14;16629
682;15;17052
682;16;17667
682;17;17792
682;18;17870
682;19;17981
682;20;18010
682;21;18438
682;22;18456
682;23;18515
682;24;19029
682;25;19089
682;26;19109
682;27;19130
682;28;19134
682;29;19136
683;1;12325
683;2;12384
683;3;12743
683;4;12763
683;5;12771
683;6;12865
683;7;13440
683;8;14027
683;9;14411
683;10;14440
683;11;14863
683;12;14898
683;13;14951
683;14;15541
683;15;15632
683;16;15691
683;17;16114
683;18;16145
683;19;16204
683;20;16318
683;21;16810
683;22;16888
683;23;16906
683;24;16959
683;25;17414
683;26;17434
683;27;17435
683;28;17446
683;29;17495
683;30;17958
683;31;18071
683;32;18091
683;33;18120
683;34;18611
683;35;18632
683;36;18661
683;37;18671
683;38;19065
683;39;19114
683;40;19126
683;41;19155
684;1;12667
684;2;12685
684;3;13158
684;4;13678
684;5;13707
684;6;14184
684;7;14254
684;8;14282
684;9;14853
684;10;14931
684;11;15500
684;12;15977
684;13;16513
684;14;16539
684;15;16557
684;16;16607
684;17;16656
684;18;16716
684;19;16761
684;20;16857
684;21;16892
684;22;17017
684;23;17378
684;24;17396
684;25;17427
684;26;17758
684;27;18083
684;28;18179
684;29;18296
684;30;18421
684;31;18428
684;32;18488
684;33;18516
684;34;19016
684;35;19036
684;36;19131
684;37;19161
684;38;19182
684;39;19204
684;40;19213
685;1;12152
685;2;12586
685;3;13121
685;4;13672
685;5;13789
685;6;14379
685;7;15061
685;8;15553
685;9;15603
685;10;16218
685;11;16628
685;12;17096
685;13;17611
685;14;17639
685;15;17659
685;16;17694
685;17;17811
685;18;17829
685;19;18353
685;20;18377
685;21;18948
685;22;19065
685;23;19086
685;24;19103
685;25;19127
686;1;13449
686;2;14025
686;3;14517
686;4;14990
686;5;15464
686;6;15482
686;7;15914
686;8;15973
686;9;16575
686;10;16657
686;11;17247
686;12;17251
686;13;17800
686;14;17829
686;15;17878
686;16;18501
686;17;18503
686;18;18514
686;19;18545
686;20;18580
686;21;18623
686;22;18651
686;23;18672
686;24;19018
686;25;19033
686;26;19129
686;27;19135
686;28;19155
687;1;10795
687;2;10842
687;3;11356
687;4;11925
687;5;12003
687;6;12062
687;7;12091
687;8;12576
687;9;13006
687;10;13035
687;11;13478
687;12;13498
687;13;14102
687;14;14162
687;15;14250
687;16;14363
687;17;14933
687;18;15460
687;19;16029
687;20;16553
687;21;16661
687;22;16711
687;23;16740
687;24;16781
687;25;17352
687;26;17784
687;27;18332
687;28;18888
687;29;18906
687;30;18966
687;31;18975
687;32;18976
687;33;19035
687;34;19045
687;35;19071
687;36;19089
687;37;19092
687;38;19104
687;39;19122
687;40;19133
687;41;19135
688;1;16052
688;2;16650
688;3;16808
688;4;16899
688;5;16934
688;6;17426
688;7;17819
688;8;17841
688;9;17910
688;10;18285
688;11;18297
688;12;18376
688;13;18451
688;14;19027
688;15;19058
688;16;19077
688;17;19081
688;18;19140
688;19;19148
688;20;19168
688;21;19182
688;22;19183
688;23;19188
688;24;19191
688;25;19193
688;26;19205
689;1;14295
689;2;14819
689;3;14915
689;4;15073
689;5;15609
689;6;16088
689;7;16147
689;8;16242
689;9;16622
689;10;16739
689;11;16982
689;12;17060
689;13;17076
689;14;17234
689;15;17312
689;16;17326
689;17;17913
689;18;17939
689;19;17950
689;20;18387
689;21;18408
689;22;18490
689;23;18521
689;24;18539
689;25;18967
689;26;19080
689;27;19087
689;28;19095
689;29;19106
689;30;19118
689;31;19127
690;1;10378
690;2;10407
690;3;10934
690;4;10962
690;5;11011
690;6;11503
690;7;12072
690;8;12464
690;9;13087
690;10;13101
690;11;13625
690;12;14201
690;13;14312
690;14;14366
690;15;14483
690;16;14950
690;17;15296
690;18;15398
690;19;15945
690;20;16543
690;21;16980
690;22;16991
690;23;17071
690;24;17072
690;25;17185
690;26;17206
690;27;17650
690;28;17679
690;29;17691
690;30;17805
690;31;18257
690;32;18262
690;33;18370
690;34;18390
690;35;18759
690;36;18763
690;37;18812
690;38;18925
690;39;18956
690;40;18991
690;41;19002
690;42;19061
690;43;19062
690;44;19092
690;45;19104
690;46;19135
691;1;14343
691;2;14958
691;3;15498
691;4;15558
691;5;16039
691;6;16418
691;7;16531
691;8;16639
691;9;17156
691;10;17231
691;11;17709
691;12;17759
691;13;17876
691;14;18256
691;15;18369
691;16;18389
691;17;18488
691;18;18584
691;19;18595
691;20;18654
691;21;18661
691;22;18962
691;23;18980
691;24;19008
691;25;19050
691;26;19057
691;27;19068
691;28;19117
691;29;19126
691;30;19135
692;1;11479
692;2;11497
692;3;12072
692;4;12546
692;5;13060
692;6;13650
692;7;14125
692;8;14676
692;9;15227
692;10;15385
692;11;15955
692;12;16050
692;13;16051
692;14;16518
692;15;16632
692;16;16650
692;17;17147
692;18;17175
692;19;17204
692;20;17630
692;21;17650
692;22;17715
692;23;17741
692;24;17747
692;25;18196
692;26;18224
692;27;18284
692;28;18397
692;29;18421
692;30;18423
692;31;18458
692;32;18946
692;33;18995
692;34;19061
692;35;19089
692;36;19152
692;37;19161
692;38;19204
692;39;19205
692;40;19213
693;1;11554
693;2;11901
693;3;12018
693;4;12036
693;5;12554
693;6;13130
693;7;13663
693;8;13777
693;9;13837
693;10;14359
693;11;14833
693;12;15448
693;13;15923
693;14;15952
693;15;15970
693;16;15981
693;17;16557
693;18;17132
693;19;17723
693;20;17734
693;21;17762
693;22;18352
693;23;18709
693;24;18759
693;25;18872
693;26;18879
693;27;18883
693;28;18974
693;29;18996
693;30;19056
693;31;19058
693;32;19068
694;1;10544
694;2;11146
694;3;11619
694;4;12168
694;5;12791
694;6;13421
694;7;13913
694;8;14459
694;9;14500
694;10;14936
694;11;15504
694;12;15629
694;13;15654
694;14;16209
694;15;16563
694;16;16688
694;17;16709
694;18;16729
694;19;17078
694;20;17465
694;21;17496
694;22;17514
694;23;17631
694;24;17999
694;25;18028
694;26;18077
694;27;18190
694;28;18628
694;29;18741
694;30;18858
694;31;18949
694;32;18963
694;33;18996
694;34;19051
694;35;19092
694;36;19122
694;37;19152
694;38;19161
694;39;19162
694;40;19183
694;41;19205
695;1;12754
695;2;13274
695;3;13303
695;4;13324
695;5;13851
695;6;14375
695;7;14698
695;8;15380
695;9;15937
695;10;15948
695;11;16106
695;12;16137
695;13;16206
695;14;16247
695;15;16685
695;16;17045
695;17;17159
695;18;17222
695;19;17240
695;20;17787
695;21;18224
695;22;18233
695;23;18311
695;24;18362
695;25;18453
695;26;18570
695;27;18618
695;28;18890
695;29;18898
695;30;18933
695;31;19024
695;32;19044
695;33;19050
695;34;19064
695;35;19094
695;36;19118
695;37;19135
696;1;12623
696;2;12978
696;3;13546
696;4;14116
696;5;14170
696;6;14721
696;7;14832
696;8;15234
696;9;15781
696;10;16350
696;11;16399
696;12;16495
696;13;16555
696;14;16672
696;15;16711
696;16;17184
696;17;17757
696;18;17775
696;19;18350
696;20;18399
696;21;18458
696;22;18545
696;23;19062
696;24;19083
696;25;19095
696;26;19117
697;1;13127
697;2;13640
697;3;13649
697;4;14218
697;5;14314
697;6;14422
697;7;14509
697;8;14801
697;9;15462
697;10;15557
697;11;16029
697;12;16051
697;13;16082
697;14;16095
697;15;16126
697;16;16176
697;17;16637
697;18;17164
697;19;17275
697;20;17335
697;21;17732
697;22;17846
697;23;17945
697;24;18005
697;25;18013
697;26;18498
697;27;18533
697;28;18574
697;29;18577
697;30;18578
697;31;18589
697;32;18632
697;33;18968
697;34;19028
697;35;19035
697;36;19070
697;37;19113
697;38;19135
697;39;19146
697;40;19154
697;41;19161
697;42;19171
697;43;19213
698;1;9757
698;2;9852
698;3;9969
698;4;10471
698;5;11086
698;6;11673
698;7;12111
698;8;12152
698;9;12728
698;10;13389
698;11;13418
698;12;13702
698;13;13788
698;14;14386
698;15;14921
698;16;14941
698;17;15510
698;18;15851
698;19;15882
698;20;15911
698;21;15940
698;22;16053
698;23;16144
698;24;16689
698;25;16723
698;26;16752
698;27;17327
698;28;17774
698;29;17834
698;30;17893
698;31;18334
698;32;18844
698;33;18875
698;34;18971
698;35;18989
698;36;19049
698;37;19060
698;38;19088
698;39;19101
698;40;19129
698;41;19179
698;42;19183
698;43;19185
698;44;19205
699;1;13170
699;2;13760
699;3;14307
699;4;14403
699;5;14943
699;6;15479
699;7;15786
699;8;15856
699;9;15951
699;10;15982
699;11;16099
699;12;16134
699;13;16230
699;14;16690
699;15;17181
699;16;17209
699;17;17323
699;18;17383
699;19;17394
699;20;17507
699;21;17542
699;22;17591
699;23;17999
699;24;18034
699;25;18065
699;26;18468
699;27;18585
699;28;18593
699;29;18653
699;30;18702
699;31;18722
699;32;19207
699;33;19211
699;34;19213
700;1;12011
700;2;12503
700;3;13125
700;4;13755
700;5;13765
700;6;13791
700;7;14357
700;8;14448
700;9;15024
700;10;15550
700;11;16091
700;12;16550
700;13;16581
700;14;16593
700;15;17117
700;16;17208
700;17;17571
700;18;17589
700;19;17678
700;20;17725
700;21;17836
700;22;17895
700;23;17912
700;24;17913
700;25;18447
700;26;18897
700;27;19010
700;28;19038
700;29;19050
700;30;19060
700;31;19079
700;32;19100
700;33;19109
700;34;19133
700;35;19135
701;1;13592
701;2;14150
701;3;14642
701;4;14653
701;5;15148
701;6;15157
701;7;15630
701;8;15690
701;9;15748
701;10;16324
701;11;16353
701;12;16384
701;13;16898
701;14;16926
701;15;17502
701;16;18001
701;17;18439
701;18;18467
701;19;18468
701;20;18527
701;21;18594
701;22;19075
701;23;19086
701;24;19121
701;25;19135
702;1;12154
702;2;12722
702;3;13146
702;4;13749
702;5;14372
702;6;14941
702;7;15478
702;8;15968
702;9;16082
702;10;16604
702;11;17173
702;12;17250
702;13;17270
702;14;17281
702;15;17299
702;16;17366
702;17;17425
702;18;17879
702;19;17996
702;20;18014
702;21;18410
702;22;18930
702;23;18949
702;24;19044
702;25;19062
702;26;19091
702;27;19134
702;28;19136
703;1;12684
703;2;12772
703;3;12801
703;4;12829
703;5;13427
703;6;13872
703;7;14140
703;8;14228
703;9;14257
703;10;14324
703;11;14650
703;12;14678
703;13;15310
703;14;15360
703;15;15381
703;16;15476
703;17;15589
703;18;16051
703;19;16129
703;20;16203
703;21;16748
703;22;17240
703;23;17281
703;24;17299
703;25;17327
703;26;17330
703;27;17743
703;28;17860
703;29;17880
703;30;17940
703;31;18336
703;32;18389
703;33;18430
703;34;18458
703;35;18487
703;36;18978
703;37;19027
703;38;19087
703;39;19090
703;40;19091
703;41;19122
703;42;19133
703;43;19135
704;1;11014
704;2;11589
704;3;12111
704;4;12152
704;5;12170
704;6;12802
704;7;13349
704;8;13869
704;9;13928
704;10;14400
704;11;15015
704;12;15584
704;13;16039
704;14;16152
704;15;16210
704;16;16301
704;17;16739
704;18;16847
704;19;16867
704;20;17271
704;21;17366
704;22;17374
704;23;17424
704;24;17444
704;25;17503
704;26;17987
704;27;18479
704;28;18497
704;29;18538
704;30;18564
704;31;19068
704;32;19089
704;33;19109
704;34;19126
704;35;19127
705;1;10553
705;2;11157
705;3;11536
705;4;11653
705;5;11723
705;6;12294
705;7;12331
705;8;12809
705;9;13301
705;10;13775
705;11;14315
705;12;14945
705;13;15004
705;14;15024
705;15;15042
705;16;15556
705;17;16047
705;18;16456
705;19;16569
705;20;16610
705;21;16706
705;22;16772
705;23;17132
705;24;17191
705;25;17718
705;26;17831
705;27;17926
705;28;18352
705;29;18477
705;30;19053
705;31;19062
705;32;19068
705;33;19096
705;34;19103
705;35;19162
705;36;19170
705;37;19189
705;38;19192
705;39;19193
705;40;19213
706;1;11981
706;2;12579
706;3;13092
706;4;13696
706;5;14158
706;6;14583
706;7;15188
706;8;15803
706;9;15852
706;10;16422
706;11;16513
706;12;16532
706;13;16552
706;14;16669
706;15;17121
706;16;17142
706;17;17564
706;18;17681
706;19;17760
706;20;18191
706;21;18726
706;22;18731
706;23;18752
706;24;18791
706;25;18858
706;26;18971
706;27;19010
706;28;19106
706;29;19126
706;30;19150
706;31;19162
706;32;19164
707;1;13151
707;2;13200
707;3;13727
707;4;14249
707;5;14290
707;6;14321
707;7;14416
707;8;14967
707;9;15378
707;10;15473
707;11;15905
707;12;16030
707;13;16660
707;14;17205
707;15;17679
707;16;18177
707;17;18227
707;18;18318
707;19;18354
707;20;18371
707;21;18400
707;22;18850
707;23;18883
707;24;18912
707;25;18926
707;26;18947
707;27;18953
707;28;18956
707;29;19020
707;30;19051
707;31;19059
707;32;19089
707;33;19130
707;34;19134
707;35;19136
708;1;11114
708;2;11588
708;3;11648
708;4;11761
708;5;12283
708;6;12304
708;7;12828
708;8;13373
708;9;13920
708;10;13938
708;11;14489
708;12;14549
708;13;14608
708;14;14892
708;15;15005
708;16;15040
708;17;15135
708;18;15161
708;19;15643
708;20;16142
708;21;16718
708;22;17333
708;23;17366
708;24;17771
708;25;17800
708;26;18197
708;27;18203
708;28;18263
708;29;18334
708;30;18410
708;31;18439
708;32;18470
708;33;18498
708;34;18509
708;35;18516
708;36;18974
708;37;19091
708;38;19129
708;39;19140
708;40;19149
708;41;19159
708;42;19170
708;43;19213
709;1;13829
709;2;14321
709;3;14702
709;4;14720
709;5;14748
709;6;14865
709;7;15414
709;8;16075
709;9;16545
709;10;16574
709;11;16685
709;12;17098
709;13;17209
709;14;17268
709;15;17281
709;16;17644
709;17;17729
709;18;18296
709;19;18350
709;20;18937
709;21;19032
709;22;19049
709;23;19060
709;24;19091
709;25;19097
709;26;19147
709;27;19190
709;28;19205
710;1;11799
710;2;12130
710;3;12184
710;4;12297
710;5;12770
710;6;13249
710;7;13344
710;8;13891
710;9;13985
710;10;14480
710;11;15046
710;12;15425
710;13;15822
710;14;16427
710;15;16432
710;16;17001
710;17;17019
710;18;17445
710;19;17466
710;20;17580
710;21;18072
710;22;18092
710;23;18183
710;24;18243
710;25;18760
710;26;18819
710;27;18936
710;28;19049
710;29;19084
710;30;19092
710;31;19133
710;32;19144
710;33;19150
710;34;19162
710;35;19205
711;1;13300
711;2;13417
711;3;14007
711;4;14525
711;5;15129
711;6;15207
711;7;15783
711;8;16330
711;9;16776
711;10;17374
711;11;17425
711;12;17879
711;13;17900
711;14;18430
711;15;18472
711;16;18493
711;17;18521
711;18;18530
711;19;18559
711;20;18576
711;21;18585
711;22;18596
711;23;18637
711;24;19033
711;25;19117
711;26;19129
711;27;19133
711;28;19155
712;1;13234
712;2;13680
712;3;13706
712;4;14219
712;5;14314
712;6;14322
712;7;14898
712;8;14973
712;9;15508
712;10;16106
712;11;16156
712;12;16190
712;13;16682
712;14;17258
712;15;17890
712;16;18364
712;17;18715
712;18;18779
712;19;18814
712;20;18892
712;21;18921
712;22;19046
712;23;19106
712;24;19136
713;1;15132
713;2;15569
713;3;16097
713;4;16147
713;5;16716
713;6;16751
713;7;16864
713;8;17301
713;9;17817
713;10;17845
713;11;17940
713;12;18403
713;13;18765
713;14;18793
713;15;18876
713;16;18911
713;17;18961
713;18;19056
713;19;19105
713;20;19106
713;21;19135
713;22;19141
713;23;19153
713;24;19161
713;25;19170
713;26;19192
713;27;19204
713;28;19205
713;29;19213
714;1;11192
714;2;11684
714;3;12155
714;4;12759
714;5;13328
714;6;13855
714;7;13873
714;8;14444
714;9;15019
714;10;15680
714;11;16204
714;12;16751
714;13;16793
714;14;16821
714;15;17259
714;16;17376
714;17;17854
714;18;17856
714;19;17882
714;20;17999
714;21;18327
714;22;18751
714;23;18761
714;24;18810
714;25;18869
714;26;18899
714;27;18934
714;28;18966
714;29;19025
714;30;19049
714;31;19081
714;32;19083
714;33;19103
714;34;19111
714;35;19112
714;36;19127
715;1;12118
715;2;12138
715;3;12169
715;4;12756
715;5;13194
715;6;13254
715;7;13332
715;8;13937
715;9;14488
715;10;15004
715;11;15058
715;12;15087
715;13;15147
715;14;15449
715;15;16047
715;16;16106
715;17;16223
715;18;16544
715;19;16635
715;20;16722
715;21;17180
715;22;17716
715;23;17745
715;24;17805
715;25;17815
715;26;17923
715;27;17945
715;28;17956
715;29;18006
715;30;18409
715;31;18414
715;32;18474
715;33;19042
715;34;19046
715;35;19105
715;36;19107
715;37;19142
715;38;19162
715;39;19205
716;1;11415
716;2;11532
716;3;12130
716;4;12720
716;5;13240
716;6;13810
716;7;14363
716;8;14910
716;9;14931
716;10;14933
716;11;14961
716;12;15475
716;13;15583
716;14;16170
716;15;16746
716;16;16805
716;17;16855
716;18;17279
716;19;17374
716;20;17997
716;21;18026
716;22;18052
716;23;18072
716;24;18552
716;25;18647
716;26;19064
716;27;19155
716;28;19159
716;29;19161
716;30;19187
716;31;19211
716;32;19213
717;1;11453
717;2;12055
717;3;12568
717;4;13200
717;5;13747
717;6;14323
717;7;14921
717;8;15006
717;9;15526
717;10;16095
717;11;16710
717;12;16727
717;13;16756
717;14;16805
717;15;17279
717;16;17794
717;17;17801
717;18;18372
717;19;18432
717;20;18549
717;21;18608
717;22;18643
717;23;18654
717;24;18697
717;25;18712
717;26;19145
717;27;19154
717;28;19213
718;1;11711
718;2;11778
718;3;11807
718;4;12439
718;5;12467
718;6;13007
718;7;13549
718;8;14136
718;9;14562
718;10;15096
718;11;15185
718;12;15755
718;13;16357
718;14;16416
718;15;16845
718;16;17160
718;17;17736
718;18;17853
718;19;18428
718;20;18930
718;21;18966
718;22;18967
718;23;19026
718;24;19027
718;25;19052
718;26;19087
718;27;19121
718;28;19170
718;29;19171
718;30;19193
718;31;19205
718;32;19213
719;1;13870
719;2;14440
719;3;14956
719;4;15532
719;5;16018
719;6;16491
719;7;16579
719;8;17071
719;9;17090
719;10;17705
719;11;17740
719;12;17853
719;13;17928
719;14;18309
719;15;18373
719;16;18423
719;17;18472
719;18;18507
719;19;18517
719;20;18527
719;21;18577
719;22;18630
719;23;18679
719;24;19164
719;25;19168
719;26;19200
719;27;19202
719;28;19213
720;1;10862
720;2;11452
720;3;11979
720;4;12583
720;5;13105
720;6;13685
720;7;13757
720;8;14292
720;9;14403
720;10;14410
720;11;14421
720;12;14894
720;13;15430
720;14;15461
720;15;16076
720;16;16678
720;17;17194
720;18;17653
720;19;17681
720;20;18126
720;21;18191
720;22;18251
720;23;18269
720;24;18377
720;25;18455
720;26;18484
720;27;18515
720;28;18550
720;29;18570
720;30;19035
720;31;19050
720;32;19054
720;33;19132
720;34;19134
720;35;19143
720;36;19155
721;1;12526
721;2;12576
721;3;13051
721;4;13523
721;5;14037
721;6;14529
721;7;14588
721;8;14705
721;9;14731
721;10;15300
721;11;15331
721;12;15833
721;13;16468
721;14;16503
721;15;16514
721;16;16532
721;17;16596
721;18;17166
721;19;17261
721;20;17806
721;21;18382
721;22;18473
721;23;18497
721;24;18517
721;25;19002
721;26;19006
721;27;19055
721;28;19090
721;29;19109
721;30;19168
721;31;19187
721;32;19188
721;33;19190
721;34;19205
722;1;15250
722;2;15278
722;3;15792
722;4;16334
722;5;16459
722;6;16517
722;7;17041
722;8;17149
722;9;17234
722;10;17293
722;11;17804
722;12;18373
722;13;18381
722;14;18409
722;15;18450
722;16;18484
722;17;19039
722;18;19099
722;19;19125
722;20;19175
722;21;19195
722;22;19213
723;1;13269
723;2;13329
723;3;13904
723;4;14393
723;5;14872
723;6;15346
723;7;15366
723;8;15524
723;9;15998
723;10;16093
723;11;16111
723;12;16142
723;13;16153
723;14;16162
723;15;16541
723;16;16640
723;17;16669
723;18;16739
723;19;17129
723;20;17237
723;21;17255
723;22;17262
723;23;17837
723;24;17896
723;25;17946
723;26;18533
723;27;18553
723;28;18557
723;29;18962
723;30;18965
723;31;18967
723;32;19045
723;33;19123
723;34;19158
723;35;19169
723;36;19171
723;37;19190
723;38;19205
723;39;19213
724;1;13216
724;2;13712
724;3;13837
724;4;14279
724;5;14333
724;6;14807
724;7;14924
724;8;15447
724;9;15465
724;10;15921
724;11;16496
724;12;16592
724;13;17182
724;14;17758
724;15;17769
724;16;17828
724;17;17941
724;18;17972
724;19;17992
724;20;18485
724;21;18941
724;22;18944
724;23;19035
724;24;19130
724;25;19136
724;26;19147
724;27;19156
724;28;19176
724;29;19187
724;30;19190
724;31;19191
724;32;19193
724;33;19205
724;34;19213
725;1;11505
725;2;12120
725;3;12199
725;4;12721
725;5;13272
725;6;13819
725;7;13837
725;8;14329
725;9;14880
725;10;15451
725;11;16020
725;12;16589
725;13;16607
725;14;16720
725;15;16816
725;16;17146
725;17;17263
725;18;17322
725;19;17343
725;20;17837
725;21;18311
725;22;18406
725;23;18461
725;24;18490
725;25;18867
725;26;18980
725;27;18990
725;28;18991
725;29;19040
725;30;19126
725;31;19161
725;32;19170
725;33;19189
725;34;19213
726;1;10264
726;2;10833
726;3;11409
726;4;11534
726;5;11584
726;6;12119
726;7;12137
726;8;12742
726;9;12768
726;10;13303
726;11;13395
726;12;14010
726;13;14561
726;14;15048
726;15;15373
726;16;15977
726;17;16450
726;18;17052
726;19;17073
726;20;17132
726;21;17747
726;22;17842
726;23;18299
726;24;18319
726;25;18713
726;26;18830
726;27;18848
726;28;18871
726;29;18900
726;30;19025
726;31;19075
726;32;19095
726;33;19126
726;34;19154
726;35;19213
727;1;11170
727;2;11328
727;3;11898
727;4;12461
727;5;12502
727;6;13015
727;7;13544
727;8;13579
727;9;14006
727;10;14542
727;11;15129
727;12;15656
727;13;16071
727;14;16111
727;15;16137
727;16;16589
727;17;17037
727;18;17529
727;19;17555
727;20;17614
727;21;17630
727;22;17747
727;23;17842
727;24;17937
727;25;17955
727;26;18410
727;27;18459
727;28;18462
727;29;19006
727;30;19017
727;31;19077
727;32;19136
728;1;13867
728;2;14436
728;3;14742
728;4;14762
728;5;14920
728;6;15543
728;7;16113
728;8;16142
728;9;16158
728;10;16756
728;11;17116
728;12;17147
728;13;17261
728;14;17718
728;15;17737
728;16;17796
728;17;17913
728;18;18315
728;19;18397
728;20;18426
728;21;18486
728;22;18882
728;23;18894
728;24;18925
728;25;18933
728;26;18947
728;27;18964
728;28;19013
728;29;19041
728;30;19154
728;31;19174
728;32;19187
728;33;19207
728;34;19213
729;1;14480
729;2;15049
729;3;15528
729;4;16050
729;5;16146
729;6;16260
729;7;16642
729;8;16710
729;9;17205
729;10;17644
729;11;17802
729;12;17851
729;13;17908
729;14;18014
729;15;18432
729;16;18502
729;17;18523
729;18;18534
729;19;18947
729;20;18960
729;21;18989
729;22;18991
729;23;18995
729;24;18998
729;25;19024
729;26;19042
729;27;19070
729;28;19081
729;29;19131
729;30;19140
729;31;19143
729;32;19144
729;33;19155
730;1;12164
730;2;12576
730;3;12621
730;4;12641
730;5;12670
730;6;13155
730;7;13186
730;8;13735
730;9;14305
730;10;14323
730;11;14777
730;12;15346
730;13;15400
730;14;15987
730;15;16563
730;16;16581
730;17;17132
730;18;17641
730;19;18155
730;20;18249
730;21;18272
730;22;18764
730;23;18784
730;24;18805
730;25;18899
730;26;18920
730;27;18939
730;28;18957
730;29;18977
730;30;19008
730;31;19103
730;32;19133
730;33;19134
730;34;19136
731;1;13392
731;2;13393
731;3;13510
731;4;13605
731;5;14156
731;6;14641
731;7;15114
731;8;15165
731;9;15167
731;10;15735
731;11;16193
731;12;16684
731;13;16801
731;14;17388
731;15;17423
731;16;17945
731;17;17994
731;18;18541
731;19;18562
731;20;18572
731;21;18650
731;22;18670
731;23;18719
731;24;19045
731;25;19049
731;26;19162
731;27;19171
731;28;19205
732;1;12561
732;2;13163
732;3;13625
732;4;13946
732;5;14515
732;6;14611
732;7;14904
732;8;14945
732;9;14994
732;10;15456
732;11;15485
732;12;16055
732;13;16096
732;14;16128
732;15;16163
732;16;16732
732;17;17303
732;18;17362
732;19;17817
732;20;17975
732;21;18003
732;22;18063
732;23;18525
732;24;18552
732;25;18563
732;26;18622
732;27;18642
732;28;18670
732;29;18708
732;30;18719
732;31;19094
732;32;19147
732;33;19207
732;34;19211
732;35;19213
733;1;14473
733;2;14491
733;3;15061
733;4;15636
733;5;15679
733;6;16188
733;7;16614
733;8;16674
733;9;16727
733;10;17102
733;11;17734
733;12;18260
733;13;18373
733;14;18903
733;15;18936
733;16;18956
733;17;18957
733;18;18972
733;19;18990
733;20;18993
733;21;19014
733;22;19025
733;23;19053
733;24;19058
733;25;19060
733;26;19109
733;27;19111
733;28;19114
733;29;19126
734;1;14402
734;2;15034
734;3;15566
734;4;15625
734;5;16172
734;6;16625
734;7;16739
734;8;16852
734;9;16861
734;10;17257
734;11;17352
734;12;17729
734;13;17749
734;14;17862
734;15;17873
734;16;18324
734;17;18383
734;18;18461
734;19;18586
734;20;18593
734;21;18955
734;22;18990
734;23;19039
734;24;19079
734;25;19099
734;26;19103
734;27;19112
734;28;19113
734;29;19191
734;30;19211
734;31;19213
735;1;10756
735;2;11361
735;3;11387
735;4;11991
735;5;12536
735;6;12994
735;7;13581
735;8;13592
735;9;14084
735;10;14679
735;11;15201
735;12;15231
735;13;15596
735;14;15648
735;15;15744
735;16;16217
735;17;16660
735;18;17162
735;19;17275
735;20;17383
735;21;17987
735;22;18365
735;23;18460
735;24;18496
735;25;18505
735;26;18618
735;27;18629
735;28;18638
735;29;18698
735;30;18701
735;31;18984
735;32;19097
735;33;19143
735;34;19193
735;35;19202
735;36;19213
736;1;12712
736;2;13342
736;3;13918
736;4;14293
736;5;14766
736;6;15228
736;7;15720
736;8;15878
736;9;15913
736;10;16371
736;11;16392
736;12;16430
736;13;16526
736;14;16639
736;15;16753
736;16;16848
736;17;16859
736;18;17368
736;19;17397
736;20;17446
736;21;17897
736;22;18344
736;23;18824
736;24;18884
736;25;18995
736;26;18996
736;27;19007
736;28;19053
736;29;19084
736;30;19086
736;31;19105
736;32;19126
736;33;19135
737;1;11614
737;2;11625
737;3;11656
737;4;12225
737;5;12699
737;6;12730
737;7;13270
737;8;13324
737;9;13894
737;10;13923
737;11;14385
737;12;14481
737;13;14847
737;14;15247
737;15;15372
737;16;15489
737;17;15522
737;18;15944
737;19;16438
737;20;16955
737;21;17069
737;22;17129
737;23;17705
737;24;17796
737;25;17954
737;26;18456
737;27;18478
737;28;18488
737;29;18579
737;30;18608
737;31;18942
737;32;18943
737;33;18963
737;34;18967
737;35;18993
737;36;19052
737;37;19067
737;38;19078
737;39;19108
737;40;19112
737;41;19142
737;42;19172
737;43;19183
737;44;19205
738;1;12723
738;2;13313
738;3;13889
738;4;13907
738;5;14024
738;6;14629
738;7;14658
738;8;15086
738;9;15121
738;10;15175
738;11;15724
738;12;16154
738;13;16628
738;14;17070
738;15;17096
738;16;17532
738;17;17563
738;18;17606
738;19;17626
738;20;17647
738;21;17743
738;22;17774
738;23;18316
738;24;18433
738;25;18451
738;26;18463
738;27;18918
738;28;18940
738;29;18970
738;30;18990
738;31;19008
738;32;19017
738;33;19095
738;34;19155
739;1;11130
739;2;11247
739;3;11845
739;4;12380
739;5;12893
739;6;13407
739;7;13982
739;8;14569
739;9;15026
739;10;15044
739;11;15103
739;12;15138
739;13;15709
739;14;16128
739;15;16154
739;16;16598
739;17;16650
739;18;16767
739;19;16808
739;20;16858
739;21;17137
739;22;17148
739;23;17696
739;24;17790
739;25;17839
739;26;18341
739;27;18353
739;28;18371
739;29;18445
739;30;18947
739;31;18951
739;32;18986
739;33;18997
739;34;19008
739;35;19026
739;36;19046
739;37;19106
739;38;19117
739;39;19126
740;1;13867
740;2;14417
740;3;14828
740;4;14923
740;5;15445
740;6;16043
740;7;16476
740;8;16504
740;9;17028
740;10;17141
740;11;17258
740;12;17317
740;13;17695
740;14;17713
740;15;17773
740;16;18202
740;17;18234
740;18;18732
740;19;18816
740;20;18836
740;21;18840
740;22;18861
740;23;18921
740;24;18957
740;25;18974
740;26;18994
740;27;19108
740;28;19127
740;29;19138
740;30;19155
740;31;19184
740;32;19204
740;33;19213
741;1;9547
741;2;10116
741;3;10144
741;4;10660
741;5;11207
741;6;11809
741;7;12208
741;8;12322
741;9;12814
741;10;12849
741;11;13481
741;12;13512
741;13;14059
741;14;14635
741;15;15155
741;16;15745
741;17;15841
741;18;16411
741;19;16907
741;20;17395
741;21;17424
741;22;17944
741;23;18481
741;24;18989
741;25;19040
741;26;19135
741;27;19144
741;28;19148
741;29;19168
741;30;19170
741;31;19192
741;32;19213
742;1;11277
742;2;11340
742;3;11798
742;4;12338
742;5;12451
742;6;12505
742;7;13075
742;8;13644
742;9;14276
742;10;14852
742;11;14912
742;12;15029
742;13;15616
742;14;16187
742;15;16679
742;16;16717
742;17;16767
742;18;17331
742;19;17823
742;20;17882
742;21;18391
742;22;18924
742;23;18925
742;24;18936
742;25;18971
742;26;19088
742;27;19147
742;28;19190
742;29;19193
742;30;19205
743;1;12270
743;2;12728
743;3;12759
743;4;13162
743;5;13654
743;6;13762
743;7;13770
743;8;13887
743;9;14457
743;10;14981
743;11;15030
743;12;15552
743;13;15666
743;14;15686
743;15;15721
743;16;16225
743;17;16624
743;18;17211
743;19;17229
743;20;17263
743;21;17838
743;22;17898
743;23;17916
743;24;17933
743;25;18429
743;26;18542
743;27;18566
743;28;18586
743;29;18621
743;30;19036
743;31;19096
743;32;19122
743;33;19125
743;34;19135
743;35;19155
743;36;19200
743;37;19211
743;38;19213
744;1;12641
744;2;12669
744;3;12698
744;4;12747
744;5;13348
744;6;13379
744;7;13994
744;8;14023
744;9;14594
744;10;15167
744;11;15757
744;12;16281
744;13;16745
744;14;16774
744;15;16899
744;16;17379
744;17;17725
744;18;17740
744;19;17793
744;20;17797
744;21;17801
744;22;17821
744;23;17868
744;24;17870
744;25;17905
744;26;18435
744;27;18484
744;28;18544
744;29;18550
744;30;18609
744;31;18614
744;32;19070
744;33;19187
744;34;19211
744;35;19213
745;1;13855
745;2;13933
745;3;14535
745;4;14646
745;5;15097
745;6;15128
745;7;15253
745;8;15691
745;9;15718
745;10;16132
745;11;16150
745;12;16263
745;13;16287
745;14;16671
745;15;17178
745;16;17286
745;17;17306
745;18;17309
745;19;17339
745;20;17374
745;21;17403
745;22;17858
745;23;18335
745;24;18353
745;25;18357
745;26;18377
745;27;18437
745;28;18458
745;29;18862
745;30;18967
745;31;18996
745;32;19014
745;33;19022
745;34;19092
745;35;19100
745;36;19106
745;37;19134
745;38;19155
745;39;19175
745;40;19183
745;41;19213
746;1;12446
746;2;12959
746;3;13591
746;4;13708
746;5;14160
746;6;14248
746;7;14909
746;8;15478
746;9;16076
746;10;16171
746;11;16284
746;12;16738
746;13;16756
746;14;16816
746;15;16831
746;16;16859
746;17;17464
746;18;17495
746;19;17951
746;20;18005
746;21;18040
746;22;18060
746;23;18510
746;24;18900
746;25;18995
746;26;19016
746;27;19045
746;28;19076
746;29;19104
746;30;19121
746;31;19162
746;32;19205
747;1;13379
747;2;13840
747;3;14299
747;4;14410
747;5;14848
747;6;15006
747;7;15507
747;8;15522
747;9;16061
747;10;16614
747;11;17050
747;12;17109
747;13;17660
747;14;17818
747;15;17853
747;16;17942
747;17;17970
747;18;18035
747;19;18113
747;20;18124
747;21;18536
747;22;18987
747;23;19112
747;24;19171
747;25;19185
747;26;19205
748;1;12305
748;2;12463
748;3;12901
748;4;13443
748;5;13979
748;6;14000
748;7;14569
748;8;15095
748;9;15516
748;10;15557
748;11;15616
748;12;15651
748;13;16124
748;14;16174
748;15;16217
748;16;16252
748;17;16365
748;18;16386
748;19;16404
748;20;16874
748;21;17450
748;22;17869
748;23;18361
748;24;18452
748;25;18463
748;26;18498
748;27;18502
748;28;18512
748;29;18835
748;30;18934
748;31;18983
748;32;19009
748;33;19029
748;34;19038
748;35;19039
748;36;19050
748;37;19078
748;38;19100
748;39;19109
748;40;19111
748;41;19135
749;1;12116
749;2;12157
749;3;12207
749;4;12682
749;5;13258
749;6;13805
749;7;14420
749;8;14451
749;9;14807
749;10;15381
749;11;15858
749;12;15889
749;13;16419
749;14;16987
749;15;17619
749;16;17668
749;17;17703
749;18;17762
749;19;18167
749;20;18196
749;21;18736
749;22;18752
749;23;18816
749;24;18865
749;25;18990
749;26;19010
749;27;19040
749;28;19100
749;29;19104
749;30;19112
749;31;19114
749;32;19126
750;1;13883
750;2;13961
750;3;14481
750;4;14895
750;5;15482
750;6;15502
750;7;15598
750;8;16062
750;9;16122
750;10;16635
750;11;16666
750;12;17242
750;13;17263
750;14;17376
750;15;17472
750;16;17937
750;17;17965
750;18;17977
750;19;18002
750;20;18119
750;21;18611
750;22;18637
750;23;18658
750;24;18946
750;25;19071
750;26;19074
750;27;19091
750;28;19103
750;29;19127
751;1;11678
751;2;11795
751;3;12385
751;4;12972
751;5;12993
751;6;13533
751;7;14025
751;8;14534
751;9;14562
751;10;15007
751;11;15038
751;12;15496
751;13;15545
751;14;15640
751;15;15731
751;16;16354
751;17;16393
751;18;16421
751;19;16956
751;20;17390
751;21;17408
751;22;17467
751;23;17496
751;24;17994
751;25;18432
751;26;18434
751;27;18949
751;28;18984
751;29;19033
751;30;19074
751;31;19092
751;32;19094
751;33;19144
751;34;19164
751;35;19168
751;36;19170
751;37;19213
752;1;14510
752;2;14536
752;3;15104
752;4;15145
752;5;15743
752;6;15825
752;7;16299
752;8;16875
752;9;17282
752;10;17795
752;11;17886
752;12;17945
752;13;17976
752;14;18071
752;15;18167
752;16;18195
752;17;18206
752;18;18544
752;19;18603
752;20;18620
752;21;19105
752;22;19109
752;23;19112
752;24;19114
752;25;19126
753;1;9382
753;2;9442
753;3;9874
753;4;10398
753;5;10920
753;6;11495
753;7;11513
753;8;12143
753;9;12694
753;10;13299
753;11;13901
753;12;13930
753;13;14439
753;14;14451
753;15;14565
753;16;14625
753;17;14738
753;18;15314
753;19;15643
753;20;16219
753;21;16268
753;22;16726
753;23;17133
753;24;17230
753;25;17343
753;26;17402
753;27;17877
753;28;18060
753;29;18192
753;30;18213
753;31;18234
753;32;18345
753;33;18441
753;34;18442
753;35;18959
753;36;19018
753;37;19026
753;38;19037
753;39;19039
753;40;19074
753;41;19124
753;42;19133
753;43;19135
754;1;10771
754;2;11209
754;3;11326
754;4;11811
754;5;12324
754;6;12914
754;7;13025
754;8;13142
754;9;13237
754;10;13772
754;11;14202
754;12;14223
754;13;14821
754;14;15345
754;15;15458
754;16;15957
754;17;15985
754;18;16063
754;19;16068
754;20;16500
754;21;16559
754;22;16654
754;23;17230
754;24;17718
754;25;17876
754;26;17935
754;27;18031
754;28;18054
754;29;18528
754;30;18546
754;31;19005
754;32;19119
754;33;19122
754;34;19130
754;35;19158
754;36;19184
754;37;19188
754;38;19211
754;39;19213
755;1;10436
755;2;10987
755;3;11538
755;4;12074
755;5;12650
755;6;13265
755;7;13644
755;8;13670
755;9;13783
755;10;13871
755;11;14367
755;12;14398
755;13;14974
755;14;15041
755;15;15533
755;16;16075
755;17;16582
755;18;16613
755;19;16709
755;20;16768
755;21;17207
755;22;17239
755;23;17327
755;24;17867
755;25;17895
755;26;17955
755;27;18462
755;28;18527
755;29;18531
755;30;18551
755;31;18581
755;32;18602
755;33;18613
755;34;18691
755;35;19123
755;36;19140
755;37;19142
755;38;19162
755;39;19205
756;1;14218
756;2;14767
756;3;15285
756;4;15900
756;5;16017
756;6;16125
756;7;16250
756;8;16285
756;9;16761
756;10;17363
756;11;17458
756;12;17931
756;13;18423
756;14;18798
756;15;18865
756;16;18893
756;17;19006
756;18;19027
756;19;19035
756;20;19058
756;21;19078
756;22;19082
756;23;19084
756;24;19096
756;25;19122
756;26;19140
756;27;19143
756;28;19155
757;1;13953
757;2;14044
757;3;14122
757;4;14709
757;5;15244
757;6;15279
757;7;15771
757;8;15799
757;9;16313
757;10;16333
757;11;16800
757;12;17335
757;13;17346
757;14;17367
757;15;17954
757;16;18242
757;17;18272
757;18;18303
757;19;18964
757;20;19007
757;21;19042
757;22;19053
757;23;19079
757;24;19103
757;25;19162
757;26;19205
758;1;13440
758;2;14030
758;3;14112
758;4;14652
758;5;14743
758;6;15265
758;7;15778
758;8;16297
758;9;16356
758;10;16793
758;11;16824
758;12;17190
758;13;17218
758;14;17238
758;15;17768
758;16;17822
758;17;18295
758;18;18383
758;19;18389
758;20;18407
758;21;18456
758;22;18462
758;23;18491
758;24;18551
758;25;18956
758;26;18992
758;27;19013
758;28;19033
758;29;19093
758;30;19096
758;31;19126
758;32;19135
759;1;11676
759;2;12168
759;3;12737
759;4;13151
759;5;13722
759;6;14320
759;7;14758
759;8;14789
759;9;14902
759;10;14930
759;11;14942
759;12;14970
759;13;15631
759;14;16122
759;15;16140
759;16;16235
759;17;16646
759;18;16734
759;19;16784
759;20;17176
759;21;17232
759;22;17261
759;23;17749
759;24;17862
759;25;17888
759;26;17917
759;27;18262
759;28;18350
759;29;18415
759;30;18972
759;31;18983
759;32;19004
759;33;19022
759;34;19050
759;35;19052
759;36;19073
759;37;19093
759;38;19111
759;39;19126
759;40;19135
760;1;13894
760;2;13950
760;3;14399
760;4;14417
760;5;14885
760;6;15359
760;7;16041
760;8;16059
760;9;16167
760;10;16574
760;11;16665
760;12;17252
760;13;17330
760;14;17856
760;15;17951
760;16;18473
760;17;18486
760;18;18514
760;19;18524
760;20;18543
760;21;18969
760;22;18976
760;23;18986
760;24;19015
760;25;19027
760;26;19031
760;27;19081
760;28;19089
760;29;19130
760;30;19152
760;31;19204
760;32;19205
761;1;11562
761;2;12075
761;3;12192
761;4;12223
761;5;12855
761;6;13315
761;7;13807
761;8;14281
761;9;14828
761;10;15399
761;11;15943
761;12;15969
761;13;16544
761;14;16639
761;15;16717
761;16;17060
761;17;17120
761;18;17129
761;19;17183
761;20;17668
761;21;17735
761;22;17766
761;23;17883
761;24;18423
761;25;18452
761;26;18480
761;27;19038
761;28;19071
761;29;19114
761;30;19143
761;31;19155
762;1;15100
762;2;15534
762;3;15629
762;4;15687
762;5;15782
762;6;16199
762;7;16290
762;8;16349
762;9;16379
762;10;16966
762;11;17457
762;12;17864
762;13;17938
762;14;18351
762;15;18446
762;16;18545
762;17;18552
762;18;18580
762;19;18639
762;20;18640
762;21;19079
762;22;19175
762;23;19195
762;24;19213
763;1;12903
763;2;12907
763;3;13483
763;4;14054
763;5;14058
763;6;14634
763;7;14986
763;8;15058
763;9;15099
763;10;15697
763;11;16131
763;12;16726
763;13;17358
763;14;17369
763;15;17870
763;16;18359
763;17;18418
763;18;18737
763;19;18850
763;20;18908
763;21;18937
763;22;19003
763;23;19024
763;24;19073
763;25;19108
763;26;19128
763;27;19138
763;28;19170
763;29;19181
763;30;19184
763;31;19193
763;32;19194
763;33;19205
763;34;19213
764;1;13616
764;2;14163
764;3;14761
764;4;15296
764;5;15634
764;6;15665
764;7;15722
764;8;16141
764;9;16665
764;10;17208
764;11;17219
764;12;17289
764;13;17306
764;14;17857
764;15;17915
764;16;17974
764;17;18389
764;18;18409
764;19;18526
764;20;18539
764;21;18557
764;22;18607
764;23;18625
764;24;18685
764;25;19127
764;26;19136
765;1;12920
765;2;13467
765;3;13496
765;4;13613
765;5;14105
765;6;14703
765;7;15273
765;8;15860
765;9;16387
765;10;16405
765;11;16974
765;12;17403
765;13;17408
765;14;17779
765;15;17874
765;16;17965
765;17;17974
765;18;18003
765;19;18014
765;20;18057
765;21;18460
765;22;18489
765;23;18976
765;24;19002
765;25;19006
765;26;19068
765;27;19097
765;28;19108
765;29;19113
765;30;19117
765;31;19143
765;32;19183
765;33;19189
765;34;19190
765;35;19213
766;1;13233
766;2;13671
766;3;14038
766;4;14607
766;5;15212
766;6;15233
766;7;15804
766;8;15835
766;9;16315
766;10;16332
766;11;16449
766;12;16562
766;13;17084
766;14;17180
766;15;17200
766;16;17271
766;17;17772
766;18;17886
766;19;17914
766;20;18406
766;21;18434
766;22;18501
766;23;18512
766;24;18561
766;25;18581
766;26;18640
766;27;19170
766;28;19213
767;1;12226
767;2;12740
767;3;13372
767;4;13962
767;5;14623
767;6;14641
767;7;15115
767;8;15499
767;9;16066
767;10;16130
767;11;16654
767;12;16732
767;13;17254
767;14;17371
767;15;17750
767;16;18190
767;17;18212
767;18;18320
767;19;18346
767;20;18396
767;21;18466
767;22;18477
767;23;18908
767;24;18937
767;25;18968
767;26;19024
767;27;19073
767;28;19093
767;29;19104
767;30;19106
767;31;19115
767;32;19136
768;1;13168
768;2;13199
768;3;13712
768;4;14225
768;5;14823
768;6;15350
768;7;15379
768;8;15966
768;9;16429
768;10;16488
768;11;16537
768;12;16654
768;13;17143
768;14;17192
768;15;17223
768;16;17755
768;17;17776
768;18;18352
768;19;18374
768;20;18385
768;21;18859
768;22;18908
768;23;19021
768;24;19039
768;25;19067
768;26;19126
768;27;19127
768;28;19135
769;1;12111
769;2;12181
769;3;12674
769;4;13194
769;5;13197
769;6;13572
769;7;13686
769;8;13803
769;9;13863
769;10;13894
769;11;14432
769;12;14956
769;13;15069
769;14;15620
769;15;16116
769;16;16136
769;17;16165
769;18;16632
769;19;17164
769;20;17649
769;21;17766
769;22;17801
769;23;17848
769;24;18209
769;25;18341
769;26;18452
769;27;18478
769;28;18998
769;29;19008
769;30;19039
769;31;19050
769;32;19145
769;33;19148
769;34;19168
769;35;19191
769;36;19211
769;37;19213
770;1;14455
770;2;14887
770;3;14947
770;4;14978
770;5;15091
770;6;15714
770;7;16319
770;8;16348
770;9;16863
770;10;16898
770;11;17356
770;12;17716
770;13;18195
770;14;18286
770;15;18306
770;16;18327
770;17;18440
770;18;18494
770;19;18508
770;20;18567
770;21;18587
770;22;19129
770;23;19133
770;24;19134
770;25;19136
771;1;14330
771;2;14874
771;3;14892
771;4;15050
771;5;15099
771;6;15127
771;7;15714
771;8;16171
771;9;16288
771;10;16358
771;11;16701
771;12;17049
771;13;17166
771;14;17197
771;15;17223
771;16;17305
771;17;17400
771;18;17429
771;19;17853
771;20;17883
771;21;18000
771;22;18001
771;23;18094
771;24;18105
771;25;18148
771;26;18168
771;27;18171
771;28;18614
771;29;18622
771;30;19134
771;31;19160
771;32;19190
771;33;19205
772;1;13901
772;2;13937
772;3;14373
772;4;14887
772;5;15000
772;6;15021
772;7;15479
772;8;15971
772;9;16478
772;10;17049
772;11;17664
772;12;18215
772;13;18340
772;14;18400
772;15;18827
772;16;18877
772;17;18931
772;18;18951
772;19;19042
772;20;19086
772;21;19106
772;22;19109
772;23;19115
772;24;19135
773;1;11629
773;2;12204
773;3;12802
773;4;13324
773;5;13817
773;6;13866
773;7;13944
773;8;14471
773;9;15022
773;10;15591
773;11;16214
773;12;16219
773;13;16231
773;14;16326
773;15;16906
773;16;17364
773;17;17856
773;18;17867
773;19;18133
773;20;18246
773;21;18342
773;22;18437
773;23;18487
773;24;18497
773;25;18546
773;26;19047
773;27;19097
773;28;19106
773;29;19127
773;30;19135
773;31;19163
773;32;19202
773;33;19213
774;1;13038
774;2;13085
774;3;13767
774;4;14369
774;5;14464
774;6;14575
774;7;15048
774;8;15079
774;9;15116
774;10;15590
774;11;15685
774;12;16261
774;13;16725
774;14;16731
774;15;16856
774;16;17408
774;17;17830
774;18;17865
774;19;17924
774;20;18041
774;21;18532
774;22;18591
774;23;18929
774;24;18988
774;25;19037
774;26;19038
774;27;19110
774;28;19138
774;29;19145
774;30;19188
774;31;19211
774;32;19213
775;1;14546
775;2;14637
775;3;14641
775;4;14719
775;5;15211
775;6;15782
775;7;16257
775;8;16808
775;9;16857
775;10;17376
775;11;17435
775;12;18011
775;13;18046
775;14;18105
775;15;18154
775;16;18452
775;17;18501
775;18;18539
775;19;18559
775;20;18629
775;21;18630
775;22;18679
775;23;19164
775;24;19168
775;25;19211
775;26;19213
776;1;11502
776;2;11960
776;3;12529
776;4;13051
776;5;13598
776;6;14166
776;7;14756
776;8;14782
776;9;15358
776;10;15407
776;11;15899
776;12;16007
776;13;16013
776;14;16019
776;15;16471
776;16;16629
776;17;17184
776;18;17280
776;19;17393
776;20;17816
776;21;17844
776;22;17940
776;23;17960
776;24;18422
776;25;18896
776;26;18927
776;27;19044
776;28;19104
776;29;19132
776;30;19138
776;31;19168
776;32;19211
776;33;19213
777;1;9308
777;2;9821
777;3;10368
777;4;10973
777;5;11575
777;6;12144
777;7;12640
777;8;12735
777;9;12755
777;10;13300
777;11;13746
777;12;13822
777;13;13863
777;14;14358
777;15;14417
777;16;15049
777;17;15078
777;18;15109
777;19;15222
777;20;15347
777;21;15354
777;22;15969
777;23;16461
777;24;16882
777;25;17404
777;26;17433
777;27;17437
777;28;17496
777;29;18029
777;30;18064
777;31;18084
777;32;18418
777;33;18863
777;34;18980
777;35;19039
777;36;19076
777;37;19135
777;38;19136
777;39;19171
777;40;19213
778;1;12559
778;2;13034
778;3;13130
778;4;13574
778;5;14101
778;6;14550
778;7;15104
778;8;15651
778;9;15764
778;10;15793
778;11;15852
778;12;15873
778;13;15950
778;14;16061
778;15;16067
778;16;16098
778;17;16665
778;18;17241
778;19;17355
778;20;17433
778;21;17492
778;22;17859
778;23;17908
778;24;18265
778;25;18311
778;26;18369
778;27;18393
778;28;18979
778;29;19014
778;30;19028
778;31;19046
778;32;19050
778;33;19079
778;34;19089
778;35;19138
778;36;19149
778;37;19192
778;38;19193
778;39;19205
779;1;15125
779;2;15612
779;3;15632
779;4;16124
779;5;16129
779;6;16676
779;7;17125
779;8;17180
779;9;17757
779;10;18103
779;11;18152
779;12;18243
779;13;18255
779;14;18260
779;15;18356
779;16;18373
779;17;18432
779;18;18458
779;19;18967
779;20;18982
779;21;19041
779;22;19049
779;23;19070
779;24;19077
779;25;19081
779;26;19105
779;27;19124
779;28;19150
779;29;19183
779;30;19188
779;31;19190
779;32;19213
780;1;12664
780;2;12723
780;3;13198
780;4;13740
780;5;14213
780;6;14687
780;7;14804
780;8;15277
780;9;15402
780;10;15462
780;11;16067
780;12;16088
780;13;16677
780;14;16727
780;15;17153
780;16;17229
780;17;17342
780;18;17917
780;19;18347
780;20;18355
780;21;18765
780;22;18864
780;23;18882
780;24;18910
780;25;18951
780;26;18982
780;27;18991
780;28;19044
780;29;19104
780;30;19112
780;31;19113
780;32;19115
780;33;19135
781;1;11247
781;2;11870
781;3;12460
781;4;12520
781;5;12619
781;6;13206
781;7;13234
781;8;13803
781;9;14278
781;10;14307
781;11;14878
781;12;15242
781;13;15829
781;14;16404
781;15;16837
781;16;16950
781;17;17273
781;18;17384
781;19;17443
781;20;17539
781;21;18025
781;22;18150
781;23;18199
781;24;18312
781;25;18343
781;26;18384
781;27;18861
781;28;18920
781;29;18938
781;30;18987
781;31;19005
781;32;19013
781;33;19017
781;34;19045
781;35;19046
781;36;19068
782;1;11062
782;2;11630
782;3;12152
782;4;12265
782;5;12869
782;6;13343
782;7;13374
782;8;13491
782;9;13983
782;10;14397
782;11;14755
782;12;15296
782;13;15740
782;14;15758
782;15;15789
782;16;15884
782;17;15919
782;18;16010
782;19;16032
782;20;16480
782;21;16491
782;22;16976
782;23;17023
782;24;17082
782;25;17686
782;26;17735
782;27;17742
782;28;17837
782;29;17857
782;30;17974
782;31;18003
782;32;18053
782;33;18354
782;34;18389
782;35;18407
782;36;18467
782;37;19004
782;38;19024
782;39;19035
782;40;19042
782;41;19077
782;42;19079
782;43;19090
782;44;19159
782;45;19168
782;46;19211
782;47;19213
783;1;12686
783;2;12717
783;3;12752
783;4;12860
783;5;13321
783;6;13796
783;7;13822
783;8;13891
783;9;14016
783;10;14489
783;11;15040
783;12;15066
783;13;15467
783;14;15747
783;15;15807
783;16;15893
783;17;15942
783;18;15973
783;19;16002
783;20;16463
783;21;16576
783;22;16607
783;23;17182
783;24;17241
783;25;17715
783;26;17752
783;27;17763
783;28;17860
783;29;18132
783;30;18243
783;31;18338
783;32;18350
783;33;18458
783;34;18496
783;35;18507
783;36;18548
783;37;18582
783;38;19077
783;39;19127
783;40;19136
784;1;11161
784;2;11634
784;3;12185
784;4;12296
784;5;12802
784;6;12828
784;7;13418
784;8;13496
784;9;14111
784;10;14585
784;11;14603
784;12;14694
784;13;15236
784;14;15783
784;15;16116
784;16;16714
784;17;17290
784;18;17296
784;19;17692
784;20;17740
784;21;17766
784;22;17861
784;23;17881
784;24;18387
784;25;18916
784;26;18941
784;27;18982
784;28;18996
784;29;19091
784;30;19129
784;31;19133
784;32;19135
785;1;13131
785;2;13160
785;3;13821
785;4;13852
785;5;14010
785;6;14123
785;7;14694
785;8;15094
785;9;15621
785;10;15734
785;11;16227
785;12;16719
785;13;17171
785;14;17707
785;15;17733
785;16;17787
785;17;18356
785;18;18383
785;19;18842
785;20;18847
785;21;18867
785;22;18878
785;23;18882
785;24;18942
785;25;18995
785;26;19035
785;27;19089
785;28;19109
785;29;19128
785;30;19187
785;31;19190
785;32;19191
785;33;19193
785;34;19205
786;1;13753
786;2;13788
786;3;13905
786;4;13970
786;5;14539
786;6;15129
786;7;15651
786;8;15682
786;9;15795
786;10;15796
786;11;16288
786;12;16856
786;13;17432
786;14;17828
786;15;18287
786;16;18365
786;17;18441
786;18;18476
786;19;18496
786;20;18613
786;21;18642
786;22;18659
786;23;19120
786;24;19146
786;25;19170
786;26;19213
787;1;12197
787;2;12669
787;3;13142
787;4;13655
787;5;13681
787;6;13716
787;7;14249
787;8;14277
787;9;14853
787;10;14907
787;11;14966
787;12;15013
787;13;15557
787;14;15586
787;15;16051
787;16;16084
787;17;16095
787;18;16157
787;19;16163
787;20;16172
787;21;16207
787;22;16618
787;23;16650
787;24;17194
787;25;17215
787;26;17246
787;27;17815
787;28;17863
787;29;17881
787;30;18383
787;31;18450
787;32;18526
787;33;18576
787;34;19131
787;35;19172
787;36;19183
787;37;19200
787;38;19211
787;39;19213
788;1;13171
788;2;13285
788;3;13801
788;4;13832
788;5;14323
788;6;14921
788;7;15034
788;8;15581
788;9;15698
788;10;16249
788;11;16743
788;12;17256
788;13;17274
788;14;17295
788;15;17787
788;16;18338
788;17;18391
788;18;18409
788;19;18465
788;20;18500
788;21;19027
788;22;19086
788;23;19135
788;24;19178
788;25;19204
788;26;19205
789;1;13140
789;2;13720
789;3;13755
789;4;14387
789;5;14930
789;6;14950
789;7;15519
789;8;15550
789;9;15663
789;10;15713
789;11;16160
789;12;16255
789;13;16859
789;14;17446
789;15;17921
789;16;17981
789;17;18010
789;18;18127
789;19;18223
789;20;18579
789;21;18601
789;22;18667
789;23;19009
789;24;19105
789;25;19126
789;26;19146
789;27;19155
790;1;13135
790;2;13293
790;3;13729
790;4;14243
790;5;14904
790;6;15021
790;7;15036
790;8;15576
790;9;15643
790;10;16118
790;11;16178
790;12;16213
790;13;16764
790;14;16818
790;15;17233
790;16;17324
790;17;17328
790;18;17915
790;19;18340
790;20;18453
790;21;18502
790;22;18513
790;23;18529
790;24;18558
790;25;18907
790;26;18967
790;27;19084
790;28;19091
790;29;19092
790;30;19103
790;31;19126
790;32;19146
790;33;19155
791;1;10401
791;2;10917
791;3;11391
791;4;11921
791;5;12519
791;6;12528
791;7;12606
791;8;13155
791;9;13691
791;10;13711
791;11;14315
791;12;14856
791;13;15458
791;14;15571
791;15;16063
791;16;16112
791;17;16165
791;18;16692
791;19;16696
791;20;16791
791;21;16843
791;22;17418
791;23;17439
791;24;17801
791;25;17909
791;26;18276
791;27;18335
791;28;18448
791;29;18485
791;30;19005
791;31;19029
791;32;19046
791;33;19059
791;34;19068
791;35;19079
791;36;19094
791;37;19112
791;38;19124
791;39;19135
792;1;13689
792;2;14230
792;3;14834
792;4;15308
792;5;15783
792;6;15832
792;7;16402
792;8;16894
792;9;17496
792;10;17613
792;11;17708
792;12;17813
792;13;18389
792;14;18411
792;15;18980
792;16;19015
792;17;19074
792;18;19170
792;19;19171
792;20;19193
792;21;19205
793;1;14670
793;2;15226
793;3;15816
793;4;16374
793;5;16487
793;6;17056
793;7;17152
793;8;17170
793;9;17453
793;10;17488
793;11;17613
793;12;17616
793;13;17724
793;14;17753
793;15;17755
793;16;17868
793;17;18386
793;18;18889
793;19;18924
793;20;18945
793;21;18955
793;22;18964
793;23;18984
793;24;19024
793;25;19028
793;26;19142
793;27;19153
793;28;19162
793;29;19171
793;30;19205
794;1;11767
794;2;12399
794;3;12808
794;4;13431
794;5;13861
794;6;14324
794;7;14437
794;8;14894
794;9;15319
794;10;15889
794;11;16014
794;12;16536
794;13;16554
794;14;16625
794;15;16653
794;16;16670
794;17;17123
794;18;17158
794;19;17189
794;20;17713
794;21;17741
794;22;17808
794;23;17925
794;24;17953
794;25;17996
794;26;18405
794;27;18440
794;28;18471
794;29;18488
794;30;18509
794;31;18520
794;32;18531
794;33;18540
794;34;18549
794;35;19112
794;36;19117
794;37;19135
794;38;19136
795;1;12811
795;2;13249
795;3;13357
795;4;13378
795;5;13398
795;6;13810
795;7;14386
795;8;14414
795;9;14965
795;10;15078
795;11;15588
795;12;15623
795;13;16150
795;14;16241
795;15;16714
795;16;17188
795;17;17266
795;18;17755
795;19;17839
795;20;17934
795;21;18022
795;22;18035
795;23;18043
795;24;18063
795;25;18092
795;26;18613
795;27;18633
795;28;18659
795;29;18938
795;30;18995
795;31;19055
795;32;19088
795;33;19108
795;34;19110
795;35;19151
795;36;19181
795;37;19205
796;1;12367
796;2;12918
796;3;13600
796;4;14058
796;5;14571
796;6;15111
796;7;15716
796;8;15807
796;9;16075
796;10;16186
796;11;16264
796;12;16381
796;13;16819
796;14;16839
796;15;16846
796;16;17461
796;17;17489
796;18;17986
796;19;18403
796;20;18528
796;21;18554
796;22;18583
796;23;18642
796;24;18922
796;25;19039
796;26;19051
796;27;19058
796;28;19067
796;29;19117
796;30;19135
797;1;13867
797;2;13887
797;3;14455
797;4;14867
797;5;15417
797;6;15446
797;7;15467
797;8;16065
797;9;16747
797;10;16775
797;11;16883
797;12;16914
797;13;17010
797;14;17497
797;15;17515
797;16;17978
797;17;18451
797;18;18546
797;19;18943
797;20;18972
797;21;19015
797;22;19018
797;23;19022
797;24;19048
797;25;19055
797;26;19072
797;27;19099
797;28;19110
797;29;19112
797;30;19127
798;1;12040
798;2;12533
798;3;12650
798;4;13201
798;5;13799
798;6;13894
798;7;14367
798;8;14825
798;9;15300
798;10;15847
798;11;15917
798;12;15971
798;13;16020
798;14;16040
798;15;16118
798;16;16541
798;17;16596
798;18;16678
798;19;17280
798;20;17772
798;21;17800
798;22;17880
798;23;17906
798;24;17926
798;25;17955
798;26;17966
798;27;18427
798;28;18522
798;29;18542
798;30;19025
798;31;19074
798;32;19095
798;33;19117
799;1;12207
799;2;12256
799;3;12769
799;4;13320
799;5;13855
799;6;14328
799;7;14875
799;8;15426
799;9;15995
799;10;16474
799;11;16503
799;12;16598
799;13;16715
799;14;16764
799;15;17227
799;16;17793
799;17;17821
799;18;17899
799;19;17994
799;20;18474
799;21;18570
799;22;19017
799;23;19038
799;24;19074
799;25;19085
799;26;19145
799;27;19146
799;28;19153
799;29;19161
799;30;19170
799;31;19189
799;32;19202
799;33;19213
800;1;12667
800;2;13254
800;3;13789
800;4;14236
800;5;14668
800;6;14715
800;7;15206
800;8;15319
800;9;15951
800;10;16076
800;11;16111
800;12;16142
800;13;16171
800;14;16187
800;15;16711
800;16;17309
800;17;17327
800;18;17335
800;19;17407
800;20;17768
800;21;18247
800;22;18818
800;23;18943
800;24;18961
800;25;19033
800;26;19128
800;27;19135
800;28;19144
800;29;19148
800;30;19168
800;31;19169
800;32;19171
800;33;19190
800;34;19193
800;35;19205
801;1;12182
801;2;12822
801;3;13330
801;4;13351
801;5;13898
801;6;14371
801;7;14389
801;8;14978
801;9;15027
801;10;15617
801;11;16157
801;12;16636
801;13;16667
801;14;17218
801;15;17335
801;16;17651
801;17;17711
801;18;17770
801;19;18217
801;20;18317
801;21;18345
801;22;18830
801;23;18919
801;24;19027
801;25;19086
801;26;19114
801;27;19135
801;28;19155
802;1;13994
802;2;14529
802;3;14583
802;4;14594
802;5;14612
802;6;15086
802;7;15522
802;8;15988
802;9;16055
802;10;16547
802;11;16664
802;12;16682
802;13;17202
802;14;17738
802;15;17816
802;16;18392
802;17;18766
802;18;18891
802;19;18922
802;20;18950
802;21;18972
802;22;19000
802;23;19031
802;24;19109
802;25;19126
802;26;19135
802;27;19164
803;1;11857
803;2;12385
803;3;12498
803;4;13074
803;5;13566
803;6;14181
803;7;14241
803;8;14812
803;9;15387
803;10;15901
803;11;15937
803;12;15965
803;13;16024
803;14;16065
803;15;16539
803;16;16545
803;17;17150
803;18;17244
803;19;17731
803;20;18145
803;21;18188
803;22;18325
803;23;18384
803;24;18689
803;25;18785
803;26;18790
803;27;18898
803;28;18902
803;29;18926
803;30;18934
803;31;18955
803;32;19047
803;33;19077
803;34;19112
803;35;19171
803;36;19185
803;37;19205
804;1;13347
804;2;13898
804;3;14439
804;4;14450
804;5;14921
804;6;15519
804;7;15615
804;8;15664
804;9;15693
804;10;15696
804;11;15714
804;12;16218
804;13;16793
804;14;16870
804;15;17344
804;16;17426
804;17;17450
804;18;17561
804;19;17567
804;20;18096
804;21;18107
804;22;18580
804;23;18608
804;24;19093
804;25;19171
804;26;19213
805;1;12200
805;2;12768
805;3;12809
805;4;13378
805;5;13940
805;6;13998
805;7;14089
805;8;14694
805;9;14725
805;10;14784
805;11;15319
805;12;15779
805;13;16345
805;14;16810
805;15;17302
805;16;17312
805;17;17338
805;18;17909
805;19;18300
805;20;18319
805;21;18327
805;22;18387
805;23;18504
805;24;19079
805;25;19129
805;26;19131
805;27;19164
806;1;13632
806;2;13745
806;3;14347
806;4;14869
806;5;14897
806;6;15430
806;7;15792
806;8;15909
806;9;16367
806;10;16775
806;11;16870
806;12;16919
806;13;17470
806;14;17567
806;15;18045
806;16;18561
806;17;18572
806;18;19064
806;19;19084
806;20;19105
806;21;19119
806;22;19169
806;23;19183
806;24;19185
806;25;19205
807;1;11340
807;2;11366
807;3;11964
807;4;12538
807;5;12566
807;6;12674
807;7;13166
807;8;13781
807;9;14357
807;10;14388
807;11;14901
807;12;14961
807;13;15391
807;14;15461
807;15;15921
807;16;16522
807;17;16582
807;18;16632
807;19;16745
807;20;17292
807;21;17750
807;22;17831
807;23;17909
807;24;18286
807;25;18304
807;26;18305
807;27;18336
807;28;18372
807;29;18390
807;30;18808
807;31;18826
807;32;18933
807;33;18983
807;34;19026
807;35;19104
807;36;19134
807;37;19136
808;1;11237
808;2;11869
808;3;12439
808;4;12907
808;5;13380
808;6;13450
808;7;13575
808;8;14067
808;9;14682
808;10;14790
808;11;15196
808;12;15649
808;13;16184
808;14;16771
808;15;17256
808;16;17305
808;17;17822
808;18;17833
808;19;18384
808;20;18434
808;21;18872
808;22;18957
808;23;19011
808;24;19013
808;25;19024
808;26;19073
808;27;19084
808;28;19180
808;29;19190
808;30;19213
809;1;12877
809;2;13401
809;3;13914
809;4;13942
809;5;14059
809;6;14068
809;7;14619
809;8;14966
809;9;15091
809;10;15496
809;11;15988
809;12;16564
809;13;16655
809;14;16677
809;15;17300
809;16;17349
809;17;17885
809;18;17907
809;19;18511
809;20;19078
809;21;19103
809;22;19124
809;23;19144
809;24;19155
809;25;19164
810;1;13344
810;2;13880
810;3;14255
810;4;14314
810;5;14975
810;6;15004
810;7;15496
810;8;16020
810;9;16532
810;10;17134
810;11;17650
810;12;17745
810;13;17763
810;14;17774
810;15;17887
810;16;17906
810;17;18450
810;18;18468
810;19;18945
810;20;18954
810;21;19014
810;22;19045
810;23;19065
810;24;19100
810;25;19144
810;26;19176
810;27;19187
810;28;19190
810;29;19211
810;30;19213
811;1;14531
811;2;15060
811;3;15629
811;4;15675
811;5;15713
811;6;16260
811;7;16771
811;8;17227
811;9;17340
811;10;17911
811;11;18432
811;12;18895
811;13;18923
811;14;18940
811;15;18958
811;16;18972
811;17;19000
811;18;19050
811;19;19059
811;20;19108
811;21;19126
811;22;19204
811;23;19205
812;1;11541
812;2;12131
812;3;12718
812;4;13231
812;5;13704
812;6;14228
812;7;14720
812;8;15247
812;9;15845
812;10;16416
812;11;16447
812;12;16934
812;13;16975
812;14;17088
812;15;17635
812;16;17752
812;17;17812
812;18;17937
812;19;18448
812;20;18494
812;21;18497
812;22;18871
812;23;18900
812;24;18996
812;25;19045
812;26;19105
812;27;19135
812;28;19136
813;1;11688
813;2;11747
813;3;12352
813;4;12706
813;5;12820
813;6;13385
813;7;13946
813;8;14063
813;9;14537
813;10;15080
813;11;15193
813;12;15685
813;13;16010
813;14;16692
813;15;17262
813;16;17280
813;17;17659
813;18;17679
813;19;17707
813;20;17820
813;21;17870
813;22;17947
813;23;17976
813;24;18372
813;25;18421
813;26;18432
813;27;18481
813;28;18940
813;29;18944
813;30;19057
813;31;19117
813;32;19135
813;33;19136
814;1;12070
814;2;12195
814;3;12617
814;4;13141
814;5;13654
814;6;13713
814;7;13742
814;8;14200
814;9;14229
814;10;14258
814;11;14719
814;12;15162
814;13;15697
814;14;15732
814;15;15781
814;16;16368
814;17;16479
814;18;16481
814;19;17061
814;20;17081
814;21;17172
814;22;17174
814;23;17647
814;24;17764
814;25;18339
814;26;18367
814;27;18938
814;28;18997
814;29;19032
814;30;19033
814;31;19059
814;32;19071
814;33;19073
814;34;19093
814;35;19096
814;36;19117
814;37;19126
815;1;13867
815;2;14304
815;3;14406
815;4;14514
815;5;15175
815;6;15571
815;7;16120
815;8;16633
815;9;16637
815;10;16686
815;11;16690
815;12;16701
815;13;16774
815;14;17233
815;15;17318
815;16;17654
815;17;18050
815;18;18145
815;19;18258
815;20;18873
815;21;18932
815;22;18979
815;23;19096
815;24;19127
815;25;19155
815;26;19205
815;27;19213
816;1;15051
816;2;15168
816;3;15661
816;4;16035
816;5;16152
816;6;16163
816;7;16191
816;8;16598
816;9;17097
816;10;17135
816;11;17248
816;12;17343
816;13;17835
816;14;17846
816;15;18422
816;16;18459
816;17;18509
816;18;18856
816;19;18909
816;20;18959
816;21;18975
816;22;19016
816;23;19045
816;24;19056
816;25;19105
816;26;19109
816;27;19110
816;28;19130
816;29;19139
816;30;19182
816;31;19211
816;32;19213
817;1;15897
817;2;16579
817;3;16608
817;4;17114
817;5;17231
817;6;17541
817;7;17557
817;8;17934
817;9;17958
817;10;18053
817;11;18131
817;12;18170
817;13;18622
817;14;18643
817;15;18721
817;16;18834
817;17;18923
817;18;18935
817;19;18946
817;20;18974
817;21;18992
817;22;18998
817;23;19006
817;24;19019
817;25;19028
817;26;19069
817;27;19091
817;28;19112
817;29;19113
817;30;19121
817;31;19132
817;32;19191
817;33;19193
817;34;19205
818;1;13007
818;2;13637
818;3;14224
818;4;14775
818;5;15213
818;6;15782
818;7;16200
818;8;16558
818;9;16671
818;10;16726
818;11;17108
818;12;17219
818;13;17314
818;14;17427
818;15;17746
818;16;17863
818;17;17892
818;18;17942
818;19;17951
818;20;18436
818;21;18471
818;22;18475
818;23;18493
818;24;18515
818;25;18575
818;26;18606
818;27;18634
818;28;18954
818;29;18972
818;30;18977
818;31;19027
818;32;19086
818;33;19127
818;34;19135
819;1;13285
819;2;13854
819;3;14395
819;4;14887
819;5;14936
819;6;15463
819;7;16019
819;8;16136
819;9;16187
819;10;16282
819;11;16311
819;12;16818
819;13;16868
819;14;16876
819;15;17396
819;16;17797
819;17;17894
819;18;17929
819;19;17989
819;20;18010
819;21;18406
819;22;18763
819;23;18783
819;24;18900
819;25;18976
819;26;18983
819;27;18991
819;28;19011
819;29;19106
819;30;19110
819;31;19131
819;32;19169
819;33;19171
819;34;19185
819;35;19205
820;1;14127
820;2;14187
820;3;14650
820;4;14685
820;5;14745
820;6;15313
820;7;15862
820;8;16160
820;9;16211
820;10;16607
820;11;17110
820;12;17235
820;13;17554
820;14;17667
820;15;17708
820;16;18144
820;17;18261
820;18;18269
820;19;18382
820;20;18396
820;21;18454
820;22;18491
820;23;18509
820;24;18854
820;25;18938
820;26;18969
820;27;18976
820;28;19005
820;29;19100
820;30;19149
820;31;19192
820;32;19213
821;1;12692
821;2;13205
821;3;13300
821;4;13792
821;5;14346
821;6;14921
821;7;15038
821;8;15129
821;9;15157
821;10;15235
821;11;15727
821;12;16232
821;13;16792
821;14;17262
821;15;17729
821;16;17842
821;17;18361
821;18;18380
821;19;18814
821;20;18832
821;21;18915
821;22;18919
821;23;18941
821;24;18969
821;25;18971
821;26;18982
821;27;19018
821;28;19027
821;29;19042
821;30;19053
821;31;19112
821;32;19115
821;33;19116
821;34;19127
822;1;12057
822;2;12077
822;3;12172
822;4;12719
822;5;12805
822;6;13373
822;7;13847
822;8;14369
822;9;14861
822;10;15352
822;11;15927
822;12;16532
822;13;16649
822;14;17239
822;15;17257
822;16;17827
822;17;17940
822;18;17968
822;19;17979
822;20;18453
822;21;18966
822;22;18984
822;23;19079
822;24;19103
822;25;19162
822;26;19170
822;27;19202
822;28;19213
823;1;12069
823;2;12701
823;3;12797
823;4;13287
823;5;13827
823;6;14431
823;7;14522
823;8;14554
823;9;15141
823;10;15668
823;11;16149
823;12;16157
823;13;16642
823;14;17083
823;15;17111
823;16;17673
823;17;17701
823;18;17757
823;19;17874
823;20;17892
823;21;18005
823;22;18033
823;23;18447
823;24;18483
823;25;18519
823;26;18567
823;27;18587
823;28;18646
823;29;18667
823;30;18690
823;31;18991
823;32;19027
823;33;19045
823;34;19074
823;35;19104
823;36;19126
823;37;19127
823;38;19136
824;1;12448
824;2;13018
824;3;13641
824;4;14209
824;5;14326
824;6;14439
824;7;15008
824;8;15019
824;9;15048
824;10;15584
824;11;16057
824;12;16659
824;13;17193
824;14;17606
824;15;17619
824;16;17732
824;17;17741
824;18;17829
824;19;17857
824;20;18391
824;21;18883
824;22;18891
824;23;18910
824;24;18931
824;25;18951
824;26;18979
824;27;19096
824;28;19117
824;29;19135
825;1;15458
825;2;15931
825;3;16482
825;4;16577
825;5;17027
825;6;17087
825;7;17662
825;8;17693
825;9;17801
825;10;17816
825;11;17892
825;12;18009
825;13;18383
825;14;18496
825;15;18524
825;16;18921
825;17;18932
825;18;18938
825;19;18988
825;20;19008
825;21;19010
825;22;19019
825;23;19068
825;24;19109
825;25;19126
826;1;14964
826;2;15540
826;3;15904
826;4;16502
826;5;16979
826;6;17096
826;7;17567
826;8;17680
826;9;18175
826;10;18199
826;11;18266
826;12;18287
826;13;18294
826;14;18312
826;15;18927
826;16;18986
826;17;18997
826;18;19017
826;19;19077
826;20;19093
826;21;19102
826;22;19126
826;23;19135
826;24;19136
827;1;9676
827;2;9767
827;3;10149
827;4;10685
827;5;11177
827;6;11728
827;7;12242
827;8;12725
827;9;12850
827;10;13293
827;11;13785
827;12;14264
827;13;14377
827;14;14890
827;15;14921
827;16;14922
827;17;14957
827;18;15431
827;19;15548
827;20;16021
827;21;16590
827;22;17166
827;23;17184
827;24;17195
827;25;17212
827;26;17271
827;27;17273
827;28;17836
827;29;18295
827;30;18403
827;31;18452
827;32;18511
827;33;18554
827;34;18567
827;35;18602
827;36;19027
827;37;19075
827;38;19090
827;39;19133
827;40;19144
827;41;19155
828;1;11143
828;2;11205
828;3;11727
828;4;12254
828;5;12809
828;6;13360
828;7;13856
828;8;14432
828;9;14450
828;10;15003
828;11;15116
828;12;15194
828;13;15591
828;14;15665
828;15;16252
828;16;16273
828;17;16795
828;18;17346
828;19;17459
828;20;17998
828;21;18003
828;22;18540
828;23;18590
828;24;18623
828;25;19020
828;26;19046
828;27;19052
828;28;19111
828;29;19126
829;1;10789
829;2;11443
829;3;12012
829;4;12502
829;5;12627
829;6;13101
829;7;13521
829;8;14043
829;9;14565
829;10;15023
829;11;15438
829;12;15533
829;13;15562
829;14;15624
829;15;16036
829;16;16127
829;17;16158
829;18;16631
829;19;17111
829;20;17158
829;21;17727
829;22;17753
829;23;17812
829;24;18230
829;25;18273
829;26;18332
829;27;18907
829;28;19020
829;29;19027
829;30;19068
829;31;19076
829;32;19102
829;33;19151
829;34;19171
829;35;19172
829;36;19181
829;37;19184
829;38;19205
830;1;14540
830;2;14600
830;3;15169
830;4;15711
830;5;15722
830;6;16149
830;7;16545
830;8;16571
830;9;16684
830;10;17147
830;11;17639
830;12;17752
830;13;17869
830;14;17905
830;15;18324
830;16;18335
830;17;18410
830;18;18414
830;19;18474
830;20;19001
830;21;19060
830;22;19109
830;23;19111
830;24;19126
831;1;13283
831;2;13858
831;3;13889
831;4;14376
831;5;14953
831;6;15504
831;7;15993
831;8;16562
831;9;16600
831;10;16647
831;11;17223
831;12;17272
831;13;17764
831;14;18258
831;15;18317
831;16;18348
831;17;18406
831;18;18426
831;19;18462
831;20;18491
831;21;18550
831;22;19062
831;23;19074
831;24;19103
831;25;19105
831;26;19117
831;27;19126
832;1;10879
832;2;11352
832;3;11463
832;4;11955
832;5;12559
832;6;13051
832;7;13489
832;8;13500
832;9;13959
832;10;14534
832;11;14538
832;12;15125
832;13;15556
832;14;15597
832;15;15670
832;16;16190
832;17;16730
832;18;17297
832;19;17824
832;20;17842
832;21;18340
832;22;18371
832;23;18466
832;24;18562
832;25;19081
832;26;19103
832;27;19153
832;28;19162
832;29;19205
833;1;14377
833;2;15009
833;3;15122
833;4;15566
833;5;15625
833;6;16090
833;7;16661
833;8;17237
833;9;17328
833;10;17875
833;11;17951
833;12;17980
833;13;18006
833;14;18029
833;15;18604
833;16;18639
833;17;18653
833;18;18712
833;19;18721
833;20;19022
833;21;19040
833;22;19118
833;23;19135
834;1;10912
834;2;11573
834;3;12011
834;4;12060
834;5;12518
834;6;13056
834;7;13173
834;8;13691
834;9;14289
834;10;14859
834;11;15399
834;12;15512
834;13;16114
834;14;16589
834;15;17179
834;16;17660
834;17;17785
834;18;17880
834;19;18343
834;20;18456
834;21;18466
834;22;18516
834;23;18575
834;24;18610
834;25;19104
834;26;19130
834;27;19190
834;28;19213
835;1;11635
835;2;12206
835;3;12638
835;4;13160
835;5;13656
835;6;14268
835;7;14363
835;8;14939
835;9;15309
835;10;15359
835;11;15928
835;12;16045
835;13;16076
835;14;16105
835;15;16216
835;16;16226
835;17;16276
835;18;16307
835;19;16617
835;20;17155
835;21;17251
835;22;17342
835;23;17455
835;24;17936
835;25;17972
835;26;17980
835;27;18000
835;28;18462
835;29;18522
835;30;19007
835;31;19120
835;32;19126
835;33;19135
836;1;10878
836;2;10937
836;3;11505
836;4;12040
836;5;12638
836;6;12729
836;7;13280
836;8;13300
836;9;13842
836;10;14317
836;11;14412
836;12;14948
836;13;15535
836;14;15940
836;15;16006
836;16;16512
836;17;16533
836;18;16568
836;19;16579
836;20;17181
836;21;17222
836;22;17244
836;23;17352
836;24;17776
836;25;17835
836;26;18124
836;27;18241
836;28;18349
836;29;18354
836;30;18357
836;31;18392
836;32;18804
836;33;18921
836;34;18929
836;35;19046
836;36;19066
836;37;19067
836;38;19126
837;1;12183
837;2;12296
837;3;12847
837;4;13316
837;5;13774
837;6;13932
837;7;14379
837;8;14496
837;9;14621
837;10;15095
837;11;15401
837;12;15412
837;13;15500
837;14;15591
837;15;15650
837;16;16252
837;17;16821
837;18;17230
837;19;17770
837;20;17799
837;21;18375
837;22;18403
837;23;18516
837;24;18557
837;25;18564
837;26;18573
837;27;18585
837;28;18589
837;29;18613
837;30;18691
837;31;18713
837;32;19164
837;33;19193
837;34;19205
838;1;11502
838;2;12104
838;3;12765
838;4;12793
838;5;13190
838;6;13523
838;7;14037
838;8;14606
838;9;15110
838;10;15170
838;11;15180
838;12;15717
838;13;15825
838;14;15916
838;15;15975
838;16;16100
838;17;16733
838;18;17309
838;19;17335
838;20;17810
838;21;17860
838;22;18373
838;23;18418
838;24;18438
838;25;18459
838;26;18477
838;27;19018
838;28;19022
838;29;19036
838;30;19085
838;31;19144
838;32;19146
838;33;19149
838;34;19150
838;35;19193
838;36;19205
839;1;12860
839;2;12881
839;3;13394
839;4;13934
839;5;13994
839;6;14467
839;7;14496
839;8;14554
839;9;15046
839;10;15573
839;11;15602
839;12;16078
839;13;16647
839;14;17245
839;15;17667
839;16;17717
839;17;18287
839;18;18307
839;19;18352
839;20;18412
839;21;18453
839;22;18885
839;23;18935
839;24;18942
839;25;18963
839;26;19074
839;27;19096
839;28;19155
839;29;19164
840;1;12112
840;2;12570
840;3;13062
840;4;13631
840;5;13756
840;6;14307
840;7;14849
840;8;15414
840;9;15510
840;10;15621
840;11;15967
840;12;16433
840;13;16546
840;14;17115
840;15;17229
840;16;17250
840;17;17317
840;18;17328
840;19;17357
840;20;17407
840;21;17784
840;22;17869
840;23;18404
840;24;18421
840;25;18445
840;26;18494
840;27;18950
840;28;19062
840;29;19099
840;30;19119
840;31;19121
840;32;19199
840;33;19202
840;34;19213
841;1;9207
841;2;9727
841;3;9747
841;4;9807
841;5;9965
841;6;10501
841;7;11052
841;8;11667
841;9;12100
841;10;12118
841;11;12144
841;12;12714
841;13;13290
841;14;13785
841;15;13834
841;16;13947
841;17;13982
841;18;13995
841;19;14016
841;20;14516
841;21;14545
841;22;14604
841;23;15202
841;24;15220
841;25;15697
841;26;15717
841;27;15752
841;28;16193
841;29;16514
841;30;16613
841;31;17200
841;32;17692
841;33;18168
841;34;18282
841;35;18395
841;36;18455
841;37;18514
841;38;18525
841;39;18603
841;40;18616
841;41;18636
841;42;19127
841;43;19136
842;1;11866
842;2;12481
842;3;13050
842;4;13163
842;5;13653
842;6;14128
842;7;14751
842;8;14800
842;9;15387
842;10;15475
842;11;15588
842;12;15683
842;13;16219
842;14;16677
842;15;16727
842;16;17208
842;17;17255
842;18;17266
842;19;17295
842;20;17301
842;21;17350
842;22;17885
842;23;17913
842;24;18426
842;25;18536
842;26;18595
842;27;19146
842;28;19189
842;29;19190
842;30;19205
842;31;19213
843;1;13186
843;2;13703
843;3;14176
843;4;14745
843;5;14771
843;6;15306
843;7;15853
843;8;15886
843;9;15935
843;10;15953
843;11;16551
843;12;16615
843;13;16664
843;14;17233
843;15;17835
843;16;17894
843;17;17929
843;18;17989
843;19;18044
843;20;18536
843;21;18950
843;22;18953
843;23;18963
843;24;18997
843;25;19025
843;26;19033
843;27;19056
843;28;19067
843;29;19091
843;30;19109
843;31;19111
843;32;19112
843;33;19127
844;1;14329
844;2;14905
844;3;15427
844;4;16002
844;5;16023
844;6;16083
844;7;16578
844;8;16691
844;9;17176
844;10;17723
844;11;18312
844;12;18322
844;13;18344
844;14;18370
844;15;18861
844;16;18958
844;17;19036
844;18;19131
844;19;19146
844;20;19155
844;21;19175
844;22;19195
844;23;19213
845;1;11073
845;2;11664
845;3;12177
845;4;12198
845;5;12680
845;6;13341
845;7;13876
845;8;14390
845;9;14414
845;10;15012
845;11;15517
845;12;16107
845;13;16136
845;14;16167
845;15;16711
845;16;16719
845;17;16814
845;18;16972
845;19;17369
845;20;17397
845;21;17457
845;22;17978
845;23;17984
845;24;18043
845;25;18090
845;26;18139
845;27;18159
845;28;18170
845;29;18700
845;30;18984
845;31;19097
845;32;19114
845;33;19115
845;34;19135
846;1;13852
846;2;13948
846;3;13976
846;4;14534
846;5;15136
846;6;15711
846;7;16222
846;8;16282
846;9;16303
846;10;16700
846;11;17064
846;12;17586
846;13;17614
846;14;17668
846;15;17699
846;16;17758
846;17;17818
846;18;17935
846;19;18426
846;20;18521
846;21;19017
846;22;19046
846;23;19049
846;24;19069
846;25;19086
846;26;19136
846;27;19169
846;28;19199
846;29;19200
846;30;19211
846;31;19213
847;1;12683
847;2;13175
847;3;13289
847;4;13733
847;5;13850
847;6;14386
847;7;14397
847;8;14493
847;9;15044
847;10;15093
847;11;15124
847;12;15141
847;13;15739
847;14;16227
847;15;16738
847;16;17280
847;17;17856
847;18;17973
847;19;18032
847;20;18069
847;21;18128
847;22;18654
847;23;19017
847;24;19067
847;25;19110
847;26;19127
847;27;19136
848;1;12825
848;2;12860
848;3;13465
848;4;14069
848;5;14090
848;6;14334
848;7;14802
848;8;14880
848;9;15495
848;10;16156
848;11;16185
848;12;16677
848;13;16773
848;14;17207
848;15;17320
848;16;17355
848;17;17734
848;18;18172
848;19;18267
848;20;18653
848;21;18778
848;22;18895
848;23;19008
848;24;19034
848;25;19069
848;26;19078
848;27;19098
848;28;19099
848;29;19110
848;30;19119
848;31;19137
848;32;19138
848;33;19149
848;34;19159
848;35;19169
848;36;19171
848;37;19213
849;1;11949
849;2;12554
849;3;12583
849;4;13110
849;5;13223
849;6;13282
849;7;13671
849;8;13767
849;9;14309
849;10;14896
849;11;15334
849;12;15847
849;13;16423
849;14;16511
849;15;16571
849;16;16602
849;17;16652
849;18;16664
849;19;17153
849;20;17188
849;21;17283
849;22;17396
849;23;17994
849;24;18366
849;25;18444
849;26;18472
849;27;18476
849;28;18567
849;29;18598
849;30;19040
849;31;19049
849;32;19099
849;33;19140
849;34;19142
849;35;19162
849;36;19205
850;1;13781
850;2;13876
850;3;14339
850;4;14359
850;5;14815
850;6;14846
850;7;14908
850;8;15003
850;9;15606
850;10;16104
850;11;16133
850;12;16159
850;13;16255
850;14;16363
850;15;16745
850;16;16765
850;17;17336
850;18;17395
850;19;17426
850;20;17858
850;21;17899
850;22;17928
850;23;17977
850;24;18553
850;25;18987
850;26;19057
850;27;19078
850;28;19095
850;29;19115
850;30;19126
850;31;19161
850;32;19162
850;33;19194
850;34;19205
851;1;14382
851;2;14857
851;3;15518
851;4;15536
851;5;15859
851;6;15877
851;7;15972
851;8;16577
851;9;17167
851;10;17280
851;11;17701
851;12;17716
851;13;18150
851;14;18263
851;15;18294
851;16;18354
851;17;18375
851;18;18424
851;19;18428
851;20;18524
851;21;18583
851;22;18591
851;23;18644
852;1;10579
852;2;11169
852;3;11588
852;4;11616
852;5;11645
852;6;12159
852;7;12625
852;8;13223
852;9;13791
852;10;14342
852;11;14363
852;12;14857
852;13;14971
852;14;15444
852;15;15473
852;16;15493
852;17;15584
852;18;16153
852;19;16835
852;20;17268
852;21;17342
852;22;17774
852;23;17891
852;24;17941
852;25;18512
852;26;18534
852;27;18593
852;28;18594
852;29;18653
852;30;18991
852;31;19050
852;32;19100
852;33;19117
852;34;19126
853;1;12474
853;2;12500
853;3;13123
853;4;13713
853;5;13733
853;6;13782
853;7;13807
853;8;14376
853;9;14868
853;10;15360
853;11;15848
853;12;15876
853;13;15907
853;14;15985
853;15;16020
853;16;16572
853;17;16574
853;18;16609
853;19;16637
853;20;17113
853;21;17154
853;22;17214
853;23;17227
853;24;17239
853;25;17293
853;26;17376
853;27;17426
853;28;17461
853;29;17771
853;30;17792
853;31;17821
853;32;17849
853;33;17855
853;34;17862
853;35;17915
853;36;17950
853;37;18009
853;38;18040
853;39;18058
853;40;18609
853;41;19053
853;42;19062
853;43;19091
853;44;19140
853;45;19170
853;46;19171
853;47;19185
853;48;19205
854;1;12760
854;2;13282
854;3;13869
854;4;14372
854;5;14987
854;6;15498
854;7;15910
854;8;16005
854;9;16016
854;10;16038
854;11;16512
854;12;16516
854;13;17091
854;14;17556
854;15;18049
854;16;18162
854;17;18279
854;18;18299
854;19;18333
854;20;18880
854;21;18890
854;22;18909
854;23;19022
854;24;19118
854;25;19126
854;26;19135
855;1;11448
855;2;11804
855;3;11854
855;4;12423
855;5;12999
855;6;13048
855;7;13159
855;8;13219
855;9;13821
855;10;13899
855;11;14355
855;12;14766
855;13;14879
855;14;15469
855;15;16006
855;16;16035
855;17;16113
855;18;16144
855;19;16163
855;20;16258
855;21;16750
855;22;16908
855;23;17381
855;24;17932
855;25;17960
855;26;17971
855;27;17972
855;28;18451
855;29;18500
855;30;18536
855;31;18571
855;32;18630
855;33;19142
855;34;19153
855;35;19162
855;36;19170
855;37;19213
856;1;12599
856;2;12649
856;3;13087
856;4;13200
856;5;13673
856;6;14186
856;7;14809
856;8;14923
856;9;15513
856;10;16099
856;11;16460
856;12;16952
856;13;17539
856;14;17585
856;15;17663
856;16;17728
856;17;18213
856;18;18242
856;19;18337
856;20;18368
856;21;18972
856;22;19015
856;23;19106
856;24;19110
856;25;19121
856;26;19143
856;27;19155
857;1;10141
857;2;10182
857;3;10758
857;4;11271
857;5;11861
857;6;12315
857;7;12885
857;8;13398
857;9;13920
857;10;14447
857;11;14538
857;12;14542
857;13;14999
857;14;15116
857;15;15652
857;16;16225
857;17;16683
857;18;17160
857;19;17171
857;20;17266
857;21;17284
857;22;17340
857;23;17381
857;24;17385
857;25;17416
857;26;17434
857;27;17851
857;28;18218
857;29;18268
857;30;18393
857;31;18969
857;32;18987
857;33;19065
857;34;19098
857;35;19102
857;36;19162
857;37;19164
858;1;15597
858;2;16195
858;3;16253
858;4;16264
858;5;16717
858;6;16737
858;7;17277
858;8;17653
858;9;17764
858;10;18425
858;11;18427
858;12;18462
858;13;18501
858;14;18522
858;15;18600
858;16;18620
858;17;18649
858;18;18669
858;19;18729
858;20;19111
858;21;19115
858;22;19118
858;23;19153
858;24;19163
858;25;19213
859;1;13101
859;2;13533
859;3;14074
859;4;14598
859;5;14658
859;6;15127
859;7;15590
859;8;16113
859;9;16177
859;10;16212
859;11;16792
859;12;17305
859;13;17743
859;14;17810
859;15;17875
859;16;17889
859;17;17949
859;18;17982
859;19;18017
859;20;18038
859;21;18400
859;22;18478
859;23;18556
859;24;18591
859;25;18611
859;26;19008
859;27;19103
859;28;19153
859;29;19161
859;30;19175
859;31;19185
859;32;19205
859;33;19213
860;1;14439
860;2;14450
860;3;15018
860;4;15135
860;5;15593
860;6;16162
860;7;16690
860;8;16721
860;9;17353
860;10;17381
860;11;17482
860;12;17577
860;13;17992
860;14;18023
860;15;18475
860;16;18592
860;17;18618
860;18;18954
860;19;19014
860;20;19031
860;21;19060
860;22;19072
860;23;19077
860;24;19106
860;25;19115
860;26;19126
861;1;11554
861;2;12097
861;3;12701
861;4;13272
861;5;13719
861;6;13836
861;7;14405
861;8;14496
861;9;14507
861;10;15082
861;11;15658
861;12;15708
861;13;16276
861;14;16317
861;15;16867
861;16;17472
861;17;17492
861;18;18025
861;19;18463
861;20;18576
861;21;18951
861;22;18955
861;23;18990
861;24;19103
861;25;19112
861;26;19121
861;27;19170
861;28;19213
862;1;13663
862;2;14198
862;3;14774
862;4;14803
862;5;14821
862;6;15423
862;7;15451
862;8;15564
862;9;16056
862;10;16512
862;11;16625
862;12;16739
862;13;16771
862;14;17342
862;15;17635
862;16;18188
862;17;18203
862;18;18649
862;19;18678
862;20;18706
862;21;18805
862;22;18846
862;23;18887
862;24;18980
862;25;19000
862;26;19007
862;27;19086
862;28;19164
862;29;19175
862;30;19205
863;1;11721
863;2;12256
863;3;12858
863;4;12876
863;5;13445
863;6;13559
863;7;13900
863;8;13941
863;9;14433
863;10;14528
863;11;14532
863;12;15101
863;13;15608
863;14;16213
863;15;16326
863;16;16901
863;17;17181
863;18;17717
863;19;18230
863;20;18321
863;21;18368
863;22;18388
863;23;18502
863;24;18781
863;25;18809
863;26;18835
863;27;18948
863;28;18951
863;29;18989
863;30;19007
863;31;19075
863;32;19086
863;33;19112
863;34;19135
863;35;19170
863;36;19213
864;1;10200
864;2;10313
864;3;10928
864;4;11395
864;5;11966
864;6;12124
864;7;12660
864;8;13247
864;9;13685
864;10;14269
864;11;14365
864;12;14874
864;13;15401
864;14;15923
864;15;15940
864;16;16509
864;17;16626
864;18;17194
864;19;17653
864;20;17713
864;21;17830
864;22;17856
864;23;17891
864;24;17940
864;25;18049
864;26;18424
864;27;18515
864;28;19062
864;29;19082
864;30;19131
864;31;19174
864;32;19177
864;33;19181
864;34;19211
864;35;19213
865;1;13048
865;2;13544
865;3;14058
865;4;14609
865;5;14700
865;6;15247
865;7;15697
865;8;16248
865;9;16365
865;10;16955
865;11;17418
865;12;17444
865;13;17918
865;14;18026
865;15;18085
865;16;18114
865;17;18174
865;18;18646
865;19;18999
865;20;19112
865;21;19168
865;22;19188
865;23;19191
865;24;19193
865;25;19205
866;1;13319
866;2;13432
866;3;13926
866;4;14343
866;5;14369
866;6;14389
866;7;14825
866;8;15415
866;9;15426
866;10;15444
866;11;15490
866;12;15507
866;13;15531
866;14;15580
866;15;15611
866;16;16068
866;17;16193
866;18;16666
866;19;16684
866;20;17100
866;21;17168
866;22;17218
866;23;17688
866;24;17779
866;25;17799
866;26;17811
866;27;17832
866;28;17881
866;29;18332
866;30;18361
866;31;18375
866;32;18488
866;33;18509
866;34;18529
866;35;18564
866;36;18565
866;37;18602
866;38;19029
866;39;19105
866;40;19140
866;41;19169
866;42;19171
866;43;19190
866;44;19213
867;1;13676
867;2;13705
867;3;14273
867;4;14793
867;5;15395
867;6;15506
867;7;15885
867;8;16421
867;9;16546
867;10;17110
867;11;17686
867;12;17794
867;13;17911
867;14;18403
867;15;18944
867;16;18975
867;17;19004
867;18;19006
867;19;19027
867;20;19038
867;21;19056
867;22;19060
867;23;19081
867;24;19084
867;25;19104
867;26;19112
867;27;19114
867;28;19135
868;1;13258
868;2;13346
868;3;13948
868;4;13968
868;5;14495
868;6;14927
868;7;15517
868;8;15630
868;9;15721
868;10;15732
868;11;16093
868;12;16585
868;13;17082
868;14;17095
868;15;17115
868;16;17133
868;17;17737
868;18;18254
868;19;18289
868;20;18447
868;21;18510
868;22;18531
868;23;18560
868;24;18586
868;25;18597
868;26;19082
868;27;19085
868;28;19105
868;29;19115
868;30;19164
868;31;19207
868;32;19211
868;33;19213
869;1;11697
869;2;12248
869;3;12775
869;4;13193
869;5;13306
869;6;13764
869;7;14304
869;8;14354
869;9;14813
869;10;15389
869;11;15864
869;12;16466
869;13;16925
869;14;17476
869;15;17511
869;16;17552
869;17;17555
869;18;17611
869;19;17689
869;20;17717
869;21;18244
869;22;18290
869;23;18386
869;24;18414
869;25;18445
869;26;18473
869;27;18533
869;28;18559
869;29;19075
869;30;19078
869;31;19079
869;32;19090
869;33;19109
869;34;19112
869;35;19114
869;36;19115
869;37;19127
870;1;12378
870;2;12468
870;3;12503
870;4;12504
870;5;12525
870;6;12998
870;7;13566
870;8;13997
870;9;14548
870;10;15163
870;11;15595
870;12;16277
870;13;16831
870;14;17305
870;15;17903
870;16;17938
870;17;18419
870;18;18428
870;19;18469
870;20;18473
870;21;18523
870;22;18898
870;23;18994
870;24;19015
870;25;19043
870;26;19103
870;27;19105
870;28;19114
870;29;19126
870;30;19155
871;1;14809
871;2;14840
871;3;15416
871;4;15518
871;5;16069
871;6;16095
871;7;16138
871;8;16175
871;9;16744
871;10;16755
871;11;17092
871;12;17138
871;13;17164
871;14;17199
871;15;17684
871;16;17701
871;17;17720
871;18;17738
871;19;17787
871;20;17878
871;21;17937
871;22;17987
871;23;18457
871;24;18812
871;25;18847
871;26;18907
871;27;19015
871;28;19026
871;29;19046
871;30;19050
871;31;19109
871;32;19176
871;33;19187
871;34;19189
871;35;19192
871;36;19204
871;37;19205
872;1;15301
872;2;15361
872;3;15429
872;4;16031
872;5;16066
872;6;16224
872;7;16640
872;8;16660
872;9;17055
872;10;17114
872;11;17228
872;12;17317
872;13;17748
872;14;18221
872;15;18677
872;16;18773
872;17;18868
872;18;18979
872;19;18996
872;20;19022
872;21;19031
872;22;19068
872;23;19127
872;24;19136
873;1;13185
873;2;13698
873;3;14190
873;4;14234
873;5;14747
873;6;14872
873;7;15441
873;8;15855
873;9;15950
873;10;16526
873;11;16546
873;12;17138
873;13;17169
873;14;17178
873;15;17570
873;16;17683
873;17;18141
873;18;18174
873;19;18223
873;20;18340
873;21;18882
873;22;18977
873;23;19010
873;24;19088
873;25;19202
873;26;19213
874;1;13051
874;2;13627
874;3;14084
874;4;14674
874;5;15225
874;6;15338
874;7;15860
874;8;16458
874;9;16554
874;10;16558
874;11;16612
874;12;17068
874;13;17637
874;14;17722
874;15;18214
874;16;18325
874;17;18374
874;18;18409
874;19;18468
874;20;18479
874;21;18798
874;22;18876
874;23;18993
874;24;19028
874;25;19057
874;26;19083
874;27;19117
874;28;19166
874;29;19178
874;30;19182
874;31;19193
874;32;19194
874;33;19205
875;1;13964
875;2;14024
875;3;14053
875;4;14545
875;5;14987
875;6;15509
875;7;15939
875;8;16056
875;9;16110
875;10;16554
875;11;17129
875;12;17698
875;13;17757
875;14;17766
875;15;17816
875;16;18431
875;17;18542
875;18;18880
875;19;18882
875;20;18902
875;21;18979
875;22;18997
875;23;19025
875;24;19084
875;25;19119
875;26;19168
875;27;19211
875;28;19213
876;1;11440
876;2;11847
876;3;12452
876;4;12486
876;5;12979
876;6;13515
876;7;14145
876;8;14735
876;9;15246
876;10;15869
876;11;15897
876;12;15926
876;13;16418
876;14;16496
876;15;17098
876;16;17645
876;17;17674
876;18;17687
876;19;17746
876;20;17841
876;21;17873
876;22;17919
876;23;17979
876;24;18029
876;25;18605
876;26;19001
876;27;19097
876;28;19108
876;29;19138
876;30;19139
876;31;19150
876;32;19159
876;33;19181
876;34;19193
876;35;19204
876;36;19205
877;1;12968
877;2;13481
877;3;13960
877;4;13995
877;5;14542
877;6;14916
877;7;15295
877;8;15330
877;9;15390
877;10;15408
877;11;15451
877;12;15867
877;13;15958
877;14;16421
877;15;16441
877;16;17045
877;17;17094
877;18;17123
877;19;17660
877;20;18321
877;21;18416
877;22;18424
877;23;18431
877;24;18451
877;25;18469
877;26;18481
877;27;18499
877;28;18533
877;29;18537
877;30;19070
877;31;19081
877;32;19082
877;33;19123
877;34;19125
877;35;19145
877;36;19174
877;37;19204
877;38;19205
878;1;11882
878;2;12543
878;3;12910
878;4;13480
878;5;13588
878;6;13606
878;7;14023
878;8;14547
878;9;14672
878;10;14713
878;11;15136
878;12;15156
878;13;15174
878;14;15764
878;15;15769
878;16;16320
878;17;16321
878;18;16375
878;19;16378
878;20;16495
878;21;16958
878;22;17066
878;23;17126
878;24;17239
878;25;17823
878;26;17872
878;27;17893
878;28;17911
878;29;18374
878;30;18485
878;31;18509
878;32;18537
878;33;18558
878;34;19078
878;35;19087
878;36;19092
878;37;19094
878;38;19109
878;39;19126
878;40;19135
879;1;12102
879;2;12649
879;3;12678
879;4;13222
879;5;13713
879;6;14321
879;7;14801
879;8;14887
879;9;14905
879;10;15259
879;11;15376
879;12;15966
879;13;16036
879;14;16077
879;15;16594
879;16;16664
879;17;16685
879;18;17148
879;19;17155
879;20;17588
879;21;17705
879;22;17819
879;23;18366
879;24;18395
879;25;18454
879;26;18456
879;27;18457
879;28;18485
879;29;19056
879;30;19115
879;31;19133
879;32;19135
880;1;13883
880;2;13996
880;3;14397
880;4;14425
880;5;14538
880;6;15170
880;7;15662
880;8;16098
880;9;16117
880;10;16481
880;11;16865
880;12;16978
880;13;17565
880;14;17609
880;15;17726
880;16;18316
880;17;18830
880;18;18831
880;19;18922
880;20;18940
880;21;18989
880;22;18994
880;23;19107
880;24;19142
880;25;19143
880;26;19154
880;27;19213
881;1;13924
881;2;14471
881;3;15073
881;4;15382
881;5;15507
881;6;15525
881;7;16000
881;8;16117
881;9;16639
881;10;16703
881;11;16731
881;12;16781
881;13;16859
881;14;17247
881;15;17678
881;16;17803
881;17;17862
881;18;18262
881;19;18379
881;20;18428
881;21;18448
881;22;18487
881;23;18913
881;24;18948
881;25;19008
881;26;19013
881;27;19130
881;28;19140
881;29;19164
881;30;19213
882;1;12567
882;2;13012
882;3;13534
882;4;13651
882;5;13721
882;6;14326
882;7;14895
882;8;15020
882;9;15571
882;10;16141
882;11;16712
882;12;17186
882;13;17762
882;14;17793
882;15;17906
882;16;18320
882;17;18338
882;18;18359
882;19;18387
882;20;18810
882;21;18851
882;22;18918
882;23;18940
882;24;18975
882;25;18986
882;26;19035
882;27;19057
882;28;19117
882;29;19135
883;1;12815
883;2;13402
883;3;13929
883;4;13947
883;5;14439
883;6;14474
883;7;14523
883;8;14941
883;9;15000
883;10;15454
883;11;15612
883;12;16181
883;13;16240
883;14;16700
883;15;16758
883;16;17214
883;17;17622
883;18;17780
883;19;18198
883;20;18289
883;21;18311
883;22;18402
883;23;18411
883;24;18993
883;25;19052
883;26;19093
883;27;19105
883;28;19127
883;29;19135
883;30;19136
884;1;10952
884;2;11512
884;3;11607
884;4;11636
884;5;12187
884;6;12625
884;7;13138
884;8;13714
884;9;13831
884;10;14323
884;11;14334
884;12;14767
884;13;15336
884;14;15871
884;15;15984
884;16;16487
884;17;16979
884;18;17389
884;19;17448
884;20;17480
884;21;17597
884;22;17693
884;23;18240
884;24;18299
884;25;18316
884;26;18691
884;27;18717
884;28;18745
884;29;18786
884;30;18894
884;31;18990
884;32;19040
884;33;19051
884;34;19069
884;35;19094
884;36;19100
884;37;19111
884;38;19112
884;39;19135
885;1;13665
885;2;13760
885;3;14329
885;4;14944
885;5;15531
885;6;15549
885;7;15578
885;8;16118
885;9;16665
885;10;16776
885;11;17327
885;12;17661
885;13;17774
885;14;17833
885;15;17864
885;16;17878
885;17;17995
885;18;18487
885;19;19091
885;20;19103
885;21;19121
885;22;19170
885;23;19204
885;24;19205
886;1;11642
886;2;12217
886;3;12739
886;4;13231
886;5;13290
886;6;13837
886;7;13866
886;8;13896
886;9;13914
886;10;13974
886;11;14498
886;12;15013
886;13;15044
886;14;15519
886;15;15554
886;16;16064
886;17;16651
886;18;16746
886;19;16764
886;20;16800
886;21;17423
886;22;17444
886;23;17803
886;24;17831
886;25;18323
886;26;18383
886;27;18784
886;28;18868
886;29;18888
886;30;19013
886;31;19044
886;32;19093
886;33;19117
886;34;19126
886;35;19135
887;1;14266
887;2;14268
887;3;14311
887;4;14882
887;5;14913
887;6;15021
887;7;15049
887;8;15166
887;9;15167
887;10;15198
887;11;15774
887;12;16234
887;13;16254
887;14;16362
887;15;16836
887;16;16895
887;17;17426
887;18;17948
887;19;17979
887;20;18028
887;21;18049
887;22;18060
887;23;18531
887;24;18560
887;25;18591
887;26;18602
887;27;18608
887;28;18637
887;29;19012
887;30;19129
887;31;19140
887;32;19150
887;33;19193
887;34;19213
888;1;13812
888;2;13861
888;3;14432
888;4;14442
888;5;14757
888;6;15195
888;7;15735
888;8;15766
888;9;15777
888;10;15874
888;11;15985
888;12;16464
888;13;16556
888;14;17199
888;15;17734
888;16;17752
888;17;18266
888;18;18383
888;19;18442
888;20;18990
888;21;19001
888;22;19022
888;23;19100
888;24;19133
888;25;19138
888;26;19140
888;27;19155
889;1;14496
889;2;15020
889;3;15607
889;4;16177
889;5;16730
889;6;16748
889;7;16865
889;8;17224
889;9;17332
889;10;17361
889;11;17381
889;12;17903
889;13;18016
889;14;18482
889;15;18974
889;16;19033
889;17;19041
889;18;19050
889;19;19087
889;20;19108
889;21;19138
889;22;19167
889;23;19169
889;24;19192
889;25;19213
890;1;10759
890;2;11330
890;3;11795
890;4;12393
890;5;12907
890;6;13509
890;7;13510
890;8;14100
890;9;14559
890;10;15106
890;11;15220
890;12;15315
890;13;15428
890;14;16015
890;15;16173
890;16;16554
890;17;17005
890;18;17083
890;19;17118
890;20;17168
890;21;17197
890;22;17694
890;23;17720
890;24;17798
890;25;17809
890;26;17926
890;27;18350
890;28;18400
890;29;18940
890;30;19036
890;31;19077
890;32;19084
890;33;19095
890;34;19112
890;35;19127
890;36;19136
891;1;12735
891;2;13131
891;3;13591
891;4;14127
891;5;14619
891;6;14647
891;7;14688
891;8;14783
891;9;14868
891;10;15437
891;11;15496
891;12;15613
891;13;16067
891;14;16643
891;15;16756
891;16;16787
891;17;16862
891;18;17433
891;19;17768
891;20;17796
891;21;18409
891;22;18438
891;23;18461
891;24;18487
891;25;18929
891;26;18988
891;27;19028
891;28;19036
891;29;19077
891;30;19097
891;31;19100
891;32;19135
891;33;19156
891;34;19199
891;35;19211
891;36;19213
892;1;13159
892;2;13187
892;3;13756
892;4;14326
892;5;14818
892;6;14847
892;7;15361
892;8;15912
892;9;15933
892;10;16504
892;11;16601
892;12;16636
892;13;17150
892;14;17726
892;15;17839
892;16;17935
892;17;17963
892;18;18013
892;19;18488
892;20;18547
892;21;19084
892;22;19091
892;23;19105
892;24;19135
892;25;19136
893;1;14875
893;2;15386
893;3;15474
893;4;15587
893;5;16069
893;6;16692
893;7;16800
893;8;17347
893;9;17378
893;10;17437
893;11;17481
893;12;17891
893;13;18285
893;14;18363
893;15;18373
893;16;18831
893;17;18878
893;18;18942
893;19;19019
893;20;19037
893;21;19086
893;22;19114
893;23;19135
893;24;19139
893;25;19161
893;26;19162
893;27;19205
894;1;12502
894;2;13071
894;3;13131
894;4;13721
894;5;14319
894;6;14828
894;7;15342
894;8;15371
894;9;15940
894;10;16053
894;11;16115
894;12;16666
894;13;17151
894;14;17182
894;15;17695
894;16;17789
894;17;17817
894;18;17828
894;19;17870
894;20;18309
894;21;18344
894;22;18920
894;23;18961
894;24;18990
894;25;19052
894;26;19080
894;27;19139
894;28;19199
894;29;19207
894;30;19211
894;31;19213
895;1;11235
895;2;11639
895;3;12118
895;4;12517
895;5;13019
895;6;13606
895;7;13764
895;8;14325
895;9;14403
895;10;14857
895;11;14906
895;12;14994
895;13;15592
895;14;16119
895;15;16582
895;16;16696
895;17;17124
895;18;17502
895;19;17580
895;20;17688
895;21;17813
895;22;17830
895;23;17897
895;24;18378
895;25;18407
895;26;18456
895;27;18840
895;28;18957
895;29;19006
895;30;19084
895;31;19092
895;32;19103
895;33;19113
895;34;19133
895;35;19134
895;36;19136
896;1;12950
896;2;13075
896;3;13095
896;4;13587
896;5;14068
896;6;14103
896;7;14191
896;8;14666
896;9;14774
896;10;15316
896;11;15906
896;12;16001
896;13;16603
896;14;17190
896;15;17240
896;16;17261
896;17;17378
896;18;17884
896;19;18302
896;20;18369
896;21;18377
896;22;18397
896;23;18415
896;24;18510
896;25;18528
896;26;18949
896;27;18984
896;28;19079
896;29;19122
896;30;19125
896;31;19184
896;32;19205
896;33;19213
897;1;13914
897;2;14537
897;3;14555
897;4;14933
897;5;15047
897;6;15649
897;7;15719
897;8;16290
897;9;16817
897;10;17223
897;11;17231
897;12;17344
897;13;17375
897;14;17626
897;15;17686
897;16;17766
897;17;17815
897;18;17928
897;19;18392
897;20;18923
897;21;18983
897;22;18984
897;23;19043
897;24;19054
897;25;19104
897;26;19113
897;27;19124
897;28;19135
897;29;19213
898;1;12279
898;2;12940
898;3;13036
898;4;13651
898;5;13680
898;6;14218
898;7;14729
898;8;15221
898;9;15695
898;10;16249
898;11;16278
898;12;16880
898;13;17318
898;14;17777
898;15;18346
898;16;18394
898;17;18886
898;18;18992
898;19;19059
898;20;19070
898;21;19074
898;22;19096
898;23;19097
898;24;19117
898;25;19126
898;26;19135
899;1;10667
899;2;11159
899;3;11782
899;4;11813
899;5;11926
899;6;12495
899;7;12524
899;8;12920
899;9;13399
899;10;13953
899;11;14445
899;12;14486
899;13;15057
899;14;15644
899;15;15672
899;16;16207
899;17;16783
899;18;16900
899;19;17388
899;20;17423
899;21;17454
899;22;17851
899;23;18402
899;24;18515
899;25;18969
899;26;18986
899;27;19003
899;28;19106
899;29;19130
899;30;19135
899;31;19137
899;32;19140
899;33;19170
899;34;19213
900;1;13668
900;2;14258
900;3;14888
900;4;14919
900;5;15480
900;6;15576
900;7;16121
900;8;16602
900;9;16645
900;10;17136
900;11;17167
900;12;17737
900;13;17807
900;14;18247
900;15;18364
900;16;18460
900;17;18573
900;18;18594
900;19;18602
900;20;19085
900;21;19089
900;22;19091
900;23;19110
900;24;19140
900;25;19143
900;26;19155
901;1;12027
901;2;12681
901;3;13173
901;4;13556
901;5;14171
901;6;14202
901;7;14800
901;8;15273
901;9;15369
901;10;15748
901;11;15856
901;12;16517
901;13;16608
901;14;17039
901;15;17067
901;16;17078
901;17;17141
901;18;17236
901;19;17799
901;20;18350
901;21;18842
901;22;18937
901;23;18953
901;24;18973
901;25;19033
901;26;19051
901;27;19079
901;28;19081
901;29;19086
901;30;19135
902;1;13158
902;2;13540
902;3;13618
902;4;14194
902;5;14763
902;6;15255
902;7;15340
902;8;15369
902;9;15856
902;10;16312
902;11;16756
902;12;16867
902;13;16896
902;14;16989
902;15;17147
902;16;17476
902;17;18035
902;18;18131
902;19;18159
902;20;18208
902;21;18256
902;22;18297
902;23;18301
902;24;18373
902;25;18394
902;26;18490
902;27;18518
902;28;18557
902;29;18583
902;30;18603
902;31;18604
902;32;18621
902;33;18645
902;34;19134
902;35;19136
903;1;14289
903;2;14887
903;3;14950
903;4;15045
903;5;15586
903;6;15656
903;7;15991
903;8;16011
903;9;16480
903;10;16500
903;11;16613
903;12;16662
903;13;17235
903;14;17771
903;15;18177
903;16;18198
903;17;18718
903;18;18756
903;19;18822
903;20;18873
903;21;18913
903;22;18925
903;23;18992
903;24;19051
903;25;19100
903;26;19104
903;27;19109
903;28;19112
903;29;19114
903;30;19126
904;1;11193
904;2;11224
904;3;11716
904;4;12292
904;5;12320
904;6;12856
904;7;13517
904;8;13990
904;9;14531
904;10;14964
904;11;15014
904;12;15629
904;13;15658
904;14;16263
904;15;16380
904;16;16859
904;17;17355
904;18;17766
904;19;17777
904;20;18269
904;21;18318
904;22;18409
904;23;18464
904;24;18469
904;25;18499
904;26;18519
904;27;18579
904;28;18590
904;29;19055
904;30;19088
904;31;19123
904;32;19166
904;33;19199
904;34;19202
904;35;19213
905;1;12854
905;2;12872
905;3;13344
905;4;13946
905;5;14468
905;6;15058
905;7;15087
905;8;15607
905;9;16150
905;10;16689
905;11;17241
905;12;17336
905;13;17427
905;14;17486
905;15;17876
905;16;18395
905;17;18508
905;18;18936
905;19;18971
905;20;19021
905;21;19081
905;22;19111
905;23;19129
905;24;19148
905;25;19152
905;26;19200
905;27;19211
905;28;19213
906;1;13006
906;2;13123
906;3;13182
906;4;13694
906;5;13729
906;6;14029
906;7;14078
906;8;14565
906;9;14972
906;10;15548
906;11;16152
906;12;16170
906;13;16229
906;14;16721
906;15;17132
906;16;17142
906;17;17233
906;18;17243
906;19;17278
906;20;17718
906;21;18279
906;22;18387
906;23;18841
906;24;18882
906;25;18917
906;26;18921
906;27;18958
906;28;18987
906;29;18993
906;30;19042
906;31;19062
906;32;19079
906;33;19103
906;34;19112
906;35;19133
906;36;19135
907;1;11881
907;2;12513
907;3;13053
907;4;13082
907;5;13743
907;6;13830
907;7;14434
907;8;14925
907;9;14984
907;10;15034
907;11;15393
907;12;15506
907;13;15969
907;14;16033
907;15;16540
907;16;16592
907;17;16610
907;18;16955
907;19;17050
907;20;17081
907;21;17632
907;22;17667
907;23;18063
907;24;18176
907;25;18236
907;26;18280
907;27;18371
907;28;18399
907;29;18817
907;30;18975
907;31;18995
907;32;19031
907;33;19091
907;34;19098
907;35;19099
907;36;19110
907;37;19112
907;38;19153
907;39;19160
907;40;19171
907;41;19190
907;42;19205
908;1;12884
908;2;13455
908;3;13817
908;4;14404
908;5;14862
908;6;14921
908;7;15434
908;8;15896
908;9;15924
908;10;15935
908;11;16453
908;12;16876
908;13;17452
908;14;17565
908;15;17679
908;16;17790
908;17;18191
908;18;18250
908;19;18363
908;20;18400
908;21;18404
908;22;18415
908;23;18474
908;24;18965
908;25;18975
908;26;19004
908;27;19035
908;28;19109
908;29;19129
908;30;19135
908;31;19136
908;32;19164
908;33;19193
908;34;19205
909;1;14421
909;2;15082
909;3;15651
909;4;16281
909;5;16340
909;6;16358
909;7;16963
909;8;17429
909;9;17896
909;10;18013
909;11;18033
909;12;18078
909;13;18497
909;14;18518
909;15;18547
909;16;18664
909;17;18675
909;18;19032
909;19;19128
909;20;19129
909;21;19188
909;22;19211
909;23;19213
910;1;13175
910;2;13242
910;3;13253
910;4;13665
910;5;14263
910;6;14266
910;7;14294
910;8;14776
910;9;15241
910;10;15781
910;11;15802
910;12;15851
910;13;16412
910;14;16520
910;15;16631
910;16;17205
910;17;17264
910;18;17274
910;19;17844
910;20;17907
910;21;17918
910;22;17957
910;23;18479
910;24;18486
910;25;18490
910;26;18586
910;27;18645
910;28;18646
910;29;18657
910;30;18677
910;31;18687
910;32;18698
910;33;19081
910;34;19140
910;35;19142
910;36;19162
910;37;19205
911;1;9616
911;2;9704
911;3;10214
911;4;10273
911;5;10888
911;6;11346
911;7;11859
911;8;12414
911;9;12984
911;10;13015
911;11;13056
911;12;13412
911;13;13948
911;14;14381
911;15;14498
911;16;15022
911;17;15025
911;18;15042
911;19;15068
911;20;15637
911;21;15678
911;22;16041
911;23;16076
911;24;16107
911;25;16599
911;26;17174
911;27;17223
911;28;17704
911;29;17738
911;30;17749
911;31;17866
911;32;17891
911;33;17919
911;34;18400
911;35;18429
911;36;18475
911;37;18501
911;38;18510
911;39;18928
911;40;18937
911;41;18957
911;42;19065
911;43;19114
911;44;19157
911;45;19159
911;46;19189
911;47;19190
911;48;19205
912;1;12522
912;2;13069
912;3;13165
912;4;13704
912;5;13732
912;6;13823
912;7;13843
912;8;13903
912;9;14011
912;10;14505
912;11;14534
912;12;15121
912;13;15661
912;14;16231
912;15;16272
912;16;16342
912;17;16827
912;18;16915
912;19;17437
912;20;17447
912;21;17939
912;22;18415
912;23;18465
912;24;18467
912;25;18496
912;26;18562
912;27;18581
912;28;19054
912;29;19091
912;30;19112
912;31;19121
912;32;19133
912;33;19142
912;34;19162
912;35;19164
913;1;13160
913;2;13762
913;3;13788
913;4;13879
913;5;14358
913;6;14913
913;7;15030
913;8;15628
913;9;16101
913;10;16132
913;11;16668
913;12;17169
913;13;17228
913;14;17803
913;15;18350
913;16;18445
913;17;18465
913;18;18473
913;19;18522
913;20;18639
913;21;18645
913;22;18995
913;23;19108
913;24;19128
913;25;19129
913;26;19172
913;27;19181
913;28;19205
913;29;19213
914;1;11187
914;2;11791
914;3;12473
914;4;13042
914;5;13657
914;6;14158
914;7;14672
914;8;14789
914;9;15288
914;10;15761
914;11;16195
914;12;16215
914;13;16785
914;14;16820
914;15;16848
914;16;16902
914;17;17478
914;18;17875
914;19;18348
914;20;18444
914;21;18470
914;22;18884
914;23;19001
914;24;19050
914;25;19079
914;26;19114
914;27;19135
914;28;19168
914;29;19211
914;30;19213
915;1;15141
915;2;15745
915;3;16082
915;4;16110
915;5;16708
915;6;17277
915;7;17306
915;8;17799
915;9;17912
915;10;17990
915;11;18463
915;12;18512
915;13;19039
915;14;19043
915;15;19054
915;16;19059
915;17;19079
915;18;19112
915;19;19120
915;20;19129
915;21;19135
915;22;19164
916;1;13076
916;2;13172
916;3;13211
916;4;13773
916;5;14371
916;6;14878
916;7;14906
916;8;15475
916;9;16031
916;10;16415
916;11;16901
916;12;16960
916;13;17500
916;14;17531
916;15;17591
916;16;17708
916;17;18277
916;18;18390
916;19;18879
916;20;18957
916;21;19068
916;22;19127
916;23;19138
916;24;19140
916;25;19155
917;1;13033
917;2;13146
917;3;13181
917;4;13728
917;5;14203
917;6;14723
917;7;14782
917;8;14813
917;9;15270
917;10;15281
917;11;15320
917;12;15433
917;13;15490
917;14;16058
917;15;16079
917;16;16552
917;17;17059
917;18;17635
917;19;17705
917;20;17746
917;21;17801
917;22;17861
917;23;18337
917;24;18416
917;25;18440
917;26;18462
917;27;18888
917;28;18948
917;29;18968
917;30;19059
917;31;19071
917;32;19079
917;33;19081
917;34;19093
917;35;19094
917;36;19127
917;37;19136
918;1;13120
918;2;13180
918;3;13305
918;4;13334
918;5;13352
918;6;13928
918;7;14420
918;8;14989
918;9;15511
918;10;16109
918;11;16490
918;12;16598
918;13;16657
918;14;16770
918;15;16798
918;16;17331
918;17;17900
918;18;17919
918;19;18407
918;20;18903
918;21;18962
918;22;19075
918;23;19076
918;24;19083
918;25;19092
918;26;19103
918;27;19133
918;28;19135
919;1;14504
919;2;14542
919;3;15034
919;4;15147
919;5;15173
919;6;15763
919;7;16314
919;8;16409
919;9;16944
919;10;17426
919;11;17911
919;12;18438
919;13;18449
919;14;18478
919;15;18537
919;16;18621
919;17;18632
919;18;18636
919;19;18638
919;20;18658
919;21;19061
919;22;19121
919;23;19160
919;24;19171
919;25;19189
919;26;19192
919;27;19193
919;28;19204
919;29;19205
919;30;19213
920;1;11711
920;2;11729
920;3;11824
920;4;11937
920;5;12416
920;6;12835
920;7;13254
920;8;13727
920;9;13840
920;10;13850
920;11;14298
920;12;14752
920;13;14812
920;14;14823
920;15;14874
920;16;15506
920;17;15619
920;18;16100
920;19;16600
920;20;16611
920;21;16678
920;22;17074
920;23;17103
920;24;17134
920;25;17144
920;26;17222
920;27;17826
920;28;17875
920;29;17882
920;30;17900
920;31;18356
920;32;18374
920;33;18431
920;34;18459
920;35;18940
920;36;18946
920;37;19024
920;38;19052
920;39;19072
920;40;19074
920;41;19123
920;42;19183
920;43;19213
921;1;13797
921;2;13885
921;3;14359
921;4;14930
921;5;15520
921;6;15631
921;7;16144
921;8;16162
921;9;16180
921;10;16750
921;11;17113
921;12;17131
921;13;17159
921;14;17219
921;15;17239
921;16;17299
921;17;17319
921;18;17747
921;19;17797
921;20;17892
921;21;18468
921;22;18496
921;23;18944
921;24;18976
921;25;18987
921;26;18991
921;27;19050
921;28;19068
921;29;19096
921;30;19122
921;31;19129
921;32;19138
921;33;19162
921;34;19170
921;35;19213
922;1;11481
922;2;11501
922;3;12037
922;4;12498
922;5;12533
922;6;12561
922;7;13184
922;8;13726
922;9;13728
922;10;13825
922;11;13885
922;12;13905
922;13;14343
922;14;14918
922;15;15440
922;16;16011
922;17;16046
922;18;16077
922;19;16738
922;20;16788
922;21;17253
922;22;17364
922;23;17697
922;24;17810
922;25;17821
922;26;17917
922;27;18356
922;28;18387
922;29;18500
922;30;18508
922;31;18932
922;32;18960
922;33;18991
922;34;19040
922;35;19065
922;36;19094
922;37;19105
922;38;19140
922;39;19141
922;40;19161
922;41;19170
922;42;19189
922;43;19190
922;44;19202
922;45;19213
923;1;14449
923;2;14477
923;3;14568
923;4;14625
923;5;15201
923;6;15752
923;7;15812
923;8;16304
923;9;16844
923;10;17319
923;11;17770
923;12;18296
923;13;18308
923;14;18403
923;15;18942
923;16;18992
923;17;19032
923;18;19033
923;19;19044
923;20;19102
923;21;19152
923;22;19182
923;23;19183
923;24;19205
924;1;14500
924;2;15100
924;3;15651
924;4;16165
924;5;16663
924;6;17155
924;7;17634
924;8;17660
924;9;17773
924;10;17776
924;11;17794
924;12;17844
924;13;17935
924;14;18470
924;15;18991
924;16;19011
924;17;19046
924;18;19055
924;19;19069
924;20;19080
924;21;19129
924;22;19133
924;23;19135
925;1;12089
925;2;12118
925;3;12153
925;4;12241
925;5;12272
925;6;12859
925;7;13338
925;8;13825
925;9;14354
925;10;14912
925;11;15434
925;12;15529
925;13;16144
925;14;16691
925;15;16816
925;16;17385
925;17;17848
925;18;18311
925;19;18428
925;20;18541
925;21;18590
925;22;19044
925;23;19135
925;24;19139
925;25;19161
925;26;19162
925;27;19170
925;28;19171
925;29;19190
925;30;19205
926;1;11107
926;2;11620
926;3;12196
926;4;12828
926;5;13320
926;6;13758
926;7;13875
926;8;13953
926;9;14551
926;10;14676
926;11;15132
926;12;15546
926;13;15568
926;14;15628
926;15;15687
926;16;16207
926;17;16257
926;18;16672
926;19;17097
926;20;17109
926;21;17619
926;22;17658
926;23;17686
926;24;18145
926;25;18208
926;26;18810
926;27;18869
926;28;18888
926;29;19005
926;30;19021
926;31;19080
926;32;19086
926;33;19093
926;34;19101
926;35;19127
926;36;19162
926;37;19171
926;38;19190
926;39;19205
926;40;19213
927;1;13762
927;2;14337
927;3;14833
927;4;15358
927;5;15453
927;6;16043
927;7;16069
927;8;16104
927;9;16504
927;10;17000
927;11;17059
927;12;17082
927;13;17574
927;14;17592
927;15;17709
927;16;17750
927;17;18184
927;18;18243
927;19;18274
927;20;18314
927;21;18363
927;22;18364
927;23;18375
927;24;18393
927;25;18871
927;26;18875
927;27;18988
927;28;19008
927;29;19067
927;30;19127
928;1;9985
928;2;9991
928;3;10560
928;4;11158
928;5;11709
928;6;12278
928;7;12299
928;8;12317
928;9;12907
928;10;13458
928;11;14073
928;12;14102
928;13;14577
928;14;15152
928;15;15230
928;16;15693
928;17;16176
928;18;16243
928;19;16258
928;20;16727
928;21;17200
928;22;17276
928;23;17675
928;24;17785
928;25;17880
928;26;17925
928;27;17977
928;28;18251
928;29;18311
928;30;18765
928;31;18923
928;32;19040
928;33;19051
928;34;19053
928;35;19071
928;36;19082
928;37;19104
928;38;19115
928;39;19127
929;1;15450
929;2;15963
929;3;16037
929;4;16575
929;5;16624
929;6;16632
929;7;16643
929;8;17106
929;9;17137
929;10;17233
929;11;17346
929;12;17702
929;13;17784
929;14;17819
929;15;17869
929;16;17895
929;17;18462
929;18;18471
929;19;18475
929;20;18486
929;21;18496
929;22;18556
929;23;19022
929;24;19117
929;25;19126
929;26;19135
930;1;11425
930;2;11456
930;3;11958
930;4;12500
930;5;13090
930;6;13248
930;7;13909
930;8;14479
930;9;14592
930;10;15168
930;11;15766
930;12;15857
930;13;16427
930;14;16445
930;15;16969
930;16;17430
930;17;17441
930;18;17868
930;19;17894
930;20;17922
930;21;18360
930;22;18362
930;23;18422
930;24;18439
930;25;18480
930;26;18511
930;27;18560
930;28;18638
930;29;18656
930;30;18676
930;31;18681
930;32;19003
930;33;19019
930;34;19094
930;35;19114
930;36;19134
930;37;19144
930;38;19153
930;39;19164
930;40;19165
930;41;19169
930;42;19171
930;43;19185
930;44;19205
931;1;12802
931;2;12822
931;3;12881
931;4;13450
931;5;13888
931;6;14467
931;7;14558
931;8;14584
931;9;15000
931;10;15020
931;11;15529
931;12;15972
931;13;16085
931;14;16096
931;15;16631
931;16;17072
931;17;17167
931;18;17769
931;19;17798
931;20;17886
931;21;17935
931;22;17972
931;23;18494
931;24;18512
931;25;18590
931;26;18592
931;27;18970
931;28;19064
931;29;19086
931;30;19109
931;31;19126
931;32;19135
932;1;14650
932;2;14681
932;3;15106
932;4;15657
932;5;15765
932;6;15798
932;7;16272
932;8;16273
932;9;16641
932;10;17243
932;11;17252
932;12;17698
932;13;17716
932;14;18077
932;15;18126
932;16;18547
932;17;18607
932;18;18671
932;19;18720
932;20;18737
932;21;18854
932;22;18895
932;23;18957
932;24;18995
932;25;19026
932;26;19061
932;27;19121
932;28;19133
932;29;19134
932;30;19136
933;1;13356
933;2;13830
933;3;13864
933;4;14302
933;5;14398
933;6;14856
933;7;15407
933;8;15845
933;9;15907
933;10;16497
933;11;16991
933;12;17041
933;13;17154
933;14;17166
933;15;17279
933;16;17701
933;17;18269
933;18;18365
933;19;18490
933;20;18511
933;21;18531
933;22;19048
933;23;19068
933;24;19097
933;25;19127
934;1;12463
934;2;12492
934;3;12583
934;4;13170
934;5;13686
934;6;14178
934;7;14182
934;8;14758
934;9;15294
934;10;15835
934;11;15866
934;12;15901
934;13;16470
934;14;16587
934;15;16615
934;16;17170
934;17;17681
934;18;18192
934;19;18250
934;20;18300
934;21;18314
934;22;18324
934;23;18914
934;24;18921
934;25;18949
934;26;18967
934;27;19062
934;28;19091
934;29;19103
934;30;19127
935;1;14348
935;2;14383
935;3;14952
935;4;15431
935;5;15491
935;6;16038
935;7;16671
935;8;17269
935;9;17279
935;10;17760
935;11;17791
935;12;18330
935;13;18729
935;14;18797
935;15;18914
935;16;18963
935;17;19022
935;18;19068
935;19;19086
935;20;19135
936;1;13140
936;2;13745
936;3;13776
936;4;14346
936;5;14374
936;6;14758
936;7;14817
936;8;14930
936;9;15501
936;10;15596
936;11;16198
936;12;16247
936;13;16781
936;14;17357
936;15;17897
936;16;17898
936;17;18502
936;18;18784
936;19;18897
936;20;18925
936;21;18975
936;22;19070
936;23;19077
936;24;19126
936;25;19137
936;26;19146
936;27;19147
936;28;19190
936;29;19193
936;30;19213
937;1;12195
937;2;12312
937;3;12859
937;4;13373
937;5;13399
937;6;13512
937;7;14117
937;8;14621
937;9;14658
937;10;14783
937;11;15292
937;12;15593
937;13;15622
937;14;16198
937;15;16785
937;16;16863
937;17;17348
937;18;17353
937;19;17466
937;20;17481
937;21;18018
937;22;18030
937;23;18349
937;24;18408
937;25;18464
937;26;18490
937;27;18513
937;28;18531
937;29;18545
937;30;18549
937;31;19050
937;32;19055
937;33;19133
937;34;19155
938;1;11836
938;2;12288
938;3;12875
938;4;13557
938;5;13617
938;6;13645
938;7;14099
938;8;14134
938;9;14710
938;10;14835
938;11;14856
938;12;14964
938;13;15042
938;14;15564
938;15;15985
938;16;16583
938;17;16998
938;18;17010
938;19;17625
938;20;18185
938;21;18223
938;22;18244
938;23;18357
938;24;18409
938;25;18846
938;26;18895
938;27;19012
938;28;19043
938;29;19138
938;30;19139
938;31;19141
938;32;19171
938;33;19185
938;34;19205
939;1;13294
939;2;13909
939;3;14401
939;4;14413
939;5;14982
939;6;15095
939;7;15540
939;8;15635
939;9;15749
939;10;16257
939;11;16305
939;12;16316
939;13;16772
939;14;16826
939;15;16885
939;16;16926
939;17;17433
939;18;17492
939;19;18061
939;20;18083
939;21;18100
939;22;18687
939;23;18698
939;24;19044
939;25;19062
939;26;19094
939;27;19112
939;28;19135
939;29;19136
940;1;14955
940;2;15524
940;3;16073
940;4;16587
940;5;17004
940;6;17058
940;7;17089
940;8;17551
940;9;18009
940;10;18126
940;11;18154
940;12;18559
940;13;18655
940;14;18768
940;15;18835
940;16;18836
940;17;18862
940;18;18874
940;19;18880
940;20;18991
940;21;19012
940;22;19034
940;23;19063
940;24;19072
940;25;19092
940;26;19095
940;27;19096
940;28;19113
940;29;19115
940;30;19127
941;1;12767
941;2;13280
941;3;13802
941;4;14378
941;5;14407
941;6;15005
941;7;15448
941;8;15462
941;9;15803
941;10;15911
941;11;15932
941;12;16045
941;13;16522
941;14;16995
941;15;17007
941;16;17120
941;17;17151
941;18;17268
941;19;17363
941;20;17368
941;21;17634
941;22;18202
941;23;18315
941;24;18342
941;25;18417
941;26;18437
941;27;18938
941;28;18960
941;29;19055
941;30;19073
941;31;19096
941;32;19126
941;33;19135
941;34;19136
942;1;13619
942;2;13697
942;3;14233
942;4;14261
942;5;14829
942;6;15380
942;7;15409
942;8;15446
942;9;15505
942;10;15555
942;11;15968
942;12;16538
942;13;16960
942;14;17019
942;15;17048
942;16;17165
942;17;17232
942;18;17346
942;19;17919
942;20;18466
942;21;18562
942;22;18975
942;23;19045
942;24;19074
942;25;19104
942;26;19133
942;27;19193
942;28;19205
943;1;11069
943;2;11621
943;3;11712
943;4;11741
943;5;12331
943;6;12769
943;7;13373
943;8;13942
943;9;14462
943;10;15009
943;11;15501
943;12;15542
943;13;16063
943;14;16460
943;15;16519
943;16;17087
943;17;17204
943;18;17543
943;19;17593
943;20;18195
943;21;18290
943;22;18298
943;23;18324
943;24;18342
943;25;18391
943;26;18395
943;27;18820
943;28;18844
943;29;18903
943;30;18998
943;31;19000
943;32;19111
943;33;19207
943;34;19211
943;35;19213
944;1;11643
944;2;12118
944;3;12196
944;4;12610
944;5;13197
944;6;13226
944;7;13812
944;8;13840
944;9;14275
944;10;14851
944;11;15343
944;12;15840
944;13;15858
944;14;15946
944;15;16428
944;16;16999
944;17;17059
944;18;17080
944;19;17093
944;20;17175
944;21;17204
944;22;17282
944;23;17331
944;24;17342
944;25;17370
944;26;17392
944;27;17421
944;28;17442
944;29;17509
944;30;17951
944;31;17979
944;32;17997
944;33;18046
944;34;18492
944;35;18518
944;36;18980
944;37;19013
944;38;19126
944;39;19135
945;1;13389
945;2;13875
945;3;14448
945;4;14561
945;5;15063
945;6;15628
945;7;15638
945;8;16134
945;9;16229
945;10;16751
945;11;17200
945;12;17692
945;13;17751
945;14;17780
945;15;18187
945;16;18265
945;17;18332
945;18;18354
945;19;18372
945;20;18468
945;21;19019
945;22;19030
945;23;19047
945;24;19055
945;25;19067
945;26;19117
945;27;19126
946;1;15983
946;2;16018
946;3;16060
946;4;16077
946;5;16095
946;6;16455
946;7;16484
946;8;16923
946;9;16993
946;10;17107
946;11;17156
946;12;17176
946;13;17272
946;14;17381
946;15;17398
946;16;17939
946;17;17967
946;18;18464
946;19;18485
946;20;18494
946;21;18501
946;22;18551
946;23;18571
946;24;18614
946;25;19091
946;26;19099
946;27;19105
946;28;19126
946;29;19135
947;1;12613
947;2;13103
947;3;13785
947;4;13804
947;5;14355
947;6;14882
947;7;15290
947;8;15336
947;9;15444
947;10;15918
947;11;16351
947;12;16920
947;13;17031
947;14;17038
947;15;17552
947;16;17578
947;17;17647
947;18;18223
947;19;18288
947;20;18317
947;21;18337
947;22;18397
947;23;18399
947;24;18425
947;25;18443
947;26;19012
947;27;19018
947;28;19036
947;29;19044
947;30;19075
947;31;19081
947;32;19100
947;33;19112
947;34;19141
947;35;19143
947;36;19155
948;1;12747
948;2;13322
948;3;13866
948;4;14437
948;5;14988
948;6;15446
948;7;15537
948;8;15632
948;9;15654
948;10;15749
948;11;16300
948;12;16408
948;13;16775
948;14;17248
948;15;17345
948;16;17440
948;17;17475
948;18;17495
948;19;17726
948;20;17728
948;21;17845
948;22;17848
948;23;17878
948;24;17973
948;25;18549
948;26;18570
948;27;18966
948;28;18984
948;29;19025
948;30;19103
948;31;19118
948;32;19126
948;33;19135
948;34;19136
949;1;14685
949;2;15315
949;3;15426
949;4;15457
949;5;15936
949;6;16428
949;7;16541
949;8;16600
949;9;16758
949;10;16836
949;11;17459
949;12;18006
949;13;18516
949;14;19064
949;15;19119
949;16;19136
949;17;19145
949;18;19154
949;19;19165
949;20;19169
949;21;19171
949;22;19185
949;23;19205
950;1;13240
950;2;13715
950;3;13810
950;4;14471
950;5;15076
950;6;15652
950;7;15734
950;8;16416
950;9;16860
950;10;17236
950;11;17239
950;12;17812
950;13;18228
950;14;18246
950;15;18295
950;16;18339
950;17;18356
950;18;18357
950;19;18453
950;20;18484
950;21;18957
950;22;19017
950;23;19019
950;24;19054
950;25;19065
950;26;19161
950;27;19170
950;28;19192
950;29;19213
951;1;11628
951;2;11736
951;3;12250
951;4;12268
951;5;12819
951;6;12944
951;7;13436
951;8;14034
951;9;14122
951;10;14537
951;11;14581
951;12;14601
951;13;14632
951;14;14681
951;15;14702
951;16;15277
951;17;15306
951;18;15875
951;19;15934
951;20;15983
951;21;15984
951;22;16442
951;23;16977
951;24;17518
951;25;17538
951;26;17573
951;27;18001
951;28;18114
951;29;18149
951;30;18679
951;31;18980
951;32;19075
951;33;19093
951;34;19112
951;35;19171
951;36;19213
952;1;10576
952;2;11087
952;3;11441
952;4;11933
952;5;12565
952;6;12614
952;7;13212
952;8;13253
952;9;13804
952;10;14363
952;11;14993
952;12;15598
952;13;16126
952;14;16674
952;15;17086
952;16;17661
952;17;17720
952;18;18343
952;19;18391
952;20;18396
952;21;18456
952;22;18488
952;23;18865
952;24;18956
952;25;19006
952;26;19123
952;27;19134
952;28;19162
952;29;19190
952;30;19193
952;31;19205
953;1;13258
953;2;13375
953;3;13502
953;4;13541
953;5;13955
953;6;14323
953;7;14351
953;8;14400
953;9;14961
953;10;15399
953;11;16003
953;12;16572
953;13;16603
953;14;16699
953;15;16730
953;16;16771
953;17;16810
953;18;17166
953;19;17575
953;20;18146
953;21;18167
953;22;18186
953;23;18221
953;24;18334
953;25;18365
953;26;18857
953;27;18952
953;28;18986
953;29;18990
953;30;19081
953;31;19130
953;32;19133
953;33;19168
953;34;19170
953;35;19171
953;36;19205
953;37;19213
954;1;14169
954;2;14612
954;3;14707
954;4;15043
954;5;15102
954;6;15589
954;7;16131
954;8;16199
954;9;16727
954;10;17302
954;11;17415
954;12;17532
954;13;18054
954;14;18416
954;15;18502
954;16;18519
954;17;18636
954;18;18641
954;19;18960
954;20;18995
954;21;19035
954;22;19055
954;23;19058
954;24;19091
954;25;19100
954;26;19112
954;27;19114
954;28;19126
954;29;19155
955;1;11628
955;2;12310
955;3;12885
955;4;13483
955;5;14113
955;6;14626
955;7;14661
955;8;15153
955;9;15700
955;10;15759
955;11;16349
955;12;16378
955;13;16889
955;14;17368
955;15;17794
955;16;17911
955;17;18329
955;18;18446
955;19;18909
955;20;18950
955;21;18986
955;22;19014
955;23;19053
955;24;19108
955;25;19129
955;26;19133
955;27;19138
955;28;19140
955;29;19155
956;1;13833
956;2;13862
956;3;14433
956;4;14925
956;5;15500
956;6;15529
956;7;15607
956;8;16129
956;9;16621
956;10;17253
956;11;17349
956;12;17814
956;13;17840
956;14;17860
956;15;17930
956;16;18047
956;17;18521
956;18;18535
956;19;18570
956;20;18619
956;21;18669
956;22;18688
956;23;18703
956;24;19117
956;25;19173
956;26;19195
956;27;19204
956;28;19205
956;29;19213
957;1;12362
957;2;12457
957;3;13089
957;4;13676
957;5;13985
957;6;14098
957;7;14129
957;8;14582
957;9;14979
957;10;15451
957;11;15564
957;12;15681
957;13;15687
957;14;15708
957;15;15767
957;16;16289
957;17;16384
957;18;16791
957;19;16887
957;20;17284
957;21;17810
957;22;18390
957;23;18450
957;24;18820
957;25;18900
957;26;18951
957;27;18995
957;28;19029
957;29;19064
957;30;19082
957;31;19093
957;32;19125
957;33;19136
958;1;12970
958;2;13631
958;3;13651
958;4;13742
958;5;14277
958;6;14735
958;7;14843
958;8;15414
958;9;15473
958;10;15494
958;11;15529
958;12;15617
958;13;16080
958;14;16572
958;15;17038
958;16;17073
958;17;17184
958;18;17753
958;19;18186
958;20;18235
958;21;18237
958;22;18354
958;23;18414
958;24;18461
958;25;18481
958;26;18943
958;27;18955
958;28;19068
958;29;19091
958;30;19097
958;31;19117
958;32;19135
959;1;13355
959;2;13386
959;3;13922
959;4;13990
959;5;14101
959;6;14652
959;7;15174
959;8;15571
959;9;16084
959;10;16112
959;11;16179
959;12;16638
959;13;16666
959;14;16697
959;15;17312
959;16;17321
959;17;17410
959;18;17884
959;19;18009
959;20;18022
959;21;18071
959;22;18121
959;23;18171
959;24;18561
959;25;18656
959;26;19052
959;27;19148
959;28;19169
959;29;19179
959;30;19187
959;31;19193
959;32;19213
960;1;9740
960;2;10344
960;3;10469
960;4;10627
960;5;11106
960;6;11711
960;7;12224
960;8;12337
960;9;12873
960;10;12891
960;11;13383
960;12;13959
960;13;14549
960;14;15089
960;15;15687
960;16;16057
960;17;16098
960;18;16168
960;19;16739
960;20;17088
960;21;17201
960;22;17707
960;23;17803
960;24;17862
960;25;17876
960;26;18395
960;27;18430
960;28;18857
960;29;18886
960;30;18917
960;31;18945
960;32;19059
960;33;19088
960;34;19099
960;35;19105
960;36;19115
960;37;19135
961;1;13488
961;2;13980
961;3;14364
961;4;14909
961;5;15269
961;6;15752
961;7;16152
961;8;16184
961;9;16297
961;10;16408
961;11;16439
961;12;16556
961;13;16965
961;14;17123
961;15;17152
961;16;17155
961;17;17573
961;18;17632
961;19;17714
961;20;18114
961;21;18228
961;22;18246
961;23;18293
961;24;18388
961;25;18438
961;26;18454
961;27;19022
961;28;19028
961;29;19043
961;30;19097
961;31;19142
961;32;19172
961;33;19183
961;34;19188
961;35;19190
961;36;19205
962;1;13580
962;2;13675
962;3;14188
962;4;14661
962;5;15230
962;6;15828
962;7;15848
962;8;16355
962;9;16924
962;10;16953
962;11;17066
962;12;17161
962;13;17181
962;14;17623
962;15;17641
962;16;18168
962;17;18188
962;18;18192
962;19;18203
962;20;18294
962;21;18297
962;22;18301
962;23;18329
962;24;18420
962;25;18448
962;26;18479
962;27;18514
962;28;18551
962;29;18606
962;30;19175
962;31;19186
962;32;19192
962;33;19193
962;34;19205
963;1;12131
963;2;12542
963;3;12572
963;4;13202
963;5;13722
963;6;14312
963;7;14330
963;8;14332
963;9;14901
963;10;15059
963;11;15155
963;12;15588
963;13;15623
963;14;16191
963;15;16202
963;16;16316
963;17;16790
963;18;16901
963;19;17437
963;20;17447
963;21;17982
963;22;18481
963;23;18486
963;24;18503
963;25;18995
963;26;19040
963;27;19079
963;28;19099
963;29;19109
963;30;19110
963;31;19112
963;32;19127
964;1;12817
964;2;13407
964;3;13436
964;4;13874
964;5;14396
964;6;14972
964;7;15508
964;8;15887
964;9;15946
964;10;15964
964;11;15990
964;12;16101
964;13;16562
964;14;16669
964;15;17301
964;16;17418
964;17;17899
964;18;17948
964;19;18002
964;20;18020
964;21;18079
964;22;18535
964;23;18648
964;24;18665
964;25;18715
964;26;18721
964;27;18725
964;28;18747
964;29;19096
964;30;19213
965;1;12060
965;2;12630
965;3;13121
965;4;13694
965;5;13736
965;6;14257
965;7;14749
965;8;15318
965;9;15347
965;10;15905
965;11;16016
965;12;16065
965;13;16124
965;14;16241
965;15;16722
965;16;17292
965;17;17907
965;18;18447
965;19;18469
965;20;18926
965;21;18943
965;22;19030
965;23;19041
965;24;19049
965;25;19055
965;26;19094
965;27;19105
965;28;19117
965;29;19126
965;30;19155
966;1;12155
966;2;12196
966;3;12225
966;4;12254
966;5;12265
966;6;12833
966;7;13369
966;8;13827
966;9;13886
966;10;14396
966;11;14491
966;12;14541
966;13;15054
966;14;15409
966;15;15984
966;16;16416
966;17;16507
966;18;16595
966;19;16655
966;20;17114
966;21;17479
966;22;17567
966;23;18182
966;24;18231
966;25;18266
966;26;18362
966;27;18393
966;28;18729
966;29;18788
966;30;18848
966;31;18965
966;32;19090
966;33;19110
966;34;19112
966;35;19115
966;36;19193
966;37;19205
967;1;12672
967;2;13241
967;3;13366
967;4;13941
967;5;14379
967;6;14981
967;7;15001
967;8;15474
967;9;15987
967;10;16046
967;11;16124
967;12;16237
967;13;16354
967;14;16706
967;15;17274
967;16;17876
967;17;17967
967;18;18398
967;19;18511
967;20;18962
967;21;18975
967;22;19004
967;23;19044
967;24;19055
967;25;19081
967;26;19110
967;27;19125
967;28;19164
967;29;19175
967;30;19194
967;31;19205
967;32;19213
968;1;11797
968;2;12321
968;3;12870
968;4;13397
968;5;13772
968;6;13889
968;7;14381
968;8;14844
968;9;15393
968;10;15453
968;11;15906
968;12;15974
968;13;16449
968;14;16963
968;15;16994
968;16;17029
968;17;17124
968;18;17146
968;19;17259
968;20;17778
968;21;18207
968;22;18266
968;23;18357
968;24;18406
968;25;18424
968;26;18926
968;27;18945
968;28;18950
968;29;18970
968;30;19030
968;31;19051
968;32;19068
968;33;19077
968;34;19112
968;35;19141
968;36;19153
968;37;19162
968;38;19170
968;39;19213
969;1;12638
969;2;12669
969;3;13191
969;4;13299
969;5;13839
969;6;14320
969;7;14349
969;8;14879
969;9;14907
969;10;15522
969;11;16046
969;12;16106
969;13;16117
969;14;16208
969;15;16321
969;16;16341
969;17;16367
969;18;16915
969;19;16936
969;20;17512
969;21;17987
969;22;18046
969;23;18509
969;24;18586
969;25;19059
969;26;19064
969;27;19140
969;28;19189
969;29;19192
969;30;19204
969;31;19205
970;1;12721
970;2;12799
970;3;13312
970;4;13429
970;5;13953
970;6;13982
970;7;14474
970;8;14877
970;9;15447
970;10;15496
970;11;15517
970;12;16093
970;13;16189
970;14;16740
970;15;17121
970;16;17526
970;17;17564
970;18;17586
970;19;17652
970;20;17673
970;21;18271
970;22;18722
970;23;18847
970;24;18942
970;25;19053
970;26;19055
970;27;19064
970;28;19076
970;29;19107
970;30;19127
970;31;19136
971;1;12852
971;2;13116
971;3;13691
971;4;14293
971;5;14334
971;6;14787
971;7;14846
971;8;14847
971;9;15462
971;10;15576
971;11;16181
971;12;16276
971;13;16751
971;14;17213
971;15;17231
971;16;17270
971;17;17846
971;18;17857
971;19;17953
971;20;17982
971;21;18099
971;22;18148
971;23;18181
971;24;18603
971;25;18612
971;26;18623
971;27;18980
971;28;19097
971;29;19109
971;30;19155
972;1;11904
972;2;11946
972;3;11964
972;4;12024
972;5;12537
972;6;13113
972;7;13689
972;8;13759
972;9;13770
972;10;13778
972;11;14382
972;12;14962
972;13;14990
972;14;15000
972;15;15070
972;16;15573
972;17;15604
972;18;15923
972;19;16436
972;20;17051
972;21;17079
972;22;17192
972;23;17203
972;24;17223
972;25;17224
972;26;17234
972;27;17726
972;28;17763
972;29;17811
972;30;17813
972;31;18298
972;32;18311
972;33;18339
972;34;18456
972;35;18488
972;36;19016
972;37;19057
972;38;19068
972;39;19127
972;40;19136
973;1;10404
973;2;10973
973;3;11542
973;4;12020
973;5;12051
973;6;12142
973;7;12616
973;8;13118
973;9;13665
973;10;13685
973;11;14207
973;12;14304
973;13;14332
973;14;14824
973;15;15359
973;16;15931
973;17;16015
973;18;16069
973;19;16671
973;20;16766
973;21;16786
973;22;16797
973;23;17384
973;24;17847
973;25;17868
973;26;17876
973;27;17935
973;28;18537
973;29;18555
973;30;19089
973;31;19167
973;32;19187
973;33;19189
973;34;19190
973;35;19193
973;36;19205
974;1;12453
974;2;12531
974;3;12549
974;4;12663
974;5;13185
974;6;13760
974;7;14107
974;8;14599
974;9;15121
974;10;15437
974;11;15458
974;12;15571
974;13;15617
974;14;15618
974;15;16169
974;16;16771
974;17;16816
974;18;16911
974;19;16947
974;20;17357
974;21;17368
974;22;17459
974;23;17842
974;24;17892
974;25;17988
974;26;18010
974;27;18476
974;28;18967
974;29;18976
974;30;19002
974;31;19025
974;32;19026
974;33;19043
974;34;19069
974;35;19074
974;36;19109
974;37;19112
974;38;19172
974;39;19196
974;40;19207
974;41;19211
974;42;19213
975;1;12406
975;2;12919
975;3;13551
975;4;13601
975;5;13612
975;6;14188
975;7;14702
975;8;14762
975;9;15331
975;10;15929
975;11;16344
975;12;16457
975;13;16574
975;14;16585
975;15;16603
975;16;16653
975;17;17189
975;18;17300
975;19;17915
975;20;18359
975;21;18418
975;22;18793
975;23;18852
975;24;18883
975;25;18911
975;26;18950
975;27;18975
975;28;18986
975;29;19036
975;30;19047
975;31;19106
975;32;19110
975;33;19112
975;34;19136
976;1;11112
976;2;11652
976;3;12254
976;4;12915
976;5;13484
976;6;14060
976;7;14573
976;8;15122
976;9;15142
976;10;15634
976;11;16162
976;12;16190
976;13;16208
976;14;16228
976;15;16680
976;16;17198
976;17;17209
976;18;17771
976;19;18233
976;20;18725
976;21;18751
976;22;18846
976;23;18864
976;24;18905
976;25;18977
976;26;18980
976;27;18995
976;28;19045
976;29;19069
976;30;19089
976;31;19119
976;32;19121
976;33;19135
976;34;19136
977;1;14151
977;2;14182
977;3;14602
977;4;14727
977;5;15303
977;6;15901
977;7;15929
977;8;15965
977;9;16516
977;10;16988
977;11;17087
977;12;17182
977;13;17193
977;14;17243
977;15;17272
977;16;17845
977;17;18360
977;18;18420
977;19;18441
977;20;19056
977;21;19082
977;22;19091
977;23;19112
977;24;19115
977;25;19127
978;1;12300
978;2;12835
978;3;13422
978;4;13457
978;5;13570
978;6;13591
978;7;13602
978;8;13630
978;9;13689
978;10;14203
978;11;14808
978;12;14857
978;13;14886
978;14;15480
978;15;15597
978;16;16060
978;17;16509
978;18;16626
978;19;16702
978;20;17243
978;21;17591
978;22;17641
978;23;17662
978;24;17779
978;25;17826
978;26;18272
978;27;18331
978;28;18793
978;29;18906
978;30;19031
978;31;19038
978;32;19058
978;33;19067
978;34;19076
978;35;19135
979;1;13104
979;2;13680
979;3;13797
979;4;13867
979;5;13980
979;6;14584
979;7;14950
979;8;15478
979;9;16101
979;10;16690
979;11;17182
979;12;17241
979;13;17354
979;14;17747
979;15;18199
979;16;18262
979;17;18311
979;18;18428
979;19;18443
979;20;18498
979;21;18505
979;22;18536
979;23;18557
979;24;18592
979;25;18984
979;26;19044
979;27;19076
979;28;19096
979;29;19125
979;30;19143
979;31;19164
979;32;19169
979;33;19180
979;34;19189
979;35;19202
979;36;19213
980;1;11054
980;2;11083
980;3;11625
980;4;12180
980;5;12201
980;6;12772
980;7;13202
980;8;13251
980;9;13883
980;10;14459
980;11;14509
980;12;14569
980;13;15083
980;14;15653
980;15;15673
980;16;16296
980;17;16900
980;18;17017
980;19;17461
980;20;18012
980;21;18319
980;22;18742
980;23;18791
980;24;18802
980;25;18855
980;26;18889
980;27;18967
980;28;19026
980;29;19121
980;30;19162
980;31;19171
980;32;19193
980;33;19205
981;1;12328
981;2;12903
981;3;13417
981;4;13909
981;5;14485
981;6;15054
981;7;15605
981;8;16206
981;9;16715
981;10;16744
981;11;16839
981;12;17386
981;13;17934
981;14;18370
981;15;18820
981;16;18854
981;17;18945
981;18;18967
981;19;18974
981;20;18996
981;21;19091
981;22;19140
981;23;19183
981;24;19195
981;25;19205
981;26;19213
982;1;11519
982;2;12059
982;3;12583
982;4;13152
982;5;13722
982;6;14236
982;7;14805
982;8;15438
982;9;15960
982;10;16583
982;11;16594
982;12;16689
982;13;16722
982;14;16771
982;15;16888
982;16;17464
982;17;17484
982;18;18099
982;19;18158
982;20;18436
982;21;18594
982;22;18613
982;23;18663
982;24;19000
982;25;19026
982;26;19046
982;27;19057
982;28;19098
982;29;19109
982;30;19129
982;31;19135
983;1;14921
983;2;15472
983;3;15880
983;4;16484
983;5;16616
983;6;17108
983;7;17137
983;8;17251
983;9;17827
983;10;17848
983;11;17866
983;12;18274
983;13;18292
983;14;18405
983;15;18465
983;16;18524
983;17;18535
983;18;18555
983;19;19036
983;20;19096
983;21;19106
983;22;19117
983;23;19127
983;24;19135
984;1;10625
984;2;11051
984;3;11627
984;4;12141
984;5;12661
984;6;13276
984;7;13734
984;8;14270
984;9;14330
984;10;14826
984;11;14854
984;12;15346
984;13;15459
984;14;15981
984;15;16480
984;16;16597
984;17;16646
984;18;16674
984;19;17249
984;20;17825
984;21;18287
984;22;18288
984;23;18337
984;24;18368
984;25;18412
984;26;18430
984;27;18459
984;28;18538
984;29;18549
984;30;19124
984;31;19126
984;32;19136
985;1;13701
985;2;14383
985;3;14478
985;4;14922
985;5;14951
985;6;14969
985;7;15285
985;8;15300
985;9;15372
985;10;15489
985;11;16058
985;12;16084
985;13;16699
985;14;17118
985;15;17139
985;16;17217
985;17;17277
985;18;17308
985;19;17876
985;20;17964
985;21;17984
985;22;18356
985;23;18421
985;24;18481
985;25;18589
985;26;18968
985;27;19003
985;28;19032
985;29;19067
985;30;19116
985;31;19159
985;32;19160
985;33;19180
985;34;19190
985;35;19213
986;1;13846
986;2;13954
986;3;14468
986;4;14527
986;5;15005
986;6;15556
986;7;15916
986;8;15951
986;9;16064
986;10;16600
986;11;17074
986;12;17650
986;13;17700
986;14;17817
986;15;17846
986;16;17957
986;17;18315
986;18;18333
986;19;18447
986;20;18448
986;21;18459
986;22;18518
986;23;19020
986;24;19038
986;25;19062
986;26;19122
986;27;19133
986;28;19135
987;1;12950
987;2;13472
987;3;13975
987;4;14494
987;5;14579
987;6;15148
987;7;15670
987;8;16125
987;9;16153
987;10;16605
987;11;16722
987;12;16781
987;13;16866
987;14;17217
987;15;17753
987;16;17781
987;17;17815
987;18;17824
987;19;17852
987;20;18344
987;21;18836
987;22;18847
987;23;18964
987;24;18967
987;25;18987
987;26;19046
987;27;19066
987;28;19126
987;29;19145
987;30;19204
987;31;19205
988;1;12587
988;2;12613
988;3;12706
988;4;13304
988;5;13324
988;6;13441
988;7;13932
988;8;14398
988;9;14988
988;10;15009
988;11;15069
988;12;15527
988;13;15906
988;14;16588
988;15;17069
988;16;17079
988;17;17099
988;18;17125
988;19;17221
988;20;17232
988;21;17690
988;22;18266
988;23;18374
988;24;18428
988;25;18523
988;26;18542
988;27;18601
988;28;18949
988;29;19015
988;30;19056
988;31;19085
988;32;19086
988;33;19161
988;34;19181
988;35;19204
988;36;19205
989;1;11440
989;2;11989
989;3;12559
989;4;12574
989;5;12609
989;6;13054
989;7;13476
989;8;13504
989;9;14101
989;10;14132
989;11;14228
989;12;14282
989;13;14399
989;14;14422
989;15;14878
989;16;15447
989;17;16047
989;18;16160
989;19;16180
989;20;16211
989;21;16242
989;22;16813
989;23;16863
989;24;17391
989;25;17398
989;26;17439
989;27;17448
989;28;17476
989;29;17504
989;30;18065
989;31;18066
989;32;18092
989;33;18618
989;34;18620
989;35;18639
989;36;18660
989;37;18680
989;38;18693
989;39;18713
989;40;18719
989;41;18739
989;42;19146
989;43;19204
989;44;19205
990;1;13329
990;2;13787
990;3;14165
990;4;14657
990;5;14768
990;6;14797
990;7;14846
990;8;14913
990;9;14934
990;10;15408
990;11;15978
990;12;16410
990;13;16521
990;14;16609
990;15;16668
990;16;16699
990;17;17239
990;18;17751
990;19;17772
990;20;17821
990;21;17870
990;22;17948
990;23;17970
990;24;17981
990;25;18501
990;26;18502
990;27;18981
990;28;19077
990;29;19086
990;30;19106
990;31;19112
990;32;19136
991;1;11900
991;2;12336
991;3;12809
991;4;12868
991;5;13326
991;6;13877
991;7;13991
991;8;14058
991;9;14079
991;10;14531
991;11;14945
991;12;15062
991;13;15521
991;14;15570
991;15;16089
991;16;16202
991;17;16256
991;18;16694
991;19;17207
991;20;17687
991;21;17728
991;22;17845
991;23;17861
991;24;18263
991;25;18268
991;26;18855
991;27;18924
991;28;19041
991;29;19067
991;30;19110
991;31;19134
991;32;19155
991;33;19185
991;34;19205
992;1;10526
992;2;11077
992;3;11682
992;4;12314
992;5;12912
992;6;13459
992;7;13917
992;8;13946
992;9;14306
992;10;14876
992;11;14907
992;12;15314
992;13;15340
992;14;15944
992;15;16011
992;16;16485
992;17;16593
992;18;16706
992;19;17026
992;20;17539
992;21;17959
992;22;18072
992;23;18126
992;24;18187
992;25;18213
992;26;18338
992;27;18371
992;28;18376
992;29;18392
992;30;18442
992;31;18471
992;32;18476
992;33;18963
992;34;19013
992;35;19043
992;36;19063
992;37;19069
992;38;19072
992;39;19102
992;40;19151
992;41;19191
992;42;19213
993;1;12239
993;2;12837
993;3;13407
993;4;13888
993;5;13917
993;6;14042
993;7;14517
993;8;15092
993;9;15619
993;10;16206
993;11;16271
993;12;16289
993;13;16400
993;14;16839
993;15;16903
993;16;17395
993;17;17413
993;18;17431
993;19;17835
993;20;17866
993;21;17886
993;22;18246
993;23;18363
993;24;18384
993;25;18406
993;26;18476
993;27;18502
993;28;18991
993;29;19051
993;30;19100
993;31;19103
993;32;19105
993;33;19117
993;34;19126
994;1;13256
994;2;13733
994;3;14209
994;4;14701
994;5;15272
994;6;15383
994;7;15928
994;8;16041
994;9;16505
994;10;16526
994;11;16923
994;12;16952
994;13;17505
994;14;17508
994;15;17567
994;16;17651
994;17;17662
994;18;17666
994;19;18164
994;20;18281
994;21;18303
994;22;18420
994;23;18874
994;24;18917
994;25;18966
994;26;19026
994;27;19052
994;28;19111
994;29;19126
994;30;19155
995;1;12774
995;2;12795
995;3;12821
995;4;13408
995;5;13895
995;6;14012
995;7;14450
995;8;15073
995;9;15580
995;10;15582
995;11;16067
995;12;16682
995;13;17157
995;14;17206
995;15;17622
995;16;17650
995;17;17746
995;18;17806
995;19;18279
995;20;18344
995;21;18394
995;22;18511
995;23;18991
995;24;19067
995;25;19098
995;26;19118
995;27;19127
995;28;19136
996;1;14611
996;2;15182
996;3;15734
996;4;15783
996;5;16331
996;6;16366
996;7;16428
996;8;16478
996;9;17029
996;10;17543
996;11;17811
996;12;17839
996;13;17859
996;14;17918
996;15;18405
996;16;18423
996;17;18540
996;18;18598
996;19;19090
996;20;19185
996;21;19205
997;1;11700
997;2;12298
997;3;12817
997;4;13275
997;5;13653
997;6;14243
997;7;14272
997;8;14332
997;9;14363
997;10;14932
997;11;15537
997;12;16169
997;13;16744
997;14;17266
997;15;17927
997;16;18020
997;17;18059
997;18;18079
997;19;18128
997;20;18466
997;21;18525
997;22;18551
997;23;19005
997;24;19028
997;25;19040
997;26;19100
997;27;19103
997;28;19113
997;29;19121
997;30;19135
998;1;13451
998;2;13943
998;3;14435
998;4;14552
998;5;15163
998;6;15685
998;7;15749
998;8;15767
998;9;15802
998;10;16127
998;11;16696
998;12;17267
998;13;17293
998;14;17813
998;15;17908
998;16;17971
998;17;18398
998;18;18476
998;19;18480
998;20;18501
998;21;18560
998;22;18591
998;23;18611
998;24;18689
998;25;18712
998;26;18721
998;27;19067
998;28;19085
998;29;19104
998;30;19145
998;31;19174
998;32;19175
998;33;19195
998;34;19204
998;35;19205
998;36;19213
999;1;11568
999;2;11597
999;3;12089
999;4;12687
999;5;12715
999;6;13265
999;7;13382
999;8;13984
999;9;14476
999;10;14542
999;11;14939
999;12;15474
999;13;15531
999;14;15559
999;15;16146
999;16;16722
999;17;17312
999;18;17338
999;19;17672
999;20;17732
999;21;17828
999;22;17857
999;23;17968
999;24;18484
999;25;18544
999;26;18901
999;27;19018
999;28;19024
999;29;19035
999;30;19047
999;31;19073
999;32;19093
999;33;19126
999;34;19127
999;35;19135
1000;1;11575
1000;2;12088
1000;3;12138
1000;4;12708
1000;5;13255
1000;6;13804
1000;7;13822
1000;8;14427
1000;9;14458
1000;10;15034
1000;11;15093
1000;12;15562
1000;13;16043
1000;14;16092
1000;15;16633
1000;16;17184
1000;17;17204
1000;18;17273
1000;19;17294
1000;20;17343
1000;21;17690
1000;22;18140
1000;23;18169
1000;24;18254
1000;25;18761
1000;26;18781
1000;27;18894
1000;28;18903
1000;29;18914
1000;30;19009
1000;31;19015
1000;32;19065
1000;33;19083
1000;34;19092
1000;35;19124
1000;36;19135
