run_id;iteration;points
1;1;12199
1;2;12691
1;3;12694
1;4;12712
1;5;13259
1;6;13308
1;7;13822
1;8;14409
1;9;14430
1;10;14458
1;11;14523
1;12;14878
1;13;14995
1;14;15044
1;15;15646
1;16;15741
1;17;16216
1;18;16709
1;19;17264
1;20;17265
1;21;17812
1;22;18409
1;23;18414
1;24;18989
1;25;19084
1;26;19115
1;27;19129
1;28;19164
1;29;19170
1;30;19213
2;1;14326
2;2;14853
2;3;14961
2;4;15052
2;5;15102
2;6;15624
2;7;16030
2;8;16641
2;9;17174
2;10;17175
2;11;17271
2;12;17366
2;13;17875
2;14;17880
2;15;17939
2;16;18331
2;17;18380
2;18;18458
2;19;18462
2;20;18570
2;21;18601
2;22;18612
2;23;18644
2;24;19077
2;25;19097
2;26;19106
2;27;19125
2;28;19136
3;1;13396
3;2;13947
3;3;14230
3;4;14280
3;5;14340
3;6;14908
3;7;15462
3;8;16064
3;9;16565
3;10;16606
3;11;16961
3;12;17551
3;13;17569
3;14;17682
3;15;18286
3;16;18290
3;17;18407
3;18;18704
3;19;18715
3;20;18828
3;21;18936
3;22;19053
3;23;19057
3;24;19065
3;25;19075
3;26;19089
3;27;19104
3;28;19122
3;29;19171
3;30;19182
3;31;19187
3;32;19190
3;33;19191
3;34;19193
3;35;19205
4;1;15191
4;2;15742
4;3;16102
4;4;16682
4;5;17097
4;6;17192
4;7;17317
4;8;17914
4;9;17973
4;10;18436
4;11;18864
4;12;18899
4;13;18917
4;14;19012
4;15;19053
4;16;19103
4;17;19121
4;18;19159
4;19;19170
4;20;19171
4;21;19190
4;22;19205
5;1;13443
5;2;13967
5;3;14016
5;4;14045
5;5;14584
5;6;15020
5;7;15618
5;8;15653
5;9;16229
5;10;16780
5;11;16893
5;12;17346
5;13;17374
5;14;17396
5;15;17455
5;16;17959
5;17;17973
5;18;18064
5;19;18507
5;20;18511
5;21;19081
5;22;19093
5;23;19104
5;24;19126
5;25;19155
6;1;14056
6;2;14115
6;3;14650
6;4;14671
6;5;14784
6;6;15323
6;7;15761
6;8;16235
6;9;16583
6;10;16671
6;11;16697
6;12;17248
6;13;17266
6;14;17307
6;15;17331
6;16;17906
6;17;18261
6;18;18283
6;19;18397
6;20;18828
6;21;18942
6;22;19037
6;23;19048
6;24;19076
6;25;19107
6;26;19135
7;1;10063
7;2;10576
7;3;10965
7;4;11541
7;5;11572
7;6;12174
7;7;12693
7;8;12721
7;9;13212
7;10;13814
7;11;14288
7;12;14864
7;13;14942
7;14;15491
7;15;15983
7;16;16493
7;17;16522
7;18;17109
7;19;17699
7;20;17753
7;21;17773
7;22;18265
7;23;18362
7;24;18475
7;25;18505
7;26;18509
7;27;19025
7;28;19075
7;29;19134
7;30;19162
7;31;19207
7;32;19213
8;1;13361
8;2;13478
8;3;13527
8;4;14103
8;5;14678
8;6;15246
8;7;15498
8;8;15539
8;9;16107
8;10;16111
8;11;16269
8;12;16805
8;13;16901
8;14;16912
8;15;17275
8;16;17285
8;17;17688
8;18;18233
8;19;18346
8;20;18441
8;21;18500
8;22;18539
8;23;19051
8;24;19110
8;25;19121
8;26;19147
8;27;19164
8;28;19170
8;29;19213
9;1;13373
9;2;13948
9;3;14016
9;4;14042
9;5;14703
9;6;15143
9;7;15733
9;8;16192
9;9;16598
9;10;16715
9;11;17034
9;12;17159
9;13;17190
9;14;17307
9;15;17402
9;16;17502
9;17;18032
9;18;18515
9;19;18535
9;20;18613
9;21;18648
9;22;18651
9;23;18665
9;24;18691
9;25;19028
9;26;19087
9;27;19091
9;28;19109
9;29;19144
9;30;19147
9;31;19149
9;32;19192
9;33;19193
9;34;19205
10;1;13387
10;2;13447
10;3;13476
10;4;13989
10;5;14579
10;6;14614
10;7;14673
10;8;15046
10;9;15096
10;10;15569
10;11;15647
10;12;16096
10;13;16127
10;14;16636
10;15;16747
10;16;17179
10;17;17654
10;18;17750
10;19;17867
10;20;18268
10;21;18363
10;22;18476
10;23;18983
10;24;19003
10;25;19059
10;26;19069
10;27;19165
10;28;19169
10;29;19171
10;30;19190
10;31;19193
10;32;19205
11;1;11072
11;2;11142
11;3;11160
11;4;11633
11;5;12237
11;6;12835
11;7;13450
11;8;13927
11;9;13997
11;10;14471
11;11;14512
11;12;14970
11;13;15462
11;14;16004
11;15;16121
11;16;16181
11;17;16232
11;18;16703
11;19;16780
11;20;17132
11;21;17161
11;22;17580
11;23;17693
11;24;18268
11;25;18670
11;26;18775
11;27;18835
11;28;18853
11;29;18873
11;30;18901
11;31;18936
11;32;19018
11;33;19042
11;34;19053
11;35;19062
11;36;19083
11;37;19115
11;38;19126
11;39;19136
12;1;12724
12;2;13231
12;3;13322
12;4;13926
12;5;14501
12;6;14579
12;7;15008
12;8;15578
12;9;16154
12;10;16592
12;11;16603
12;12;17095
12;13;17121
12;14;17708
12;15;17799
12;16;17816
12;17;17847
12;18;17896
12;19;18438
12;20;18989
12;21;19071
12;22;19106
12;23;19109
12;24;19110
12;25;19153
12;26;19155
12;27;19164
12;28;19185
12;29;19205
13;1;14199
13;2;14678
13;3;14698
13;4;15222
13;5;15798
13;6;15911
13;7;15975
13;8;16006
13;9;16469
13;10;16508
13;11;16939
13;12;16961
13;13;17566
13;14;17674
13;15;17705
13;16;18280
13;17;18309
13;18;18329
13;19;18872
13;20;18883
13;21;18948
13;22;18953
13;23;18999
13;24;19028
13;25;19073
13;26;19075
13;27;19095
13;28;19106
13;29;19136
13;30;19171
13;31;19185
13;32;19205
14;1;10045
14;2;10614
14;3;11154
14;4;11786
14;5;12245
14;6;12821
14;7;13311
14;8;13881
14;9;14437
14;10;14457
14;11;14486
14;12;14971
14;13;15043
14;14;15154
14;15;15723
14;16;16194
14;17;16291
14;18;16867
14;19;16896
14;20;17297
14;21;17866
14;22;17870
14;23;17983
14;24;18043
14;25;18078
14;26;18464
14;27;18513
14;28;18877
14;29;18922
14;30;18982
14;31;19095
14;32;19106
14;33;19118
14;34;19127
14;35;19135
15;1;12249
15;2;12847
15;3;13423
15;4;13958
15;5;13978
15;6;14601
15;7;14996
15;8;15007
15;9;15036
15;10;15058
15;11;15086
15;12;15608
15;13;15636
15;14;15656
15;15;16128
15;16;16582
15;17;16611
15;18;17186
15;19;17227
15;20;17231
15;21;17251
15;22;17347
15;23;17823
15;24;17841
15;25;17937
15;26;18233
15;27;18253
15;28;18344
15;29;18350
15;30;18461
15;31;18807
15;32;18827
15;33;18937
15;34;18941
15;35;18952
15;36;19012
15;37;19125
15;38;19127
15;39;19162
15;40;19205
15;41;19213
16;1;12052
16;2;12177
16;3;12669
16;4;13273
16;5;13795
16;6;13883
16;7;14397
16;8;14426
16;9;14462
16;10;14969
16;11;15520
16;12;15579
16;13;15628
16;14;16197
16;15;16267
16;16;16789
16;17;17304
16;18;17334
16;19;17394
16;20;17827
16;21;17855
16;22;17896
16;23;17955
16;24;18317
16;25;18413
16;26;18989
16;27;19080
16;28;19094
16;29;19154
16;30;19174
16;31;19204
16;32;19205
16;33;19213
17;1;13964
17;2;13992
17;3;14459
17;4;14572
17;5;15113
17;6;15419
17;7;15946
17;8;16470
17;9;16587
17;10;16628
17;11;17113
17;12;17141
17;13;17633
17;14;17741
17;15;18423
17;16;18923
17;17;18933
17;18;18944
17;19;18961
17;20;18979
17;21;18980
17;22;19040
17;23;19131
17;24;19153
17;25;19162
17;26;19184
17;27;19204
17;28;19205
18;1;12908
18;2;13326
18;3;13439
18;4;13963
18;5;14531
18;6;15004
18;7;15446
18;8;15474
18;9;15570
18;10;15598
18;11;16139
18;12;16264
18;13;16769
18;14;17320
18;15;17789
18;16;17884
18;17;18429
18;18;18464
18;19;18487
18;20;18495
18;21;18496
18;22;19039
18;23;19057
18;24;19061
18;25;19091
18;26;19134
18;27;19136
19;1;11123
19;2;11692
19;3;12243
19;4;12757
19;5;13304
19;6;13381
19;7;13495
19;8;13971
19;9;13997
19;10;14548
19;11;14597
19;12;14615
19;13;15033
19;14;15531
19;15;15645
19;16;15665
19;17;16097
19;18;16210
19;19;16239
19;20;16622
19;21;16718
19;22;16729
19;23;17256
19;24;17719
19;25;17750
19;26;17785
19;27;18266
19;28;18359
19;29;18408
19;30;18428
19;31;18545
19;32;18574
19;33;18585
19;34;19113
19;35;19114
19;36;19133
19;37;19157
19;38;19168
19;39;19169
19;40;19171
19;41;19213
20;1;15649
20;2;15684
20;3;16165
20;4;16543
20;5;16639
20;6;16752
20;7;17174
20;8;17177
20;9;17206
20;10;17297
20;11;17298
20;12;17320
20;13;17408
20;14;17821
20;15;17834
20;16;18198
20;17;18356
20;18;18382
20;19;18477
20;20;18484
20;21;18501
20;22;18512
20;23;18547
20;24;18971
20;25;19077
20;26;19088
20;27;19103
20;28;19121
20;29;19170
20;30;19213
21;1;11493
21;2;12062
21;3;12148
21;4;12183
21;5;12697
21;6;13233
21;7;13760
21;8;14335
21;9;14460
21;10;15002
21;11;15098
21;12;15656
21;13;16056
21;14;16110
21;15;16520
21;16;16929
21;17;16988
21;18;17105
21;19;17159
21;20;17639
21;21;17659
21;22;17667
21;23;17726
21;24;18341
21;25;18372
21;26;18401
21;27;18418
21;28;18438
21;29;18848
21;30;18863
21;31;18867
21;32;18916
21;33;19012
21;34;19022
21;35;19043
21;36;19060
21;37;19062
21;38;19083
21;39;19126
21;40;19135
21;41;19136
22;1;12770
22;2;12928
22;3;13386
22;4;13861
22;5;13957
22;6;14006
22;7;14575
22;8;14670
22;9;14783
22;10;14807
22;11;15353
22;12;15796
22;13;16114
22;14;16145
22;15;16236
22;16;16296
22;17;16316
22;18;16730
22;19;17305
22;20;17703
22;21;18059
22;22;18088
22;23;18199
22;24;18255
22;25;18802
22;26;18882
22;27;18957
22;28;19025
22;29;19053
22;30;19074
22;31;19133
22;32;19159
22;33;19182
22;34;19184
22;35;19213
23;1;10324
23;2;10353
23;3;10943
23;4;11512
23;5;12144
23;6;12713
23;7;12826
23;8;13296
23;9;13331
23;10;13843
23;11;14365
23;12;14478
23;13;14537
23;14;15152
23;15;15498
23;16;16028
23;17;16581
23;18;16694
23;19;17119
23;20;17148
23;21;17166
23;22;17696
23;23;17809
23;24;18263
23;25;18294
23;26;18898
23;27;18902
23;28;18906
23;29;18937
23;30;18957
23;31;18958
23;32;19017
23;33;19045
23;34;19063
23;35;19081
23;36;19108
23;37;19112
23;38;19113
23;39;19115
23;40;19135
24;1;12087
24;2;12663
24;3;13137
24;4;13266
24;5;13780
24;6;13875
24;7;13924
24;8;14499
24;9;14971
24;10;15442
24;11;15462
24;12;15497
24;13;15878
24;14;16387
24;15;16446
24;16;16474
24;17;16523
24;18;16996
24;19;17110
24;20;17680
24;21;17727
24;22;17789
24;23;17820
24;24;17831
24;25;17885
24;26;18218
24;27;18246
24;28;18357
24;29;18378
24;30;18381
24;31;18427
24;32;18462
24;33;18499
24;34;18503
24;35;18563
24;36;18598
24;37;18607
24;38;19109
24;39;19111
24;40;19135
24;41;19143
24;42;19192
24;43;19213
25;1;12723
25;2;13258
25;3;13782
25;4;14276
25;5;14891
25;6;15466
25;7;15980
25;8;16097
25;9;16699
25;10;17151
25;11;17186
25;12;17244
25;13;17813
25;14;17890
25;15;17919
25;16;17950
25;17;17977
25;18;18460
25;19;18510
25;20;18895
25;21;18956
25;22;18982
25;23;19017
25;24;19023
25;25;19029
25;26;19051
25;27;19068
26;1;13962
26;2;14454
26;3;14513
26;4;14534
26;5;14991
26;6;15463
26;7;15483
26;8;15494
26;9;15920
26;10;15942
26;11;16100
26;12;16195
26;13;16309
26;14;16899
26;15;16908
26;16;17422
26;17;17885
26;18;17931
26;19;18423
26;20;18449
26;21;18467
26;22;18846
26;23;18939
26;24;19034
26;25;19054
26;26;19101
26;27;19112
26;28;19135
27;1;11711
27;2;12226
27;3;12753
27;4;13235
27;5;13284
27;6;13380
27;7;13960
27;8;14529
27;9;14932
27;10;15562
27;11;16000
27;12;16070
27;13;16445
27;14;16476
27;15;16496
27;16;16525
27;17;17083
27;18;17575
27;19;17733
27;20;17750
27;21;17754
27;22;17850
27;23;18259
27;24;18288
27;25;18751
27;26;18752
27;27;18865
27;28;18870
27;29;18961
27;30;18972
27;31;18992
27;32;18994
27;33;19029
27;34;19053
27;35;19103
27;36;19133
27;37;19135
28;1;13840
28;2;14362
28;3;14909
28;4;15023
28;5;15593
28;6;15706
28;7;16338
28;8;16874
28;9;16903
28;10;17518
28;11;17936
28;12;17950
28;13;17961
28;14;18407
28;15;18411
28;16;18429
28;17;18470
28;18;18530
28;19;18589
28;20;18626
28;21;18674
28;22;18685
28;23;19068
28;24;19127
28;25;19155
28;26;19181
28;27;19184
28;28;19204
28;29;19205
29;1;11248
29;2;11279
29;3;11824
29;4;12364
29;5;12700
29;6;13251
29;7;13881
29;8;13912
29;9;14388
29;10;14955
29;11;14969
29;12;14987
29;13;15046
29;14;15063
29;15;15585
29;16;15635
29;17;16112
29;18;16162
29;19;16670
29;20;17221
29;21;17281
29;22;17316
29;23;17739
29;24;17803
29;25;17824
29;26;18315
29;27;18333
29;28;18938
29;29;18997
29;30;19046
29;31;19057
29;32;19135
29;33;19163
29;34;19181
29;35;19182
29;36;19187
29;37;19191
29;38;19211
29;39;19213
30;1;11062
30;2;11575
30;3;12179
30;4;12754
30;5;12868
30;6;12963
30;7;13293
30;8;13844
30;9;13957
30;10;13986
30;11;14035
30;12;14130
30;13;14693
30;14;15156
30;15;15725
30;16;15760
30;17;16218
30;18;16224
30;19;16681
30;20;16759
30;21;17126
30;22;17695
30;23;17744
30;24;17902
30;25;17940
30;26;18057
30;27;18097
30;28;18108
30;29;18390
30;30;18449
30;31;18877
30;32;18973
30;33;19031
30;34;19126
30;35;19164
30;36;19193
30;37;19205
31;1;12602
31;2;13178
31;3;13691
31;4;14352
31;5;14942
31;6;15518
31;7;16082
31;8;16100
31;9;16563
31;10;17087
31;11;17153
31;12;17644
31;13;17645
31;14;17753
31;15;17779
31;16;17820
31;17;17838
31;18;17846
31;19;17864
31;20;18415
31;21;18444
31;22;19022
31;23;19034
31;24;19093
31;25;19104
31;26;19126
31;27;19127
32;1;11972
32;2;12577
32;3;13238
32;4;13745
32;5;14292
32;6;14860
32;7;15298
32;8;15411
32;9;15903
32;10;16427
32;11;16474
32;12;16995
32;13;17053
32;14;17094
32;15;17231
32;16;17242
32;17;17291
32;18;17301
32;19;17666
32;20;17761
32;21;18220
32;22;18722
32;23;18740
32;24;18761
32;25;18773
32;26;18833
32;27;18888
32;28;18908
32;29;19021
32;30;19042
32;31;19046
32;32;19068
32;33;19127
32;34;19136
33;1;13133
33;2;13153
33;3;13724
33;4;14347
33;5;14406
33;6;14898
33;7;15513
33;8;15638
33;9;15720
33;10;16187
33;11;16700
33;12;16817
33;13;17298
33;14;17874
33;15;17905
33;16;18379
33;17;18771
33;18;18867
33;19;18906
33;20;18929
33;21;18950
33;22;18968
33;23;18979
33;24;18999
33;25;19005
33;26;19061
33;27;19079
33;28;19105
33;29;19111
33;30;19112
33;31;19115
33;32;19136
34;1;13262
34;2;13804
34;3;14373
34;4;14898
34;5;15015
34;6;15529
34;7;16080
34;8;16635
34;9;17204
34;10;17222
34;11;17682
34;12;17731
34;13;17787
34;14;17826
34;15;17886
34;16;17904
34;17;17932
34;18;18301
34;19;18676
34;20;18735
34;21;18852
34;22;18961
34;23;18962
34;24;19042
34;25;19053
34;26;19054
34;27;19109
34;28;19115
34;29;19127
34;30;19135
35;1;11045
35;2;11565
35;3;12170
35;4;12633
35;5;13203
35;6;13298
35;7;13411
35;8;14009
35;9;14624
35;10;15097
35;11;15531
35;12;15557
35;13;15575
35;14;16179
35;15;16603
35;16;16622
35;17;17197
35;18;17237
35;19;17795
35;20;18346
35;21;18387
35;22;18408
35;23;18426
35;24;18880
35;25;18993
35;26;18994
35;27;19044
35;28;19063
35;29;19112
35;30;19120
35;31;19131
35;32;19133
35;33;19168
35;34;19170
35;35;19213
36;1;11440
36;2;11468
36;3;11981
36;4;12040
36;5;12609
36;6;12627
36;7;13196
36;8;13266
36;9;13361
36;10;13896
36;11;14431
36;12;15002
36;13;15606
36;14;16175
36;15;16661
36;16;16702
36;17;16737
36;18;16747
36;19;17337
36;20;17740
36;21;17831
36;22;17839
36;23;17899
36;24;18385
36;25;18399
36;26;18405
36;27;18431
36;28;18526
36;29;18954
36;30;19067
36;31;19081
36;32;19105
36;33;19114
36;34;19115
36;35;19135
37;1;13532
37;2;13623
37;3;13711
37;4;14282
37;5;14851
37;6;14947
37;7;15460
37;8;15472
37;9;15522
37;10;16120
37;11;16547
37;12;16565
37;13;17032
37;14;17608
37;15;18157
37;16;18253
37;17;18288
37;18;18347
37;19;18426
37;20;18519
37;21;18539
37;22;18574
37;23;18585
37;24;18644
37;25;19018
37;26;19046
37;27;19056
37;28;19067
37;29;19085
37;30;19111
37;31;19126
37;32;19135
38;1;11706
38;2;12180
38;3;12755
38;4;13295
38;5;13864
38;6;13873
38;7;14233
38;8;14346
38;9;14820
38;10;14869
38;11;14870
38;12;15383
38;13;15772
38;14;15867
38;15;15896
38;16;15907
38;17;16512
38;18;17014
38;19;17127
38;20;17169
38;21;17208
38;22;17319
38;23;17778
38;24;18141
38;25;18190
38;26;18298
38;27;18411
38;28;18450
38;29;18510
38;30;18512
38;31;19006
38;32;19024
38;33;19074
38;34;19084
38;35;19105
38;36;19125
38;37;19155
38;38;19175
38;39;19205
39;1;13255
39;2;13700
39;3;14192
39;4;14779
39;5;14789
39;6;14809
39;7;15345
39;8;15376
39;9;15942
39;10;16427
39;11;16462
39;12;16493
39;13;17069
39;14;17186
39;15;17344
39;16;17422
39;17;17985
39;18;18006
39;19;18016
39;20;18033
39;21;18043
39;22;18092
39;23;18533
39;24;18957
39;25;18981
39;26;19016
39;27;19074
39;28;19085
39;29;19089
39;30;19097
39;31;19103
39;32;19132
39;33;19143
39;34;19166
39;35;19192
39;36;19193
39;37;19205
40;1;13582
40;2;14152
40;3;14310
40;4;14341
40;5;14437
40;6;14465
40;7;15034
40;8;15513
40;9;16053
40;10;16167
40;11;16765
40;12;17183
40;13;17189
40;14;17302
40;15;17698
40;16;18246
40;17;18344
40;18;18404
40;19;18420
40;20;18448
40;21;19063
40;22;19074
40;23;19095
40;24;19105
40;25;19122
40;26;19133
40;27;19135
40;28;19136
41;1;12908
41;2;13016
41;3;13489
41;4;13509
41;5;14113
41;6;14144
41;7;14162
41;8;14211
41;9;14762
41;10;15275
41;11;15721
41;12;16203
41;13;16658
41;14;17132
41;15;17227
41;16;17797
41;17;17818
41;18;17838
41;19;17845
41;20;18361
41;21;18375
41;22;18767
41;23;18778
41;24;18813
41;25;18816
41;26;18820
41;27;18824
41;28;18851
41;29;18911
41;30;18922
41;31;18995
41;32;19027
41;33;19086
41;34;19104
41;35;19105
41;36;19107
41;37;19127
41;38;19136
42;1;10672
42;2;11208
42;3;11646
42;4;12170
42;5;12717
42;6;13183
42;7;13798
42;8;13848
42;9;13874
42;10;14423
42;11;15021
42;12;15537
42;13;15661
42;14;15681
42;15;16197
42;16;16650
42;17;17124
42;18;17597
42;19;17618
42;20;18104
42;21;18109
42;22;18226
42;23;18339
42;24;18852
42;25;18887
42;26;18983
42;27;19003
42;28;19024
42;29;19052
42;30;19112
42;31;19113
42;32;19124
42;33;19133
42;34;19135
43;1;12762
43;2;13303
43;3;13854
43;4;14268
43;5;14804
43;6;14824
43;7;15422
43;8;15997
43;9;16025
43;10;16043
43;11;16102
43;12;16699
43;13;17250
43;14;17729
43;15;17807
43;16;17869
43;17;18333
43;18;18344
43;19;18383
43;20;18403
43;21;18438
43;22;18466
43;23;18497
43;24;19112
43;25;19126
43;26;19155
44;1;10758
44;2;11390
44;3;11912
44;4;12007
44;5;12124
44;6;12183
44;7;12194
44;8;12792
44;9;13284
44;10;13870
44;11;14295
44;12;14865
44;13;14894
44;14;15375
44;15;15424
44;16;15937
44;17;16549
44;18;16580
44;19;16609
44;20;16644
44;21;16646
44;22;17104
44;23;17672
44;24;18139
44;25;18168
44;26;18191
44;27;18308
44;28;18392
44;29;18401
44;30;18913
44;31;18923
44;32;18943
44;33;18954
44;34;19013
44;35;19085
44;36;19126
44;37;19135
45;1;12726
45;2;13199
45;3;13681
45;4;13794
45;5;13890
45;6;13978
45;7;14006
45;8;14582
45;9;15118
45;10;15126
45;11;15167
45;12;15198
45;13;15784
45;14;16306
45;15;16317
45;16;16839
45;17;17349
45;18;17722
45;19;18265
45;20;18300
45;21;18349
45;22;18445
45;23;18495
45;24;18991
45;25;19026
45;26;19086
45;27;19117
45;28;19135
46;1;12167
46;2;12202
46;3;12705
46;4;12734
46;5;13349
46;6;13898
46;7;13947
46;8;14064
46;9;14633
46;10;15015
46;11;15026
46;12;15485
46;13;15602
46;14;16144
46;15;16261
46;16;16618
46;17;16731
46;18;17145
46;19;17204
46;20;17295
46;21;17618
46;22;17636
46;23;17693
46;24;18106
46;25;18214
46;26;18818
46;27;18900
46;28;18975
46;29;19001
46;30;19051
46;31;19079
46;32;19088
46;33;19091
46;34;19097
46;35;19114
46;36;19126
47;1;12086
47;2;12199
47;3;12673
47;4;13113
47;5;13226
47;6;13746
47;7;14321
47;8;14350
47;9;14948
47;10;15421
47;11;15996
47;12;16368
47;13;16397
47;14;16467
47;15;17081
47;16;17112
47;17;17159
47;18;17617
47;19;17652
47;20;17702
47;21;17713
47;22;17742
47;23;18200
47;24;18224
47;25;18252
47;26;18301
47;27;18363
47;28;18412
47;29;18466
47;30;19053
47;31;19113
47;32;19124
47;33;19183
47;34;19189
47;35;19190
47;36;19194
47;37;19205
48;1;12834
48;2;13313
48;3;13849
48;4;13944
48;5;14542
48;6;15005
48;7;15100
48;8;15110
48;9;15565
48;10;15682
48;11;15790
48;12;16303
48;13;16854
48;14;16883
48;15;17337
48;16;17829
48;17;18245
48;18;18265
48;19;18378
48;20;18495
48;21;18496
48;22;18516
48;23;18612
48;24;18969
48;25;18973
48;26;19064
48;27;19124
48;28;19140
48;29;19162
48;30;19205
49;1;11513
49;2;12008
49;3;12125
49;4;12701
49;5;12742
49;6;13269
49;7;13761
49;8;13779
49;9;14330
49;10;14421
49;11;14990
49;12;15512
49;13;16110
49;14;16712
49;15;17134
49;16;17816
49;17;17876
49;18;18034
49;19;18349
49;20;18865
49;21;18930
49;22;18990
49;23;19083
49;24;19094
49;25;19103
49;26;19112
49;27;19116
49;28;19127
50;1;12449
50;2;12963
50;3;13512
50;4;13518
50;5;13596
50;6;13616
50;7;14054
50;8;14601
50;9;14726
50;10;15218
50;11;15582
50;12;15646
50;13;15652
50;14;15693
50;15;16072
50;16;16545
50;17;16623
50;18;16740
50;19;16771
50;20;17280
50;21;17738
50;22;17749
50;23;17809
50;24;17844
50;25;17922
50;26;18289
50;27;18298
50;28;18323
50;29;18382
50;30;18479
50;31;18520
50;32;19096
50;33;19131
50;34;19153
50;35;19171
50;36;19185
50;37;19205
51;1;12700
51;2;13153
51;3;13658
51;4;13689
51;5;14272
51;6;14350
51;7;14921
51;8;15034
51;9;15277
51;10;15548
51;11;15662
51;12;16208
51;13;16268
51;14;16385
51;15;16543
51;16;16561
51;17;16674
51;18;17161
51;19;17699
51;20;17748
51;21;18324
51;22;18383
51;23;18461
51;24;18513
51;25;18515
51;26;18526
51;27;18585
51;28;18613
51;29;18633
51;30;18644
51;31;19118
51;32;19153
51;33;19213
52;1;14048
52;2;14126
52;3;14239
52;4;14773
52;5;14890
52;6;15015
52;7;15605
52;8;15633
52;9;15741
52;10;16248
52;11;16824
52;12;17316
52;13;17424
52;14;17483
52;15;17493
52;16;17794
52;17;17864
52;18;17895
52;19;17897
52;20;18277
52;21;18372
52;22;18393
52;23;18506
52;24;18526
52;25;18557
52;26;19108
52;27;19126
52;28;19127
52;29;19136
53;1;10562
53;2;11160
53;3;11792
53;4;12314
53;5;12884
53;6;13001
53;7;13531
53;8;14102
53;9;14385
53;10;14925
53;11;15500
53;12;15560
53;13;15673
53;14;16263
53;15;16638
53;16;16692
53;17;17138
53;18;17234
53;19;17351
53;20;17730
53;21;17740
53;22;17853
53;23;18359
53;24;18364
53;25;18920
53;26;19016
53;27;19037
53;28;19048
53;29;19057
53;30;19068
53;31;19077
53;32;19118
53;33;19127
53;34;19135
54;1;13379
54;2;13949
54;3;14439
54;4;14931
54;5;15521
54;6;15635
54;7;15670
54;8;15978
54;9;16470
54;10;16488
54;11;16499
54;12;16517
54;13;17093
54;14;17121
54;15;17279
54;16;17308
54;17;17842
54;18;18182
54;19;18340
54;20;18360
54;21;18965
54;22;18975
54;23;18982
54;24;18994
54;25;19089
54;26;19110
54;27;19119
54;28;19121
54;29;19135
55;1;12705
55;2;13227
55;3;13762
55;4;13780
55;5;13920
55;6;14495
55;7;14523
55;8;15059
55;9;15176
55;10;15267
55;11;15580
55;12;15608
55;13;15721
55;14;15799
55;15;16386
55;16;16414
55;17;16796
55;18;17097
55;19;17128
55;20;17563
55;21;17721
55;22;17797
55;23;17817
55;24;17931
55;25;17934
55;26;18461
55;27;18471
55;28;18472
55;29;18531
55;30;18578
55;31;18598
55;32;18600
55;33;18977
55;34;18987
55;35;19101
55;36;19112
55;37;19135
56;1;14385
56;2;14502
56;3;15053
56;4;15178
56;5;15228
56;6;15238
56;7;15828
56;8;15854
56;9;15897
56;10;16326
56;11;16373
56;12;16746
56;13;16787
56;14;16841
56;15;16891
56;16;16961
56;17;17420
56;18;17479
56;19;17490
56;20;17547
56;21;17576
56;22;17636
56;23;18127
56;24;18407
56;25;18428
56;26;18856
56;27;18918
56;28;18947
56;29;18963
56;30;18983
56;31;19032
56;32;19036
56;33;19062
56;34;19095
56;35;19096
56;36;19098
56;37;19110
56;38;19127
56;39;19136
57;1;14928
57;2;14939
57;3;15385
57;4;16000
57;5;16514
57;6;16534
57;7;16544
57;8;16550
57;9;16645
57;10;17042
57;11;17156
57;12;17533
57;13;17691
57;14;18242
57;15;18264
57;16;18285
57;17;18365
57;18;18809
57;19;18911
57;20;18917
57;21;18946
57;22;18995
57;23;19005
57;24;19065
57;25;19075
57;26;19095
57;27;19100
57;28;19126
57;29;19169
57;30;19180
57;31;19183
57;32;19202
57;33;19213
58;1;11362
58;2;11931
58;3;12444
58;4;12462
58;5;12937
58;6;13539
58;7;13599
58;8;13649
58;9;13965
58;10;14514
58;11;15129
58;12;15604
58;13;15699
58;14;15807
58;15;15924
58;16;16514
58;17;16998
58;18;17016
58;19;17052
58;20;17169
58;21;17197
58;22;17217
58;23;17235
58;24;17794
58;25;18330
58;26;18372
58;27;18390
58;28;18468
58;29;18479
58;30;19010
58;31;19030
58;32;19075
58;33;19077
58;34;19126
58;35;19135
59;1;12134
59;2;12661
59;3;13094
59;4;13508
59;5;13557
59;6;13682
59;7;14297
59;8;14887
59;9;14982
59;10;15095
59;11;15617
59;12;15638
59;13;16153
59;14;16191
59;15;16565
59;16;16661
59;17;16778
59;18;16822
59;19;17336
59;20;17694
59;21;17852
59;22;18344
59;23;18798
59;24;18809
59;25;18917
59;26;18923
59;27;19034
59;28;19069
59;29;19090
59;30;19112
59;31;19120
59;32;19161
59;33;19204
59;34;19205
60;1;13272
60;2;13367
60;3;13480
60;4;14103
60;5;14617
60;6;15027
60;7;15445
60;8;16014
60;9;16086
60;10;16114
60;11;16571
60;12;16621
60;13;16671
60;14;17145
60;15;17303
60;16;17363
60;17;17752
60;18;17781
60;19;17792
60;20;17888
60;21;17947
60;22;18608
60;23;19100
60;24;19104
60;25;19106
60;26;19115
60;27;19127
61;1;15480
61;2;16055
61;3;16624
61;4;16635
61;5;16748
61;6;17116
61;7;17174
61;8;17223
61;9;17282
61;10;17310
61;11;17313
61;12;17900
61;13;18469
61;14;18518
61;15;18578
61;16;18993
61;17;19013
61;18;19104
61;19;19126
62;1;15929
62;2;16544
62;3;17091
62;4;17150
62;5;17568
62;6;17588
62;7;17600
62;8;18068
62;9;18163
62;10;18280
62;11;18329
62;12;18425
62;13;18438
62;14;18533
62;15;18957
62;16;18975
62;17;19003
62;18;19062
62;19;19083
62;20;19119
62;21;19178
62;22;19183
62;23;19184
62;24;19188
62;25;19191
62;26;19193
62;27;19205
63;1;12209
63;2;12635
63;3;13127
63;4;13158
63;5;13773
63;6;14343
63;7;14781
63;8;15383
63;9;16065
63;10;16125
63;11;16712
63;12;17248
63;13;17704
63;14;17818
63;15;17853
63;16;18428
63;17;18457
63;18;18523
63;19;18619
63;20;18660
63;21;19021
63;22;19081
63;23;19092
63;24;19155
63;25;19184
63;26;19204
63;27;19205
63;28;19213
64;1;12193
64;2;12201
64;3;12318
64;4;12845
64;5;13449
64;6;13971
64;7;14292
64;8;14867
64;9;15373
64;10;15432
64;11;15473
64;12;15484
64;13;15597
64;14;16071
64;15;16188
64;16;16266
64;17;16666
64;18;17193
64;19;17780
64;20;17852
64;21;17930
64;22;18038
64;23;18417
64;24;18943
64;25;19056
64;26;19067
64;27;19126
65;1;14334
65;2;14394
65;3;14992
65;4;15027
65;5;15540
65;6;15568
65;7;16105
65;8;16590
65;9;17003
65;10;17022
65;11;17180
65;12;17206
65;13;17323
65;14;17926
65;15;18473
65;16;18533
65;17;18547
65;18;18550
65;19;18966
65;20;18996
65;21;19045
65;22;19074
65;23;19091
65;24;19115
65;25;19127
66;1;11859
66;2;12432
66;3;12467
66;4;12580
66;5;12621
66;6;13161
66;7;13257
66;8;13695
66;9;13729
66;10;13824
66;11;14414
66;12;14505
66;13;15080
66;14;15098
66;15;15118
66;16;15716
66;17;15728
66;18;16157
66;19;16677
66;20;17122
66;21;17217
66;22;17308
66;23;17416
66;24;17862
66;25;17871
66;26;18267
66;27;18278
66;28;18298
66;29;18324
66;30;18373
66;31;18834
66;32;18872
66;33;18985
66;34;19050
66;35;19099
66;36;19105
66;37;19117
66;38;19135
67;1;12663
67;2;13219
67;3;13694
67;4;13790
67;5;14366
67;6;14902
67;7;15472
67;8;16014
67;9;16131
67;10;16211
67;11;16813
67;12;16841
67;13;16901
67;14;17298
67;15;17641
67;16;17758
67;17;17829
67;18;17896
67;19;17924
67;20;18041
67;21;18076
67;22;18437
67;23;18448
67;24;18466
67;25;18494
67;26;18904
67;27;18946
67;28;18995
67;29;19029
67;30;19049
67;31;19099
67;32;19118
67;33;19129
67;34;19133
67;35;19135
68;1;11922
68;2;12407
68;3;12947
68;4;13577
68;5;13606
68;6;14196
68;7;14354
68;8;14905
68;9;14933
68;10;15508
68;11;16095
68;12;16710
68;13;16769
68;14;17147
68;15;17213
68;16;17749
68;17;17778
68;18;17873
68;19;17897
68;20;17932
68;21;18508
68;22;18808
68;23;18867
68;24;18875
68;25;18992
68;26;19100
68;27;19116
68;28;19137
68;29;19180
68;30;19183
68;31;19195
68;32;19205
68;33;19213
69;1;13041
69;2;13646
69;3;14138
69;4;14156
69;5;14184
69;6;14706
69;7;15267
69;8;15644
69;9;16173
69;10;16777
69;11;16797
69;12;17253
69;13;17349
69;14;17440
69;15;17445
69;16;17456
69;17;17817
69;18;17876
69;19;18335
69;20;18443
69;21;18556
69;22;18573
69;23;18594
69;24;18608
69;25;18966
69;26;18996
69;27;19013
69;28;19041
69;29;19100
69;30;19126
69;31;19161
69;32;19204
69;33;19205
70;1;13698
70;2;13747
70;3;13776
70;4;13794
70;5;14426
70;6;14455
70;7;14918
70;8;15315
70;9;15404
70;10;16008
70;11;16057
70;12;16075
70;13;16471
70;14;16921
70;15;17032
70;16;17619
70;17;17732
70;18;17763
70;19;17888
70;20;17924
70;21;18462
70;22;18493
70;23;18521
70;24;18580
70;25;18629
70;26;18658
70;27;19100
70;28;19149
70;29;19192
70;30;19204
70;31;19205
71;1;11466
71;2;11591
71;3;11619
71;4;11736
71;5;12351
71;6;12392
71;7;13015
71;8;13605
71;9;13631
71;10;13660
71;11;13755
71;12;14056
71;13;14535
71;14;14631
71;15;15042
71;16;15569
71;17;16116
71;18;16579
71;19;17154
71;20;17596
71;21;17614
71;22;18163
71;23;18276
71;24;18305
71;25;18364
71;26;18459
71;27;18529
71;28;19045
71;29;19065
71;30;19082
71;31;19086
71;32;19145
71;33;19188
71;34;19211
71;35;19213
72;1;13327
72;2;13931
72;3;14441
72;4;14936
72;5;14954
72;6;15314
72;7;15428
72;8;15488
72;9;16059
72;10;16060
72;11;16508
72;12;16601
72;13;16994
72;14;17570
72;15;17596
72;16;17655
72;17;17675
72;18;18203
72;19;18320
72;20;18379
72;21;18517
72;22;18554
72;23;18613
72;24;18624
72;25;18633
72;26;18644
72;27;18982
72;28;19095
72;29;19110
72;30;19127
72;31;19136
73;1;11684
73;2;12223
73;3;12758
73;4;13169
73;5;13632
73;6;14222
73;7;14347
73;8;14378
73;9;14836
73;10;15328
73;11;15424
73;12;16026
73;13;16117
73;14;16662
73;15;17263
73;16;17322
73;17;17715
73;18;17736
73;19;17796
73;20;17826
73;21;18299
73;22;18395
73;23;18772
73;24;18885
73;25;18955
73;26;19020
73;27;19024
73;28;19083
73;29;19103
73;30;19110
73;31;19119
73;32;19121
73;33;19135
74;1;12396
74;2;12491
74;3;12502
74;4;13050
74;5;13585
74;6;14125
74;7;14604
74;8;15013
74;9;15048
74;10;15680
74;11;16173
74;12;16777
74;13;16831
74;14;16933
74;15;17399
74;16;17884
74;17;17979
74;18;18412
74;19;18529
74;20;18540
74;21;18542
74;22;18570
74;23;18949
74;24;19062
74;25;19091
74;26;19134
74;27;19146
74;28;19155
74;29;19164
75;1;14246
75;2;14312
75;3;14361
75;4;14421
75;5;14968
75;6;15064
75;7;15093
75;8;15578
75;9;15691
75;10;15693
75;11;15698
75;12;15726
75;13;15746
75;14;16208
75;15;16258
75;16;16749
75;17;16775
75;18;17091
75;19;17097
75;20;17611
75;21;17629
75;22;18169
75;23;18696
75;24;18760
75;25;18851
75;26;18880
75;27;18911
75;28;18931
75;29;18935
75;30;18984
75;31;19033
75;32;19054
75;33;19078
75;34;19086
75;35;19095
75;36;19097
75;37;19105
75;38;19115
75;39;19135
76;1;10406
76;2;10465
76;3;11088
76;4;11658
76;5;12209
76;6;12824
76;7;12941
76;8;13394
76;9;13751
76;10;13847
76;11;14197
76;12;14802
76;13;14810
76;14;14859
76;15;14972
76;16;14993
76;17;15533
76;18;16104
76;19;16652
76;20;16997
76;21;17489
76;22;17585
76;23;17699
76;24;17719
76;25;17836
76;26;17896
76;27;17937
76;28;17948
76;29;17952
76;30;18528
76;31;19082
76;32;19089
76;33;19103
76;34;19112
76;35;19132
76;36;19191
76;37;19193
76;38;19205
77;1;12864
77;2;13339
77;3;13399
77;4;13495
77;5;13908
77;6;14569
77;7;14628
77;8;15046
77;9;15095
77;10;15492
77;11;15846
77;12;16422
77;13;16935
77;14;16966
77;15;17032
77;16;17143
77;17;17193
77;18;17797
77;19;17864
77;20;17949
77;21;18062
77;22;18068
77;23;18587
77;24;19078
77;25;19085
77;26;19100
77;27;19104
77;28;19115
77;29;19126
77;30;19135
78;1;12317
78;2;12830
78;3;13352
78;4;13465
78;5;13939
78;6;14064
78;7;14613
78;8;14973
78;9;15086
78;10;15613
78;11;16164
78;12;16684
78;13;16719
78;14;17259
78;15;17727
78;16;17755
78;17;17783
78;18;17874
78;19;18366
78;20;18440
78;21;18461
78;22;18487
78;23;18978
78;24;19012
78;25;19021
78;26;19088
78;27;19131
78;28;19140
78;29;19169
78;30;19181
78;31;19204
78;32;19213
79;1;14407
79;2;14477
79;3;14956
79;4;15527
79;5;16040
79;6;16157
79;7;16659
79;8;16726
79;9;17160
79;10;17700
79;11;17817
79;12;17823
79;13;18391
79;14;18426
79;15;18434
79;16;18441
79;17;18452
79;18;18919
79;19;18937
79;20;18995
79;21;19021
79;22;19062
79;23;19085
79;24;19144
79;25;19204
79;26;19205
80;1;11977
80;2;12018
80;3;12135
80;4;12661
80;5;13343
80;6;13781
80;7;13810
80;8;14337
80;9;14695
80;10;15246
80;11;15833
80;12;15862
80;13;16431
80;14;16945
80;15;17053
80;16;17515
80;17;17533
80;18;17559
80;19;17672
80;20;17703
80;21;18230
80;22;18280
80;23;18308
80;24;18319
80;25;18389
80;26;18420
80;27;18878
80;28;18898
80;29;18958
80;30;18984
80;31;18989
80;32;18991
80;33;19030
80;34;19039
80;35;19041
80;36;19046
80;37;19047
80;38;19065
80;39;19076
80;40;19135
81;1;10852
81;2;11450
81;3;12000
81;4;12458
81;5;12971
81;6;13522
81;7;14091
81;8;14126
81;9;14741
81;10;14782
81;11;14940
81;12;14990
81;13;15509
81;14;16001
81;15;16090
81;16;16118
81;17;16126
81;18;16146
81;19;16175
81;20;16206
81;21;16234
81;22;16766
81;23;17224
81;24;17250
81;25;17584
81;26;17698
81;27;17742
81;28;17855
81;29;17886
81;30;18431
81;31;18460
81;32;18577
81;33;19051
81;34;19117
81;35;19118
81;36;19129
81;37;19131
81;38;19179
81;39;19190
81;40;19205
82;1;11731
82;2;12301
82;3;12337
82;4;12766
82;5;13286
82;6;13862
82;7;14485
82;8;15055
82;9;15066
82;10;15504
82;11;15535
82;12;15630
82;13;15743
82;14;16330
82;15;16336
82;16;16418
82;17;16909
82;18;16916
82;19;17342
82;20;17344
82;21;17881
82;22;18315
82;23;18432
82;24;18527
82;25;18640
82;26;18641
82;27;18650
82;28;18668
82;29;18679
82;30;19064
82;31;19082
82;32;19110
82;33;19159
82;34;19202
82;35;19213
83;1;11396
83;2;11943
83;3;11963
83;4;11994
83;5;12504
83;6;13106
83;7;13788
83;8;14179
83;9;14694
83;10;14743
83;11;14750
83;12;15340
83;13;15399
83;14;15512
83;15;15986
83;16;16103
83;17;16198
83;18;16774
83;19;17199
83;20;17672
83;21;17700
83;22;17717
83;23;17830
83;24;17880
83;25;17994
83;26;18023
83;27;18051
83;28;18062
83;29;18625
83;30;18646
83;31;18668
83;32;19134
83;33;19155
83;34;19164
83;35;19185
83;36;19205
84;1;11437
84;2;11972
84;3;12067
84;4;12594
84;5;13141
84;6;13764
84;7;14284
84;8;14888
84;9;14919
84;10;15411
84;11;15520
84;12;16089
84;13;16091
84;14;16113
84;15;16684
84;16;17170
84;17;17175
84;18;17235
84;19;17815
84;20;17841
84;21;17861
84;22;18216
84;23;18234
84;24;18803
84;25;18807
84;26;18920
84;27;19015
84;28;19033
84;29;19044
84;30;19103
84;31;19112
84;32;19115
84;33;19127
84;34;19136
85;1;13079
85;2;13411
85;3;13471
85;4;14046
85;5;14049
85;6;14591
85;7;14705
85;8;14740
85;9;15214
85;10;15232
85;11;15263
85;12;15281
85;13;15290
85;14;15817
85;15;15838
85;16;16146
85;17;16196
85;18;16694
85;19;16811
85;20;16813
85;21;17214
85;22;17230
85;23;17240
85;24;17271
85;25;17646
85;26;17737
85;27;17747
85;28;17806
85;29;17919
85;30;17930
85;31;18421
85;32;18456
85;33;18467
85;34;18476
85;35;18480
85;36;18500
85;37;18560
85;38;18593
85;39;19067
85;40;19085
85;41;19096
85;42;19102
85;43;19113
85;44;19134
85;45;19136
86;1;11877
86;2;12446
86;3;12475
86;4;13015
86;5;13645
86;6;13756
86;7;14194
86;8;14729
86;9;15192
86;10;15666
86;11;15716
86;12;16254
86;13;16793
86;14;16824
86;15;17394
86;16;17644
86;17;17769
86;18;17790
86;19;17849
86;20;17966
86;21;18358
86;22;18421
86;23;18433
86;24;18482
86;25;18541
86;26;19027
86;27;19041
86;28;19100
86;29;19101
86;30;19127
86;31;19136
87;1;14028
87;2;14077
87;3;14692
87;4;15044
87;5;15064
87;6;15578
87;7;15658
87;8;16058
87;9;16171
87;10;16631
87;11;16660
87;12;17020
87;13;17038
87;14;17628
87;15;18155
87;16;18250
87;17;18318
87;18;18377
87;19;18952
87;20;19043
87;21;19093
87;22;19107
87;23;19127
87;24;19135
88;1;12023
88;2;12058
88;3;12648
88;4;13246
88;5;13861
88;6;13879
88;7;14449
88;8;14480
88;9;14500
88;10;14971
88;11;15431
88;12;16007
88;13;16042
88;14;16155
88;15;16280
88;16;16659
88;17;16776
88;18;16807
88;19;17383
88;20;17837
88;21;17885
88;22;18377
88;23;18825
88;24;18950
88;25;19009
88;26;19104
88;27;19124
88;28;19165
88;29;19171
88;30;19190
88;31;19205
88;32;19213
89;1;14522
89;2;15073
89;3;15620
89;4;16112
89;5;16529
89;6;16560
89;7;16677
89;8;17111
89;9;17129
89;10;17150
89;11;17178
89;12;17228
89;13;17685
89;14;17780
89;15;17798
89;16;18367
89;17;18484
89;18;18506
89;19;18532
89;20;18925
89;21;18983
89;22;19042
89;23;19071
89;24;19092
89;25;19110
89;26;19145
89;27;19188
89;28;19190
89;29;19213
90;1;11983
90;2;12503
90;3;12534
90;4;12563
90;5;12676
90;6;13149
90;7;13698
90;8;13718
90;9;14259
90;10;14861
90;11;14910
90;12;15456
90;13;15581
90;14;16149
90;15;16178
90;16;16641
90;17;16683
90;18;16732
90;19;17311
90;20;17322
90;21;17333
90;22;17401
90;23;17421
90;24;17872
90;25;17906
90;26;18413
90;27;18414
90;28;18418
90;29;18436
90;30;18447
90;31;18971
90;32;19030
90;33;19147
90;34;19151
90;35;19162
90;36;19205
91;1;13140
91;2;13257
91;3;13860
91;4;13880
91;5;13889
91;6;13984
91;7;14535
91;8;14584
91;9;15076
91;10;15441
91;11;15554
91;12;16156
91;13;16727
91;14;17359
91;15;17844
91;16;17956
91;17;18554
91;18;18574
91;19;18611
91;20;18618
91;21;18623
91;22;18666
91;23;18945
91;24;19058
91;25;19076
91;26;19111
91;27;19115
91;28;19117
91;29;19137
91;30;19146
91;31;19170
91;32;19213
92;1;13914
92;2;14428
92;3;14488
92;4;14983
92;5;15540
92;6;15590
92;7;16033
92;8;16486
92;9;16515
92;10;17035
92;11;17523
92;12;17552
92;13;18031
92;14;18066
92;15;18086
92;16;18183
92;17;18262
92;18;18837
92;19;18932
92;20;18950
92;21;19017
92;22;19019
92;23;19060
92;24;19064
92;25;19075
92;26;19113
92;27;19115
92;28;19127
93;1;12556
93;2;13132
93;3;13161
93;4;13190
93;5;13303
93;6;13381
93;7;13903
93;8;13915
93;9;14032
93;10;14601
93;11;15123
93;12;15645
93;13;16249
93;14;16333
93;15;16739
93;16;17055
93;17;17645
93;18;17738
93;19;17797
93;20;17817
93;21;17905
93;22;18363
93;23;18911
93;24;18969
93;25;18989
93;26;19049
93;27;19065
93;28;19097
93;29;19130
93;30;19148
93;31;19170
93;32;19171
93;33;19190
93;34;19193
93;35;19205
94;1;9746
94;2;10344
94;3;10458
94;4;10956
94;5;11052
94;6;11544
94;7;12148
94;8;12159
94;9;12672
94;10;12742
94;11;13200
94;12;13713
94;13;13741
94;14;13762
94;15;13811
94;16;14362
94;17;14889
94;18;15470
94;19;15499
94;20;15541
94;21;16033
94;22;16061
94;23;16157
94;24;16571
94;25;16679
94;26;16761
94;27;16810
94;28;17284
94;29;17293
94;30;17352
94;31;17698
94;32;17701
94;33;18150
94;34;18195
94;35;18686
94;36;18714
94;37;18719
94;38;18730
94;39;18827
94;40;18858
94;41;18878
94;42;18927
94;43;18931
94;44;18996
94;45;19007
94;46;19008
94;47;19036
94;48;19066
94;49;19067
94;50;19088
94;51;19110
94;52;19136
95;1;13470
95;2;14068
95;3;14146
95;4;14761
95;5;14789
95;6;15281
95;7;15719
95;8;15748
95;9;15768
95;10;15797
95;11;16333
95;12;16806
95;13;16836
95;14;16881
95;15;17373
95;16;17949
95;17;18536
95;18;18949
95;19;19062
95;20;19082
95;21;19103
95;22;19112
95;23;19121
95;24;19162
95;25;19205
95;26;19213
96;1;11395
96;2;11919
96;3;12429
96;4;12543
96;5;12953
96;6;13369
96;7;13861
96;8;14429
96;9;14488
96;10;14506
96;11;15026
96;12;15613
96;13;16218
96;14;16335
96;15;16904
96;16;17321
96;17;17479
96;18;17934
96;19;17993
96;20;18011
96;21;18031
96;22;18042
96;23;18618
96;24;18646
96;25;18696
96;26;18976
96;27;19030
96;28;19059
96;29;19089
96;30;19092
96;31;19112
96;32;19118
96;33;19126
96;34;19135
97;1;12671
97;2;13208
97;3;13784
97;4;14329
97;5;14880
97;6;14939
97;7;15621
97;8;16094
97;9;16662
97;10;17277
97;11;17308
97;12;17798
97;13;17848
97;14;18164
97;15;18739
97;16;18747
97;17;18782
97;18;18843
97;19;18852
97;20;18901
97;21;18925
97;22;18937
97;23;18990
97;24;19059
97;25;19060
97;26;19155
97;27;19166
97;28;19184
97;29;19204
97;30;19205
98;1;10587
98;2;11061
98;3;11139
98;4;11737
98;5;11758
98;6;11871
98;7;12274
98;8;12842
98;9;13444
98;10;13789
98;11;14340
98;12;14927
98;13;14932
98;14;15057
98;15;15133
98;16;15552
98;17;16103
98;18;16482
98;19;16577
98;20;17192
98;21;17231
98;22;17807
98;23;18165
98;24;18177
98;25;18200
98;26;18288
98;27;18296
98;28;18392
98;29;18935
98;30;18995
98;31;19112
98;32;19161
98;33;19211
98;34;19213
99;1;13106
99;2;13667
99;3;13677
99;4;14105
99;5;14200
99;6;14211
99;7;14787
99;8;15392
99;9;15928
99;10;16441
99;11;16498
99;12;16499
99;13;16592
99;14;16603
99;15;17174
99;16;17761
99;17;17878
99;18;18286
99;19;18346
99;20;18363
99;21;18393
99;22;18504
99;23;18505
99;24;18880
99;25;18898
99;26;18993
99;27;19023
99;28;19024
99;29;19028
99;30;19123
99;31;19151
99;32;19162
99;33;19211
99;34;19213
100;1;10896
100;2;11494
100;3;12070
100;4;12583
100;5;13046
100;6;13100
100;7;13715
100;8;14266
100;9;14758
100;10;15309
100;11;15338
100;12;15455
100;13;15961
100;14;16536
100;15;17072
100;16;17107
100;17;17580
100;18;18167
100;19;18612
100;20;18729
100;21;18843
100;22;18892
100;23;18938
100;24;19042
100;25;19092
100;26;19103
100;27;19112
100;28;19155
101;1;11786
101;2;12310
101;3;12827
101;4;12922
101;5;13030
101;6;13476
101;7;13567
101;8;13580
101;9;13691
101;10;14118
101;11;14592
101;12;14620
101;13;15232
101;14;15783
101;15;16352
101;16;16844
101;17;16903
101;18;17244
101;19;17322
101;20;17895
101;21;17966
101;22;17994
101;23;18005
101;24;18065
101;25;18094
101;26;18610
101;27;18632
101;28;18691
101;29;19061
101;30;19111
101;31;19129
101;32;19164
101;33;19168
101;34;19170
101;35;19213
102;1;12235
102;2;12728
102;3;13299
102;4;13903
102;5;14472
102;6;14531
102;7;14601
102;8;15123
102;9;15659
102;10;16274
102;11;16749
102;12;17266
102;13;17814
102;14;18220
102;15;18238
102;16;18239
102;17;18247
102;18;18280
102;19;18397
102;20;18428
102;21;18442
102;22;18462
102;23;18497
102;24;18557
102;25;18567
102;26;18595
102;27;18644
102;28;19121
102;29;19135
103;1;12630
103;2;12641
103;3;13192
103;4;13193
103;5;13741
103;6;13759
103;7;14335
103;8;14790
103;9;15274
103;10;15864
103;11;16343
103;12;16372
103;13;16896
103;14;17302
103;15;17415
103;16;17523
103;17;17640
103;18;17657
103;19;17690
103;20;17710
103;21;18168
103;22;18540
103;23;18654
103;24;18812
103;25;18881
103;26;18899
103;27;18909
103;28;18940
103;29;18943
103;30;19018
103;31;19046
103;32;19062
103;33;19065
103;34;19075
103;35;19077
103;36;19126
104;1;12596
104;2;13054
104;3;13601
104;4;14176
104;5;14744
104;6;14902
104;7;15506
104;8;16121
104;9;16238
104;10;16308
104;11;16637
104;12;17145
104;13;17165
104;14;17279
104;15;17316
104;16;17411
104;17;17938
104;18;17997
104;19;18000
104;20;18091
104;21;18508
104;22;18556
104;23;18582
104;24;18608
104;25;18651
104;26;19083
104;27;19100
104;28;19143
104;29;19176
104;30;19187
104;31;19196
104;32;19207
104;33;19211
104;34;19213
105;1;12046
105;2;12616
105;3;13138
105;4;13689
105;5;14203
105;6;14595
105;7;14659
105;8;15206
105;9;15775
105;10;15840
105;11;16416
105;12;16529
105;13;16578
105;14;16695
105;15;17123
105;16;17219
105;17;17315
105;18;17790
105;19;18385
105;20;18397
105;21;18429
105;22;18796
105;23;18887
105;24;18898
105;25;18957
105;26;19017
105;27;19113
105;28;19133
105;29;19134
105;30;19162
105;31;19183
105;32;19205
106;1;12683
106;2;13175
106;3;13300
106;4;13349
106;5;13925
106;6;14495
106;7;14590
106;8;15117
106;9;15188
106;10;15199
106;11;15653
106;12;16187
106;13;16213
106;14;16235
106;15;16757
106;16;17114
106;17;17125
106;18;17484
106;19;17515
106;20;18084
106;21;18144
106;22;18257
106;23;18273
106;24;18386
106;25;18414
106;26;18422
106;27;18462
106;28;18466
106;29;19012
106;30;19019
106;31;19075
106;32;19079
106;33;19103
106;34;19133
106;35;19135
107;1;11779
107;2;12301
107;3;12899
107;4;13439
107;5;13974
107;6;14091
107;7;14109
107;8;14222
107;9;14634
107;10;14949
107;11;15462
107;12;15493
107;13;16035
107;14;16421
107;15;16997
107;16;17510
107;17;17623
107;18;17719
107;19;18191
107;20;18308
107;21;18316
107;22;18327
107;23;18353
107;24;18381
107;25;18433
107;26;18454
107;27;18476
107;28;18481
107;29;18510
107;30;18576
107;31;18954
107;32;18997
107;33;19076
107;34;19096
107;35;19104
107;36;19110
107;37;19131
107;38;19151
107;39;19181
107;40;19190
107;41;19213
108;1;12428
108;2;12516
108;3;13091
108;4;13667
108;5;14257
108;6;14415
108;7;14433
108;8;14482
108;9;14596
108;10;15040
108;11;15041
108;12;15069
108;13;15100
108;14;15159
108;15;15621
108;16;16034
108;17;16121
108;18;16135
108;19;16151
108;20;16247
108;21;16273
108;22;16301
108;23;16807
108;24;16836
108;25;17330
108;26;17798
108;27;17816
108;28;17875
108;29;17899
108;30;18330
108;31;18881
108;32;18929
108;33;18972
108;34;18987
108;35;18996
108;36;19024
108;37;19045
108;38;19053
108;39;19070
108;40;19096
108;41;19106
108;42;19126
108;43;19141
108;44;19161
108;45;19162
108;46;19205
109;1;11530
109;2;12043
109;3;12138
109;4;12714
109;5;12734
109;6;13272
109;7;13553
109;8;14102
109;9;14141
109;10;14159
109;11;14757
109;12;14882
109;13;14946
109;14;14995
109;15;15013
109;16;15535
109;17;15610
109;18;15647
109;19;16125
109;20;16712
109;21;16803
109;22;17259
109;23;17594
109;24;17708
109;25;18171
109;26;18239
109;27;18298
109;28;18745
109;29;18750
109;30;18867
109;31;18929
109;32;18988
109;33;18999
109;34;19045
109;35;19055
109;36;19104
109;37;19154
109;38;19164
109;39;19190
109;40;19213
110;1;11545
110;2;12075
110;3;12597
110;4;13148
110;5;13452
110;6;13971
110;7;14025
110;8;14053
110;9;14084
110;10;14597
110;11;14705
110;12;15138
110;13;15149
110;14;15266
110;15;15870
110;16;15983
110;17;16423
110;18;16451
110;19;16903
110;20;17475
110;21;17496
110;22;17552
110;23;17601
110;24;17714
110;25;17764
110;26;17782
110;27;18224
110;28;18708
110;29;18800
110;30;18801
110;31;18842
110;32;18859
110;33;18870
110;34;18918
110;35;19017
110;36;19084
110;37;19093
110;38;19101
110;39;19127
110;40;19135
110;41;19136
111;1;11810
111;2;11841
111;3;12446
111;4;12959
111;5;13047
111;6;13598
111;7;13629
111;8;14106
111;9;14527
111;10;15078
111;11;15516
111;12;15565
111;13;15967
111;14;16383
111;15;16474
111;16;16509
111;17;16961
111;18;16971
111;19;17068
111;20;17164
111;21;17598
111;22;17689
111;23;17709
111;24;17727
111;25;17755
111;26;17784
111;27;17803
111;28;17810
111;29;17841
111;30;17954
111;31;18004
111;32;18421
111;33;18480
111;34;18535
111;35;18541
111;36;19110
111;37;19117
111;38;19150
111;39;19193
111;40;19205
112;1;12531
112;2;13100
112;3;13698
112;4;13709
112;5;13769
112;6;14339
112;7;14852
112;8;15272
112;9;15823
112;10;16345
112;11;16872
112;12;16963
112;13;17076
112;14;17184
112;15;17234
112;16;17249
112;17;17823
112;18;17864
112;19;18399
112;20;18417
112;21;18435
112;22;18463
112;23;18474
112;24;18500
112;25;18591
112;26;18601
112;27;18621
112;28;18644
112;29;19018
112;30;19085
112;31;19100
112;32;19102
112;33;19111
112;34;19124
112;35;19135
113;1;12718
113;2;12843
113;3;13445
113;4;14021
113;5;14644
113;6;15168
113;7;15186
113;8;15776
113;9;16249
113;10;16645
113;11;16674
113;12;17193
113;13;17211
113;14;17782
113;15;18340
113;16;18375
113;17;18776
113;18;18804
113;19;18826
113;20;18862
113;21;18949
113;22;18953
113;23;18965
113;24;19073
113;25;19089
113;26;19108
113;27;19130
113;28;19131
113;29;19190
113;30;19205
114;1;12825
114;2;12845
114;3;12941
114;4;13511
114;5;13532
114;6;13945
114;7;14462
114;8;14521
114;9;15136
114;10;15178
114;11;15588
114;12;15619
114;13;15648
114;14;15736
114;15;15756
114;16;16107
114;17;16202
114;18;16214
114;19;16327
114;20;16787
114;21;16895
114;22;17432
114;23;17787
114;24;17815
114;25;18328
114;26;18378
114;27;18404
114;28;18464
114;29;18494
114;30;18574
114;31;18582
114;32;18586
114;33;18957
114;34;19007
114;35;19084
114;36;19133
114;37;19135
115;1;11828
115;2;12430
115;3;13035
115;4;13488
115;5;14059
115;6;14077
115;7;14194
115;8;14550
115;9;14708
115;10;15051
115;11;15444
115;12;15984
115;13;16560
115;14;16673
115;15;17243
115;16;17271
115;17;17676
115;18;17696
115;19;17714
115;20;17745
115;21;17790
115;22;17903
115;23;17969
115;24;18244
115;25;18353
115;26;18371
115;27;18832
115;28;18873
115;29;18913
115;30;18931
115;31;18959
115;32;18988
115;33;19019
115;34;19034
115;35;19054
115;36;19078
115;37;19081
115;38;19095
115;39;19106
115;40;19117
115;41;19126
115;42;19135
116;1;11603
116;2;11720
116;3;12156
116;4;12270
116;5;12383
116;6;12461
116;7;13032
116;8;13082
116;9;13461
116;10;13974
116;11;14087
116;12;14657
116;13;15053
116;14;15088
116;15;15184
116;16;15611
116;17;16086
116;18;16114
116;19;16125
116;20;16145
116;21;16146
116;22;16637
116;23;16750
116;24;17241
116;25;17714
116;26;17810
116;27;18379
116;28;18774
116;29;18803
116;30;18823
116;31;18831
116;32;18893
116;33;18934
116;34;18955
116;35;18973
116;36;19001
116;37;19032
116;38;19067
116;39;19126
117;1;12573
117;2;13171
117;3;13707
117;4;13793
117;5;13811
117;6;14329
117;7;14767
117;8;15318
117;9;15443
117;10;15554
117;11;15603
117;12;16068
117;13;16525
117;14;16584
117;15;16595
117;16;16708
117;17;16758
117;18;17149
117;19;17203
117;20;17263
117;21;17298
117;22;17415
117;23;18002
117;24;18481
117;25;18957
117;26;19003
117;27;19032
117;28;19091
117;29;19141
117;30;19160
117;31;19171
117;32;19190
117;33;19213
118;1;10750
118;2;10841
118;3;10955
118;4;11560
118;5;12129
118;6;12733
118;7;12751
118;8;12782
118;9;13295
118;10;13697
118;11;14267
118;12;14296
118;13;14325
118;14;14799
118;15;14881
118;16;14899
118;17;15362
118;18;15475
118;19;16002
118;20;16119
118;21;16687
118;22;17121
118;23;17590
118;24;17601
118;25;17630
118;26;17708
118;27;17790
118;28;18306
118;29;18414
118;30;18440
118;31;18902
118;32;18904
118;33;18964
118;34;18973
118;35;19030
118;36;19063
118;37;19177
118;38;19188
118;39;19191
118;40;19193
118;41;19205
119;1;13904
119;2;13925
119;3;14438
119;4;14467
119;5;14898
119;6;14899
119;7;15426
119;8;15818
119;9;15885
119;10;16412
119;11;16443
119;12;16979
119;13;17028
119;14;17579
119;15;17605
119;16;17646
119;17;17668
119;18;18160
119;19;18677
119;20;18794
119;21;18840
119;22;18922
119;23;18940
119;24;19057
119;25;19064
119;26;19075
119;27;19125
119;28;19184
119;29;19204
119;30;19213
120;1;10990
120;2;11428
120;3;11541
120;4;11582
120;5;12055
120;6;12558
120;7;13173
120;8;13611
120;9;13632
120;10;13661
120;11;14230
120;12;14750
120;13;15253
120;14;15370
120;15;15528
120;16;15539
120;17;16115
120;18;16193
120;19;16490
120;20;16513
120;21;16626
120;22;16657
120;23;17247
120;24;17337
120;25;17362
120;26;17479
120;27;18054
120;28;18072
120;29;18591
120;30;19041
120;31;19052
120;32;19083
120;33;19115
120;34;19124
120;35;19133
120;36;19134
120;37;19136
121;1;12272
121;2;12751
121;3;13288
121;4;13316
121;5;13790
121;6;13812
121;7;14444
121;8;14465
121;9;15126
121;10;15645
121;11;15705
121;12;16227
121;13;16878
121;14;17427
121;15;17900
121;16;17941
121;17;17969
121;18;17995
121;19;18013
121;20;18016
121;21;18075
121;22;18441
121;23;18476
121;24;18961
121;25;19078
121;26;19127
121;27;19170
121;28;19204
121;29;19205
121;30;19213
122;1;15579
122;2;15692
122;3;15803
122;4;16077
122;5;16191
122;6;16640
122;7;16753
122;8;17162
122;9;17731
122;10;17889
122;11;17932
122;12;17960
122;13;17967
122;14;18027
122;15;18055
122;16;18540
122;17;18551
122;18;18582
122;19;18600
122;20;19066
122;21;19071
122;22;19073
122;23;19083
122;24;19090
122;25;19111
122;26;19161
122;27;19170
122;28;19171
122;29;19190
122;30;19213
123;1;13946
123;2;14332
123;3;14373
123;4;14498
123;5;14558
123;6;15016
123;7;15585
123;8;15988
123;9;16002
123;10;16093
123;11;16189
123;12;16765
123;13;16796
123;14;16825
123;15;16885
123;16;16893
123;17;17391
123;18;17402
123;19;17443
123;20;18018
123;21;18135
123;22;18528
123;23;18563
123;24;18641
123;25;19034
123;26;19051
123;27;19055
123;28;19073
123;29;19168
123;30;19200
123;31;19211
123;32;19213
124;1;11639
124;2;11668
124;3;12255
124;4;12804
124;5;13373
124;6;13848
124;7;14453
124;8;14503
124;9;14598
124;10;14626
124;11;15230
124;12;15781
124;13;15792
124;14;15812
124;15;16309
124;16;16337
124;17;16913
124;18;17511
124;19;17539
124;20;17570
124;21;17926
124;22;17930
124;23;18008
124;24;18034
124;25;18094
124;26;18206
124;27;18584
124;28;18675
124;29;18690
124;30;19065
124;31;19086
124;32;19088
124;33;19108
124;34;19204
124;35;19205
125;1;11425
125;2;11583
125;3;12105
125;4;12125
125;5;12807
125;6;12885
125;7;13454
125;8;13489
125;9;13981
125;10;14331
125;11;14417
125;12;14968
125;13;15515
125;14;15523
125;15;15583
125;16;16119
125;17;16158
125;18;16176
125;19;16267
125;20;16327
125;21;16440
125;22;16470
125;23;16908
125;24;16919
125;25;17296
125;26;17421
125;27;17475
125;28;17942
125;29;18419
125;30;18817
125;31;18925
125;32;18985
125;33;19014
125;34;19073
125;35;19163
125;36;19183
125;37;19187
125;38;19189
125;39;19192
125;40;19202
125;41;19213
126;1;14217
126;2;14815
126;3;15438
126;4;15511
126;5;16080
126;6;16193
126;7;16651
126;8;16686
126;9;16690
126;10;16768
126;11;16786
126;12;17246
126;13;17334
126;14;17602
126;15;17693
126;16;17701
126;17;18231
126;18;18339
126;19;18368
126;20;18404
126;21;18445
126;22;18471
126;23;19000
126;24;19035
126;25;19057
126;26;19067
126;27;19112
126;28;19124
126;29;19158
126;30;19179
126;31;19183
126;32;19205
127;1;12132
127;2;12642
127;3;12673
127;4;13243
127;5;13736
127;6;13989
127;7;14080
127;8;14678
127;9;15360
127;10;15389
127;11;15958
127;12;16018
127;13;16059
127;14;16330
127;15;16443
127;16;16538
127;17;16655
127;18;17230
127;19;17280
127;20;17903
127;21;17932
127;22;18028
127;23;18604
127;24;19094
127;25;19172
127;26;19194
127;27;19205
128;1;11587
128;2;12127
128;3;12158
128;4;12271
128;5;12795
128;6;13370
128;7;13495
128;8;13973
128;9;14090
128;10;14118
128;11;14631
128;12;14637
128;13;15129
128;14;15569
128;15;15978
128;16;16529
128;17;16640
128;18;16753
128;19;17343
128;20;17378
128;21;17427
128;22;17487
128;23;18053
128;24;18477
128;25;18513
128;26;18534
128;27;18552
128;28;18572
128;29;19133
128;30;19135
128;31;19136
129;1;16616
129;2;16647
129;3;17134
129;4;17625
129;5;17674
129;6;17791
129;7;17851
129;8;17853
129;9;17871
129;10;17872
129;11;18345
129;12;18458
129;13;18505
129;14;18520
129;15;18556
129;16;18567
129;17;18577
129;18;18626
129;19;18644
129;20;18679
129;21;18722
129;22;19211
129;23;19213
130;1;12076
130;2;12104
130;3;12655
130;4;13260
130;5;13734
130;6;13752
130;7;13781
130;8;13831
130;9;14364
130;10;14895
130;11;15340
130;12;15351
130;13;15843
130;14;16419
130;15;16505
130;16;16523
130;17;16990
130;18;17010
130;19;17101
130;20;17615
130;21;17732
130;22;17827
130;23;17952
130;24;17973
130;25;17975
130;26;18467
130;27;18485
130;28;19053
130;29;19082
130;30;19112
130;31;19115
130;32;19127
131;1;11555
131;2;11643
131;3;12102
131;4;12706
131;5;12755
131;6;12781
131;7;13260
131;8;13377
131;9;13952
131;10;13980
131;11;14206
131;12;14319
131;13;14934
131;14;15051
131;15;15062
131;16;15093
131;17;15124
131;18;15184
131;19;15225
131;20;15607
131;21;16248
131;22;16283
131;23;16838
131;24;17385
131;25;17387
131;26;17791
131;27;17904
131;28;18271
131;29;18330
131;30;18337
131;31;18366
131;32;18840
131;33;18931
131;34;18932
131;35;19010
131;36;19014
131;37;19074
131;38;19096
131;39;19155
131;40;19164
132;1;11539
132;2;12086
132;3;12688
132;4;12708
132;5;12729
132;6;12783
132;7;12897
132;8;13487
132;9;13979
132;10;14470
132;11;14587
132;12;14662
132;13;15237
132;14;15751
132;15;16119
132;16;16173
132;17;16760
132;18;16877
132;19;16926
132;20;17468
132;21;17878
132;22;18450
132;23;18509
132;24;18598
132;25;18648
132;26;18676
132;27;18995
132;28;19055
132;29;19073
132;30;19133
132;31;19135
133;1;12707
133;2;13258
133;3;13287
133;4;13318
133;5;13831
133;6;14454
133;7;14994
133;8;15581
133;9;16152
133;10;16625
133;11;16742
133;12;17317
133;13;17345
133;14;17374
133;15;17711
133;16;18262
133;17;18696
133;18;18774
133;19;18800
133;20;18835
133;21;18858
133;22;18918
133;23;18923
133;24;18972
133;25;19001
133;26;19003
133;27;19038
133;28;19052
133;29;19081
133;30;19111
133;31;19112
133;32;19127
133;33;19136
134;1;13418
134;2;13935
134;3;14501
134;4;14560
134;5;15082
134;6;15594
134;7;15614
134;8;16136
134;9;16625
134;10;16720
134;11;16755
134;12;16784
134;13;16897
134;14;17411
134;15;17786
134;16;17840
134;17;17862
134;18;17880
134;19;18495
134;20;19011
134;21;19070
134;22;19074
134;23;19102
134;24;19119
134;25;19121
134;26;19170
134;27;19213
135;1;14229
135;2;14831
135;3;15316
135;4;15856
135;5;15970
135;6;16223
135;7;16774
135;8;16865
135;9;17291
135;10;17386
135;11;17848
135;12;17961
135;13;17973
135;14;18022
135;15;18424
135;16;18447
135;17;18491
135;18;18517
135;19;18528
135;20;18980
135;21;19097
135;22;19117
135;23;19118
135;24;19129
135;25;19132
135;26;19162
135;27;19164
136;1;12170
136;2;12706
136;3;13282
136;4;13293
136;5;13880
136;6;13928
136;7;14492
136;8;14527
136;9;14953
136;10;15504
136;11;16073
136;12;16587
136;13;16606
136;14;16643
136;15;16682
136;16;17134
136;17;17154
136;18;17755
136;19;17852
136;20;17856
136;21;17947
136;22;18439
136;23;18480
136;24;18946
136;25;19041
136;26;19059
136;27;19079
136;28;19090
136;29;19102
136;30;19105
136;31;19116
136;32;19127
136;33;19135
136;34;19136
137;1;12121
137;2;12595
137;3;13146
137;4;13721
137;5;14297
137;6;14868
137;7;15437
137;8;15481
137;9;15567
137;10;15945
137;11;15966
137;12;16536
137;13;17037
137;14;17065
137;15;17178
137;16;17246
137;17;17844
137;18;17898
137;19;18442
137;20;18502
137;21;18537
137;22;18538
137;23;18549
137;24;18578
137;25;18587
137;26;18608
137;27;19074
137;28;19075
137;29;19124
137;30;19134
137;31;19162
137;32;19183
137;33;19185
137;34;19205
137;35;19213
138;1;10975
138;2;11517
138;3;12086
138;4;12583
138;5;13130
138;6;13190
138;7;13221
138;8;13335
138;9;13880
138;10;13908
138;11;14025
138;12;14433
138;13;14459
138;14;14494
138;15;14602
138;16;15175
138;17;15716
138;18;15833
138;19;15882
138;20;16398
138;21;16830
138;22;17397
138;23;17919
138;24;18275
138;25;18388
138;26;18482
138;27;18513
138;28;18530
138;29;18608
138;30;19051
138;31;19068
138;32;19097
138;33;19117
138;34;19118
138;35;19127
138;36;19136
139;1;13108
139;2;13679
139;3;13738
139;4;14318
139;5;14888
139;6;15464
139;7;15514
139;8;16061
139;9;16129
139;10;16385
139;11;16403
139;12;16511
139;13;17062
139;14;17090
139;15;17098
139;16;17124
139;17;17156
139;18;17758
139;19;17815
139;20;18229
139;21;18236
139;22;18347
139;23;18368
139;24;18427
139;25;18540
139;26;18636
139;27;18644
139;28;19042
139;29;19077
139;30;19083
139;31;19103
139;32;19117
139;33;19126
140;1;12809
140;2;13322
140;3;13849
140;4;13940
140;5;14514
140;6;14555
140;7;14633
140;8;15147
140;9;15460
140;10;15573
140;11;16171
140;12;16740
140;13;17172
140;14;17213
140;15;17760
140;16;17786
140;17;18258
140;18;18287
140;19;18312
140;20;18391
140;21;18450
140;22;18470
140;23;18991
140;24;19003
140;25;19029
140;26;19030
140;27;19032
140;28;19036
140;29;19051
140;30;19068
140;31;19077
140;32;19112
140;33;19127
140;34;19128
140;35;19162
140;36;19170
140;37;19213
141;1;12521
141;2;13097
141;3;13132
141;4;13191
141;5;13217
141;6;13741
141;7;14367
141;8;14856
141;9;15219
141;10;15278
141;11;15829
141;12;15858
141;13;15946
141;14;16057
141;15;16107
141;16;16517
141;17;16631
141;18;16727
141;19;17249
141;20;17710
141;21;17713
141;22;17821
141;23;17934
141;24;18301
141;25;18762
141;26;18774
141;27;18795
141;28;18891
141;29;18950
141;30;18952
141;31;18969
141;32;18974
141;33;19091
141;34;19111
141;35;19112
141;36;19115
141;37;19127
142;1;12695
142;2;12724
142;3;13322
142;4;13945
142;5;14070
142;6;14545
142;7;15150
142;8;15188
142;9;15778
142;10;15806
142;11;15835
142;12;16240
142;13;16686
142;14;16736
142;15;17228
142;16;17629
142;17;17657
142;18;17686
142;19;17747
142;20;17860
142;21;18401
142;22;18436
142;23;18518
142;24;18992
142;25;19059
142;26;19085
142;27;19105
142;28;19114
142;29;19135
142;30;19155
142;31;19164
143;1;11345
143;2;11365
143;3;11941
143;4;12545
143;5;13120
143;6;13689
143;7;14231
143;8;14846
143;9;15393
143;10;15489
143;11;15606
143;12;15714
143;13;15828
143;14;16352
143;15;16879
143;16;17225
143;17;17801
143;18;18293
143;19;18296
143;20;18770
143;21;18880
143;22;18908
143;23;19025
143;24;19066
143;25;19104
143;26;19107
143;27;19110
143;28;19136
143;29;19147
143;30;19190
143;31;19193
143;32;19205
144;1;13340
144;2;13369
144;3;13939
144;4;14515
144;5;15028
144;6;15054
144;7;15171
144;8;15709
144;9;16307
144;10;16765
144;11;17115
144;12;17143
144;13;17190
144;14;17730
144;15;17742
144;16;17812
144;17;17907
144;18;18258
144;19;18364
144;20;18394
144;21;18471
144;22;18538
144;23;18541
144;24;18590
144;25;18611
144;26;18613
144;27;19123
144;28;19152
144;29;19182
144;30;19204
144;31;19205
145;1;12491
145;2;13060
145;3;13173
145;4;13682
145;5;14233
145;6;14350
145;7;14901
145;8;15495
145;9;16085
145;10;16447
145;11;16564
145;12;16582
145;13;16623
145;14;16660
145;15;16671
145;16;17117
145;17;17580
145;18;17650
145;19;17763
145;20;18280
145;21;18360
145;22;18767
145;23;18808
145;24;18886
145;25;18903
145;26;18999
145;27;19012
145;28;19020
145;29;19040
145;30;19118
145;31;19124
145;32;19135
146;1;11427
146;2;12002
146;3;12571
146;4;13045
146;5;13534
146;6;14195
146;7;14226
146;8;14831
146;9;14885
146;10;15002
146;11;15494
146;12;15523
146;13;15572
146;14;15668
146;15;16124
146;16;16581
146;17;17064
146;18;17113
146;19;17221
146;20;17715
146;21;18221
146;22;18250
146;23;18709
146;24;18826
146;25;18853
146;26;18970
146;27;18975
146;28;19010
146;29;19070
146;30;19081
146;31;19082
146;32;19091
146;33;19112
146;34;19115
146;35;19127
147;1;11051
147;2;11146
147;3;11659
147;4;12291
147;5;12881
147;6;12930
147;7;13499
147;8;14019
147;9;14498
147;10;14612
147;11;15214
147;12;15812
147;13;16258
147;14;16805
147;15;16827
147;16;16851
147;17;17419
147;18;17970
147;19;17974
147;20;18069
147;21;18619
147;22;18647
147;23;18985
147;24;19026
147;25;19044
147;26;19135
147;27;19161
147;28;19204
147;29;19205
147;30;19213
148;1;13697
148;2;13757
148;3;14308
148;4;14931
148;5;15022
148;6;15591
148;7;16160
148;8;16214
148;9;16576
148;10;16667
148;11;16726
148;12;16761
148;13;16781
148;14;17357
148;15;17883
148;16;18343
148;17;18392
148;18;18413
148;19;18420
148;20;18498
148;21;18521
148;22;18851
148;23;18856
148;24;18910
148;25;18945
148;26;19062
148;27;19063
148;28;19065
148;29;19123
148;30;19182
148;31;19184
148;32;19204
148;33;19205
149;1;13204
149;2;13225
149;3;13907
149;4;13957
149;5;14526
149;6;14575
149;7;15119
149;8;15562
149;9;16065
149;10;16114
149;11;16645
149;12;16741
149;13;17339
149;14;17398
149;15;17408
149;16;17418
149;17;17477
149;18;17850
149;19;18401
149;20;18492
149;21;18503
149;22;19105
149;23;19113
149;24;19122
149;25;19133
149;26;19135
150;1;13877
150;2;14507
150;3;14963
150;4;15455
150;5;15568
150;6;15656
150;7;16169
150;8;16189
150;9;16642
150;10;17003
150;11;17572
150;12;17685
150;13;17696
150;14;17737
150;15;18200
150;16;18296
150;17;18404
150;18;18965
150;19;19014
150;20;19025
150;21;19060
150;22;19081
150;23;19109
150;24;19168
150;25;19170
150;26;19171
150;27;19193
150;28;19205
151;1;11051
151;2;11649
151;3;12196
151;4;12227
151;5;12738
151;6;13249
151;7;13278
151;8;13838
151;9;13857
151;10;14315
151;11;14997
151;12;15434
151;13;15524
151;14;16111
151;15;16624
151;16;16741
151;17;17298
151;18;17874
151;19;18206
151;20;18527
151;21;18545
151;22;18640
151;23;18733
151;24;18761
151;25;18878
151;26;18986
151;27;18988
151;28;19038
151;29;19056
151;30;19068
151;31;19079
151;32;19097
151;33;19127
151;34;19136
152;1;12010
152;2;12474
152;3;12494
152;4;12554
152;5;13130
152;6;13699
152;7;13727
152;8;13852
152;9;13878
152;10;13907
152;11;14504
152;12;15040
152;13;15449
152;14;15558
152;15;15671
152;16;16195
152;17;16249
152;18;16701
152;19;16702
152;20;16819
152;21;17406
152;22;17476
152;23;17957
152;24;17986
152;25;18489
152;26;18585
152;27;19048
152;28;19065
152;29;19135
152;30;19146
152;31;19175
152;32;19185
152;33;19205
153;1;12775
153;2;12804
153;3;12900
153;4;13451
153;5;14002
153;6;14572
153;7;15064
153;8;15178
153;9;15196
153;10;15657
153;11;15688
153;12;16239
153;13;16766
153;14;17322
153;15;17835
153;16;17855
153;17;17858
153;18;17936
153;19;17957
153;20;18512
153;21;18532
153;22;18543
153;23;18603
153;24;18635
153;25;18673
153;26;18683
153;27;18694
153;28;19088
153;29;19205
154;1;12628
154;2;13310
154;3;13316
154;4;13347
154;5;13951
154;6;14561
154;7;14587
154;8;15156
154;9;15629
154;10;16205
154;11;16682
154;12;16796
154;13;17304
154;14;17806
154;15;17809
154;16;18301
154;17;18822
154;18;18833
154;19;18892
154;20;19005
154;21;19024
154;22;19080
154;23;19084
154;24;19112
154;25;19114
154;26;19126
154;27;19127
154;28;19135
155;1;13236
155;2;13296
155;3;13823
155;4;14276
155;5;14304
155;6;14908
155;7;14943
155;8;15530
155;9;15612
155;10;15690
155;11;16134
155;12;16247
155;13;16258
155;14;16711
155;15;16779
155;16;17203
155;17;17252
155;18;17821
155;19;17835
155;20;18400
155;21;18431
155;22;18442
155;23;18997
155;24;19040
155;25;19104
155;26;19135
155;27;19136
156;1;14909
156;2;14993
156;3;15564
156;4;15971
156;5;16000
156;6;16031
156;7;16444
156;8;16493
156;9;16606
156;10;16666
156;11;16791
156;12;17242
156;13;17789
156;14;17914
156;15;18441
156;16;18500
156;17;18508
156;18;18770
156;19;18819
156;20;18936
156;21;19000
156;22;19014
156;23;19047
156;24;19103
156;25;19110
156;26;19114
156;27;19178
156;28;19182
156;29;19184
156;30;19204
156;31;19205
157;1;14027
157;2;14556
157;3;15217
157;4;15673
157;5;16111
157;6;16586
157;7;17078
157;8;17107
157;9;17118
157;10;17694
157;11;17802
157;12;18187
157;13;18216
157;14;18232
157;15;18328
157;16;18337
157;17;18357
157;18;18358
157;19;18449
157;20;18460
157;21;18520
157;22;18522
157;23;19037
157;24;19048
157;25;19068
157;26;19117
157;27;19126
157;28;19155
158;1;13854
158;2;13967
158;3;14440
158;4;14941
158;5;14969
158;6;15482
158;7;16024
158;8;16614
158;9;16731
158;10;16817
158;11;16876
158;12;16887
158;13;16982
158;14;17517
158;15;18059
158;16;18635
158;17;19068
158;18;19127
159;1;13684
159;2;14235
159;3;14748
159;4;14802
159;5;15299
159;6;15903
159;7;16402
159;8;16894
159;9;16952
159;10;17031
159;11;17035
159;12;17130
159;13;17161
159;14;17190
159;15;17303
159;16;17357
159;17;17818
159;18;17823
159;19;17851
159;20;17877
159;21;17927
159;22;18485
159;23;18514
159;24;18534
159;25;18947
159;26;19058
159;27;19080
159;28;19115
159;29;19134
159;30;19135
159;31;19178
159;32;19188
159;33;19190
159;34;19202
159;35;19213
160;1;12031
160;2;12045
160;3;12156
160;4;12771
160;5;12830
160;6;12988
160;7;13557
160;8;14030
160;9;14493
160;10;14542
160;11;15089
160;12;15148
160;13;15746
160;14;15785
160;15;16277
160;16;16828
160;17;16941
160;18;16990
160;19;17331
160;20;17845
160;21;17876
160;22;18334
160;23;18394
160;24;18511
160;25;18998
160;26;19032
160;27;19073
160;28;19099
160;29;19117
160;30;19135
160;31;19136
161;1;14434
161;2;14793
161;3;15285
161;4;15314
161;5;15916
161;6;16024
161;7;16549
161;8;16598
161;9;16711
161;10;16771
161;11;17185
161;12;17214
161;13;17687
161;14;17780
161;15;17844
161;16;17874
161;17;17882
161;18;17911
161;19;17942
161;20;18392
161;21;18399
161;22;18474
161;23;18485
161;24;18534
161;25;18565
161;26;18600
161;27;18620
161;28;18644
161;29;19133
161;30;19134
161;31;19162
161;32;19183
161;33;19194
161;34;19205
162;1;12826
162;2;13264
162;3;13745
162;4;13852
162;5;14379
162;6;14399
162;7;14420
162;8;14995
162;9;15593
162;10;16001
162;11;16612
162;12;16661
162;13;16679
162;14;16692
162;15;16803
162;16;16863
162;17;16941
162;18;17305
162;19;17346
162;20;17855
162;21;17884
162;22;17997
162;23;18584
162;24;18598
162;25;19022
162;26;19057
162;27;19153
162;28;19213
163;1;10897
163;2;11473
163;3;11945
163;4;11974
163;5;12529
163;6;12607
163;7;12695
163;8;13270
163;9;13792
163;10;14284
163;11;14724
163;12;15123
163;13;15151
163;14;15727
163;15;15840
163;16;16413
163;17;16906
163;18;16934
163;19;16960
163;20;17051
163;21;17159
163;22;17574
163;23;18121
163;24;18180
163;25;18305
163;26;18388
163;27;18417
163;28;18429
163;29;18449
163;30;18566
163;31;18587
163;32;18616
163;33;18624
163;34;18632
163;35;18638
163;36;18679
163;37;19004
163;38;19095
163;39;19104
163;40;19145
163;41;19149
163;42;19171
163;43;19175
163;44;19195
163;45;19205
163;46;19213
164;1;14824
164;2;14894
164;3;14920
164;4;15033
164;5;15051
164;6;15069
164;7;15512
164;8;15551
164;9;16110
164;10;16671
164;11;17014
164;12;17128
164;13;17156
164;14;17269
164;15;17691
164;16;17692
164;17;17780
164;18;17830
164;19;17871
164;20;18325
164;21;18384
164;22;18444
164;23;18502
164;24;18552
164;25;18579
164;26;18599
164;27;18600
164;28;18611
164;29;19025
164;30;19044
164;31;19065
164;32;19084
164;33;19106
164;34;19118
164;35;19127
164;36;19136
165;1;14103
165;2;14215
165;3;14750
165;4;14863
165;5;14891
165;6;15322
165;7;15674
165;8;15748
165;9;15802
165;10;16389
165;11;16975
165;12;17088
165;13;17205
165;14;17252
165;15;17651
165;16;17697
165;17;18131
165;18;18242
165;19;18337
165;20;18339
165;21;18370
165;22;18398
165;23;18418
165;24;18535
165;25;19061
165;26;19072
165;27;19111
165;28;19122
165;29;19131
165;30;19160
165;31;19169
165;32;19193
165;33;19202
165;34;19213
166;1;9666
166;2;10235
166;3;10749
166;4;10907
166;5;10933
166;6;10944
166;7;11513
166;8;11971
166;9;12002
166;10;12030
166;11;12488
166;12;13039
166;13;13099
166;14;13572
166;15;14141
166;16;14604
166;17;15036
166;18;15659
166;19;15680
166;20;16070
166;21;16183
166;22;16191
166;23;16554
166;24;16608
166;25;17184
166;26;17765
166;27;17825
166;28;17829
166;29;17840
166;30;18281
166;31;18398
166;32;18873
166;33;18922
166;34;18968
166;35;18972
166;36;19083
166;37;19092
166;38;19109
166;39;19111
166;40;19114
166;41;19126
166;42;19155
167;1;13000
167;2;13535
167;3;13962
167;4;13980
167;5;14502
167;6;15104
167;7;15182
167;8;15210
167;9;15675
167;10;16069
167;11;16618
167;12;17233
167;13;17274
167;14;17391
167;15;17759
167;16;18162
167;17;18190
167;18;18298
167;19;18327
167;20;18365
167;21;18385
167;22;18403
167;23;18452
167;24;19018
167;25;19023
167;26;19034
167;27;19052
167;28;19071
167;29;19130
167;30;19134
167;31;19136
168;1;13392
168;2;13422
168;3;13504
168;4;13535
168;5;14103
168;6;14672
168;7;14682
168;8;15258
168;9;15307
168;10;15707
168;11;16138
168;12;16799
168;13;17291
168;14;17622
168;15;17653
168;16;17766
168;17;18305
168;18;18321
168;19;18328
168;20;18349
168;21;18829
168;22;18847
168;23;18960
168;24;19001
168;25;19018
168;26;19077
168;27;19085
168;28;19126
168;29;19161
168;30;19204
168;31;19205
169;1;10361
169;2;10913
169;3;11482
169;4;11974
169;5;12544
169;6;13068
169;7;13530
169;8;13641
169;9;13719
169;10;14246
169;11;14305
169;12;14316
169;13;14412
169;14;14526
169;15;14936
169;16;15094
169;17;15459
169;18;15917
169;19;16030
169;20;16518
169;21;16567
169;22;16616
169;23;17142
169;24;17729
169;25;18259
169;26;18270
169;27;18271
169;28;18287
169;29;18289
169;30;18384
169;31;18931
169;32;19048
169;33;19068
169;34;19094
169;35;19103
169;36;19126
169;37;19135
170;1;13285
170;2;13798
170;3;14367
170;4;14475
170;5;14888
170;6;15439
170;7;15931
170;8;15990
170;9;16588
170;10;16608
170;11;17176
170;12;17271
170;13;17350
170;14;17926
170;15;17983
170;16;18009
170;17;18503
170;18;18514
170;19;18529
170;20;18558
170;21;18904
170;22;18924
170;23;19041
170;24;19044
170;25;19065
170;26;19081
170;27;19089
170;28;19091
170;29;19121
170;30;19170
170;31;19171
170;32;19190
170;33;19193
170;34;19205
171;1;12001
171;2;12662
171;3;13181
171;4;13796
171;5;14419
171;6;14478
171;7;15046
171;8;15106
171;9;15128
171;10;15148
171;11;15611
171;12;15646
171;13;15741
171;14;15770
171;15;16251
171;16;16822
171;17;17334
171;18;17777
171;19;17788
171;20;17838
171;21;17855
171;22;17904
171;23;17922
171;24;17925
171;25;18443
171;26;18478
171;27;18930
171;28;19026
171;29;19037
171;30;19040
171;31;19076
171;32;19086
171;33;19106
171;34;19117
171;35;19135
172;1;12253
172;2;12762
172;3;13254
172;4;13801
172;5;14193
172;6;14306
172;7;14875
172;8;15536
172;9;16028
172;10;16550
172;11;17088
172;12;17657
172;13;18289
172;14;18865
172;15;18869
172;16;18887
172;17;18936
172;18;18964
172;19;18971
172;20;19049
172;21;19078
172;22;19089
172;23;19110
172;24;19112
172;25;19136
173;1;9408
173;2;9900
173;3;10376
173;4;10980
173;5;11474
173;6;11515
173;7;11640
173;8;12132
173;9;12683
173;10;12711
173;11;13334
173;12;13713
173;13;14180
173;14;14582
173;15;14699
173;16;14753
173;17;15159
173;18;15757
173;19;15868
173;20;15946
173;21;16390
173;22;16503
173;23;16531
173;24;17079
173;25;17694
173;26;17752
173;27;18119
173;28;18178
173;29;18780
173;30;18888
173;31;18904
173;32;18940
173;33;19053
173;34;19067
173;35;19087
173;36;19146
173;37;19153
173;38;19162
173;39;19185
173;40;19205
174;1;12665
174;2;13239
174;3;13714
174;4;13831
174;5;14406
174;6;14982
174;7;15580
174;8;15615
174;9;16202
174;10;16212
174;11;16671
174;12;17163
174;13;17195
174;14;17250
174;15;17310
174;16;17339
174;17;17452
174;18;17463
174;19;17489
174;20;18016
174;21;18380
174;22;18872
174;23;18925
174;24;18947
174;25;19042
174;26;19053
174;27;19112
174;28;19127
174;29;19135
175;1;13629
175;2;14199
175;3;14750
175;4;14908
175;5;15417
175;6;15435
175;7;15948
175;8;16524
175;9;17185
175;10;17248
175;11;17277
175;12;17770
175;13;17805
175;14;17864
175;15;17959
175;16;18041
175;17;18523
175;18;18870
175;19;18881
175;20;18940
175;21;19018
175;22;19124
175;23;19135
176;1;12606
176;2;13175
176;3;13779
176;4;14226
176;5;14740
176;6;15315
176;7;15346
176;8;15908
176;9;16003
176;10;16021
176;11;16543
176;12;16571
176;13;17063
176;14;17121
176;15;17641
176;16;18089
176;17;18218
176;18;18267
176;19;18287
176;20;18298
176;21;18333
176;22;18337
176;23;18397
176;24;18510
176;25;19036
176;26;19067
176;27;19075
176;28;19125
176;29;19145
176;30;19154
176;31;19161
176;32;19170
176;33;19204
176;34;19213
177;1;15056
177;2;15082
177;3;15574
177;4;16055
177;5;16561
177;6;16686
177;7;17316
177;8;17323
177;9;17383
177;10;17926
177;11;17967
177;12;18045
177;13;18463
177;14;18621
177;15;18860
177;16;19018
177;17;19035
177;18;19046
177;19;19057
177;20;19068
177;21;19094
177;22;19112
177;23;19135
178;1;14302
178;2;14427
178;3;14445
178;4;14449
178;5;15004
178;6;15555
178;7;15581
178;8;15602
178;9;16171
178;10;16200
178;11;16787
178;12;16846
178;13;17268
178;14;17276
178;15;17768
178;16;17786
178;17;17814
178;18;18401
178;19;18450
178;20;18913
178;21;19030
178;22;19079
178;23;19103
178;24;19112
178;25;19114
178;26;19126
178;27;19155
179;1;11602
179;2;11613
179;3;12149
179;4;12262
179;5;12705
179;6;13169
179;7;13294
179;8;13312
179;9;13340
179;10;13451
179;11;13889
179;12;14458
179;13;15045
179;14;15503
179;15;15556
179;16;15673
179;17;15685
179;18;16209
179;19;16216
179;20;16521
179;21;17077
179;22;17157
179;23;17185
179;24;17789
179;25;17843
179;26;17854
179;27;17883
179;28;18356
179;29;18387
179;30;18482
179;31;18510
179;32;18531
179;33;19106
179;34;19115
179;35;19119
179;36;19135
179;37;19139
179;38;19159
179;39;19168
179;40;19170
179;41;19184
179;42;19204
179;43;19213
180;1;13425
180;2;13887
180;3;14409
180;4;14944
180;5;15057
180;6;15168
180;7;15642
180;8;15701
180;9;15796
180;10;16316
180;11;16825
180;12;16870
180;13;17269
180;14;17298
180;15;17300
180;16;17329
180;17;17340
180;18;17390
180;19;17503
180;20;17930
180;21;18025
180;22;18363
180;23;18423
180;24;18482
180;25;18517
180;26;18630
180;27;18679
180;28;18722
180;29;19213
181;1;13800
181;2;13828
181;3;14433
181;4;14462
181;5;15056
181;6;15508
181;7;15621
181;8;15738
181;9;16100
181;10;16669
181;11;16729
181;12;17259
181;13;17314
181;14;17861
181;15;17974
181;16;18034
181;17;18093
181;18;18630
181;19;18910
181;20;18951
181;21;18957
181;22;18977
181;23;19044
181;24;19053
181;25;19068
181;26;19076
181;27;19117
181;28;19126
182;1;14500
182;2;14992
182;3;15021
182;4;15134
182;5;15145
182;6;15577
182;7;16079
182;8;16129
182;9;16662
182;10;16721
182;11;17196
182;12;17292
182;13;17352
182;14;17370
182;15;17376
182;16;18008
182;17;18404
182;18;18441
182;19;18490
182;20;18549
182;21;18578
182;22;19118
182;23;19123
182;24;19183
182;25;19195
182;26;19205
182;27;19213
183;1;12237
183;2;12265
183;3;12294
183;4;12732
183;5;13267
183;6;13750
183;7;13781
183;8;13812
183;9;14334
183;10;14885
183;11;14898
183;12;15390
183;13;15951
183;14;16414
183;15;16432
183;16;16527
183;17;16980
183;18;17015
183;19;17026
183;20;17458
183;21;17488
183;22;18092
183;23;18205
183;24;18245
183;25;18351
183;26;18361
183;27;18379
183;28;18425
183;29;19001
183;30;19032
183;31;19081
183;32;19111
183;33;19121
183;34;19170
183;35;19171
183;36;19205
184;1;12627
184;2;12676
184;3;13134
184;4;13165
184;5;13206
184;6;13744
184;7;14178
184;8;14801
184;9;14915
184;10;15396
184;11;15509
184;12;15948
184;13;16517
184;14;16612
184;15;16662
184;16;17149
184;17;17660
184;18;17749
184;19;17778
184;20;18263
184;21;18323
184;22;18623
184;23;18654
184;24;18660
184;25;18773
184;26;18931
184;27;18951
184;28;19047
184;29;19107
184;30;19118
184;31;19136
185;1;11850
185;2;12392
185;3;13045
185;4;13616
185;5;13645
185;6;14196
185;7;14652
185;8;14681
185;9;15232
185;10;15711
185;11;15824
185;12;16485
185;13;16489
185;14;16500
185;15;16905
185;16;16959
185;17;16974
185;18;17549
185;19;18139
185;20;18715
185;21;18733
185;22;18850
185;23;18910
185;24;18983
185;25;19001
185;26;19046
185;27;19092
185;28;19113
185;29;19139
185;30;19150
185;31;19153
185;32;19175
185;33;19194
185;34;19205
185;35;19213
186;1;14877
186;2;15507
186;3;15969
186;4;16630
186;5;16641
186;6;16717
186;7;16752
186;8;16780
186;9;17349
186;10;17384
186;11;17405
186;12;17464
186;13;17486
186;14;17978
186;15;18027
186;16;18038
186;17;18565
186;18;18625
186;19;18660
186;20;18669
186;21;19102
186;22;19111
186;23;19121
186;24;19170
186;25;19192
186;26;19193
186;27;19213
187;1;12892
187;2;13006
187;3;13479
187;4;13590
187;5;13601
187;6;13980
187;7;14009
187;8;14575
187;9;15088
187;10;15126
187;11;15570
187;12;15629
187;13;15655
187;14;15713
187;15;16281
187;16;16331
187;17;16857
187;18;17252
187;19;17301
187;20;17308
187;21;17358
187;22;17418
187;23;17422
187;24;17481
187;25;17510
187;26;17990
187;27;18026
187;28;18061
187;29;18488
187;30;18512
187;31;18936
187;32;18947
187;33;18960
187;34;18989
187;35;18994
187;36;19012
187;37;19013
187;38;19020
187;39;19043
187;40;19103
187;41;19112
187;42;19114
187;43;19126
188;1;13197
188;2;13670
188;3;13701
188;4;14225
188;5;14246
188;6;14608
188;7;15290
188;8;15367
188;9;15378
188;10;15788
188;11;16310
188;12;16332
188;13;16887
188;14;16905
188;15;17396
188;16;17521
188;17;18126
188;18;18185
188;19;18298
188;20;18690
188;21;18694
188;22;18819
188;23;18868
188;24;18914
188;25;18960
188;26;18988
188;27;19017
188;28;19074
188;29;19104
188;30;19164
189;1;12135
189;2;12659
189;3;12677
189;4;13204
189;5;13677
189;6;13835
189;7;14232
189;8;14707
189;9;15145
189;10;15685
189;11;16229
189;12;16257
189;13;16828
189;14;16941
189;15;16944
189;16;17052
189;17;17550
189;18;17657
189;19;18061
189;20;18120
189;21;18149
189;22;18262
189;23;18282
189;24;18399
189;25;18466
189;26;19001
189;27;19009
189;28;19027
189;29;19055
189;30;19067
189;31;19117
189;32;19126
190;1;12912
190;2;13350
190;3;13404
190;4;13529
190;5;14040
190;6;14583
190;7;15080
190;8;15489
190;9;15517
190;10;15990
190;11;16085
190;12;16111
190;13;16495
190;14;17071
190;15;17184
190;16;17241
190;17;17272
190;18;17706
190;19;17792
190;20;18240
190;21;18353
190;22;18382
190;23;18455
190;24;18486
190;25;18521
190;26;18570
190;27;18871
190;28;18966
190;29;18984
190;30;19012
190;31;19033
190;32;19083
190;33;19126
190;34;19135
190;35;19155
191;1;11605
191;2;11693
191;3;12151
191;4;12702
191;5;13317
191;6;13328
191;7;13759
191;8;13841
191;9;14410
191;10;14523
191;11;14564
191;12;14613
191;13;15189
191;14;15652
191;15;16137
191;16;16607
191;17;16685
191;18;16692
191;19;16723
191;20;16751
191;21;16842
191;22;17313
191;23;17636
191;24;17729
191;25;17789
191;26;17800
191;27;17859
191;28;17885
191;29;17921
191;30;17981
191;31;18038
191;32;18450
191;33;18481
191;34;18515
191;35;18541
191;36;18557
191;37;18991
191;38;19104
191;39;19110
191;40;19125
191;41;19146
191;42;19164
192;1;14206
192;2;14755
192;3;15302
192;4;15322
192;5;15410
192;6;15439
192;7;15966
192;8;16570
192;9;16990
192;10;17115
192;11;17691
192;12;17741
192;13;18187
192;14;18218
192;15;18249
192;16;18820
192;17;18879
192;18;18946
192;19;18995
192;20;19055
192;21;19063
192;22;19113
192;23;19148
192;24;19168
192;25;19211
192;26;19213
193;1;12553
193;2;13124
193;3;13638
193;4;13673
193;5;14248
193;6;14761
193;7;15376
193;8;15387
193;9;15415
193;10;16019
193;11;16136
193;12;16563
193;13;16617
193;14;16666
193;15;17327
193;16;17801
193;17;17861
193;18;17881
193;19;18295
193;20;18386
193;21;18414
193;22;18473
193;23;18487
193;24;18504
193;25;18539
193;26;18570
193;27;19045
193;28;19067
193;29;19102
193;30;19150
193;31;19161
193;32;19204
193;33;19205
194;1;13746
194;2;14180
194;3;14731
194;4;14819
194;5;14878
194;6;14918
194;7;15379
194;8;15955
194;9;16429
194;10;16463
194;11;16987
194;12;17078
194;13;17605
194;14;17633
194;15;17741
194;16;17772
194;17;17884
194;18;17912
194;19;18403
194;20;18435
194;21;18531
194;22;18559
194;23;19007
194;24;19053
194;25;19092
194;26;19141
194;27;19182
194;28;19183
194;29;19205
195;1;10870
195;2;10899
195;3;10953
195;4;11504
195;5;12055
195;6;12487
195;7;12600
195;8;12636
195;9;13226
195;10;13671
195;11;14144
195;12;14713
195;13;15289
195;14;15726
195;15;15751
195;16;15760
195;17;15781
195;18;15877
195;19;16404
195;20;16424
195;21;17044
195;22;17169
195;23;17182
195;24;17186
195;25;17747
195;26;18197
195;27;18292
195;28;18310
195;29;18338
195;30;18810
195;31;18845
195;32;18865
195;33;18895
195;34;19008
195;35;19018
195;36;19077
195;37;19104
195;38;19126
195;39;19155
196;1;11299
196;2;11424
196;3;11959
196;4;12506
196;5;12602
196;6;13080
196;7;13193
196;8;13715
196;9;14284
196;10;14334
196;11;14881
196;12;15457
196;13;16025
196;14;16572
196;15;16601
196;16;16689
196;17;16730
196;18;16838
196;19;17374
196;20;17686
196;21;18284
196;22;18343
196;23;18460
196;24;18525
196;25;18555
196;26;19038
196;27;19133
196;28;19142
196;29;19151
196;30;19162
196;31;19205
197;1;12682
197;2;13140
197;3;13654
197;4;13672
197;5;13789
197;6;14387
197;7;14914
197;8;15385
197;9;15908
197;10;15936
197;11;15947
197;12;16498
197;13;16611
197;14;17146
197;15;17750
197;16;17846
197;17;17864
197;18;18366
197;19;18446
197;20;18472
197;21;19048
197;22;19059
197;23;19074
197;24;19081
197;25;19090
197;26;19092
197;27;19133
197;28;19142
197;29;19162
197;30;19164
198;1;14991
198;2;15417
198;3;15477
198;4;15948
198;5;16061
198;6;16089
198;7;16523
198;8;16572
198;9;16573
198;10;16622
198;11;17138
198;12;17623
198;13;17682
198;14;17779
198;15;18238
198;16;18334
198;17;18341
198;18;18342
198;19;18406
198;20;18455
198;21;18475
198;22;18483
198;23;18542
198;24;19003
198;25;19023
198;26;19128
198;27;19132
198;28;19151
198;29;19152
198;30;19162
198;31;19183
198;32;19188
198;33;19211
198;34;19213
199;1;13405
199;2;13425
199;3;13961
199;4;14395
199;5;14906
199;6;14924
199;7;15526
199;8;15964
199;9;16478
199;10;16496
199;11;16550
199;12;16708
199;13;16973
199;14;16986
199;15;17020
199;16;17031
199;17;17479
199;18;18048
199;19;18526
199;20;18585
199;21;18623
199;22;18681
199;23;18776
199;24;18884
199;25;18921
199;26;18954
199;27;19049
199;28;19067
199;29;19145
199;30;19204
199;31;19205
200;1;13433
200;2;14009
200;3;14524
200;4;14543
200;5;14561
200;6;15034
200;7;15602
200;8;15661
200;9;16120
200;10;16477
200;11;16572
200;12;17108
200;13;17221
200;14;17823
200;15;17940
200;16;17948
200;17;18375
200;18;18492
200;19;18552
200;20;18580
200;21;18830
200;22;18914
200;23;18972
200;24;19022
200;25;19051
200;26;19082
200;27;19117
200;28;19147
200;29;19170
200;30;19171
200;31;19213
201;1;13771
201;2;14229
201;3;14833
201;4;15285
201;5;15399
201;6;15490
201;7;15603
201;8;16178
201;9;16576
201;10;16690
201;11;16725
201;12;17214
201;13;17263
201;14;17289
201;15;17315
201;16;17406
201;17;17441
201;18;17490
201;19;18014
201;20;18020
201;21;18049
201;22;18067
201;23;18579
201;24;18628
201;25;18648
201;26;18676
201;27;19014
201;28;19073
201;29;19133
201;30;19135
201;31;19137
201;32;19147
201;33;19162
201;34;19205
201;35;19213
202;1;10918
202;2;11469
202;3;12030
202;4;12601
202;5;13252
202;6;13744
202;7;13772
202;8;14433
202;9;14529
202;10;15043
202;11;15102
202;12;15553
202;13;15670
202;14;16240
202;15;16253
202;16;16279
202;17;16297
202;18;16346
202;19;16881
202;20;17360
202;21;17391
202;22;17911
202;23;17922
202;24;18388
202;25;18704
202;26;18782
202;27;18790
202;28;18794
202;29;18907
202;30;18908
202;31;18950
202;32;18967
202;33;19045
202;34;19104
202;35;19106
202;36;19115
202;37;19124
202;38;19135
203;1;13020
203;2;13495
203;3;13987
203;4;14509
203;5;14943
203;6;14992
203;7;15578
203;8;15604
203;9;15699
203;10;15816
203;11;16254
203;12;16729
203;13;17095
203;14;17697
203;15;18043
203;16;18156
203;17;18224
203;18;18244
203;19;18303
203;20;18394
203;21;18418
203;22;18457
203;23;18517
203;24;19093
203;25;19094
203;26;19105
203;27;19140
203;28;19145
203;29;19188
203;30;19190
203;31;19205
204;1;11939
204;2;11993
204;3;12530
204;4;12551
204;5;12966
204;6;13535
204;7;14111
204;8;14160
204;9;14747
204;10;14797
204;11;14867
204;12;14964
204;13;15412
204;14;15447
204;15;16012
204;16;16583
204;17;17097
204;18;17118
204;19;17149
204;20;17209
204;21;17229
204;22;17573
204;23;17591
204;24;17686
204;25;17782
204;26;18082
204;27;18103
204;28;18216
204;29;18227
204;30;18253
204;31;18804
204;32;18921
204;33;18981
204;34;19077
204;35;19097
204;36;19104
204;37;19115
204;38;19135
205;1;13763
205;2;14274
205;3;14323
205;4;14850
205;5;15403
205;6;15444
205;7;16047
205;8;16065
205;9;16114
205;10;16190
205;11;16759
205;12;17233
205;13;17287
205;14;17326
205;15;17355
205;16;17404
205;17;17991
205;18;18538
205;19;18962
205;20;18968
205;21;19079
205;22;19103
205;23;19105
205;24;19135
205;25;19164
206;1;11843
206;2;12390
206;3;12966
206;4;13349
206;5;13393
206;6;13944
206;7;14418
206;8;14513
206;9;14898
206;10;15390
206;11;15507
206;12;15536
206;13;16027
206;14;16519
206;15;16539
206;16;16599
206;17;16625
206;18;17164
206;19;17277
206;20;17715
206;21;18265
206;22;18306
206;23;18780
206;24;18809
206;25;18839
206;26;18860
206;27;18973
206;28;19001
206;29;19076
206;30;19107
206;31;19142
206;32;19162
206;33;19205
207;1;11595
207;2;12109
207;3;12684
207;4;13253
207;5;13755
207;6;13809
207;7;13859
207;8;13954
207;9;14476
207;10;14593
207;11;14606
207;12;15142
207;13;15224
207;14;15235
207;15;15710
207;16;16251
207;17;16311
207;18;16320
207;19;16649
207;20;16667
207;21;16680
207;22;16698
207;23;16758
207;24;16776
207;25;16835
207;26;17467
207;27;17543
207;28;17545
207;29;18025
207;30;18121
207;31;18132
207;32;18693
207;33;19135
208;1;12072
208;2;12612
208;3;12653
208;4;13177
208;5;13594
208;6;14098
208;7;14688
208;8;15056
208;9;15105
208;10;15204
208;11;15315
208;12;15696
208;13;15787
208;14;15818
208;15;16400
208;16;16489
208;17;16491
208;18;17018
208;19;17135
208;20;17146
208;21;17242
208;22;17244
208;23;17264
208;24;17738
208;25;17762
208;26;17785
208;27;17820
208;28;17869
208;29;17898
208;30;18356
208;31;18357
208;32;18361
208;33;18777
208;34;18885
208;35;18916
208;36;19033
208;37;19050
208;38;19052
208;39;19130
208;40;19141
208;41;19171
208;42;19185
208;43;19205
209;1;13517
209;2;14122
209;3;14595
209;4;14644
209;5;15220
209;6;15693
209;7;16283
209;8;16400
209;9;16418
209;10;16529
209;11;16589
209;12;16681
209;13;16710
209;14;17308
209;15;17895
209;16;18282
209;17;18289
209;18;18414
209;19;18443
209;20;18805
209;21;18918
209;22;19013
209;23;19063
209;24;19093
209;25;19136
210;1;10404
210;2;10973
210;3;11542
210;4;12203
210;5;12833
210;6;13370
210;7;13714
210;8;13809
210;9;14350
210;10;14379
210;11;14475
210;12;14892
210;13;14951
210;14;15502
210;15;15994
210;16;16512
210;17;16540
210;18;17116
210;19;17134
210;20;17238
210;21;17355
210;22;17899
210;23;18470
210;24;18479
210;25;18483
210;26;18503
210;27;18526
210;28;18546
210;29;18547
210;30;19110
210;31;19133
210;32;19135
211;1;10397
211;2;10917
211;3;11547
211;4;12039
211;5;12586
211;6;12636
211;7;12664
211;8;13137
211;9;13157
211;10;13674
211;11;14081
211;12;14679
211;13;14761
211;14;15181
211;15;15216
211;16;15329
211;17;15952
211;18;16479
211;19;16490
211;20;16510
211;21;17085
211;22;17627
211;23;17655
211;24;17684
211;25;17712
211;26;18127
211;27;18252
211;28;18365
211;29;18424
211;30;18458
211;31;18914
211;32;19031
211;33;19033
211;34;19053
211;35;19062
211;36;19105
211;37;19112
211;38;19121
211;39;19135
212;1;13895
212;2;13955
212;3;14369
212;4;14856
212;5;14973
212;6;15455
212;7;15480
212;8;16006
212;9;16034
212;10;16063
212;11;16098
212;12;16109
212;13;16127
212;14;16186
212;15;16565
212;16;16660
212;17;16714
212;18;16732
212;19;16744
212;20;17281
212;21;17852
212;22;17892
212;23;17912
212;24;17947
212;25;17965
212;26;18552
212;27;19037
212;28;19051
212;29;19079
212;30;19096
212;31;19118
212;32;19129
212;33;19133
212;34;19135
213;1;11051
213;2;11681
213;3;12250
213;4;12279
213;5;12771
213;6;13298
213;7;13885
213;8;14391
213;9;14486
213;10;14521
213;11;14882
213;12;15451
213;13;15471
213;14;15574
213;15;16047
213;16;16477
213;17;17038
213;18;17636
213;19;17693
213;20;18308
213;21;18795
213;22;18824
213;23;18874
213;24;18971
213;25;19031
213;26;19084
213;27;19095
213;28;19155
213;29;19174
213;30;19204
213;31;19205
214;1;12649
214;2;12744
214;3;13279
214;4;13367
214;5;13846
214;6;14386
214;7;14397
214;8;14475
214;9;14927
214;10;15502
214;11;15928
214;12;16610
214;13;17178
214;14;17213
214;15;17235
214;16;17243
214;17;17706
214;18;17709
214;19;17826
214;20;17886
214;21;17921
214;22;17991
214;23;18050
214;24;18497
214;25;18526
214;26;19013
214;27;19126
214;28;19186
214;29;19190
214;30;19192
214;31;19193
214;32;19205
215;1;13447
215;2;13537
215;3;14113
215;4;14141
215;5;14710
215;6;14823
215;7;15399
215;8;16031
215;9;16111
215;10;16586
215;11;16617
215;12;16645
215;13;17235
215;14;17261
215;15;17753
215;16;18255
215;17;18350
215;18;18368
215;19;18414
215;20;18522
215;21;18533
215;22;18562
215;23;18582
215;24;19067
215;25;19091
215;26;19095
215;27;19097
215;28;19115
215;29;19127
215;30;19135
216;1;10220
216;2;10740
216;3;11296
216;4;11421
216;5;11879
216;6;12449
216;7;12867
216;8;13260
216;9;13782
216;10;13791
216;11;13817
216;12;13893
216;13;14495
216;14;14514
216;15;15012
216;16;15469
216;17;15553
216;18;16106
216;19;16141
216;20;16249
216;21;16275
216;22;16826
216;23;17402
216;24;17480
216;25;17540
216;26;18013
216;27;18044
216;28;18079
216;29;18529
216;30;18532
216;31;18592
216;32;18642
216;33;18648
216;34;19045
216;35;19048
216;36;19097
216;37;19132
216;38;19144
216;39;19204
216;40;19205
217;1;12756
217;2;13020
217;3;13069
217;4;13614
217;5;13624
217;6;13652
217;7;13672
217;8;13703
217;9;13716
217;10;14232
217;11;14340
217;12;14752
217;13;15250
217;14;15375
217;15;15416
217;16;15958
217;17;16523
217;18;16529
217;19;17021
217;20;17050
217;21;17085
217;22;17627
217;23;17653
217;24;18083
217;25;18086
217;26;18203
217;27;18252
217;28;18254
217;29;18265
217;30;18314
217;31;18794
217;32;18805
217;33;18864
217;34;18959
217;35;18985
217;36;18992
217;37;19003
217;38;19052
217;39;19100
217;40;19103
217;41;19111
217;42;19135
217;43;19136
218;1;13853
218;2;13932
218;3;13982
218;4;14429
218;5;15027
218;6;15650
218;7;16198
218;8;16746
218;9;16777
218;10;17267
218;11;17792
218;12;17818
218;13;17846
218;14;18396
218;15;18418
218;16;18429
218;17;18804
218;18;18921
218;19;18937
218;20;18959
218;21;18979
218;22;18997
218;23;19056
218;24;19095
218;25;19106
218;26;19141
218;27;19173
218;28;19179
218;29;19190
218;30;19193
218;31;19205
219;1;13397
219;2;13526
219;3;14073
219;4;14407
219;5;14920
219;6;14970
219;7;15546
219;8;16060
219;9;16061
219;10;16070
219;11;16183
219;12;16730
219;13;16750
219;14;17320
219;15;17604
219;16;17717
219;17;17742
219;18;17801
219;19;17896
219;20;18370
219;21;18799
219;22;18801
219;23;18810
219;24;18839
219;25;18841
219;26;18852
219;27;18930
219;28;19025
219;29;19068
219;30;19079
219;31;19133
219;32;19138
219;33;19155
219;34;19164
219;35;19184
219;36;19188
219;37;19190
219;38;19213
220;1;8740
220;2;9291
220;3;9322
220;4;9909
220;5;10485
220;6;11115
220;7;11596
220;8;12172
220;9;12762
220;10;13331
220;11;13359
220;12;13789
220;13;14313
220;14;14348
220;15;14823
220;16;15392
220;17;15941
220;18;16433
220;19;16461
220;20;16547
220;21;16638
220;22;17115
220;23;17223
220;24;17348
220;25;17668
220;26;17696
220;27;17809
220;28;17887
220;29;17899
220;30;17930
220;31;17959
220;32;18413
220;33;18530
220;34;18590
220;35;18621
220;36;18649
220;37;18698
220;38;19034
220;39;19035
220;40;19095
220;41;19113
220;42;19115
220;43;19135
221;1;12947
221;2;13422
221;3;13907
221;4;14429
221;5;14489
221;6;15087
221;7;15651
221;8;16075
221;9;16166
221;10;16178
221;11;16193
221;12;16221
221;13;16796
221;14;16855
221;15;17402
221;16;17894
221;17;17979
221;18;17980
221;19;18075
221;20;18548
221;21;18585
221;22;19070
221;23;19109
221;24;19129
221;25;19135
221;26;19136
221;27;19164
221;28;19213
222;1;13789
222;2;13884
222;3;13997
222;4;14489
222;5;15150
222;6;15674
222;7;15710
222;8;16110
222;9;16141
222;10;16169
222;11;16548
222;12;16661
222;13;16687
222;14;16798
222;15;17130
222;16;17158
222;17;17253
222;18;17829
222;19;17847
222;20;17943
222;21;17993
222;22;18024
222;23;18322
222;24;18417
222;25;18530
222;26;18575
222;27;18609
222;28;18618
222;29;18668
222;30;18679
222;31;18699
222;32;19088
222;33;19184
222;34;19187
222;35;19207
222;36;19213
223;1;11447
223;2;11939
223;3;12389
223;4;12845
223;5;13506
223;6;13623
223;7;14221
223;8;14826
223;9;15458
223;10;15469
223;11;16084
223;12;16652
223;13;17256
223;14;17369
223;15;17395
223;16;17413
223;17;17437
223;18;17465
223;19;17958
223;20;17993
223;21;18371
223;22;18425
223;23;18895
223;24;19012
223;25;19062
223;26;19079
223;27;19097
223;28;19128
223;29;19161
223;30;19204
223;31;19205
224;1;12575
224;2;13134
224;3;13247
224;4;13834
224;5;13883
224;6;14419
224;7;14901
224;8;14932
224;9;15501
224;10;15583
224;11;15671
224;12;15745
224;13;16235
224;14;16360
224;15;16874
224;16;16900
224;17;16935
224;18;16953
224;19;17488
224;20;17980
224;21;18009
224;22;18344
224;23;18415
224;24;18960
224;25;18983
224;26;19029
224;27;19041
224;28;19048
224;29;19053
224;30;19067
224;31;19097
224;32;19140
224;33;19155
225;1;13367
225;2;13378
225;3;13888
225;4;14233
225;5;14350
225;6;14747
225;7;14758
225;8;14871
225;9;15512
225;10;15993
225;11;16088
225;12;16201
225;13;16724
225;14;16752
225;15;17226
225;16;17255
225;17;17275
225;18;17324
225;19;17345
225;20;17349
225;21;17936
225;22;17965
225;23;18024
225;24;18045
225;25;18503
225;26;18571
225;27;18602
225;28;18886
225;29;18999
225;30;19010
225;31;19070
225;32;19099
225;33;19109
225;34;19120
225;35;19138
225;36;19158
225;37;19179
225;38;19183
225;39;19205
226;1;13376
226;2;13988
226;3;14586
226;4;14621
226;5;15094
226;6;15696
226;7;15804
226;8;16275
226;9;16767
226;10;17112
226;11;17220
226;12;17251
226;13;17673
226;14;17777
226;15;17795
226;16;18346
226;17;18395
226;18;18434
226;19;18458
226;20;18894
226;21;18895
226;22;18934
226;23;18963
226;24;18983
226;25;19108
226;26;19112
226;27;19114
226;28;19126
227;1;14347
227;2;14869
227;3;15405
227;4;15423
227;5;15434
227;6;15852
227;7;15930
227;8;16014
227;9;16100
227;10;16131
227;11;16152
227;12;16771
227;13;16800
227;14;16842
227;15;17393
227;16;17409
227;17;17852
227;18;17937
227;19;18464
227;20;18817
227;21;18828
227;22;18936
227;23;18950
227;24;19009
227;25;19018
227;26;19038
227;27;19098
227;28;19112
227;29;19127
228;1;10556
228;2;10574
228;3;11144
228;4;11671
228;5;12195
228;6;12735
228;7;13286
228;8;13857
228;9;14336
228;10;14933
228;11;15376
228;12;15534
228;13;16047
228;14;16065
228;15;16726
228;16;17218
228;17;17313
228;18;17771
228;19;17849
228;20;17966
228;21;18015
228;22;18591
228;23;18601
228;24;19009
228;25;19123
228;26;19134
228;27;19136
229;1;11226
229;2;11340
229;3;11832
229;4;12437
229;5;12455
229;6;12913
229;7;13468
229;8;13982
229;9;14008
229;10;14577
229;11;15085
229;12;15661
229;13;15679
229;14;16226
229;15;16343
229;16;16894
229;17;17236
229;18;17710
229;19;17759
229;20;17761
229;21;17828
229;22;18294
229;23;18312
229;24;18846
229;25;18881
229;26;18989
229;27;19015
229;28;19060
229;29;19071
229;30;19095
229;31;19106
229;32;19109
229;33;19144
229;34;19187
229;35;19189
229;36;19190
229;37;19205
230;1;14320
230;2;14478
230;3;15029
230;4;15146
230;5;15638
230;6;15987
230;7;16479
230;8;16497
230;9;16546
230;10;16577
230;11;16702
230;12;16730
230;13;17141
230;14;17745
230;15;17794
230;16;17837
230;17;17887
230;18;18012
230;19;18559
230;20;18564
230;21;18958
230;22;19083
230;23;19133
230;24;19135
230;25;19136
231;1;11923
231;2;12521
231;3;13062
231;4;13685
231;5;14272
231;6;14303
231;7;14893
231;8;14911
231;9;15324
231;10;15837
231;11;16439
231;12;16710
231;13;17202
231;14;17235
231;15;17295
231;16;17409
231;17;17880
231;18;17993
231;19;18021
231;20;18572
231;21;18603
231;22;18937
231;23;18940
231;24;19098
231;25;19176
231;26;19177
231;27;19188
231;28;19190
231;29;19205
232;1;13190
232;2;13823
232;3;14370
232;4;14398
232;5;14844
232;6;15430
232;7;15957
232;8;16007
232;9;16025
232;10;16120
232;11;16593
232;12;16710
232;13;17286
232;14;17854
232;15;17883
232;16;18310
232;17;18375
232;18;18406
232;19;18451
232;20;18500
232;21;18526
232;22;18555
232;23;19130
232;24;19180
232;25;19190
232;26;19194
232;27;19205
232;28;19213
233;1;13371
233;2;13835
233;3;14375
233;4;14434
233;5;15036
233;6;15100
233;7;15213
233;8;15811
233;9;15822
233;10;16290
233;11;16677
233;12;17150
233;13;17256
233;14;17732
233;15;17767
233;16;17785
233;17;17814
233;18;18381
233;19;18468
233;20;18489
233;21;18500
233;22;18957
233;23;18977
233;24;19012
233;25;19026
233;26;19027
233;27;19035
233;28;19051
233;29;19052
233;30;19062
233;31;19065
233;32;19084
233;33;19096
233;34;19117
233;35;19126
234;1;13293
234;2;13707
234;3;14229
234;4;14288
234;5;14837
234;6;15357
234;7;15388
234;8;15964
234;9;15984
234;10;15986
234;11;16103
234;12;16673
234;13;16831
234;14;16891
234;15;16909
234;16;17477
234;17;17907
234;18;17925
234;19;18291
234;20;18754
234;21;18871
234;22;18920
234;23;18980
234;24;19015
234;25;19076
234;26;19104
234;27;19135
234;28;19170
234;29;19213
235;1;13337
235;2;13829
235;3;14310
235;4;14921
235;5;15413
235;6;15471
235;7;16046
235;8;16539
235;9;16550
235;10;17077
235;11;17137
235;12;17194
235;13;17678
235;14;17709
235;15;17738
235;16;17834
235;17;17852
235;18;17884
235;19;17915
235;20;18389
235;21;18500
235;22;18613
235;23;19060
235;24;19071
235;25;19077
235;26;19098
235;27;19118
235;28;19136
236;1;11866
236;2;12435
236;3;12463
236;4;12976
236;5;13500
236;6;13992
236;7;14461
236;8;14843
236;9;15383
236;10;15496
236;11;15587
236;12;16114
236;13;16593
236;14;17146
236;15;17224
236;16;17239
236;17;17573
236;18;17607
236;19;18029
236;20;18058
236;21;18070
236;22;18098
236;23;18147
236;24;18178
236;25;18267
236;26;18295
236;27;18321
236;28;18417
236;29;18444
236;30;18473
236;31;18483
236;32;18514
236;33;19083
236;34;19132
236;35;19170
236;36;19171
236;37;19193
236;38;19205
237;1;11556
237;2;12079
237;3;12677
237;4;13253
237;5;13693
237;6;13752
237;7;13830
237;8;14305
237;9;14325
237;10;14870
237;11;14888
237;12;15511
237;13;15969
237;14;16483
237;15;16596
237;16;16687
237;17;17125
237;18;17147
237;19;17242
237;20;17777
237;21;17827
237;22;17944
237;23;17980
237;24;17991
237;25;18429
237;26;18447
237;27;18496
237;28;18524
237;29;18563
237;30;18574
237;31;18585
237;32;18626
237;33;19005
237;34;19118
237;35;19136
237;36;19171
237;37;19213
238;1;13199
238;2;13230
238;3;13799
238;4;14265
238;5;14624
238;6;15146
238;7;15242
238;8;15367
238;9;15375
238;10;15946
238;11;16063
238;12;16639
238;13;17179
238;14;17657
238;15;17662
238;16;17764
238;17;17793
238;18;18408
238;19;18896
238;20;18908
238;21;18968
238;22;19017
238;23;19134
238;24;19140
238;25;19151
238;26;19160
238;27;19190
238;28;19213
239;1;12305
239;2;12313
239;3;12819
239;4;13370
239;5;13388
239;6;13826
239;7;14211
239;8;14726
239;9;15218
239;10;15769
239;11;15780
239;12;15862
239;13;16452
239;14;16504
239;15;17108
239;16;17119
239;17;17169
239;18;17735
239;19;17830
239;20;18233
239;21;18287
239;22;18320
239;23;18341
239;24;18744
239;25;18804
239;26;18812
239;27;18929
239;28;19004
239;29;19033
239;30;19045
239;31;19050
239;32;19109
239;33;19144
239;34;19187
239;35;19190
239;36;19211
239;37;19213
240;1;10255
240;2;10845
240;3;11343
240;4;11501
240;5;11973
240;6;12543
240;7;13113
240;8;13605
240;9;14156
240;10;14540
240;11;14955
240;12;14985
240;13;15006
240;14;15032
240;15;15088
240;16;15114
240;17;15118
240;18;15167
240;19;15630
240;20;15966
240;21;16061
240;22;16473
240;23;16878
240;24;16991
240;25;17010
240;26;17039
240;27;17156
240;28;17185
240;29;17211
240;30;17302
240;31;17778
240;32;18320
240;33;18348
240;34;18349
240;35;18408
240;36;18426
240;37;18461
240;38;18469
240;39;18480
240;40;19067
240;41;19100
240;42;19143
240;43;19155
241;1;12938
241;2;13376
241;3;13501
241;4;14015
241;5;14444
241;6;14557
241;7;14906
241;8;15369
241;9;16051
241;10;16071
241;11;16176
241;12;16723
241;13;16790
241;14;17282
241;15;17696
241;16;17807
241;17;18289
241;18;18317
241;19;18434
241;20;18445
241;21;18474
241;22;18496
241;23;18536
241;24;18585
241;25;18942
241;26;18963
241;27;19059
241;28;19079
241;29;19114
241;30;19125
241;31;19146
241;32;19155
242;1;10476
242;2;10951
242;3;10979
242;4;11548
242;5;12153
242;6;12179
242;7;12726
242;8;13341
242;9;13458
242;10;13916
242;11;14414
242;12;14990
242;13;15482
242;14;15981
242;15;16012
242;16;16125
242;17;16617
242;18;17161
242;19;17759
242;20;17780
242;21;18370
242;22;18438
242;23;18487
242;24;18949
242;25;19060
242;26;19082
242;27;19093
242;28;19111
242;29;19140
242;30;19144
242;31;19155
243;1;11716
243;2;11801
243;3;12293
243;4;12862
243;5;13297
243;6;13392
243;7;13905
243;8;14481
243;9;15050
243;10;15626
243;11;15739
243;12;16135
243;13;16648
243;14;16724
243;15;17197
243;16;17211
243;17;17246
243;18;17760
243;19;17771
243;20;17888
243;21;17918
243;22;18516
243;23;18576
243;24;18596
243;25;19039
243;26;19088
243;27;19104
243;28;19105
243;29;19107
243;30;19127
244;1;15002
244;2;15404
244;3;15955
244;4;16437
244;5;16463
244;6;16494
244;7;16986
244;8;17036
244;9;17056
244;10;17095
244;11;17145
244;12;17270
244;13;17702
244;14;18244
244;15;18361
244;16;18936
244;17;19014
244;18;19023
244;19;19043
244;20;19092
244;21;19109
244;22;19110
244;23;19134
244;24;19136
245;1;13208
245;2;13869
245;3;14320
245;4;14841
245;5;14869
245;6;14923
245;7;15437
245;8;15455
245;9;15540
245;10;15657
245;11;16232
245;12;16275
245;13;16357
245;14;16366
245;15;16384
245;16;16412
245;17;16988
245;18;17515
245;19;18024
245;20;18055
245;21;18400
245;22;18513
245;23;18542
245;24;18588
245;25;18991
245;26;19002
245;27;19062
245;28;19091
245;29;19111
245;30;19135
245;31;19170
245;32;19213
246;1;12143
246;2;12171
246;3;12747
246;4;13072
246;5;13733
246;6;14296
246;7;14820
246;8;14937
246;9;14948
246;10;15474
246;11;15547
246;12;16001
246;13;16605
246;14;17080
246;15;17091
246;16;17187
246;17;17213
246;18;17720
246;19;17816
246;20;17847
246;21;17911
246;22;18270
246;23;18348
246;24;18379
246;25;18474
246;26;18565
246;27;18569
246;28;18589
246;29;18607
246;30;19158
246;31;19162
246;32;19191
246;33;19193
246;34;19205
247;1;11404
247;2;11415
247;3;11935
247;4;12537
247;5;13012
247;6;13047
247;7;13500
247;8;13518
247;9;13631
247;10;14200
247;11;14751
247;12;14829
247;13;14870
247;14;14984
247;15;15005
247;16;15100
247;17;15141
247;18;15572
247;19;15668
247;20;15703
247;21;16212
247;22;16663
247;23;17144
247;24;17686
247;25;17764
247;26;17889
247;27;18331
247;28;18448
247;29;18945
247;30;18946
247;31;18977
247;32;19012
247;33;19061
247;34;19076
247;35;19154
247;36;19213
248;1;8218
248;2;8716
248;3;9169
248;4;9771
248;5;9859
248;6;10541
248;7;11146
248;8;11736
248;9;12209
248;10;12665
248;11;12685
248;12;13090
248;13;13125
248;14;13175
248;15;13252
248;16;13875
248;17;14349
248;18;14936
248;19;15505
248;20;15554
248;21;16039
248;22;16046
248;23;16106
248;24;16165
248;25;16741
248;26;17184
248;27;17197
248;28;17576
248;29;17689
248;30;17784
248;31;17805
248;32;17854
248;33;18309
248;34;18337
248;35;18338
248;36;18355
248;37;18376
248;38;18381
248;39;18431
248;40;18464
248;41;18485
248;42;19048
248;43;19068
248;44;19127
249;1;10321
249;2;10890
249;3;10918
249;4;11469
249;5;12067
249;6;12699
249;7;13223
249;8;13240
249;9;13351
249;10;13447
249;11;13458
249;12;13920
249;13;14486
249;14;14999
249;15;15586
249;16;15635
249;17;15731
249;18;15737
249;19;16104
249;20;16542
249;21;17093
249;22;17565
249;23;17582
249;24;17617
249;25;17671
249;26;18131
249;27;18172
249;28;18217
249;29;18276
249;30;18284
249;31;18334
249;32;18352
249;33;18380
249;34;18411
249;35;18441
249;36;18475
249;37;18925
249;38;18943
249;39;18962
249;40;18966
249;41;18995
249;42;19045
249;43;19095
249;44;19123
249;45;19135
249;46;19142
249;47;19153
249;48;19164
249;49;19172
249;50;19174
249;51;19204
249;52;19213
250;1;11221
250;2;11677
250;3;12169
250;4;12744
250;5;13236
250;6;13674
250;7;14272
250;8;14696
250;9;14722
250;10;15178
250;11;15246
250;12;15822
250;13;15851
250;14;15965
250;15;16060
250;16;16171
250;17;16284
250;18;16304
250;19;16788
250;20;16884
250;21;16951
250;22;17522
250;23;17858
250;24;18189
250;25;18200
250;26;18258
250;27;18283
250;28;18359
250;29;18437
250;30;18480
250;31;18546
250;32;19150
250;33;19151
250;34;19172
250;35;19183
250;36;19185
250;37;19205
251;1;13367
251;2;13907
251;3;14365
251;4;14809
251;5;14879
251;6;15404
251;7;15454
251;8;15538
251;9;15556
251;10;15591
251;11;15603
251;12;15634
251;13;16185
251;14;16552
251;15;16677
251;16;17153
251;17;17249
251;18;17728
251;19;17845
251;20;17846
251;21;17904
251;22;18320
251;23;18341
251;24;18342
251;25;18455
251;26;18906
251;27;18911
251;28;18919
251;29;19010
251;30;19038
251;31;19098
251;32;19103
251;33;19127
251;34;19133
251;35;19135
251;36;19211
251;37;19213
252;1;11529
252;2;11637
252;3;12241
252;4;12768
252;5;13315
252;6;13814
252;7;14185
252;8;14725
252;9;15323
252;10;15420
252;11;15912
252;12;15966
252;13;16496
252;14;16555
252;15;16590
252;16;16660
252;17;16689
252;18;16739
252;19;17308
252;20;17766
252;21;17862
252;22;17868
252;23;17913
252;24;18148
252;25;18149
252;26;18262
252;27;18311
252;28;18368
252;29;18461
252;30;18518
252;31;18926
252;32;18986
252;33;19006
252;34;19053
252;35;19088
252;36;19131
252;37;19132
252;38;19134
252;39;19142
252;40;19161
252;41;19170
252;42;19182
252;43;19204
252;44;19205
252;45;19213
253;1;11018
253;2;11594
253;3;11612
253;4;12104
253;5;12560
253;6;13095
253;7;13569
253;8;14096
253;9;14210
253;10;14368
253;11;14943
253;12;15056
253;13;15625
253;14;16223
253;15;16340
253;16;16798
253;17;17331
253;18;17401
253;19;17432
253;20;17444
253;21;17498
253;22;17949
253;23;18045
253;24;18547
253;25;18606
253;26;19136
254;1;13935
254;2;14392
254;3;14962
254;4;15501
254;5;16021
254;6;16520
254;7;16611
254;8;17122
254;9;17614
254;10;17731
254;11;17765
254;12;18187
254;13;18300
254;14;18335
254;15;18395
254;16;18842
254;17;18860
254;18;18870
254;19;18959
254;20;18988
254;21;19016
254;22;19066
254;23;19068
254;24;19098
254;25;19126
254;26;19185
254;27;19205
255;1;13623
255;2;14097
255;3;14536
255;4;15028
255;5;15618
255;6;16169
255;7;16774
255;8;16803
255;9;17316
255;10;17801
255;11;17914
255;12;18291
255;13;18366
255;14;18375
255;15;18471
255;16;18475
255;17;18486
255;18;18546
255;19;19133
255;20;19138
255;21;19140
255;22;19152
255;23;19161
255;24;19171
255;25;19205
255;26;19213
256;1;14040
256;2;14630
256;3;15139
256;4;15150
256;5;15158
256;6;15790
256;7;15808
256;8;15886
256;9;16358
256;10;16796
256;11;17356
256;12;17377
256;13;17405
256;14;17832
256;15;17849
256;16;18247
256;17;18342
256;18;18455
256;19;18925
256;20;18956
256;21;18978
256;22;19006
256;23;19056
256;24;19067
256;25;19096
256;26;19101
256;27;19112
256;28;19190
256;29;19193
256;30;19205
257;1;13172
257;2;13711
257;3;13836
257;4;13877
257;5;13895
257;6;14003
257;7;14416
257;8;14956
257;9;14976
257;10;15516
257;11;15551
257;12;15600
257;13;15622
257;14;15682
257;15;16164
257;16;16520
257;17;16637
257;18;16732
257;19;17047
257;20;17142
257;21;17206
257;22;17331
257;23;17427
257;24;17796
257;25;17909
257;26;17976
257;27;18340
257;28;18344
257;29;18457
257;30;18488
257;31;18523
257;32;18534
257;33;18548
257;34;19040
257;35;19075
257;36;19135
258;1;12351
258;2;12898
258;3;13469
258;4;13991
258;5;14421
258;6;14799
258;7;15374
258;8;15972
258;9;16050
258;10;16175
258;11;16552
258;12;17122
258;13;17235
258;14;17265
258;15;17612
258;16;17737
258;17;17757
258;18;18333
258;19;18865
258;20;18869
258;21;18887
258;22;18908
258;23;18958
258;24;19036
258;25;19096
258;26;19098
258;27;19118
258;28;19136
259;1;13783
259;2;13818
259;3;13909
259;4;13927
259;5;14044
259;6;14455
259;7;14914
259;8;14945
259;9;15350
259;10;15852
259;11;15883
259;12;15894
259;13;15972
259;14;16000
259;15;16499
259;16;16596
259;17;16618
259;18;16685
259;19;17177
259;20;17236
259;21;17266
259;22;17716
259;23;18285
259;24;18321
259;25;18375
259;26;18379
259;27;18407
259;28;18418
259;29;18847
259;30;18938
259;31;18992
259;32;19009
259;33;19029
259;34;19088
259;35;19123
259;36;19143
259;37;19147
259;38;19148
259;39;19162
259;40;19188
259;41;19190
259;42;19193
259;43;19205
260;1;9300
260;2;9391
260;3;9829
260;4;10320
260;5;10833
260;6;11448
260;7;12035
260;8;12575
260;9;13144
260;10;13164
260;11;13711
260;12;14301
260;13;14734
260;14;14793
260;15;14821
260;16;15423
260;17;15468
260;18;15497
260;19;16024
260;20;16444
260;21;16988
260;22;17083
260;23;17116
260;24;17137
260;25;17191
260;26;17659
260;27;17737
260;28;18216
260;29;18341
260;30;18804
260;31;18818
260;32;18867
260;33;18917
260;34;19016
260;35;19034
260;36;19062
260;37;19105
260;38;19126
260;39;19146
260;40;19195
260;41;19205
260;42;19213
261;1;12765
261;2;12860
261;3;13369
261;4;13419
261;5;13898
261;6;14356
261;7;14903
261;8;15282
261;9;15798
261;10;16367
261;11;16458
261;12;16553
261;13;17103
261;14;17228
261;15;17345
261;16;17400
261;17;17428
261;18;18004
261;19;18024
261;20;18421
261;21;18504
261;22;18535
261;23;19150
261;24;19162
261;25;19164
262;1;13852
262;2;14484
262;3;14993
262;4;15568
262;5;15628
262;6;16120
262;7;16148
262;8;16623
262;9;16654
262;10;17136
262;11;17162
262;12;17569
262;13;17682
262;14;17741
262;15;17769
262;16;17818
262;17;18340
262;18;18344
262;19;18457
262;20;18488
262;21;19057
262;22;19098
262;23;19118
262;24;19129
262;25;19135
263;1;13092
263;2;13668
263;3;14249
263;4;14357
263;5;14377
263;6;14447
263;7;15048
263;8;15108
263;9;15139
263;10;15743
263;11;16096
263;12;16122
263;13;16235
263;14;16673
263;15;16704
263;16;16817
263;17;17231
263;18;17285
263;19;17860
263;20;17919
263;21;17920
263;22;18417
263;23;18437
263;24;18496
263;25;19026
263;26;19036
263;27;19086
263;28;19136
264;1;14402
264;2;14973
264;3;15031
264;4;15091
264;5;15666
264;6;16158
264;7;16707
264;8;17276
264;9;17790
264;10;17820
264;11;18216
264;12;18233
264;13;18248
264;14;18339
264;15;18434
264;16;18984
264;17;19025
264;18;19036
264;19;19079
264;20;19096
264;21;19100
264;22;19109
264;23;19129
264;24;19150
264;25;19158
264;26;19188
264;27;19191
264;28;19193
264;29;19205
265;1;10900
265;2;10995
265;3;11528
265;4;11624
265;5;12100
265;6;12732
265;7;12761
265;8;12886
265;9;13282
265;10;13311
265;11;13909
265;12;14449
265;13;14971
265;14;15368
265;15;15481
265;16;16032
265;17;16128
265;18;16429
265;19;16507
265;20;16538
265;21;17001
265;22;17020
265;23;17048
265;24;17136
265;25;17185
265;26;17275
265;27;17801
265;28;17828
265;29;17845
265;30;18421
265;31;18452
265;32;18463
265;33;18571
265;34;18574
265;35;18581
265;36;18601
265;37;18975
265;38;19092
265;39;19135
265;40;19136
266;1;12493
266;2;13083
266;3;13637
266;4;14112
266;5;14172
266;6;14280
266;7;14851
266;8;15296
266;9;15331
266;10;15936
266;11;15954
266;12;16569
266;13;17120
266;14;17233
266;15;17350
266;16;17837
266;17;17954
266;18;18409
266;19;18505
266;20;18517
266;21;18630
266;22;18996
266;23;19121
266;24;19143
266;25;19155
267;1;14878
267;2;15368
267;3;15417
267;4;15448
267;5;15498
267;6;15623
267;7;16246
267;8;16690
267;9;16702
267;10;16819
267;11;17406
267;12;17883
267;13;18459
267;14;18471
267;15;18584
267;16;18604
267;17;18637
267;18;18654
267;19;18689
267;20;19162
267;21;19170
267;22;19213
268;1;12910
268;2;13508
268;3;13666
268;4;14179
268;5;14755
268;6;14765
268;7;14878
268;8;15429
268;9;15976
268;10;16566
268;11;16586
268;12;16983
268;13;17606
268;14;17660
268;15;17753
268;16;17763
268;17;17787
268;18;17808
268;19;18200
268;20;18204
268;21;18303
268;22;18311
268;23;18357
268;24;18361
268;25;18382
268;26;18441
268;27;18903
268;28;18949
268;29;19062
268;30;19074
268;31;19081
268;32;19110
268;33;19119
268;34;19121
268;35;19135
269;1;11007
269;2;11605
269;3;12195
269;4;12722
269;5;13176
269;6;13649
269;7;14196
269;8;14716
269;9;14747
269;10;14770
269;11;14866
269;12;15380
269;13;15439
269;14;15552
269;15;15989
269;16;16552
269;17;16612
269;18;17216
269;19;17306
269;20;17744
269;21;17835
269;22;17941
269;23;17965
269;24;18453
269;25;18975
269;26;19001
269;27;19021
269;28;19039
269;29;19067
269;30;19117
269;31;19129
269;32;19150
269;33;19159
269;34;19181
269;35;19189
269;36;19204
269;37;19213
270;1;14397
270;2;14475
270;3;14948
270;4;14998
270;5;15436
270;6;15858
270;7;16490
270;8;16967
270;9;16978
270;10;17028
270;11;17077
270;12;17194
270;13;17729
270;14;17842
270;15;18276
270;16;18294
270;17;18792
270;18;18883
270;19;18978
270;20;19095
270;21;19117
270;22;19135
271;1;13369
271;2;13423
271;3;13900
271;4;13907
271;5;14434
271;6;14985
271;7;15460
271;8;15488
271;9;16028
271;10;16086
271;11;16520
271;12;16569
271;13;17156
271;14;17177
271;15;17212
271;16;17222
271;17;17707
271;18;18283
271;19;18385
271;20;18434
271;21;18445
271;22;18541
271;23;18861
271;24;18937
271;25;18947
271;26;18996
271;27;18998
271;28;19024
271;29;19084
271;30;19102
271;31;19137
271;32;19180
271;33;19189
271;34;19192
271;35;19213
272;1;12975
272;2;13578
272;3;14000
272;4;14568
272;5;15173
272;6;15240
272;7;15603
272;8;15621
272;9;15681
272;10;16173
272;11;16771
272;12;17148
272;13;17657
272;14;17774
272;15;17865
272;16;17893
272;17;17916
272;18;17934
272;19;18504
272;20;18515
272;21;18967
272;22;19025
272;23;19051
272;24;19059
272;25;19074
272;26;19084
272;27;19104
272;28;19112
272;29;19113
272;30;19115
272;31;19127
273;1;11534
273;2;12048
273;3;12077
273;4;12461
273;5;12549
273;6;12557
273;7;12586
273;8;12598
273;9;13090
273;10;13185
273;11;13783
273;12;14221
273;13;14247
273;14;14849
273;15;15479
273;16;16043
273;17;16102
273;18;16437
273;19;16550
273;20;16658
273;21;16753
273;22;17296
273;23;17302
273;24;17877
273;25;17895
273;26;18196
273;27;18626
273;28;18739
273;29;18856
273;30;18876
273;31;18927
273;32;18992
273;33;19051
273;34;19086
273;35;19112
273;36;19127
274;1;13929
274;2;14443
274;3;14950
274;4;14985
274;5;15382
274;6;15473
274;7;15966
274;8;15997
274;9;16092
274;10;16215
274;11;16641
274;12;16711
274;13;16824
274;14;16859
274;15;17268
274;16;17277
274;17;17324
274;18;17899
274;19;18265
274;20;18423
274;21;18459
274;22;18477
274;23;18512
274;24;18540
274;25;18599
274;26;19088
274;27;19120
274;28;19137
274;29;19159
274;30;19170
274;31;19213
275;1;11486
275;2;12008
275;3;12522
275;4;12600
275;5;12708
275;6;13390
275;7;13977
275;8;13988
275;9;14504
275;10;14977
275;11;15094
275;12;15670
275;13;15985
275;14;16583
275;15;17134
275;16;17183
275;17;17218
275;18;17303
275;19;17363
275;20;17368
275;21;17698
275;22;17783
275;23;17879
275;24;17927
275;25;17938
275;26;17949
275;27;18037
275;28;18057
275;29;18083
275;30;18620
275;31;19111
275;32;19126
275;33;19127
276;1;13924
276;2;14398
276;3;14856
276;4;15431
276;5;15522
276;6;16120
276;7;16218
276;8;16820
276;9;16849
276;10;17170
276;11;17831
276;12;17842
276;13;18195
276;14;18312
276;15;18847
276;16;18888
276;17;18960
276;18;18989
276;19;19020
276;20;19056
276;21;19104
276;22;19115
276;23;19127
277;1;12358
277;2;12898
277;3;13315
277;4;13426
277;5;14053
277;6;14170
277;7;14683
277;8;15234
277;9;15543
277;10;15656
277;11;15722
277;12;16236
277;13;16787
277;14;16904
277;15;16954
277;16;17439
277;17;17835
277;18;18385
277;19;18413
277;20;18443
277;21;18943
277;22;18980
277;23;19025
277;24;19054
277;25;19149
277;26;19165
277;27;19169
277;28;19171
277;29;19185
277;30;19205
278;1;12618
278;2;12677
278;3;12678
278;4;12723
278;5;13291
278;6;13302
278;7;13398
278;8;13933
278;9;14044
278;10;14401
278;11;15051
278;12;15168
278;13;15641
278;14;15662
278;15;15712
278;16;16197
278;17;16246
278;18;16726
278;19;16821
278;20;16938
278;21;17490
278;22;17501
278;23;17532
278;24;18101
278;25;18123
278;26;18515
278;27;18574
278;28;18998
278;29;19111
278;30;19114
278;31;19126
279;1;12831
279;2;13215
279;3;13317
279;4;13413
279;5;13871
279;6;13882
279;7;14472
279;8;14586
279;9;15106
279;10;15201
279;11;15565
279;12;15981
279;13;16443
279;14;16906
279;15;16974
279;16;17085
279;17;17509
279;18;17579
279;19;17620
279;20;17651
279;21;17711
279;22;18163
279;23;18276
279;24;18278
279;25;18356
279;26;18473
279;27;18964
279;28;19077
279;29;19098
279;30;19117
279;31;19135
279;32;19136
280;1;11056
280;2;11116
280;3;11798
280;4;12320
280;5;12890
280;6;13421
280;7;13945
280;8;13965
280;9;14478
280;10;15029
280;11;15507
280;12;16054
280;13;16567
280;14;16570
280;15;17072
280;16;17546
280;17;17600
280;18;17605
280;19;18096
280;20;18138
280;21;18187
280;22;18259
280;23;18345
280;24;18720
280;25;18751
280;26;18847
280;27;18955
280;28;18981
280;29;19022
280;30;19057
280;31;19117
280;32;19126
280;33;19127
281;1;13433
281;2;13811
281;3;14387
281;4;14465
281;5;15040
281;6;15611
281;7;15702
281;8;16174
281;9;16178
281;10;16238
281;11;16355
281;12;16386
281;13;16500
281;14;16973
281;15;17307
281;16;17854
281;17;17872
281;18;17883
281;19;17893
281;20;17960
281;21;17971
281;22;18384
281;23;18497
281;24;18504
281;25;18515
281;26;18922
281;27;19035
281;28;19039
281;29;19046
281;30;19057
281;31;19067
281;32;19091
281;33;19100
281;34;19104
281;35;19109
281;36;19133
281;37;19135
282;1;11984
282;2;12553
282;3;13048
282;4;13524
282;5;14147
282;6;14723
282;7;15215
282;8;15250
282;9;15278
282;10;15302
282;11;15816
282;12;15874
282;13;16253
282;14;16811
282;15;17303
282;16;17825
282;17;17845
282;18;17884
282;19;17902
282;20;17968
282;21;18017
282;22;18582
282;23;19093
282;24;19124
282;25;19159
282;26;19170
282;27;19213
283;1;12736
283;2;13307
283;3;13781
283;4;14411
283;5;14881
283;6;14998
283;7;15490
283;8;15919
283;9;16467
283;10;16580
283;11;17107
283;12;17682
283;13;17760
283;14;18039
283;15;18134
283;16;18169
283;17;18273
283;18;18390
283;19;18842
283;20;18853
283;21;18899
283;22;18959
283;23;18960
283;24;19010
283;25;19105
283;26;19154
283;27;19161
283;28;19170
283;29;19204
283;30;19213
284;1;10707
284;2;11221
284;3;11851
284;4;12368
284;5;12917
284;6;13005
284;7;13036
284;8;13077
284;9;13514
284;10;13975
284;11;14544
284;12;14977
284;13;15102
284;14;15131
284;15;15162
284;16;15663
284;17;15788
284;18;16262
284;19;16290
284;20;16684
284;21;16692
284;22;16713
284;23;17263
284;24;17352
284;25;17448
284;26;17476
284;27;17945
284;28;18023
284;29;18390
284;30;18398
284;31;18829
284;32;18889
284;33;18939
284;34;18974
284;35;19062
284;36;19111
284;37;19121
284;38;19135
284;39;19136
284;40;19144
284;41;19164
284;42;19168
284;43;19169
284;44;19171
284;45;19190
284;46;19193
284;47;19205
285;1;13466
285;2;13957
285;3;14048
285;4;14540
285;5;15032
285;6;15556
285;7;15582
285;8;15681
285;9;16256
285;10;16364
285;11;16940
285;12;16966
285;13;17563
285;14;17589
285;15;17949
285;16;18062
285;17;18525
285;18;18554
285;19;18604
285;20;18632
285;21;19178
285;22;19187
285;23;19188
285;24;19191
285;25;19211
285;26;19213
286;1;13772
286;2;13897
286;3;14389
286;4;14798
286;5;14915
286;6;15045
286;7;15374
286;8;15444
286;9;15935
286;10;16475
286;11;16588
286;12;16655
286;13;17114
286;14;17650
286;15;17728
286;16;17759
286;17;17779
286;18;17805
286;19;18294
286;20;18335
286;21;18448
286;22;18466
286;23;18896
286;24;18954
286;25;18979
286;26;18997
286;27;19008
286;28;19034
286;29;19063
286;30;19083
286;31;19094
286;32;19172
286;33;19180
286;34;19202
286;35;19213
287;1;13205
287;2;13809
287;3;13820
287;4;14481
287;5;14510
287;6;14621
287;7;15197
287;8;15674
287;9;15769
287;10;16261
287;11;16349
287;12;16367
287;13;16886
287;14;16915
287;15;17398
287;16;17856
287;17;17904
287;18;17939
287;19;17988
287;20;18008
287;21;18037
287;22;18558
287;23;18593
287;24;18894
287;25;18912
287;26;18926
287;27;19004
287;28;19032
287;29;19036
287;30;19038
287;31;19050
287;32;19057
287;33;19117
287;34;19126
287;35;19155
288;1;13365
288;2;13969
288;3;14509
288;4;15001
288;5;15033
288;6;15068
288;7;15619
288;8;16115
288;9;16228
288;10;16589
288;11;16607
288;12;17126
288;13;17239
288;14;17288
288;15;17853
288;16;17888
288;17;17947
288;18;17958
288;19;17987
288;20;18401
288;21;18451
288;22;18510
288;23;18530
288;24;19019
288;25;19021
288;26;19071
288;27;19081
288;28;19112
288;29;19135
289;1;12228
289;2;12720
289;3;13318
289;4;13336
289;5;13386
289;6;13824
289;7;13937
289;8;13957
289;9;14508
289;10;14536
289;11;14596
289;12;15034
289;13;15059
289;14;15450
289;15;15877
289;16;16446
289;17;16523
289;18;16572
289;19;16600
289;20;16688
289;21;17215
289;22;17236
289;23;17540
289;24;17550
289;25;17587
289;26;17616
289;27;17676
289;28;17770
289;29;17883
289;30;17912
289;31;17961
289;32;17967
289;33;17996
289;34;18504
289;35;18989
289;36;18993
289;37;19084
289;38;19095
289;39;19182
289;40;19184
289;41;19204
289;42;19205
289;43;19213
290;1;12519
290;2;12959
290;3;13013
290;4;13039
290;5;13574
290;6;13682
290;7;14191
290;8;14678
290;9;15247
290;10;15823
290;11;15919
290;12;15968
290;13;16081
290;14;16657
290;15;16782
290;16;17230
290;17;17251
290;18;17364
290;19;17393
290;20;17424
290;21;17755
290;22;18164
290;23;18281
290;24;18289
290;25;18295
290;26;18684
290;27;18751
290;28;18797
290;29;18910
290;30;18959
290;31;18988
290;32;19027
290;33;19056
290;34;19105
290;35;19117
290;36;19126
290;37;19155
291;1;11910
291;2;12461
291;3;12574
291;4;13142
291;5;13202
291;6;13724
291;7;13744
291;8;14359
291;9;14394
291;10;14921
291;11;15497
291;12;15971
291;13;16374
291;14;16943
291;15;17054
291;16;17686
291;17;17694
291;18;17778
291;19;18174
291;20;18287
291;21;18328
291;22;18382
291;23;18423
291;24;18434
291;25;18452
291;26;18460
291;27;18478
291;28;18506
291;29;19093
291;30;19111
291;31;19126
292;1;12143
292;2;12617
292;3;13240
292;4;13357
292;5;13908
292;6;14457
292;7;15001
292;8;15022
292;9;15071
292;10;15100
292;11;15588
292;12;16061
292;13;16693
292;14;16788
292;15;16837
292;16;17357
292;17;17866
292;18;17905
292;19;18000
292;20;18433
292;21;18895
292;22;18924
292;23;18944
292;24;19069
292;25;19120
292;26;19132
292;27;19139
292;28;19148
292;29;19150
292;30;19171
292;31;19205
293;1;10881
293;2;11483
293;3;12058
293;4;12662
293;5;12750
293;6;12809
293;7;12827
293;8;12847
293;9;13416
293;10;13904
293;11;14377
293;12;14891
293;13;15005
293;14;15118
293;15;15235
293;16;15285
293;17;15855
293;18;16210
293;19;16228
293;20;16259
293;21;16285
293;22;16664
293;23;16772
293;24;17317
293;25;17732
293;26;17743
293;27;17764
293;28;18286
293;29;18308
293;30;18310
293;31;18330
293;32;18418
293;33;18940
293;34;18947
293;35;18954
293;36;18983
293;37;18993
293;38;19053
293;39;19055
293;40;19067
293;41;19093
293;42;19096
293;43;19114
293;44;19126
294;1;12859
294;2;12918
294;3;13356
294;4;13979
294;5;14544
294;6;15085
294;7;15481
294;8;15598
294;9;16122
294;10;16621
294;11;16687
294;12;16707
294;13;17311
294;14;17328
294;15;17735
294;16;17771
294;17;18200
294;18;18313
294;19;18408
294;20;18938
294;21;18954
294;22;18972
294;23;19021
294;24;19081
294;25;19096
294;26;19126
294;27;19127
294;28;19135
295;1;14290
295;2;14860
295;3;15429
295;4;15445
295;5;15937
295;6;15976
295;7;16005
295;8;16035
295;9;16148
295;10;16507
295;11;16525
295;12;17129
295;13;17149
295;14;17177
295;15;17208
295;16;17321
295;17;17322
295;18;17778
295;19;17817
295;20;17887
295;21;18458
295;22;18811
295;23;18859
295;24;18892
295;25;18987
295;26;18988
295;27;18999
295;28;19090
295;29;19110
295;30;19133
295;31;19135
296;1;13924
296;2;13978
296;3;13996
296;4;14074
296;5;14549
296;6;14578
296;7;14638
296;8;14752
296;9;14801
296;10;15150
296;11;15686
296;12;15720
296;13;16350
296;14;16715
296;15;16828
296;16;17289
296;17;17300
296;18;17883
296;19;17933
296;20;17982
296;21;17992
296;22;18553
296;23;18602
296;24;18643
296;25;18678
296;26;18997
296;27;19005
296;28;19065
296;29;19114
296;30;19126
296;31;19155
297;1;11829
297;2;12351
297;3;12941
297;4;13428
297;5;13553
297;6;14077
297;7;14099
297;8;14634
297;9;15088
297;10;15514
297;11;16101
297;12;16625
297;13;16629
297;14;16725
297;15;16736
297;16;16831
297;17;16851
297;18;16910
297;19;17346
297;20;17399
297;21;17873
297;22;17902
297;23;18391
297;24;18486
297;25;18861
297;26;18952
297;27;18972
297;28;19089
297;29;19110
297;30;19119
297;31;19124
297;32;19171
297;33;19190
297;34;19213
298;1;12742
298;2;12777
298;3;12795
298;4;13244
298;5;13270
298;6;13781
298;7;14330
298;8;14390
298;9;14425
298;10;15047
298;11;15078
298;12;15508
298;13;15568
298;14;15626
298;15;15991
298;16;16017
298;17;16586
298;18;16673
298;19;17217
298;20;17767
298;21;18354
298;22;18395
298;23;18444
298;24;18473
298;25;18807
298;26;18827
298;27;18848
298;28;18961
298;29;18987
298;30;19082
298;31;19103
298;32;19110
298;33;19132
298;34;19175
298;35;19205
299;1;14949
299;2;15476
299;3;15504
299;4;15516
299;5;16118
299;6;16514
299;7;17119
299;8;17668
299;9;17678
299;10;17774
299;11;17898
299;12;18502
299;13;18925
299;14;18983
299;15;19012
299;16;19017
299;17;19050
299;18;19146
299;19;19147
299;20;19158
299;21;19188
299;22;19191
299;23;19211
299;24;19213
300;1;13905
300;2;14393
300;3;14997
300;4;15376
300;5;15945
300;6;16403
300;7;16528
300;8;16577
300;9;17153
300;10;17164
300;11;17787
300;12;18377
300;13;18394
300;14;18511
300;15;18607
300;16;18980
300;17;19071
300;18;19075
300;19;19105
300;20;19113
300;21;19115
300;22;19127
300;23;19136
301;1;14878
301;2;15413
301;3;15732
301;4;15791
301;5;15898
301;6;15993
301;7;16562
301;8;17164
301;9;17582
301;10;17695
301;11;17699
301;12;17727
301;13;17840
301;14;17860
301;15;17914
301;16;17938
301;17;17988
301;18;18518
301;19;19105
301;20;19112
301;21;19171
301;22;19185
301;23;19205
301;24;19213
302;1;10467
302;2;10581
302;3;10612
302;4;11136
302;5;11649
302;6;12167
302;7;12194
302;8;12229
302;9;12816
302;10;12845
302;11;13450
302;12;13545
302;13;14081
302;14;14652
302;15;14765
302;16;15099
302;17;15216
302;18;15718
302;19;16115
302;20;16135
302;21;16625
302;22;16783
302;23;16897
302;24;17370
302;25;17720
302;26;17742
302;27;17753
302;28;18329
302;29;18446
302;30;18505
302;31;18978
302;32;19038
302;33;19064
302;34;19075
302;35;19084
302;36;19134
302;37;19136
302;38;19153
302;39;19182
302;40;19187
302;41;19191
302;42;19193
302;43;19205
303;1;13281
303;2;13816
303;3;14352
303;4;14438
303;5;14533
303;6;15053
303;7;15545
303;8;15964
303;9;15968
303;10;16081
303;11;16495
303;12;16996
303;13;17628
303;14;17719
303;15;18270
303;16;18290
303;17;18321
303;18;18416
303;19;18992
303;20;19003
303;21;19007
303;22;19009
303;23;19021
303;24;19049
303;25;19099
303;26;19103
303;27;19133
303;28;19135
303;29;19164
304;1;14059
304;2;14143
304;3;14745
304;4;15200
304;5;15218
304;6;15246
304;7;15589
304;8;15996
304;9;16007
304;10;16085
304;11;16132
304;12;16246
304;13;16277
304;14;16824
304;15;16849
304;16;17179
304;17;17292
304;18;17331
304;19;17357
304;20;17815
304;21;17864
304;22;17897
304;23;17967
304;24;18538
304;25;18913
304;26;19004
304;27;19050
304;28;19070
304;29;19120
304;30;19150
304;31;19151
304;32;19172
304;33;19183
304;34;19188
304;35;19190
304;36;19205
305;1;12953
305;2;13484
305;3;13533
305;4;14084
305;5;14585
305;6;15076
305;7;15104
305;8;15542
305;9;16017
305;10;16491
305;11;16541
305;12;17015
305;13;17026
305;14;17540
305;15;17607
305;16;17673
305;17;17690
305;18;17719
305;19;17827
305;20;17923
305;21;18421
305;22;18462
305;23;18529
305;24;18558
305;25;18564
305;26;19045
305;27;19046
305;28;19098
305;29;19115
305;30;19127
306;1;12652
306;2;13125
306;3;13704
306;4;14386
306;5;14954
306;6;14985
306;7;15498
306;8;15594
306;9;16100
306;10;16624
306;11;16716
306;12;16722
306;13;17244
306;14;17339
306;15;17364
306;16;17779
306;17;17937
306;18;17957
306;19;17961
306;20;18446
306;21;18559
306;22;18618
306;23;18629
306;24;18655
306;25;19052
306;26;19111
306;27;19126
306;28;19135
307;1;14302
307;2;14398
307;3;14511
307;4;15024
307;5;15053
307;6;15600
307;7;15658
307;8;15662
307;9;16119
307;10;16646
307;11;16759
307;12;16794
307;13;17370
307;14;17430
307;15;17465
307;16;18041
307;17;18091
307;18;18535
307;19;18556
307;20;18576
307;21;18594
307;22;18654
307;23;19050
307;24;19068
307;25;19117
307;26;19126
307;27;19127
307;28;19135
308;1;11014
308;2;11043
308;3;11501
308;4;11981
308;5;12089
308;6;12640
308;7;13244
308;8;13357
308;9;13959
308;10;14047
308;11;14606
308;12;14665
308;13;14778
308;14;15305
308;15;15796
308;16;16343
308;17;16919
308;18;16920
308;19;16979
308;20;16984
308;21;16994
308;22;17421
308;23;17460
308;24;17903
308;25;17923
308;26;17983
308;27;17990
308;28;18018
308;29;18507
308;30;18538
308;31;18549
308;32;18598
308;33;19079
308;34;19090
308;35;19092
308;36;19135
308;37;19136
309;1;11037
309;2;11582
309;3;12104
309;4;12130
309;5;12609
309;6;12676
309;7;13278
309;8;13647
309;9;14161
309;10;14737
309;11;15257
309;12;15282
309;13;15358
309;14;15426
309;15;15455
309;16;15568
309;17;16119
309;18;16131
309;19;16244
309;20;16707
309;21;16767
309;22;17234
309;23;17287
309;24;17761
309;25;17765
309;26;17796
309;27;17815
309;28;17844
309;29;17846
309;30;17933
309;31;17954
309;32;18317
309;33;18430
309;34;18447
309;35;18499
309;36;18523
309;37;19069
309;38;19129
309;39;19147
309;40;19158
309;41;19181
309;42;19211
309;43;19213
310;1;9847
310;2;9925
310;3;10438
310;4;10989
310;5;11028
310;6;11045
310;7;11668
310;8;11779
310;9;12355
310;10;12889
310;11;13465
310;12;13957
310;13;14025
310;14;14413
310;15;14526
310;16;15073
310;17;15108
310;18;15216
310;19;15244
310;20;15724
310;21;15753
310;22;16351
310;23;16814
310;24;17337
310;25;17343
310;26;17835
310;27;17946
310;28;18496
310;29;18502
310;30;18876
310;31;18943
310;32;18958
310;33;18972
310;34;18993
310;35;19014
310;36;19033
310;37;19051
310;38;19111
310;39;19135
311;1;13332
311;2;13806
311;3;14341
311;4;14799
311;5;15260
311;6;15265
311;7;15382
311;8;15929
311;9;16451
311;10;17029
311;11;17478
311;12;18029
311;13;18058
311;14;18155
311;15;18778
311;16;18837
311;17;18841
311;18;18954
311;19;18963
311;20;19021
311;21;19032
311;22;19080
311;23;19091
311;24;19111
311;25;19114
311;26;19126
312;1;10289
312;2;10894
312;3;11385
312;4;11936
312;5;12061
312;6;12499
312;7;13068
312;8;13619
312;9;13689
312;10;14254
312;11;14258
312;12;14759
312;13;14850
312;14;14879
312;15;14905
312;16;15480
312;17;15960
312;18;16533
312;19;16546
312;20;16575
312;21;16657
312;22;17233
312;23;17274
312;24;17738
312;25;18220
312;26;18231
312;27;18339
312;28;18370
312;29;18399
312;30;18427
312;31;18445
312;32;18523
312;33;19074
312;34;19098
312;35;19115
312;36;19150
312;37;19171
312;38;19190
312;39;19193
312;40;19205
313;1;11731
313;2;11801
313;3;12376
313;4;12493
313;5;12907
313;6;13345
313;7;13968
313;8;14442
313;9;14916
313;10;14918
313;11;15435
313;12;16005
313;13;16025
313;14;16054
313;15;16381
313;16;16422
313;17;16530
313;18;17015
313;19;17128
313;20;17146
313;21;17201
313;22;17260
313;23;17731
313;24;17806
313;25;17824
313;26;17841
313;27;17859
313;28;17871
313;29;18317
313;30;18321
313;31;18416
313;32;18444
313;33;18446
313;34;18466
313;35;18509
313;36;18530
313;37;19093
313;38;19117
313;39;19126
313;40;19135
314;1;14579
314;2;14938
314;3;15442
314;4;15483
314;5;15574
314;6;16143
314;7;16711
314;8;17121
314;9;17139
314;10;17224
314;11;17737
314;12;17796
314;13;17816
314;14;18182
314;15;18211
314;16;18325
314;17;18438
314;18;18483
314;19;18532
314;20;18543
314;21;18561
314;22;19063
314;23;19112
314;24;19132
314;25;19143
314;26;19144
314;27;19158
314;28;19187
314;29;19191
314;30;19193
314;31;19205
315;1;13289
315;2;13309
315;3;13849
315;4;14321
315;5;14870
315;6;15270
315;7;15846
315;8;15934
315;9;15975
315;10;16460
315;11;16914
315;12;17504
315;13;17533
315;14;17646
315;15;17693
315;16;17743
315;17;18319
315;18;18340
315;19;18955
315;20;18963
315;21;18969
315;22;18999
315;23;19090
315;24;19136
316;1;14824
316;2;15422
316;3;15973
316;4;16534
316;5;17026
316;6;17028
316;7;17142
316;8;17503
316;9;17620
316;10;17710
316;11;17721
316;12;18145
316;13;18204
316;14;18222
316;15;18318
316;16;18335
316;17;18419
316;18;18900
316;19;18949
316;20;18980
316;21;19058
316;22;19087
316;23;19118
316;24;19122
316;25;19133
316;26;19161
316;27;19168
316;28;19170
316;29;19171
316;30;19193
316;31;19205
317;1;11916
317;2;12408
317;3;12943
317;4;12984
317;5;13552
317;6;13965
317;7;14563
317;8;14676
317;9;14694
317;10;15269
317;11;15735
317;12;15852
317;13;16350
317;14;16376
317;15;16901
317;16;17471
317;17;17929
317;18;17955
317;19;18280
317;20;18290
317;21;18401
317;22;18451
317;23;18453
317;24;18507
317;25;19094
317;26;19190
317;27;19213
318;1;13371
318;2;13849
318;3;13860
318;4;13888
318;5;13889
318;6;14464
318;7;14481
318;8;14531
318;9;15133
318;10;15597
318;11;16148
318;12;16261
318;13;16577
318;14;16597
318;15;16636
318;16;16664
318;17;17251
318;18;17294
318;19;17385
318;20;17402
318;21;17433
318;22;17452
318;23;17463
318;24;17922
318;25;17951
318;26;18064
318;27;18099
318;28;18555
318;29;18614
318;30;18692
318;31;18696
318;32;19092
318;33;19100
318;34;19115
318;35;19133
318;36;19135
319;1;14037
319;2;14612
319;3;14618
319;4;15248
319;5;15740
319;6;16252
319;7;16792
319;8;17263
319;9;17287
319;10;17315
319;11;17336
319;12;17887
319;13;17905
319;14;18282
319;15;18290
319;16;18901
319;17;18945
319;18;19004
319;19;19020
319;20;19024
319;21;19026
319;22;19043
319;23;19046
319;24;19096
319;25;19106
319;26;19126
320;1;11325
320;2;11895
320;3;12358
320;4;13019
320;5;13132
320;6;13701
320;7;14306
320;8;14921
320;9;15497
320;10;16010
320;11;16612
320;12;16631
320;13;16680
320;14;16997
320;15;17007
320;16;17072
320;17;17098
320;18;17111
320;19;17151
320;20;17677
320;21;17731
320;22;17790
320;23;17857
320;24;17886
320;25;18384
320;26;18444
320;27;18454
320;28;18503
320;29;18532
320;30;18932
320;31;18967
320;32;18993
320;33;19088
320;34;19097
320;35;19100
320;36;19112
320;37;19114
320;38;19133
320;39;19155
321;1;8639
321;2;9163
321;3;9703
321;4;10274
321;5;10712
321;6;10772
321;7;10930
321;8;11361
321;9;11908
321;10;12506
321;11;13136
321;12;13759
321;13;14349
321;14;14858
321;15;14893
321;16;15345
321;17;15810
321;18;15831
321;19;15851
321;20;15905
321;21;16000
321;22;16113
321;23;16605
321;24;17111
321;25;17661
321;26;17733
321;27;17819
321;28;18434
321;29;18882
321;30;18942
321;31;18979
321;32;18981
321;33;19059
321;34;19079
321;35;19109
321;36;19144
321;37;19153
321;38;19163
321;39;19204
321;40;19213
322;1;10425
322;2;11057
322;3;11632
322;4;12124
322;5;12638
322;6;13130
322;7;13681
322;8;13740
322;9;14401
322;10;14798
322;11;14829
322;12;15336
322;13;15494
322;14;15586
322;15;15611
322;16;15646
322;17;16055
322;18;16423
322;19;16452
322;20;16884
322;21;16980
322;22;17050
322;23;17070
322;24;17155
322;25;17214
322;26;17783
322;27;18359
322;28;18517
322;29;18528
322;30;18992
322;31;18998
322;32;19026
322;33;19064
322;34;19124
322;35;19135
323;1;12017
323;2;12552
323;3;12581
323;4;13179
323;5;13180
323;6;13672
323;7;14277
323;8;14750
323;9;15297
323;10;15317
323;11;15728
323;12;15737
323;13;16312
323;14;16361
323;15;16845
323;16;16929
323;17;16978
323;18;17091
323;19;17111
323;20;17667
323;21;17688
323;22;18264
323;23;18284
323;24;18314
323;25;18384
323;26;18395
323;27;18410
323;28;18847
323;29;18865
323;30;18900
323;31;18911
323;32;19019
323;33;19023
323;34;19034
323;35;19084
323;36;19110
323;37;19134
323;38;19136
324;1;13255
324;2;13710
324;3;14174
324;4;14192
324;5;14306
324;6;14911
324;7;15435
324;8;15494
324;9;15986
324;10;16089
324;11;16574
324;12;17204
324;13;17691
324;14;17726
324;15;18206
324;16;18781
324;17;18877
324;18;18928
324;19;18939
324;20;19017
324;21;19046
324;22;19058
324;23;19067
324;24;19068
324;25;19127
325;1;12640
325;2;13175
325;3;13196
325;4;13770
325;5;14321
325;6;14872
325;7;14989
325;8;15558
325;9;16139
325;10;16181
325;11;16796
325;12;16824
325;13;16937
325;14;17363
325;15;17391
325;16;17420
325;17;17911
325;18;18359
325;19;18709
325;20;18728
325;21;18827
325;22;18845
325;23;18876
325;24;18954
325;25;19005
325;26;19073
325;27;19099
325;28;19129
325;29;19140
325;30;19181
325;31;19204
325;32;19205
326;1;13150
326;2;13642
326;3;14213
326;4;14338
326;5;14358
326;6;15040
326;7;15401
326;8;15941
326;9;16058
326;10;16599
326;11;16634
326;12;17158
326;13;17633
326;14;17746
326;15;18344
326;16;18801
326;17;18802
326;18;18925
326;19;19003
326;20;19019
326;21;19030
326;22;19034
326;23;19069
326;24;19072
326;25;19078
326;26;19089
326;27;19091
326;28;19111
326;29;19135
326;30;19159
326;31;19170
326;32;19213
327;1;11851
327;2;11946
327;3;12497
327;4;12528
327;5;13006
327;6;13497
327;7;14029
327;8;14124
327;9;14152
327;10;14721
327;11;14784
327;12;15342
327;13;15910
327;14;16533
327;15;17069
327;16;17593
327;17;17597
327;18;17711
327;19;17806
327;20;17878
327;21;17904
327;22;17935
327;23;17976
327;24;18478
327;25;18489
327;26;18600
327;27;18629
327;28;18650
327;29;18655
327;30;18666
327;31;18668
327;32;19110
327;33;19151
327;34;19181
327;35;19185
327;36;19205
328;1;12051
328;2;12509
328;3;12535
328;4;13075
328;5;13200
328;6;13706
328;7;13741
328;8;13854
328;9;14484
328;10;15071
328;11;15509
328;12;15527
328;13;16103
328;14;16162
328;15;16618
328;16;16709
328;17;16836
328;18;17292
328;19;17387
328;20;17416
328;21;17447
328;22;17476
328;23;17934
328;24;17963
328;25;17981
328;26;18022
328;27;18050
328;28;18611
328;29;18642
328;30;19053
328;31;19096
328;32;19127
328;33;19155
328;34;19184
328;35;19205
329;1;14853
329;2;14978
329;3;15327
329;4;15444
329;5;15846
329;6;15959
329;7;15965
329;8;16428
329;9;16541
329;10;17145
329;11;17675
329;12;17704
329;13;17708
329;14;17743
329;15;17854
329;16;17865
329;17;17929
329;18;17957
329;19;17958
329;20;18378
329;21;18387
329;22;18464
329;23;18485
329;24;18511
329;25;18529
329;26;18971
329;27;19009
329;28;19020
329;29;19051
329;30;19074
329;31;19075
329;32;19096
329;33;19098
329;34;19118
329;35;19136
330;1;13942
330;2;14037
330;3;14495
330;4;15036
330;5;15527
330;6;16157
330;7;16708
330;8;17200
330;9;17724
330;10;17882
330;11;18385
330;12;18449
330;13;18499
330;14;18528
330;15;18896
330;16;18945
330;17;18980
330;18;18986
330;19;18991
330;20;19020
330;21;19069
330;22;19080
330;23;19084
330;24;19119
330;25;19133
330;26;19134
330;27;19136
331;1;12711
331;2;12732
331;3;13334
331;4;13939
331;5;14397
331;6;14848
331;7;14899
331;8;14934
331;9;15474
331;10;15987
331;11;16104
331;12;16613
331;13;17203
331;14;17234
331;15;17275
331;16;17366
331;17;17377
331;18;17851
331;19;17911
331;20;18344
331;21;18440
331;22;18451
331;23;18889
331;24;18967
331;25;19027
331;26;19086
331;27;19135
332;1;16712
332;2;16825
332;3;17317
332;4;17737
332;5;18287
332;6;18298
332;7;18347
332;8;18359
332;9;18408
332;10;18463
332;11;18494
332;12;18523
332;13;18534
332;14;18543
332;15;18549
332;16;19075
332;17;19086
332;18;19114
332;19;19135
332;20;19164
332;21;19170
332;22;19171
332;23;19190
332;24;19193
332;25;19205
333;1;12978
333;2;13621
333;3;14208
333;4;14685
333;5;14767
333;6;14817
333;7;15407
333;8;15438
333;9;15772
333;10;16387
333;11;16436
333;12;17041
333;13;17612
333;14;17638
333;15;17763
333;16;17858
333;17;18207
333;18;18782
333;19;18842
333;20;18860
333;21;18977
333;22;18985
333;23;19053
333;24;19068
333;25;19117
333;26;19126
333;27;19127
333;28;19135
334;1;12208
334;2;12286
334;3;12888
334;4;13415
334;5;14013
334;6;14448
334;7;14461
334;8;14586
334;9;15137
334;10;15196
334;11;15670
334;12;15724
334;13;15738
334;14;15797
334;15;16335
334;16;16863
334;17;17277
334;18;17853
334;19;17894
334;20;17912
334;21;18287
334;22;18337
334;23;18454
334;24;18495
334;25;18513
334;26;19022
334;27;19082
334;28;19113
334;29;19148
334;30;19191
334;31;19193
334;32;19205
335;1;12079
335;2;12711
335;3;13280
335;4;13870
335;5;13905
335;6;14445
335;7;14969
335;8;15094
335;9;15642
335;10;16134
335;11;16201
335;12;16230
335;13;16290
335;14;16343
335;15;16835
335;16;17174
335;17;17234
335;18;17345
335;19;17779
335;20;17838
335;21;17850
335;22;18315
335;23;18355
335;24;18472
335;25;18568
335;26;18992
335;27;19103
335;28;19105
335;29;19135
335;30;19213
336;1;13232
336;2;13754
336;3;14303
336;4;14850
336;5;14928
336;6;15589
336;7;16039
336;8;16098
336;9;16147
336;10;16215
336;11;16784
336;12;16862
336;13;17354
336;14;17977
336;15;18026
336;16;18036
336;17;18548
336;18;18608
336;19;18616
336;20;19013
336;21;19108
336;22;19128
336;23;19187
336;24;19188
336;25;19191
336;26;19193
336;27;19205
337;1;14354
337;2;14794
337;3;15255
337;4;15268
337;5;15858
337;6;15971
337;7;16030
337;8;16058
337;9;16069
337;10;16119
337;11;16751
337;12;16771
337;13;16800
337;14;16818
337;15;17366
337;16;17829
337;17;18201
337;18;18314
337;19;18368
337;20;18406
337;21;18410
337;22;18971
337;23;18982
337;24;19005
337;25;19033
337;26;19041
337;27;19053
337;28;19061
337;29;19092
337;30;19093
337;31;19136
338;1;10733
338;2;11179
338;3;11730
338;4;11821
338;5;12281
338;6;12904
338;7;13473
338;8;14060
338;9;14665
338;10;14778
338;11;15177
338;12;15195
338;13;15286
338;14;15799
338;15;16304
338;16;16315
338;17;16353
338;18;16364
338;19;16979
338;20;17526
338;21;17593
338;22;18183
338;23;18255
338;24;18309
338;25;18350
338;26;18355
338;27;18396
338;28;18422
338;29;18462
338;30;18920
338;31;18953
338;32;18973
338;33;19007
338;34;19081
338;35;19103
338;36;19127
338;37;19136
339;1;14933
339;2;15460
339;3;16036
339;4;16054
339;5;16083
339;6;16094
339;7;16096
339;8;16612
339;9;17072
339;10;17103
339;11;17191
339;12;17723
339;13;17734
339;14;18193
339;15;18221
339;16;18336
339;17;18353
339;18;18381
339;19;18459
339;20;18466
339;21;18497
339;22;18517
339;23;18521
339;24;19066
339;25;19092
339;26;19127
339;27;19138
339;28;19140
339;29;19155
340;1;13946
340;2;13947
340;3;14370
340;4;14946
340;5;15515
340;6;15988
340;7;15999
340;8;16491
340;9;16608
340;10;16629
340;11;17216
340;12;17814
340;13;17909
340;14;18428
340;15;18524
340;16;18533
340;17;18603
340;18;18614
340;19;18640
340;20;18679
340;21;18699
340;22;19184
340;23;19190
340;24;19205
341;1;13673
341;2;14222
341;3;14778
341;4;15348
341;5;15839
341;6;16444
341;7;16557
341;8;16715
341;9;16810
341;10;17379
341;11;17401
341;12;17479
341;13;17487
341;14;17498
341;15;17502
341;16;17551
341;17;17562
341;18;18053
341;19;18528
341;20;18563
341;21;18606
341;22;18611
341;23;18614
341;24;18624
341;25;18974
341;26;19082
341;27;19103
341;28;19125
341;29;19151
341;30;19171
341;31;19189
341;32;19190
341;33;19205
342;1;14540
342;2;15010
342;3;15471
342;4;15502
342;5;15923
342;6;16525
342;7;16622
342;8;17084
342;9;17576
342;10;17701
342;11;17721
342;12;18230
342;13;18321
342;14;18890
342;15;18892
342;16;18952
342;17;18987
342;18;19005
342;19;19083
342;20;19132
342;21;19152
342;22;19161
342;23;19204
342;24;19205
343;1;12657
343;2;13149
343;3;13208
343;4;13646
343;5;14181
343;6;14751
343;7;15302
343;8;15320
343;9;15918
343;10;16486
343;11;16564
343;12;16595
343;13;17057
343;14;17086
343;15;17429
343;16;17587
343;17;17669
343;18;18099
343;19;18194
343;20;18203
343;21;18229
343;22;18346
343;23;18377
343;24;18455
343;25;18563
343;26;19100
343;27;19114
343;28;19192
343;29;19204
343;30;19205
344;1;12058
344;2;12500
344;3;12541
344;4;12654
344;5;12714
344;6;13177
344;7;13800
344;8;14371
344;9;14835
344;10;14885
344;11;15546
344;12;16122
344;13;16181
344;14;16212
344;15;16230
344;16;16662
344;17;16729
344;18;17226
344;19;17828
344;20;17839
344;21;17860
344;22;17907
344;23;17956
344;24;17974
344;25;17985
344;26;18417
344;27;18419
344;28;18473
344;29;18484
344;30;18506
344;31;18954
344;32;18963
344;33;19006
344;34;19015
344;35;19056
344;36;19067
344;37;19076
344;38;19077
344;39;19136
345;1;13745
345;2;14187
345;3;14802
345;4;14822
345;5;15409
345;6;16039
345;7;16070
345;8;16675
345;9;17180
345;10;17297
345;11;17346
345;12;17803
345;13;17821
345;14;18226
345;15;18227
345;16;18286
345;17;18411
345;18;18430
345;19;18509
345;20;18973
345;21;19098
345;22;19127
345;23;19131
345;24;19181
345;25;19191
345;26;19211
345;27;19213
346;1;10969
346;2;11448
346;3;12019
346;4;12477
346;5;12990
346;6;13560
346;7;14175
346;8;14266
346;9;14853
346;10;15400
346;11;15525
346;12;15999
346;13;16058
346;14;16078
346;15;16559
346;16;16588
346;17;17178
346;18;17215
346;19;17265
346;20;17283
346;21;17775
346;22;18125
346;23;18265
346;24;18379
346;25;18816
346;26;18929
346;27;18968
346;28;19063
346;29;19072
346;30;19073
346;31;19102
346;32;19113
346;33;19134
346;34;19136
347;1;11517
347;2;11625
347;3;12201
347;4;12219
347;5;12615
347;6;13112
347;7;13166
347;8;13612
347;9;14085
347;10;14103
347;11;14228
347;12;14799
347;13;14807
347;14;15322
347;15;15381
347;16;15399
347;17;15472
347;18;16010
347;19;16514
347;20;16609
347;21;16726
347;22;16785
347;23;17301
347;24;17355
347;25;17942
347;26;17971
347;27;18328
347;28;18337
347;29;18355
347;30;18924
347;31;18937
347;32;19030
347;33;19089
347;34;19110
347;35;19113
347;36;19115
347;37;19127
347;38;19136
348;1;12838
348;2;12916
348;3;13429
348;4;13451
348;5;13909
348;6;13968
348;7;14422
348;8;14517
348;9;15132
348;10;15683
348;11;16259
348;12;16857
348;13;17418
348;14;18079
348;15;18120
348;16;18497
348;17;18533
348;18;18573
348;19;18584
348;20;18604
348;21;18633
348;22;18672
348;23;18692
348;24;18712
348;25;19204
348;26;19205
349;1;13162
349;2;13764
349;3;13922
349;4;14414
349;5;14879
349;6;15388
349;7;15785
349;8;15863
349;9;15976
349;10;16035
349;11;16453
349;12;16473
349;13;16533
349;14;16647
349;15;16743
349;16;17208
349;17;17805
349;18;18253
349;19;18254
349;20;18313
349;21;18404
349;22;18482
349;23;19053
349;24;19081
349;25;19107
349;26;19129
349;27;19140
349;28;19153
349;29;19164
350;1;14798
350;2;15402
350;3;15519
350;4;15548
350;5;16153
350;6;16215
350;7;16689
350;8;17203
350;9;17253
350;10;17827
350;11;17862
350;12;17867
350;13;18397
350;14;18418
350;15;18951
350;16;18986
350;17;18994
350;18;19015
350;19;19017
350;20;19036
350;21;19039
350;22;19048
350;23;19083
350;24;19132
350;25;19133
350;26;19192
350;27;19204
350;28;19205
351;1;13311
351;2;13845
351;3;13880
351;4;14438
351;5;14973
351;6;15061
351;7;15693
351;8;15721
351;9;16142
351;10;16718
351;11;16739
351;12;16856
351;13;17329
351;14;17889
351;15;17985
351;16;18430
351;17;18441
351;18;18537
351;19;18572
351;20;19083
351;21;19103
351;22;19110
351;23;19131
351;24;19153
351;25;19162
351;26;19170
351;27;19171
351;28;19190
351;29;19193
351;30;19205
352;1;14071
352;2;14184
352;3;14786
352;4;15318
352;5;15368
352;6;15781
352;7;16386
352;8;16436
352;9;16504
352;10;16972
352;11;17001
352;12;17096
352;13;17254
352;14;17601
352;15;17714
352;16;17809
352;17;17820
352;18;18290
352;19;18312
352;20;18343
352;21;18371
352;22;18799
352;23;18818
352;24;18847
352;25;18906
352;26;19019
352;27;19020
352;28;19056
352;29;19106
352;30;19141
352;31;19150
352;32;19164
352;33;19205
352;34;19213
353;1;11123
353;2;11650
353;3;11763
353;4;12311
353;5;12407
353;6;12958
353;7;13480
353;8;13501
353;9;13532
353;10;14007
353;11;14522
353;12;15088
353;13;15148
353;14;15176
353;15;15682
353;16;15703
353;17;15723
353;18;15752
353;19;16356
353;20;16377
353;21;16878
353;22;16897
353;23;17298
353;24;17303
353;25;17796
353;26;17824
353;27;18116
353;28;18199
353;29;18227
353;30;18248
353;31;18327
353;32;18329
353;33;18446
353;34;18472
353;35;18492
353;36;18587
353;37;18610
353;38;18989
353;39;19102
353;40;19128
353;41;19146
353;42;19161
353;43;19162
353;44;19205
354;1;13495
354;2;13524
354;3;13594
354;4;14192
354;5;14210
354;6;14712
354;7;15283
354;8;15790
354;9;15818
354;10;15931
354;11;16408
354;12;16521
354;13;16984
354;14;17025
354;15;17047
354;16;17172
354;17;17289
354;18;17864
354;19;17884
354;20;17943
354;21;17964
354;22;18312
354;23;18756
354;24;18784
354;25;18843
354;26;18872
354;27;18959
354;28;19072
354;29;19086
354;30;19106
354;31;19114
354;32;19126
355;1;11146
355;2;11705
355;3;12089
355;4;12185
355;5;12846
355;6;13284
355;7;13871
355;8;13962
355;9;14564
355;10;15168
355;11;15641
355;12;16135
355;13;16545
355;14;17121
355;15;17175
355;16;17210
355;17;17228
355;18;17779
355;19;18323
355;20;18377
355;21;18397
355;22;18408
355;23;18426
355;24;18454
355;25;18485
355;26;18528
355;27;18556
355;28;19143
355;29;19146
355;30;19191
355;31;19193
355;32;19205
355;33;19213
356;1;14666
356;2;15158
356;3;15187
356;4;15662
356;5;16226
356;6;16246
356;7;16371
356;8;16682
356;9;16717
356;10;17208
356;11;17220
356;12;17781
356;13;17830
356;14;17890
356;15;18360
356;16;18391
356;17;18754
356;18;18762
356;19;18802
356;20;18851
356;21;18904
356;22;18982
356;23;18983
356;24;18995
356;25;19036
356;26;19095
356;27;19133
356;28;19135
357;1;11063
357;2;11159
357;3;11791
357;4;12305
357;5;12763
357;6;13147
357;7;13698
357;8;14359
357;9;14472
357;10;14483
357;11;15031
357;12;15144
357;13;15528
357;14;15606
357;15;15628
357;16;16199
357;17;16721
357;18;17353
357;19;17478
357;20;18053
357;21;18516
357;22;18544
357;23;18575
357;24;18576
357;25;18611
357;26;19008
357;27;19047
357;28;19067
357;29;19075
357;30;19135
358;1;12621
358;2;13219
358;3;13851
358;4;14364
358;5;14455
358;6;14874
358;7;15401
358;8;15937
358;9;16054
358;10;16630
358;11;17057
358;12;17145
358;13;17240
358;14;17254
358;15;17275
358;16;17833
358;17;17837
358;18;17844
358;19;17853
358;20;18353
358;21;18382
358;22;18412
358;23;18416
358;24;18912
358;25;18919
358;26;18969
358;27;18980
358;28;19004
358;29;19022
358;30;19046
358;31;19137
358;32;19157
358;33;19168
358;34;19170
358;35;19184
358;36;19204
358;37;19213
359;1;12025
359;2;12053
359;3;12643
359;4;12756
359;5;12774
359;6;13350
359;7;13919
359;8;14466
359;9;14979
359;10;15038
359;11;15106
359;12;15721
359;13;16231
359;14;16686
359;15;16756
359;16;17223
359;17;17282
359;18;17366
359;19;17858
359;20;17893
359;21;17922
359;22;18316
359;23;18770
359;24;18870
359;25;18902
359;26;18930
359;27;18959
359;28;19009
359;29;19017
359;30;19056
359;31;19062
359;32;19088
359;33;19097
359;34;19118
359;35;19161
359;36;19190
359;37;19193
359;38;19205
360;1;9952
360;2;10048
360;3;10165
360;4;10755
360;5;11306
360;6;11794
360;7;12268
360;8;12725
360;9;13267
360;10;13818
360;11;14365
360;12;14385
360;13;14925
360;14;15496
360;15;15531
360;16;15562
360;17;16084
360;18;16606
360;19;16966
360;20;16985
360;21;17034
360;22;17508
360;23;17568
360;24;17627
360;25;17682
360;26;18253
360;27;18727
360;28;18826
360;29;18875
360;30;19033
360;31;19083
360;32;19103
360;33;19109
360;34;19147
360;35;19196
360;36;19207
360;37;19213
361;1;12626
361;2;13175
361;3;13207
361;4;13236
361;5;13264
361;6;13314
361;7;13901
361;8;13912
361;9;14399
361;10;14909
361;11;14952
361;12;14983
361;13;15091
361;14;15638
361;15;15667
361;16;15716
361;17;15747
361;18;16271
361;19;16809
361;20;16837
361;21;16848
361;22;17370
361;23;17419
361;24;17505
361;25;17982
361;26;18078
361;27;18107
361;28;18584
361;29;18959
361;30;18998
361;31;19018
361;32;19068
361;33;19093
361;34;19106
361;35;19117
361;36;19126
361;37;19155
362;1;12007
362;2;12009
362;3;12426
362;4;12521
362;5;12580
362;6;13073
362;7;13678
362;8;14310
362;9;14339
362;10;15021
362;11;15513
362;12;15638
362;13;16174
362;14;16505
362;15;16968
362;16;17019
362;17;17595
362;18;17708
362;19;17973
362;20;18086
362;21;18107
362;22;18140
362;23;18144
362;24;18240
362;25;18302
362;26;18304
362;27;18315
362;28;18840
362;29;18849
362;30;18966
362;31;19051
362;32;19064
362;33;19124
362;34;19135
362;35;19136
363;1;12762
363;2;13241
363;3;13783
363;4;14257
363;5;14780
363;6;15309
363;7;15914
363;8;15974
363;9;16428
363;10;16444
363;11;16561
363;12;17148
363;13;17208
363;14;17553
363;15;18129
363;16;18188
363;17;18242
363;18;18309
363;19;18357
363;20;18359
363;21;18388
363;22;18957
363;23;19074
363;24;19134
363;25;19143
363;26;19155
364;1;12036
364;2;12634
364;3;13205
364;4;13752
364;5;13877
364;6;14369
364;7;14428
364;8;14979
364;9;15033
364;10;15557
364;11;15617
364;12;15987
364;13;16563
364;14;16654
364;15;16689
364;16;17204
364;17;17640
364;18;17751
364;19;17811
364;20;17836
364;21;18210
364;22;18238
364;23;18349
364;24;18910
364;25;18932
364;26;19049
364;27;19145
364;28;19195
364;29;19204
364;30;19205
364;31;19213
365;1;11620
365;2;12225
365;3;12829
365;4;13511
365;5;14098
365;6;14128
365;7;14718
365;8;15164
365;9;15686
365;10;16118
365;11;16150
365;12;16524
365;13;16620
365;14;17156
365;15;17216
365;16;17333
365;17;17903
365;18;18017
365;19;18028
365;20;18508
365;21;18526
365;22;18561
365;23;18589
365;24;18632
365;25;18637
365;26;18658
365;27;18669
365;28;18680
365;29;18702
365;30;18713
365;31;19146
365;32;19205
366;1;12072
366;2;12594
366;3;12643
366;4;12674
366;5;12702
366;6;12777
366;7;13324
366;8;13785
366;9;14259
366;10;14829
366;11;15459
366;12;15572
366;13;16045
366;14;16063
366;15;16094
366;16;16154
366;17;16588
366;18;17026
366;19;17075
366;20;17651
366;21;17672
366;22;18199
366;23;18259
366;24;18289
366;25;18355
366;26;18414
366;27;18418
366;28;18934
366;29;18970
366;30;18972
366;31;19097
366;32;19117
366;33;19126
366;34;19135
367;1;13037
367;2;13564
367;3;13722
367;4;14195
367;5;14674
367;6;15335
367;7;15405
367;8;15837
367;9;16467
367;10;16907
367;11;16936
367;12;17049
367;13;17624
367;14;17669
367;15;17780
367;16;18234
367;17;18351
367;18;18362
367;19;18938
367;20;19034
367;21;19043
367;22;19092
367;23;19095
367;24;19096
367;25;19113
367;26;19115
367;27;19127
368;1;12872
368;2;13392
368;3;13997
368;4;14601
368;5;15103
368;6;15539
368;7;15914
368;8;15949
368;9;16422
368;10;16535
368;11;17150
368;12;17623
368;13;17627
368;14;17723
368;15;18133
368;16;18193
368;17;18251
368;18;18300
368;19;18320
368;20;18433
368;21;18920
368;22;18977
368;23;19008
368;24;19036
368;25;19086
368;26;19112
368;27;19150
368;28;19172
368;29;19190
368;30;19193
368;31;19205
369;1;12576
369;2;13145
369;3;13714
369;4;13749
369;5;13819
369;6;14423
369;7;14947
369;8;15536
369;9;16072
369;10;16137
369;11;16295
369;12;16659
369;13;17282
369;14;17286
369;15;17759
369;16;18151
369;17;18264
369;18;18265
369;19;18314
369;20;18427
369;21;18438
369;22;18488
369;23;18547
369;24;18568
369;25;19040
369;26;19089
369;27;19109
369;28;19155
370;1;12893
370;2;13464
370;3;13938
370;4;13987
370;5;14450
370;6;14538
370;7;14838
370;8;15470
370;9;16021
370;10;16572
370;11;16685
370;12;17019
370;13;17073
370;14;17093
370;15;17114
370;16;17142
370;17;17729
370;18;17795
370;19;17854
370;20;17904
370;21;18390
370;22;18399
370;23;18432
370;24;18433
370;25;18444
370;26;18462
370;27;19013
370;28;19033
370;29;19051
370;30;19062
370;31;19080
370;32;19113
370;33;19115
370;34;19127
371;1;14058
371;2;14719
371;3;15233
371;4;15804
371;5;16391
371;6;16403
371;7;16453
371;8;16479
371;9;16575
371;10;16993
371;11;17118
371;12;17235
371;13;17252
371;14;17311
371;15;17407
371;16;17958
371;17;17987
371;18;18496
371;19;18524
371;20;19015
371;21;19017
371;22;19020
371;23;19053
371;24;19055
371;25;19067
371;26;19126
372;1;12818
372;2;13331
372;3;13933
372;4;13983
372;5;14581
372;6;14640
372;7;15180
372;8;15672
372;9;16237
372;10;16750
372;11;17264
372;12;17355
372;13;17882
372;14;17942
372;15;18320
372;16;18348
372;17;18389
372;18;18964
372;19;18975
372;20;18995
372;21;19090
372;22;19100
372;23;19105
372;24;19109
372;25;19112
372;26;19114
372;27;19126
372;28;19127
373;1;11517
373;2;12086
373;3;12656
373;4;12691
373;5;12758
373;6;13250
373;7;13854
373;8;13932
373;9;14530
373;10;14999
373;11;15503
373;12;16017
373;13;16604
373;14;17042
373;15;17060
373;16;17721
373;17;17756
373;18;17849
373;19;17927
373;20;17947
373;21;18523
373;22;18994
373;23;18998
373;24;19027
373;25;19105
373;26;19140
373;27;19192
373;28;19193
373;29;19205
374;1;9512
374;2;10080
374;3;10627
374;4;10655
374;5;11113
374;6;11578
374;7;11935
374;8;12410
374;9;12985
374;10;13554
374;11;14152
374;12;14625
374;13;15227
374;14;15817
374;15;15904
374;16;15930
374;17;15962
374;18;15997
374;19;16057
374;20;16182
374;21;16590
374;22;17151
374;23;17386
374;24;17503
374;25;17562
374;26;17583
374;27;17603
374;28;17694
374;29;17786
374;30;18325
374;31;18439
374;32;18535
374;33;18579
374;34;18605
374;35;18612
374;36;18928
374;37;18969
374;38;19083
374;39;19100
374;40;19143
374;41;19154
374;42;19158
374;43;19160
374;44;19172
374;45;19181
374;46;19204
374;47;19205
375;1;12789
375;2;12839
375;3;13415
375;4;13923
375;5;14521
375;6;15013
375;7;15674
375;8;15975
375;9;16526
375;10;17073
375;11;17186
375;12;17294
375;13;17323
375;14;17815
375;15;18225
375;16;18342
375;17;18401
375;18;18404
375;19;18424
375;20;18488
375;21;18529
375;22;18558
375;23;18589
375;24;18590
375;25;19096
375;26;19127
376;1;11638
376;2;12253
376;3;12284
376;4;12362
376;5;12479
376;6;12967
376;7;13081
376;8;13094
376;9;13122
376;10;13724
376;11;14218
376;12;14692
376;13;15268
376;14;15296
376;15;15769
376;16;16293
376;17;16751
376;18;17285
376;19;17875
376;20;18307
376;21;18348
376;22;18726
376;23;18744
376;24;18773
376;25;18864
376;26;18895
376;27;18945
376;28;18994
376;29;19014
376;30;19063
376;31;19070
376;32;19079
376;33;19118
376;34;19129
376;35;19133
376;36;19168
376;37;19170
376;38;19213
377;1;12545
377;2;12556
377;3;12651
377;4;12759
377;5;13240
377;6;13307
377;7;13329
377;8;13360
377;9;13909
377;10;14478
377;11;14573
377;12;14608
377;13;15198
377;14;15268
377;15;15766
377;16;16239
377;17;16268
377;18;16836
377;19;17376
377;20;17396
377;21;17407
377;22;17456
377;23;17509
377;24;17538
377;25;17579
377;26;18004
377;27;18420
377;28;18533
377;29;18593
377;30;18671
377;31;18700
377;32;18721
377;33;19004
377;34;19047
377;35;19073
377;36;19082
377;37;19086
377;38;19107
377;39;19116
377;40;19159
377;41;19181
377;42;19189
377;43;19192
377;44;19213
378;1;10515
378;2;10629
378;3;11187
378;4;11205
378;5;11264
378;6;11293
378;7;11381
378;8;11855
378;9;11883
378;10;11932
378;11;12041
378;12;12490
378;13;12901
378;14;13333
378;15;13846
378;16;14366
378;17;14457
378;18;14519
378;19;15093
378;20;15669
378;21;16193
378;22;16306
378;23;16355
378;24;16891
378;25;17348
378;26;17462
378;27;17750
378;28;17810
378;29;18412
378;30;18525
378;31;18543
378;32;18571
378;33;18600
378;34;18984
378;35;19025
378;36;19036
378;37;19053
378;38;19062
378;39;19083
378;40;19115
378;41;19126
378;42;19136
379;1;9578
379;2;10105
379;3;10627
379;4;10741
379;5;11339
379;6;11813
379;7;12333
379;8;12846
379;9;13436
379;10;13467
379;11;13991
379;12;14099
379;13;14668
379;14;15188
379;15;15764
379;16;16224
379;17;16265
379;18;16888
379;19;16899
379;20;16948
379;21;16997
379;22;17032
379;23;17603
379;24;17662
379;25;18133
379;26;18241
379;27;18275
379;28;18279
379;29;18855
379;30;18859
379;31;18894
379;32;18985
379;33;19014
379;34;19043
379;35;19060
379;36;19082
379;37;19091
379;38;19103
379;39;19111
379;40;19170
379;41;19171
379;42;19205
380;1;13487
380;2;13583
380;3;14021
380;4;14572
380;5;14660
380;6;14695
380;7;15209
380;8;15733
380;9;15764
380;10;16143
380;11;16256
380;12;16284
380;13;16293
380;14;16342
380;15;16362
380;16;16388
380;17;16818
380;18;16836
380;19;16864
380;20;16918
380;21;16967
380;22;17379
380;23;17397
380;24;17423
380;25;17951
380;26;17992
380;27;18348
380;28;18359
380;29;18394
380;30;18435
380;31;18886
380;32;18946
380;33;18954
380;34;18962
380;35;19075
380;36;19079
380;37;19089
380;38;19109
380;39;19111
380;40;19114
380;41;19126
381;1;11065
381;2;11519
381;3;12090
381;4;12659
381;5;13274
381;6;13285
381;7;13650
381;8;14174
381;9;14666
381;10;15327
381;11;15422
381;12;15451
381;13;16002
381;14;16115
381;15;16691
381;16;17169
381;17;17190
381;18;17266
381;19;17284
381;20;17295
381;21;17523
381;22;18098
381;23;18126
381;24;18243
381;25;18334
381;26;18369
381;27;18389
381;28;18391
381;29;18978
381;30;18979
381;31;18990
381;32;19008
381;33;19051
381;34;19086
381;35;19110
381;36;19116
381;37;19127
382;1;11492
382;2;12060
382;3;12600
382;4;13122
382;5;13712
382;6;13790
382;7;13903
382;8;13931
382;9;13955
382;10;13956
382;11;14414
382;12;14942
382;13;14977
382;14;15007
382;15;15085
382;16;15540
382;17;15980
382;18;16454
382;19;16567
382;20;16663
382;21;16712
382;22;16829
382;23;16846
382;24;16875
382;25;17303
382;26;17591
382;27;17704
382;28;17795
382;29;17844
382;30;18345
382;31;18363
382;32;18384
382;33;18953
382;34;18984
382;35;19022
382;36;19043
382;37;19089
382;38;19100
382;39;19122
382;40;19155
383;1;9157
383;2;9732
383;3;9761
383;4;9919
383;5;10494
383;6;10529
383;7;11021
383;8;11134
383;9;11749
383;10;12223
383;11;12684
383;12;13235
383;13;13833
383;14;14287
383;15;14404
383;16;14818
383;17;14849
383;18;14962
383;19;15400
383;20;15914
383;21;16009
383;22;16100
383;23;16636
383;24;16677
383;25;16731
383;26;17277
383;27;17295
383;28;17856
383;29;17897
383;30;17901
383;31;17904
383;32;17934
383;33;17956
383;34;17974
383;35;18430
383;36;18503
383;37;19020
383;38;19046
383;39;19049
383;40;19051
383;41;19071
383;42;19082
383;43;19100
383;44;19112
383;45;19155
384;1;12169
384;2;12282
384;3;12809
384;4;13301
384;5;13905
384;6;13959
384;7;14076
384;8;14099
384;9;14722
384;10;15215
384;11;15632
384;12;16106
384;13;16165
384;14;16193
384;15;16211
384;16;16687
384;17;16718
384;18;16753
384;19;16847
384;20;16929
384;21;17007
384;22;17018
384;23;17436
384;24;17495
384;25;17891
384;26;17940
384;27;17960
384;28;17978
384;29;17996
384;30;18039
384;31;18098
384;32;18458
384;33;18571
384;34;18649
384;35;19140
384;36;19181
384;37;19204
384;38;19205
385;1;9673
385;2;10242
385;3;10818
385;4;11271
385;5;11869
385;6;11900
385;7;11991
385;8;12032
385;9;12601
385;10;13177
385;11;13273
385;12;13747
385;13;14379
385;14;14414
385;15;14960
385;16;15010
385;17;15524
385;18;16071
385;19;16642
385;20;16755
385;21;17226
385;22;17308
385;23;17357
385;24;17393
385;25;17785
385;26;17863
385;27;17865
385;28;18338
385;29;18694
385;30;18805
385;31;18963
385;32;19006
385;33;19022
385;34;19058
385;35;19067
385;36;19117
385;37;19128
385;38;19134
385;39;19136
385;40;19141
385;41;19171
385;42;19185
385;43;19205
385;44;19213
386;1;13956
386;2;13976
386;3;14552
386;4;14660
386;5;15182
386;6;15596
386;7;15609
386;8;15659
386;9;15677
386;10;16135
386;11;16686
386;12;16715
386;13;17290
386;14;17399
386;15;17812
386;16;17832
386;17;17938
386;18;18290
386;19;18313
386;20;18438
386;21;18468
386;22;18757
386;23;18832
386;24;18858
386;25;18895
386;26;19020
386;27;19038
386;28;19071
386;29;19097
386;30;19146
386;31;19170
386;32;19213
387;1;9894
387;2;10407
387;3;10949
387;4;11553
387;5;11607
387;6;12147
387;7;12698
387;8;13330
387;9;13382
387;10;13856
387;11;14427
387;12;14996
387;13;15518
387;14;15981
387;15;16001
387;16;16591
387;17;16704
387;18;16758
387;19;17328
387;20;17897
387;21;17916
387;22;17945
387;23;17978
387;24;17990
387;25;17994
387;26;18005
387;27;18023
387;28;18069
387;29;18581
387;30;18583
387;31;18612
387;32;18661
387;33;18977
387;34;18998
387;35;19027
387;36;19038
387;37;19044
387;38;19055
387;39;19056
387;40;19105
387;41;19117
387;42;19126
387;43;19155
388;1;11985
388;2;12458
388;3;12971
388;4;13088
388;5;13664
388;6;14346
388;7;14367
388;8;14936
388;9;15047
388;10;15065
388;11;15726
388;12;15804
388;13;16109
388;14;16660
388;15;16777
388;16;17297
388;17;17873
388;18;17932
388;19;18407
388;20;18426
388;21;18523
388;22;18583
388;23;18957
388;24;19068
388;25;19077
388;26;19083
388;27;19103
388;28;19181
388;29;19205
388;30;19213
389;1;14567
389;2;14662
389;3;14740
389;4;15164
389;5;15182
389;6;15797
389;7;15999
389;8;16098
389;9;16145
389;10;16445
389;11;16558
389;12;17148
389;13;17166
389;14;17211
389;15;17229
389;16;17303
389;17;17321
389;18;17813
389;19;17930
389;20;17948
389;21;17976
389;22;18002
389;23;18465
389;24;18528
389;25;18907
389;26;19001
389;27;19021
389;28;19022
389;29;19118
389;30;19129
389;31;19132
389;32;19162
389;33;19164
390;1;13148
390;2;13202
390;3;13261
390;4;13378
390;5;13965
390;6;14535
390;7;15096
390;8;15156
390;9;15615
390;10;15693
390;11;15810
390;12;15817
390;13;16174
390;14;16233
390;15;16804
390;16;17380
390;17;17761
390;18;18111
390;19;18202
390;20;18241
390;21;18263
390;22;18341
390;23;18352
390;24;18802
390;25;18806
390;26;18834
390;27;18869
390;28;18977
390;29;18984
390;30;19043
390;31;19057
390;32;19135
391;1;14419
391;2;14893
391;3;14922
391;4;15524
391;5;15921
391;6;16413
391;7;16508
391;8;16604
391;9;17191
391;10;17316
391;11;17838
391;12;18358
391;13;18475
391;14;18570
391;15;19021
391;16;19126
391;17;19146
391;18;19205
392;1;12099
392;2;12117
392;3;12587
392;4;13157
392;5;13593
392;6;14180
392;7;14778
392;8;15291
392;9;15300
392;10;15391
392;11;16014
392;12;16122
392;13;16133
392;14;16748
392;15;16797
392;16;17240
392;17;17268
392;18;17290
392;19;17841
392;20;17852
392;21;18442
392;22;18788
392;23;18838
392;24;18867
392;25;18885
392;26;18980
392;27;18987
392;28;19007
392;29;19013
392;30;19054
392;31;19056
392;32;19074
392;33;19117
392;34;19135
392;35;19136
393;1;14903
393;2;14932
393;3;15021
393;4;15545
393;5;15573
393;6;16065
393;7;16667
393;8;17181
393;9;17192
393;10;17665
393;11;17696
393;12;17716
393;13;17788
393;14;18339
393;15;18349
393;16;18437
393;17;18456
393;18;18967
393;19;18996
393;20;18998
393;21;19026
393;22;19052
393;23;19073
393;24;19093
393;25;19115
393;26;19126
393;27;19127
393;28;19136
394;1;13196
394;2;13227
394;3;13258
394;4;13733
394;5;13811
394;6;14230
394;7;14806
394;8;15353
394;9;15922
394;10;16080
394;11;16629
394;12;17180
394;13;17293
394;14;17770
394;15;17887
394;16;18243
394;17;18301
394;18;18702
394;19;18815
394;20;18910
394;21;18928
394;22;18929
394;23;18947
394;24;19042
394;25;19053
394;26;19068
394;27;19127
395;1;13706
395;2;14236
395;3;14284
395;4;14344
395;5;14372
395;6;14422
395;7;14969
395;8;15290
395;9;15378
395;10;15491
395;11;16075
395;12;16116
395;13;16572
395;14;16579
395;15;16616
395;16;16627
395;17;17122
395;18;17235
395;19;17262
395;20;17293
395;21;17897
395;22;18014
395;23;18505
395;24;18918
395;25;18929
395;26;18979
395;27;19068
395;28;19077
395;29;19083
395;30;19103
395;31;19106
395;32;19114
395;33;19115
395;34;19117
395;35;19135
396;1;11686
396;2;11706
396;3;12338
396;4;12887
396;5;13362
396;6;13854
396;7;14403
396;8;14966
396;9;14986
396;10;15021
396;11;15596
396;12;16183
396;13;16725
396;14;17247
396;15;17265
396;16;17834
396;17;18409
396;18;18505
396;19;18516
396;20;19092
396;21;19138
396;22;19162
396;23;19164
397;1;12258
397;2;12834
397;3;12860
397;4;13243
397;5;13825
397;6;13903
397;7;14016
397;8;14512
397;9;14881
397;10;15202
397;11;15315
397;12;15913
397;13;15948
397;14;16440
397;15;16457
397;16;16922
397;17;16981
397;18;17139
397;19;17141
397;20;17563
397;21;18054
397;22;18082
397;23;18148
397;24;18261
397;25;18282
397;26;18311
397;27;18360
397;28;18407
397;29;18841
397;30;18860
397;31;18897
397;32;18992
397;33;19018
397;34;19077
397;35;19126
397;36;19161
397;37;19204
397;38;19213
398;1;14710
398;2;15315
398;3;15772
398;4;16327
398;5;16355
398;6;16638
398;7;16687
398;8;16798
398;9;16820
398;10;17291
398;11;17805
398;12;17918
398;13;18494
398;14;18514
398;15;18544
398;16;18603
398;17;19094
398;18;19207
398;19;19211
398;20;19213
399;1;12579
399;2;13113
399;3;13654
399;4;14147
399;5;14158
399;6;14729
399;7;15173
399;8;15748
399;9;15783
399;10;15891
399;11;15912
399;12;15943
399;13;15948
399;14;15965
399;15;16555
399;16;16573
399;17;17121
399;18;17212
399;19;17763
399;20;17822
399;21;18398
399;22;18897
399;23;18992
399;24;19012
399;25;19023
399;26;19119
399;27;19133
399;28;19141
399;29;19143
399;30;19155
400;1;13087
400;2;13116
400;3;13157
400;4;13687
400;5;13708
400;6;14277
400;7;14741
400;8;15343
400;9;15838
400;10;15887
400;11;16411
400;12;16851
400;13;16879
400;14;16914
400;15;17387
400;16;17447
400;17;17517
400;18;18031
400;19;18052
400;20;18628
400;21;18632
400;22;19028
400;23;19124
400;24;19131
400;25;19140
400;26;19148
400;27;19168
400;28;19211
400;29;19213
401;1;14443
401;2;15012
401;3;15602
401;4;15622
401;5;16048
401;6;16503
401;7;16857
401;8;17331
401;9;17444
401;10;17540
401;11;17654
401;12;17771
401;13;17882
401;14;17941
401;15;17982
401;16;18502
401;17;18993
401;18;19008
401;19;19009
401;20;19018
401;21;19053
401;22;19054
401;23;19084
401;24;19086
401;25;19112
401;26;19115
401;27;19127
402;1;12404
402;2;12917
402;3;13355
402;4;13829
402;5;14427
402;6;14919
402;7;15601
402;8;15661
402;9;15702
402;10;16194
402;11;16798
402;12;16816
402;13;17332
402;14;17838
402;15;18352
402;16;18892
402;17;18896
402;18;18908
402;19;19003
402;20;19031
402;21;19074
402;22;19095
402;23;19097
402;24;19117
402;25;19135
403;1;10165
403;2;10215
403;3;10782
403;4;11397
403;5;11871
403;6;12363
403;7;12939
403;8;12970
403;9;13652
403;10;14251
403;11;14822
403;12;14861
403;13;15319
403;14;15427
403;15;15991
403;16;16017
403;17;16112
403;18;16582
403;19;16603
403;20;16653
403;21;16992
403;22;17052
403;23;17166
403;24;17709
403;25;17822
403;26;17842
403;27;17868
403;28;17879
403;29;18371
403;30;18402
403;31;18406
403;32;18497
403;33;19051
403;34;19053
403;35;19063
403;36;19083
403;37;19094
403;38;19127
403;39;19205
403;40;19213
404;1;10507
404;2;11075
404;3;11086
404;4;11709
404;5;12131
404;6;12813
404;7;13411
404;8;13489
404;9;14076
404;10;14645
404;11;14753
404;12;15257
404;13;15861
404;14;15890
404;15;16205
404;16;16697
404;17;16814
404;18;17389
404;19;17851
404;20;18282
404;21;18341
404;22;18399
404;23;18427
404;24;18458
404;25;18536
404;26;18596
404;27;19024
404;28;19141
404;29;19143
404;30;19155
405;1;12204
405;2;12556
405;3;13097
405;4;13607
405;5;13698
405;6;14328
405;7;14387
405;8;14900
405;9;14960
405;10;15357
405;11;15879
405;12;15992
405;13;16420
405;14;16448
405;15;17018
405;16;17605
405;17;17718
405;18;17726
405;19;17783
405;20;18406
405;21;18449
405;22;18469
405;23;18481
405;24;18998
405;25;19015
405;26;19063
405;27;19074
405;28;19124
405;29;19133
405;30;19134
405;31;19136
406;1;12248
406;2;12297
406;3;12810
406;4;13386
406;5;13900
406;6;13960
406;7;14435
406;8;15005
406;9;15443
406;10;16030
406;11;16125
406;12;16676
406;13;16995
406;14;17108
406;15;17167
406;16;17227
406;17;17234
406;18;17245
406;19;17743
406;20;17753
406;21;17782
406;22;18339
406;23;18357
406;24;18795
406;25;18849
406;26;18898
406;27;18957
406;28;19048
406;29;19066
406;30;19086
406;31;19114
406;32;19115
406;33;19164
406;34;19170
406;35;19213
407;1;15610
407;2;16063
407;3;16081
407;4;16600
407;5;16725
407;6;16754
407;7;16804
407;8;16882
407;9;17378
407;10;17789
407;11;17819
407;12;17936
407;13;17969
407;14;18016
407;15;18425
407;16;18427
407;17;18430
407;18;18488
407;19;18499
407;20;18558
407;21;18916
407;22;19024
407;23;19026
407;24;19075
407;25;19085
407;26;19135
407;27;19213
408;1;14274
408;2;14897
408;3;15302
408;4;15397
408;5;15510
408;6;16019
408;7;16595
408;8;17131
408;9;17190
408;10;17777
408;11;17835
408;12;17894
408;13;17943
408;14;18038
408;15;18055
408;16;18073
408;17;18430
408;18;18512
408;19;19063
408;20;19098
408;21;19109
408;22;19118
408;23;19127
408;24;19170
408;25;19181
408;26;19191
408;27;19211
408;28;19213
409;1;10705
409;2;11218
409;3;11758
409;4;11787
409;5;12261
409;6;12386
409;7;12962
409;8;13564
409;9;14194
409;10;14268
409;11;14760
409;12;14789
409;13;15227
409;14;15611
409;15;16218
409;16;16740
409;17;17287
409;18;17372
409;19;17894
409;20;17943
409;21;17969
409;22;18520
409;23;18555
409;24;18932
409;25;18940
409;26;18954
409;27;19041
409;28;19067
409;29;19079
409;30;19102
409;31;19112
409;32;19161
409;33;19204
409;34;19205
410;1;11601
410;2;12093
410;3;12669
410;4;13330
410;5;13920
410;6;14525
410;7;14549
410;8;14577
410;9;14606
410;10;15175
410;11;15626
410;12;15734
410;13;16167
410;14;16646
410;15;16705
410;16;16801
410;17;17388
410;18;17479
410;19;17942
410;20;18389
410;21;18424
410;22;18902
410;23;18993
410;24;19032
410;25;19091
410;26;19092
410;27;19103
410;28;19138
410;29;19139
410;30;19158
410;31;19169
410;32;19183
410;33;19194
410;34;19205
411;1;13114
411;2;13573
411;3;13581
411;4;13640
411;5;14189
411;6;14306
411;7;14419
411;8;14933
411;9;15408
411;10;15863
411;11;16410
411;12;16909
411;13;16968
411;14;17477
411;15;17497
411;16;17504
411;17;18026
411;18;18282
411;19;18342
411;20;18354
411;21;18371
411;22;18465
411;23;18493
411;24;18947
411;25;18949
411;26;19009
411;27;19070
411;28;19099
411;29;19103
411;30;19133
411;31;19135
411;32;19136
412;1;11740
412;2;12309
412;3;12734
412;4;13281
412;5;13803
412;6;14401
412;7;14743
412;8;15211
412;9;15841
412;10;15954
412;11;16429
412;12;16447
412;13;16496
412;14;16921
412;15;17029
412;16;17057
412;17;17170
412;18;17655
412;19;17667
412;20;17681
412;21;17778
412;22;18204
412;23;18231
412;24;18252
412;25;18856
412;26;18915
412;27;18983
412;28;19003
412;29;19052
412;30;19112
412;31;19114
412;32;19115
412;33;19193
412;34;19205
413;1;11747
413;2;11905
413;3;12352
413;4;12957
413;5;12985
413;6;13521
413;7;14043
413;8;14612
413;9;15103
413;10;15576
413;11;15594
413;12;15969
413;13;15990
413;14;16021
413;15;16535
413;16;16584
413;17;17077
413;18;17088
413;19;17559
413;20;17566
413;21;17657
413;22;17685
413;23;18256
413;24;18702
413;25;18722
413;26;18800
413;27;18842
413;28;18955
413;29;18967
413;30;18976
413;31;19013
413;32;19014
413;33;19043
413;34;19054
413;35;19082
413;36;19100
413;37;19120
413;38;19124
413;39;19133
413;40;19135
414;1;13711
414;2;14280
414;3;14329
414;4;14397
414;5;14937
414;6;15513
414;7;16136
414;8;16594
414;9;16689
414;10;16800
414;11;17375
414;12;17406
414;13;17947
414;14;17966
414;15;18025
414;16;18070
414;17;18607
414;18;18618
414;19;18642
414;20;18921
414;21;18939
414;22;19056
414;23;19058
414;24;19086
414;25;19135
415;1;13282
415;2;13796
415;3;13846
415;4;14304
415;5;14826
415;6;15228
415;7;15797
415;8;15815
415;9;15906
415;10;16023
415;11;16571
415;12;17086
415;13;17164
415;14;17277
415;15;17848
415;16;17878
415;17;18465
415;18;18963
415;19;18998
415;20;19003
415;21;19034
415;22;19055
415;23;19083
415;24;19132
415;25;19142
415;26;19170
415;27;19213
416;1;10721
416;2;11289
416;3;11318
416;4;11377
416;5;11951
416;6;12520
416;7;13110
416;8;13509
416;9;13550
416;10;13663
416;11;14176
416;12;14712
416;13;15153
416;14;15212
416;15;15290
416;16;15339
416;17;15372
416;18;15995
416;19;15997
416;20;16599
416;21;16638
416;22;17209
416;23;17572
416;24;17689
416;25;18132
416;26;18228
416;27;18257
416;28;18277
416;29;18288
416;30;18305
416;31;18346
416;32;18459
416;33;18496
416;34;18545
416;35;18550
416;36;18981
416;37;19022
416;38;19117
416;39;19126
417;1;11854
417;2;11872
417;3;12359
417;4;12418
417;5;12932
417;6;12958
417;7;12978
417;8;13491
417;9;13608
417;10;14100
417;11;14195
417;12;14856
417;13;15328
417;14;15406
417;15;15796
417;16;15825
417;17;16336
417;18;16555
417;19;16565
417;20;16572
417;21;16668
417;22;16748
417;23;17172
417;24;17201
417;25;17776
417;26;17886
417;27;17921
417;28;18391
417;29;18480
417;30;18501
417;31;18529
417;32;18589
417;33;18968
417;34;19081
417;35;19088
417;36;19131
417;37;19134
417;38;19164
418;1;11657
418;2;12233
418;3;12802
418;4;13164
418;5;13259
418;6;13332
418;7;13930
418;8;14364
418;9;14886
418;10;14945
418;11;15560
418;12;16242
418;13;16483
418;14;17030
418;15;17552
418;16;17601
418;17;17659
418;18;17719
418;19;18342
418;20;18362
418;21;18453
418;22;18578
418;23;19133
418;24;19162
418;25;19191
418;26;19211
418;27;19213
419;1;12455
419;2;12460
419;3;12574
419;4;13172
419;5;13645
419;6;14158
419;7;14748
419;8;15342
419;9;15817
419;10;16393
419;11;16481
419;12;16522
419;13;16530
419;14;17052
419;15;17623
419;16;17718
419;17;18078
419;18;18191
419;19;18203
419;20;18245
419;21;18294
419;22;18319
419;23;18350
419;24;18363
419;25;18458
419;26;18496
419;27;18525
419;28;18923
419;29;19036
419;30;19076
419;31;19096
419;32;19126
419;33;19127
419;34;19136
420;1;11589
420;2;12074
420;3;12123
420;4;12177
420;5;12713
420;6;13151
420;7;13738
420;8;13809
420;9;13904
420;10;13963
420;11;13981
420;12;14503
420;13;15079
420;14;15133
420;15;15625
420;16;16223
420;17;16340
420;18;16835
420;19;16948
420;20;17008
420;21;17375
420;22;17387
420;23;17948
420;24;17977
420;25;18275
420;26;18388
420;27;18392
420;28;18505
420;29;18564
420;30;19067
420;31;19126
421;1;11918
421;2;12026
421;3;12573
421;4;13108
421;5;13706
421;6;14135
421;7;14252
421;8;14287
421;9;14779
421;10;15342
421;11;15425
421;12;15453
421;13;15566
421;14;15644
421;15;16098
421;16;16223
421;17;16750
421;18;17298
421;19;17900
421;20;18249
421;21;18277
421;22;18402
421;23;18423
421;24;18444
421;25;18493
421;26;18501
421;27;19039
421;28;19043
421;29;19069
421;30;19077
421;31;19107
421;32;19156
421;33;19168
421;34;19170
421;35;19213
422;1;10404
422;2;10439
422;3;10552
422;4;11044
422;5;11591
422;6;11949
422;7;12469
422;8;13059
422;9;13088
422;10;13630
422;11;14062
422;12;14220
422;13;14337
422;14;14365
422;15;14396
422;16;14466
422;17;14495
422;18;14608
422;19;15025
422;20;15475
422;21;16051
422;22;16069
422;23;16227
422;24;16685
422;25;17148
422;26;17149
422;27;17244
422;28;17262
422;29;17623
422;30;17654
422;31;18196
422;32;18207
422;33;18209
422;34;18234
422;35;18832
422;36;18860
422;37;18892
422;38;18899
422;39;18928
422;40;18977
422;41;18984
422;42;19005
422;43;19036
422;44;19039
422;45;19074
422;46;19085
422;47;19103
422;48;19120
422;49;19161
422;50;19163
422;51;19204
422;52;19205
423;1;12603
423;2;13078
423;3;13618
423;4;14220
423;5;14337
423;6;14348
423;7;14397
423;8;14796
423;9;15457
423;10;15883
423;11;16473
423;12;16532
423;13;17023
423;14;17136
423;15;17165
423;16;17240
423;17;17335
423;18;17385
423;19;17403
423;20;17919
423;21;17991
423;22;18002
423;23;18499
423;24;18519
423;25;19039
423;26;19045
423;27;19071
423;28;19088
423;29;19117
423;30;19160
423;31;19169
423;32;19192
423;33;19204
423;34;19205
424;1;11796
424;2;11890
424;3;12412
424;4;12934
424;5;13092
424;6;13643
424;7;13661
424;8;13731
424;9;13844
424;10;14417
424;11;14495
424;12;14980
424;13;15490
424;14;16026
424;15;16085
424;16;16636
424;17;17197
424;18;17235
424;19;17825
424;20;18204
424;21;18250
424;22;18341
424;23;18816
424;24;18827
424;25;18847
424;26;18865
424;27;18915
424;28;18975
424;29;18981
424;30;19016
424;31;19054
424;32;19065
424;33;19126
424;34;19161
424;35;19171
424;36;19185
424;37;19205
424;38;19213
425;1;13974
425;2;14087
425;3;14691
425;4;15044
425;5;15536
425;6;15554
425;7;16028
425;8;16063
425;9;16555
425;10;16591
425;11;16699
425;12;17184
425;13;17565
425;14;17593
425;15;17611
425;16;17724
425;17;18216
425;18;18333
425;19;18362
425;20;18422
425;21;18892
425;22;18908
425;23;18923
425;24;18944
425;25;18975
425;26;19053
425;27;19079
425;28;19109
425;29;19126
425;30;19135
426;1;11962
426;2;12449
426;3;12962
426;4;13075
426;5;13166
426;6;13592
426;7;14130
426;8;14598
426;9;14715
426;10;15313
426;11;15372
426;12;15400
426;13;15940
426;14;16468
426;15;16499
426;16;16612
426;17;16737
426;18;16832
426;19;17354
426;20;17372
426;21;17400
426;22;17851
426;23;17910
426;24;17930
426;25;17970
426;26;18000
426;27;18521
426;28;18556
426;29;19012
426;30;19041
426;31;19061
426;32;19082
426;33;19086
426;34;19135
426;35;19137
426;36;19180
426;37;19189
426;38;19213
427;1;12312
427;2;12927
427;3;13550
427;4;14154
427;5;14224
427;6;14736
427;7;14747
427;8;15408
427;9;15492
427;10;15513
427;11;15856
427;12;15973
427;13;16081
427;14;16151
427;15;16738
427;16;17274
427;17;17365
427;18;17702
427;19;17762
427;20;17821
427;21;18349
427;22;18390
427;23;18819
427;24;18904
427;25;18958
427;26;18986
427;27;19036
427;28;19042
427;29;19068
427;30;19076
427;31;19104
427;32;19124
427;33;19127
427;34;19131
427;35;19132
427;36;19148
427;37;19169
427;38;19171
427;39;19185
427;40;19205
427;41;19213
428;1;11161
428;2;11220
428;3;11807
428;4;11875
428;5;12353
428;6;12384
428;7;12960
428;8;13009
428;9;13490
428;10;14025
428;11;14547
428;12;14980
428;13;15548
428;14;16027
428;15;16504
428;16;16617
428;17;17191
428;18;17704
428;19;17708
428;20;17762
428;21;17763
428;22;17774
428;23;18406
428;24;18415
428;25;18450
428;26;18491
428;27;18540
428;28;19017
428;29;19077
428;30;19103
428;31;19126
428;32;19135
428;33;19136
429;1;12807
429;2;13320
429;3;13346
429;4;13859
429;5;13900
429;6;14451
429;7;15022
429;8;15480
429;9;15562
429;10;15591
429;11;16066
429;12;16564
429;13;17168
429;14;17285
429;15;17329
429;16;17331
429;17;17391
429;18;17464
429;19;17475
429;20;17867
429;21;18418
429;22;18459
429;23;18485
429;24;18534
429;25;18592
429;26;18651
429;27;18658
429;28;18669
429;29;18678
429;30;19075
429;31;19085
429;32;19135
429;33;19164
430;1;13658
430;2;13717
430;3;13728
430;4;14274
430;5;14698
430;6;14815
430;7;14864
430;8;15435
430;9;15546
430;10;16122
430;11;16534
430;12;16986
430;13;16990
430;14;17076
430;15;17549
430;16;18020
430;17;18096
430;18;18204
430;19;18225
430;20;18236
430;21;18242
430;22;18273
430;23;18888
430;24;18950
430;25;18985
430;26;19003
430;27;19034
430;28;19052
430;29;19060
430;30;19090
430;31;19092
430;32;19124
430;33;19135
430;34;19136
431;1;12726
431;2;13358
431;3;13418
431;4;14033
431;5;14150
431;6;14748
431;7;14749
431;8;15115
431;9;15143
431;10;15520
431;11;15561
431;12;16046
431;13;16141
431;14;16771
431;15;16820
431;16;17278
431;17;17901
431;18;18234
431;19;18243
431;20;18368
431;21;18372
431;22;18864
431;23;18942
431;24;19001
431;25;19118
431;26;19126
431;27;19135
431;28;19164
432;1;11451
432;2;12027
432;3;12055
432;4;12645
432;5;13156
432;6;13779
432;7;13786
432;8;14313
432;9;14354
432;10;14796
432;11;15398
432;12;15872
432;13;15903
432;14;15963
432;15;16080
432;16;16134
432;17;16169
432;18;16767
432;19;17277
432;20;17402
432;21;17461
432;22;17978
432;23;18013
432;24;18041
432;25;18100
432;26;18430
432;27;18475
432;28;18486
432;29;18515
432;30;18517
432;31;18914
432;32;19027
432;33;19047
432;34;19077
432;35;19088
432;36;19106
432;37;19114
432;38;19126
432;39;19127
433;1;11566
433;2;11597
433;3;12089
433;4;12605
433;5;12718
433;6;13289
433;7;13858
433;8;13893
433;9;14463
433;10;14492
433;11;15098
433;12;15666
433;13;16179
433;14;16261
433;15;16272
433;16;16628
433;17;16745
433;18;16761
433;19;17122
433;20;17189
433;21;17207
433;22;17217
433;23;17644
433;24;17757
433;25;18222
433;26;18333
433;27;18364
433;28;18796
433;29;18845
433;30;18854
433;31;18872
433;32;18932
433;33;18967
433;34;18987
433;35;19009
433;36;19044
433;37;19103
433;38;19147
433;39;19190
433;40;19191
433;41;19193
433;42;19205
434;1;14353
434;2;14754
434;3;15253
434;4;15691
434;5;15799
434;6;15828
434;7;16415
434;8;16479
434;9;17011
434;10;17580
434;11;17581
434;12;18111
434;13;18152
434;14;18224
434;15;18313
434;16;18362
434;17;18422
434;18;18457
434;19;18966
434;20;18997
434;21;19025
434;22;19026
434;23;19067
434;24;19140
434;25;19148
434;26;19191
434;27;19193
434;28;19205
435;1;12793
435;2;13230
435;3;13726
435;4;14240
435;5;14677
435;6;14802
435;7;14843
435;8;15441
435;9;15995
435;10;16073
435;11;16190
435;12;16765
435;13;16814
435;14;17394
435;15;17921
435;16;17947
435;17;18336
435;18;18444
435;19;18493
435;20;18501
435;21;18509
435;22;18515
435;23;18546
435;24;18566
435;25;18574
435;26;19111
435;27;19114
435;28;19115
435;29;19135
436;1;11399
436;2;12029
436;3;12078
436;4;12621
436;5;13096
436;6;13683
436;7;14121
436;8;14180
436;9;14778
436;10;15335
436;11;15704
436;12;16336
436;13;16856
436;14;16915
436;15;17028
436;16;17039
436;17;17651
436;18;17679
436;19;17705
436;20;17736
436;21;18312
436;22;18347
436;23;18351
436;24;18462
436;25;18996
436;26;19014
436;27;19029
436;28;19038
436;29;19041
436;30;19101
436;31;19112
436;32;19114
436;33;19126
437;1;12324
437;2;12866
437;3;13339
437;4;13370
437;5;13940
437;6;13989
437;7;14435
437;8;14560
437;9;15113
437;10;15173
437;11;15724
437;12;16273
437;13;16670
437;14;17221
437;15;17696
437;16;18188
437;17;18283
437;18;18631
437;19;18748
437;20;18861
437;21;18879
437;22;18907
437;23;18919
437;24;18948
437;25;18979
437;26;19070
437;27;19079
437;28;19129
437;29;19133
437;30;19135
437;31;19136
438;1;12469
438;2;12883
438;3;13273
438;4;13746
438;5;13757
438;6;14326
438;7;14784
438;8;15382
438;9;15958
438;10;16075
438;11;16101
438;12;16575
438;13;16671
438;14;17164
438;15;17193
438;16;17768
438;17;17798
438;18;17848
438;19;18416
438;20;18485
438;21;18511
438;22;18527
438;23;18539
438;24;18896
438;25;19009
438;26;19103
438;27;19110
438;28;19111
438;29;19117
438;30;19140
438;31;19170
438;32;19213
439;1;12767
439;2;13303
439;3;13935
439;4;13956
439;5;14417
439;6;15007
439;7;15542
439;8;16147
439;9;16228
439;10;16525
439;11;16619
439;12;16647
439;13;17161
439;14;17278
439;15;17307
439;16;17856
439;17;17866
439;18;18222
439;19;18226
439;20;18334
439;21;18365
439;22;18424
439;23;18425
439;24;18881
439;25;18901
439;26;18996
439;27;19055
439;28;19133
439;29;19135
440;1;13183
440;2;13699
440;3;14268
440;4;14393
440;5;14447
440;6;14482
440;7;14997
440;8;15435
440;9;15982
440;10;16013
440;11;16042
440;12;16439
440;13;16442
440;14;16559
440;15;17130
440;16;17184
440;17;17185
440;18;17195
440;19;17308
440;20;17323
440;21;17567
440;22;17596
440;23;17687
440;24;17800
440;25;17917
440;26;17984
440;27;18012
440;28;18066
440;29;18558
440;30;18954
440;31;19030
440;32;19038
440;33;19133
440;34;19134
440;35;19138
440;36;19158
440;37;19173
440;38;19182
440;39;19187
440;40;19190
440;41;19191
440;42;19193
440;43;19213
441;1;13552
441;2;13570
441;3;14062
441;4;14090
441;5;14665
441;6;14778
441;7;14873
441;8;15295
441;9;15306
441;10;15326
441;11;15385
441;12;15498
441;13;16025
441;14;16133
441;15;16709
441;16;16738
441;17;17289
441;18;17879
441;19;17976
441;20;18386
441;21;18387
441;22;18754
441;23;18784
441;24;18881
441;25;18909
441;26;18931
441;27;18946
441;28;18967
441;29;19026
441;30;19046
441;31;19077
441;32;19155
442;1;12235
442;2;12786
442;3;12882
442;4;13355
442;5;13868
442;6;14343
442;7;14894
442;8;15315
442;9;15746
442;10;16297
442;11;16325
442;12;16438
442;13;16985
442;14;17020
442;15;17115
442;16;17116
442;17;17141
442;18;17258
442;19;17860
442;20;17956
442;21;17997
442;22;18003
442;23;18419
442;24;18430
442;25;18484
442;26;19071
442;27;19086
442;28;19103
442;29;19112
442;30;19150
442;31;19161
442;32;19204
442;33;19205
442;34;19213
443;1;11416
443;2;11447
443;3;12015
443;4;12449
443;5;12937
443;6;12958
443;7;13071
443;8;13661
443;9;14097
443;10;14135
443;11;14690
443;12;14778
443;13;14936
443;14;14977
443;15;15449
443;16;15469
443;17;15511
443;18;16047
443;19;16523
443;20;16637
443;21;17092
443;22;17563
443;23;17622
443;24;17650
443;25;17763
443;26;17877
443;27;18290
443;28;18321
443;29;18370
443;30;18415
443;31;18448
443;32;18497
443;33;18524
443;34;18979
443;35;18998
443;36;19009
443;37;19016
443;38;19036
443;39;19066
443;40;19086
443;41;19132
443;42;19134
443;43;19164
444;1;12453
444;2;13040
444;3;13136
444;4;13550
444;5;13627
444;6;13645
444;7;14059
444;8;14090
444;9;14705
444;10;14863
444;11;14922
444;12;15380
444;13;15984
444;14;16560
444;15;16591
444;16;16704
444;17;17292
444;18;17406
444;19;17975
444;20;18043
444;21;18054
444;22;18069
444;23;18524
444;24;18541
444;25;18558
444;26;18569
444;27;18946
444;28;19041
444;29;19043
444;30;19121
444;31;19140
444;32;19155
445;1;15161
445;2;15561
445;3;15611
445;4;15894
445;5;16011
445;6;16136
445;7;16209
445;8;16724
445;9;16742
445;10;17191
445;11;17282
445;12;17399
445;13;17494
445;14;18021
445;15;18080
445;16;18513
445;17;18985
445;18;19003
445;19;19023
445;20;19041
445;21;19119
445;22;19121
445;23;19135
445;24;19155
446;1;11452
446;2;11548
446;3;12163
446;4;12611
446;5;13092
446;6;13187
446;7;13188
446;8;13786
446;9;14192
446;10;14291
446;11;14386
446;12;15047
446;13;15622
446;14;16060
446;15;16113
446;16;16137
446;17;16166
446;18;16201
446;19;16580
446;20;16598
446;21;17092
446;22;17112
446;23;17141
446;24;17254
446;25;17285
446;26;17777
446;27;17836
446;28;17847
446;29;17876
446;30;17964
446;31;17995
446;32;18370
446;33;18401
446;34;18429
446;35;18515
446;36;18544
446;37;18565
446;38;18591
446;39;18610
446;40;18621
446;41;19112
446;42;19127
447;1;12626
447;2;13287
447;3;13723
447;4;14245
447;5;14835
447;6;14863
447;7;15486
447;8;16062
447;9;16146
447;10;16263
447;11;16755
447;12;17326
447;13;17903
447;14;18417
447;15;18446
447;16;18493
447;17;18504
447;18;19024
447;19;19030
447;20;19037
447;21;19067
447;22;19126
448;1;12777
448;2;13346
448;3;13881
448;4;13910
448;5;14461
448;6;14557
448;7;15049
448;8;15487
448;9;15612
448;10;16021
448;11;16534
448;12;16583
448;13;16674
448;14;16791
448;15;17286
448;16;17693
448;17;18222
448;18;18281
448;19;18744
448;20;18777
448;21;18805
448;22;18840
448;23;18953
448;24;18974
448;25;19069
448;26;19112
448;27;19113
448;28;19124
448;29;19129
448;30;19138
448;31;19167
448;32;19168
448;33;19187
448;34;19188
448;35;19190
448;36;19213
449;1;12632
449;2;13091
449;3;13631
449;4;13666
449;5;14242
449;6;14789
449;7;15379
449;8;15930
449;9;16535
449;10;16594
449;11;17209
449;12;17275
449;13;17696
449;14;18188
449;15;18208
449;16;18237
449;17;18255
449;18;18275
449;19;18324
449;20;18419
449;21;18440
449;22;18469
449;23;18480
449;24;18893
449;25;18960
449;26;18981
449;27;19077
449;28;19126
449;29;19161
449;30;19171
449;31;19185
449;32;19205
449;33;19213
450;1;11458
450;2;12026
450;3;12539
450;4;13059
450;5;13176
450;6;13752
450;7;14313
450;8;14889
450;9;15381
450;10;15399
450;11;15946
450;12;16057
450;13;16629
450;14;17094
450;15;17129
450;16;17653
450;17;18137
450;18;18163
450;19;18732
450;20;18843
450;21;18892
450;22;19009
450;23;19040
450;24;19100
450;25;19109
450;26;19133
450;27;19135
451;1;12582
451;2;13005
451;3;13532
451;4;14164
451;5;14656
451;6;14747
451;7;15345
451;8;15394
451;9;15444
451;10;15845
451;11;16421
451;12;16449
451;13;17036
451;14;17127
451;15;17158
451;16;17253
451;17;17766
451;18;18335
451;19;18996
451;20;19109
451;21;19135
451;22;19170
451;23;19213
452;1;11086
452;2;11656
452;3;12246
452;4;12704
452;5;13280
452;6;13878
452;7;14334
452;8;14384
452;9;14472
452;10;14946
452;11;14981
452;12;15076
452;13;15490
452;14;16004
452;15;16045
452;16;16557
452;17;16986
452;18;17004
452;19;17032
452;20;17045
452;21;17621
452;22;17632
452;23;18208
452;24;18280
452;25;18308
452;26;18334
452;27;18394
452;28;18443
452;29;18453
452;30;18570
452;31;19003
452;32;19044
452;33;19093
452;34;19128
452;35;19146
452;36;19147
452;37;19190
452;38;19205
453;1;12298
453;2;12866
453;3;13401
453;4;13977
453;5;14528
453;6;15020
453;7;15624
453;8;16151
453;9;16259
453;10;16279
453;11;16877
453;12;16927
453;13;16947
453;14;16962
453;15;17464
453;16;17887
453;17;18345
453;18;18394
453;19;18411
453;20;18464
453;21;18514
453;22;18535
453;23;18581
453;24;18639
453;25;18650
453;26;19022
453;27;19130
453;28;19133
453;29;19168
453;30;19211
453;31;19213
454;1;10486
454;2;10512
454;3;10571
454;4;11141
454;5;11692
454;6;12268
454;7;12790
454;8;12903
454;9;13472
454;10;14021
454;11;14097
454;12;14147
454;13;14196
454;14;14661
454;15;15217
454;16;15276
454;17;15660
454;18;15777
454;19;15796
454;20;16394
454;21;16859
454;22;16897
454;23;17323
454;24;17724
454;25;17849
454;26;17850
454;27;17899
454;28;17900
454;29;18244
454;30;18260
454;31;18301
454;32;18392
454;33;18413
454;34;18421
454;35;18470
454;36;18920
454;37;18928
454;38;19024
454;39;19045
454;40;19067
454;41;19076
454;42;19085
454;43;19135
455;1;12662
455;2;13260
455;3;13373
455;4;13809
455;5;14424
455;6;14519
455;7;14591
455;8;14611
455;9;14670
455;10;15168
455;11;15190
455;12;15795
455;13;16350
455;14;16901
455;15;17452
455;16;17557
455;17;17982
455;18;18010
455;19;18051
455;20;18111
455;21;18124
455;22;18202
455;23;18687
455;24;18695
455;25;18699
455;26;18978
455;27;19091
455;28;19109
455;29;19115
455;30;19127
456;1;14416
456;2;14929
456;3;15390
456;4;15503
456;5;15529
456;6;15963
456;7;16017
456;8;16568
456;9;17068
456;10;17092
456;11;17137
456;12;17232
456;13;17655
456;14;17705
456;15;17726
456;16;17785
456;17;18224
456;18;18775
456;19;18892
456;20;18910
456;21;18934
456;22;18945
456;23;18967
456;24;19036
456;25;19056
456;26;19088
456;27;19099
456;28;19103
456;29;19132
456;30;19191
456;31;19193
456;32;19194
456;33;19205
457;1;11517
457;2;11634
457;3;12232
457;4;12345
457;5;12837
457;6;13427
457;7;13936
457;8;14456
457;9;15027
457;10;15642
457;11;16229
457;12;16258
457;13;16668
457;14;17106
457;15;17137
457;16;17215
457;17;17332
457;18;17847
457;19;17931
457;20;17935
457;21;17940
457;22;17953
457;23;18529
457;24;18589
457;25;18610
457;26;18630
457;27;18633
457;28;19030
457;29;19065
457;30;19071
457;31;19082
457;32;19102
457;33;19150
457;34;19161
457;35;19193
457;36;19204
457;37;19205
458;1;11694
458;2;11808
458;3;12271
458;4;12307
458;5;12826
458;6;12925
458;7;13447
458;8;13921
458;9;14492
458;10;15090
458;11;15442
458;12;16047
458;13;16569
458;14;17083
458;15;17744
458;16;17794
458;17;17814
458;18;18160
458;19;18666
458;20;18697
458;21;18792
458;22;18883
458;23;18967
458;24;18973
458;25;18993
458;26;19021
458;27;19068
458;28;19105
458;29;19146
458;30;19195
458;31;19204
458;32;19213
459;1;13307
459;2;13799
459;3;14321
459;4;14352
459;5;14847
459;6;14942
459;7;15518
459;8;16031
459;9;16144
459;10;16695
459;11;17151
459;12;17169
459;13;17716
459;14;17794
459;15;17911
459;16;18310
459;17;18380
459;18;18951
459;19;18962
459;20;19008
459;21;19026
459;22;19030
459;23;19075
459;24;19085
459;25;19089
459;26;19109
459;27;19111
459;28;19126
460;1;13886
460;2;14279
460;3;14737
460;4;14851
460;5;14964
460;6;14968
460;7;15406
460;8;15881
460;9;16468
460;10;16522
460;11;17020
460;12;17115
460;13;17144
460;14;17211
460;15;17293
460;16;17328
460;17;17346
460;18;17868
460;19;17896
460;20;18366
460;21;18383
460;22;18456
460;23;18506
460;24;18510
460;25;18531
460;26;18592
460;27;18612
460;28;19027
460;29;19122
460;30;19140
460;31;19181
460;32;19194
460;33;19205
461;1;11876
461;2;12463
461;3;12523
461;4;12601
461;5;13176
461;6;13780
461;7;13871
461;8;14442
461;9;15124
461;10;15153
461;11;15673
461;12;16220
461;13;16835
461;14;16870
461;15;16901
461;16;17364
461;17;17393
461;18;17821
461;19;17825
461;20;17839
461;21;17917
461;22;17948
461;23;17969
461;24;18398
461;25;18489
461;26;18501
461;27;18513
461;28;18548
461;29;18566
461;30;18594
461;31;19086
461;32;19112
461;33;19161
461;34;19204
461;35;19205
462;1;13470
462;2;13868
462;3;13922
462;4;14035
462;5;14066
462;6;14149
462;7;14585
462;8;14613
462;9;15192
462;10;15727
462;11;16255
462;12;16720
462;13;16769
462;14;17116
462;15;17601
462;16;17642
462;17;17650
462;18;17763
462;19;17880
462;20;18365
462;21;18482
462;22;18500
462;23;18529
462;24;19038
462;25;19059
462;26;19066
462;27;19126
462;28;19135
463;1;11483
463;2;11798
463;3;12413
463;4;13000
463;5;13093
463;6;13113
463;7;13158
463;8;13698
463;9;13729
463;10;13747
463;11;14316
463;12;14386
463;13;14407
463;14;14931
463;15;15423
463;16;15537
463;17;15654
463;18;16205
463;19;16524
463;20;17046
463;21;17085
463;22;17116
463;23;17660
463;24;17720
463;25;18343
463;26;18441
463;27;18554
463;28;18594
463;29;18614
463;30;18634
463;31;18645
463;32;18673
463;33;18722
463;34;19211
463;35;19213
464;1;13381
464;2;13922
464;3;13951
464;4;14064
464;5;14066
464;6;14601
464;7;15066
464;8;15577
464;9;15989
464;10;16001
464;11;16514
464;12;16555
464;13;16713
464;14;16770
464;15;17242
464;16;17359
464;17;17939
464;18;17998
464;19;18373
464;20;18408
464;21;18428
464;22;18475
464;23;18926
464;24;18952
464;25;19002
464;26;19049
464;27;19069
464;28;19071
464;29;19120
464;30;19180
464;31;19189
464;32;19190
464;33;19213
465;1;11130
465;2;11657
465;3;12170
465;4;12721
465;5;13243
465;6;13793
465;7;13918
465;8;13959
465;9;14322
465;10;14873
465;11;15442
465;12;15451
465;13;15483
465;14;16059
465;15;16635
465;16;16731
465;17;17170
465;18;17287
465;19;17328
465;20;17339
465;21;17435
465;22;17530
465;23;17962
465;24;18021
465;25;18501
465;26;18597
465;27;19051
465;28;19168
465;29;19183
465;30;19188
465;31;19190
465;32;19205
466;1;11104
466;2;11482
466;3;11599
466;4;12091
466;5;12689
466;6;13291
466;7;13341
466;8;13370
466;9;13478
466;10;13943
466;11;14625
466;12;14674
466;13;15242
466;14;15818
466;15;15867
466;16;16328
466;17;16345
466;18;16754
466;19;17369
466;20;17814
466;21;17878
466;22;17937
466;23;17946
466;24;18054
466;25;18384
466;26;18433
466;27;18482
466;28;18541
466;29;18552
466;30;18583
466;31;18979
466;32;18997
466;33;19038
466;34;19049
466;35;19077
466;36;19101
466;37;19105
466;38;19110
466;39;19112
466;40;19127
467;1;13228
467;2;13263
467;3;13281
467;4;13832
467;5;13850
467;6;14277
467;7;14750
467;8;14841
467;9;15431
467;10;15515
467;11;15973
467;12;16087
467;13;16113
467;14;16224
467;15;16608
467;16;17048
467;17;17051
467;18;17112
467;19;17147
467;20;17751
467;21;17766
467;22;17889
467;23;18000
467;24;18029
467;25;18057
467;26;18394
467;27;18412
467;28;18447
467;29;18490
467;30;18549
467;31;18550
467;32;18561
467;33;18965
467;34;18972
467;35;18979
467;36;18990
467;37;19049
467;38;19070
467;39;19101
467;40;19136
467;41;19151
467;42;19162
467;43;19204
467;44;19205
468;1;11937
468;2;12457
468;3;12483
468;4;13085
468;5;13103
468;6;13644
468;7;13722
468;8;14157
468;9;14217
468;10;14237
468;11;14841
468;12;15392
468;13;15517
468;14;16086
468;15;16561
468;16;16615
468;17;16624
468;18;17075
468;19;17134
468;20;17192
468;21;17669
468;22;17728
468;23;17811
468;24;18398
468;25;18429
468;26;18445
468;27;18471
468;28;18531
468;29;18564
468;30;18997
468;31;19047
468;32;19088
468;33;19205
469;1;15154
469;2;15741
469;3;15979
469;4;16010
469;5;16060
469;6;16173
469;7;16198
469;8;16202
469;9;16315
469;10;16739
469;11;17261
469;12;17303
469;13;17354
469;14;17365
469;15;17471
469;16;17903
469;17;18297
469;18;18329
469;19;18340
469;20;18368
469;21;18446
469;22;18467
469;23;18516
469;24;18526
469;25;18561
469;26;18584
469;27;18605
469;28;18633
469;29;18653
469;30;18660
469;31;18661
469;32;18980
469;33;18989
469;34;19008
469;35;19067
469;36;19127
469;37;19135
470;1;13290
470;2;13826
470;3;14396
470;4;14879
470;5;15297
470;6;15772
470;7;15803
470;8;15832
470;9;16288
470;10;16383
470;11;16432
470;12;16979
470;13;17014
470;14;17125
470;15;17604
470;16;17713
470;17;17793
470;18;17824
470;19;17860
470;20;17919
470;21;18015
470;22;18040
470;23;18052
470;24;18430
470;25;18904
470;26;18999
470;27;19112
470;28;19155
470;29;19169
470;30;19189
470;31;19213
471;1;12126
471;2;12702
471;3;13384
471;4;13475
471;5;13506
471;6;13512
471;7;13607
471;8;14086
471;9;14613
471;10;14724
471;11;15121
471;12;15690
471;13;16224
471;14;16814
471;15;16858
471;16;16899
471;17;17101
471;18;17215
471;19;17289
471;20;17686
471;21;18100
471;22;18636
471;23;18732
471;24;18868
471;25;18981
471;26;19095
471;27;19106
471;28;19110
471;29;19158
471;30;19169
471;31;19171
471;32;19185
471;33;19205
472;1;11405
472;2;11897
472;3;11933
472;4;12509
472;5;12527
472;6;13114
472;7;13227
472;8;13736
472;9;14189
472;10;14207
472;11;14743
472;12;15288
472;13;15890
472;14;15939
472;15;15968
472;16;16126
472;17;16229
472;18;16747
472;19;17316
472;20;17394
472;21;17715
472;22;17745
472;23;17803
472;24;17916
472;25;17952
472;26;18309
472;27;18378
472;28;18456
472;29;18476
472;30;18480
472;31;18571
472;32;18621
472;33;18926
472;34;18944
472;35;19057
472;36;19085
472;37;19096
472;38;19146
472;39;19155
472;40;19164
473;1;13484
473;2;14053
473;3;14643
473;4;15135
473;5;15171
473;6;15720
473;7;15724
473;8;16248
473;9;16598
473;10;17167
473;11;17188
473;12;17735
473;13;17766
473;14;17860
473;15;17919
473;16;17939
473;17;18009
473;18;18035
473;19;18604
473;20;18645
473;21;19130
473;22;19134
473;23;19136
474;1;11902
474;2;12248
474;3;12863
474;4;13366
474;5;13462
474;6;13521
474;7;13549
474;8;14042
474;9;14053
474;10;14556
474;11;14649
474;12;15018
474;13;15650
474;14;16282
474;15;16299
474;16;16317
474;17;16318
474;18;16791
474;19;16851
474;20;17259
474;21;17354
474;22;17450
474;23;17478
474;24;17509
474;25;17537
474;26;17969
474;27;18028
474;28;18054
474;29;18452
474;30;18478
474;31;19053
474;32;19088
474;33;19099
474;34;19104
474;35;19154
474;36;19180
474;37;19189
474;38;19204
474;39;19213
475;1;11609
475;2;11620
475;3;11638
475;4;12214
475;5;12298
475;6;12849
475;7;13369
475;8;13875
475;9;14321
475;10;14889
475;11;14949
475;12;14980
475;13;15494
475;14;15544
475;15;15554
475;16;16075
475;17;16192
475;18;16218
475;19;16816
475;20;17211
475;21;17281
475;22;17376
475;23;17713
475;24;17744
475;25;17772
475;26;17821
475;27;17841
475;28;17906
475;29;17935
475;30;17942
475;31;18416
475;32;18440
475;33;18456
475;34;18515
475;35;18556
475;36;18567
475;37;19097
475;38;19115
475;39;19127
476;1;12245
476;2;12767
476;3;13222
476;4;13649
476;5;13740
476;6;14217
476;7;14804
476;8;14864
476;9;14882
476;10;14960
476;11;15328
476;12;15441
476;13;16042
476;14;16640
476;15;16658
476;16;16716
476;17;17291
476;18;17341
476;19;17401
476;20;17937
476;21;18429
476;22;18948
476;23;18959
476;24;18987
476;25;19046
476;26;19077
476;27;19126
476;28;19135
477;1;13178
477;2;13232
477;3;13819
477;4;14409
477;5;14874
477;6;14896
477;7;14917
477;8;14934
477;9;15385
477;10;15493
477;11;15547
477;12;15597
477;13;15609
477;14;15960
477;15;16019
477;16;16561
477;17;16615
477;18;16710
477;19;16738
477;20;17148
477;21;17166
477;22;17174
477;23;17291
477;24;17402
477;25;17770
477;26;17883
477;27;18008
477;28;18500
477;29;18560
477;30;19032
477;31;19067
477;32;19116
477;33;19117
477;34;19140
477;35;19141
477;36;19171
477;37;19185
477;38;19205
477;39;19213
478;1;15273
478;2;15381
478;3;15430
478;4;15936
478;5;16049
478;6;16070
478;7;16187
478;8;16218
478;9;16808
478;10;17410
478;11;17438
478;12;17516
478;13;17850
478;14;17879
478;15;18455
478;16;19030
478;17;19126
478;18;19135
479;1;14318
479;2;14333
479;3;14450
479;4;14491
479;5;14983
479;6;15475
479;7;15497
479;8;15556
479;9;15652
479;10;15694
479;11;16207
479;12;16809
479;13;17385
479;14;17940
479;15;18237
479;16;18305
479;17;18328
479;18;18334
479;19;18354
479;20;18467
479;21;18487
479;22;18515
479;23;18526
479;24;18555
479;25;19055
479;26;19114
479;27;19126
479;28;19127
480;1;10806
480;2;10856
480;3;10952
480;4;11065
480;5;11479
480;6;12018
480;7;12587
480;8;13062
480;9;13573
480;10;14065
480;11;14669
480;12;14723
480;13;14848
480;14;15383
480;15;15427
480;16;15468
480;17;16019
480;18;16506
480;19;17093
480;20;17103
480;21;17195
480;22;17216
480;23;17683
480;24;18163
480;25;18222
480;26;18242
480;27;18291
480;28;18695
480;29;18812
480;30;18871
480;31;18984
480;32;19002
480;33;19010
480;34;19014
480;35;19049
480;36;19083
480;37;19104
480;38;19109
480;39;19111
480;40;19126
481;1;11150
481;2;11576
481;3;12058
481;4;12124
481;5;12183
481;6;12705
481;7;12783
481;8;13314
481;9;13332
481;10;13744
481;11;14271
481;12;14818
481;13;14877
481;14;14885
481;15;15483
481;16;15591
481;17;16083
481;18;16554
481;19;16585
481;20;16603
481;21;17088
481;22;17142
481;23;17173
481;24;17699
481;25;17749
481;26;17862
481;27;18431
481;28;18490
481;29;18578
481;30;18970
481;31;18981
481;32;18999
481;33;19027
481;34;19086
481;35;19127
482;1;11767
482;2;12280
482;3;12640
482;4;13272
482;5;13848
482;6;14416
482;7;14466
482;8;14495
482;9;14970
482;10;15428
482;11;15453
482;12;15959
482;13;16481
482;14;16559
482;15;16570
482;16;16661
482;17;17122
482;18;17558
482;19;17589
482;20;18132
482;21;18133
482;22;18241
482;23;18282
482;24;18737
482;25;18748
482;26;18861
482;27;18978
482;28;19027
482;29;19077
482;30;19094
482;31;19098
482;32;19118
482;33;19139
482;34;19150
482;35;19158
482;36;19160
482;37;19193
482;38;19205
483;1;11751
483;2;11839
483;3;11849
483;4;12510
483;5;13023
483;6;13563
483;7;13581
483;8;13922
483;9;14473
483;10;14478
483;11;14952
483;12;15503
483;13;16000
483;14;16113
483;15;16144
483;16;16640
483;17;17114
483;18;17650
483;19;17705
483;20;17716
483;21;17723
483;22;17777
483;23;17818
483;24;17888
483;25;17902
483;26;18348
483;27;18402
483;28;18423
483;29;18434
483;30;18454
483;31;18524
483;32;18548
483;33;18566
483;34;18574
483;35;18609
483;36;18668
483;37;18679
483;38;18680
483;39;19169
483;40;19171
483;41;19185
483;42;19194
483;43;19205
484;1;11797
484;2;12346
484;3;12874
484;4;13444
484;5;13445
484;6;13486
484;7;13521
484;8;14034
484;9;14464
484;10;14493
484;11;14922
484;12;15035
484;13;15432
484;14;15460
484;15;15934
484;16;16047
484;17;16120
484;18;16237
484;19;16248
484;20;16799
484;21;17370
484;22;17420
484;23;17455
484;24;18005
484;25;18497
484;26;18515
484;27;19000
484;28;19012
484;29;19049
484;30;19063
484;31;19084
484;32;19088
484;33;19105
484;34;19107
484;35;19127
484;36;19135
484;37;19136
485;1;10506
485;2;10998
485;3;11533
485;4;12123
485;5;12699
485;6;13064
485;7;13142
485;8;13503
485;9;14030
485;10;14155
485;11;14235
485;12;14352
485;13;14739
485;14;15183
485;15;15758
485;16;15853
485;17;15857
485;18;16330
485;19;16803
485;20;17485
485;21;17503
485;22;17531
485;23;17656
485;24;17675
485;25;17684
485;26;17704
485;27;17725
485;28;17745
485;29;17804
485;30;17813
485;31;17839
485;32;17859
485;33;17890
485;34;17923
485;35;18494
485;36;18548
485;37;18589
485;38;19126
486;1;11552
486;2;11602
486;3;12197
486;4;12226
486;5;12699
486;6;13260
486;7;13289
486;8;13816
486;9;14392
486;10;14888
486;11;14906
486;12;15510
486;13;15968
486;14;16650
486;15;17113
486;16;17134
486;17;17690
486;18;18241
486;19;18340
486;20;18400
486;21;18411
486;22;18431
486;23;18444
486;24;18445
486;25;18968
486;26;18986
486;27;19014
486;28;19074
486;29;19076
486;30;19096
486;31;19125
486;32;19155
487;1;13875
487;2;13892
487;3;14225
487;4;14840
487;5;15349
487;6;15380
487;7;15408
487;8;15443
487;9;15884
487;10;15960
487;11;16073
487;12;16133
487;13;16702
487;14;17218
487;15;17652
487;16;17702
487;17;18149
487;18;18216
487;19;18341
487;20;18350
487;21;18379
487;22;18429
487;23;18487
487;24;19062
487;25;19121
487;26;19170
487;27;19189
487;28;19190
487;29;19205
487;30;19213
488;1;13027
488;2;13144
488;3;13695
488;4;14231
488;5;14706
488;6;15167
488;7;15665
488;8;15790
488;9;16123
488;10;16674
488;11;17213
488;12;17338
488;13;17699
488;14;17790
488;15;18316
488;16;18376
488;17;18937
488;18;18964
488;19;18992
488;20;18998
488;21;19024
488;22;19044
488;23;19094
488;24;19097
488;25;19117
488;26;19126
488;27;19135
489;1;13704
489;2;14273
489;3;14314
489;4;14795
489;5;15385
489;6;15416
489;7;15427
489;8;15458
489;9;16029
489;10;16078
489;11;16106
489;12;16201
489;13;16666
489;14;17158
489;15;17271
489;16;17367
489;17;17832
489;18;17850
489;19;17891
489;20;17909
489;21;18026
489;22;18036
489;23;18054
489;24;18429
489;25;18449
489;26;18516
489;27;18537
489;28;18566
489;29;19015
489;30;19075
489;31;19106
489;32;19117
489;33;19127
489;34;19155
489;35;19163
489;36;19164
489;37;19193
489;38;19213
490;1;14630
490;2;15200
490;3;15650
490;4;16163
490;5;16223
490;6;16674
490;7;16762
490;8;16887
490;9;17446
490;10;17842
490;11;17871
490;12;18333
490;13;18446
490;14;18464
490;15;18492
490;16;18521
490;17;19090
490;18;19124
490;19;19154
490;20;19174
490;21;19175
490;22;19205
491;1;11826
491;2;11984
491;3;12511
491;4;13031
491;5;13471
491;6;13512
491;7;13986
491;8;14375
491;9;14404
491;10;14767
491;11;15307
491;12;15829
491;13;16267
491;14;16362
491;15;16470
491;16;16499
491;17;16944
491;18;17520
491;19;17570
491;20;17632
491;21;17673
491;22;18260
491;23;18319
491;24;18373
491;25;18377
491;26;18473
491;27;18518
491;28;18540
491;29;18894
491;30;19052
491;31;19053
491;32;19167
491;33;19178
491;34;19200
491;35;19211
491;36;19213
492;1;10740
492;2;11232
492;3;11267
492;4;11384
492;5;11703
492;6;12122
492;7;12659
492;8;12784
492;9;13382
492;10;13431
492;11;13841
492;12;13909
492;13;14445
492;14;14985
492;15;15498
492;16;16022
492;17;16071
492;18;16507
492;19;16538
492;20;16629
492;21;16640
492;22;16748
492;23;16806
492;24;17200
492;25;17228
492;26;17278
492;27;17395
492;28;17417
492;29;17435
492;30;18050
492;31;18061
492;32;18458
492;33;18497
492;34;18509
492;35;18520
492;36;18522
492;37;19013
492;38;19126
492;39;19127
492;40;19136
493;1;13061
493;2;13120
493;3;13718
493;4;14210
493;5;14685
493;6;15266
493;7;15326
493;8;15352
493;9;15477
493;10;16081
493;11;16431
493;12;16544
493;13;16982
493;14;17099
493;15;17120
493;16;17612
493;17;17690
493;18;17785
493;19;17793
493;20;17801
493;21;18316
493;22;18407
493;23;18473
493;24;18993
493;25;19060
493;26;19069
493;27;19089
493;28;19091
493;29;19115
493;30;19127
493;31;19135
494;1;9768
494;2;10344
494;3;10455
494;4;11023
494;5;11592
494;6;12084
494;7;12629
494;8;12664
494;9;13219
494;10;13268
494;11;13795
494;12;13824
494;13;13883
494;14;14456
494;15;14551
494;16;14966
494;17;15436
494;18;15496
494;19;16037
494;20;16058
494;21;16093
494;22;16606
494;23;16723
494;24;17204
494;25;17809
494;26;17868
494;27;17886
494;28;18166
494;29;18192
494;30;18210
494;31;18323
494;32;18359
494;33;18449
494;34;18473
494;35;18917
494;36;18978
494;37;19095
494;38;19115
494;39;19133
494;40;19135
495;1;12380
495;2;12792
495;3;13367
495;4;13475
495;5;13482
495;6;14018
495;7;14514
495;8;15027
495;9;15405
495;10;15974
495;11;16091
495;12;16579
495;13;16605
495;14;16665
495;15;16714
495;16;16773
495;17;17360
495;18;17438
495;19;17835
495;20;18298
495;21;18812
495;22;18925
495;23;18991
495;24;19008
495;25;19047
495;26;19067
495;27;19068
495;28;19117
495;29;19135
496;1;10428
496;2;10963
496;3;11490
496;4;12018
496;5;12616
496;6;13155
496;7;13266
496;8;13841
496;9;14365
496;10;14857
496;11;15397
496;12;15469
496;13;15498
496;14;16085
496;15;16163
496;16;16676
496;17;16711
496;18;16739
496;19;16856
496;20;17428
496;21;17429
496;22;17460
496;23;17969
496;24;17973
496;25;18029
496;26;18526
496;27;18529
496;28;18555
496;29;18590
496;30;18969
496;31;19000
496;32;19026
496;33;19062
496;34;19122
496;35;19146
496;36;19155
497;1;13826
497;2;13885
497;3;14508
497;4;15140
497;5;15236
497;6;15728
497;7;16314
497;8;16343
497;9;16824
497;10;17278
497;11;17865
497;12;18404
497;13;18435
497;14;18463
497;15;18859
497;16;18908
497;17;18926
497;18;19037
497;19;19041
497;20;19101
497;21;19132
497;22;19143
497;23;19147
497;24;19168
497;25;19211
497;26;19213
498;1;11406
498;2;11501
498;3;12076
498;4;12501
498;5;12587
498;6;13156
498;7;13690
498;8;13739
498;9;14263
498;10;14667
498;11;15060
498;12;15067
498;13;15460
498;14;15585
498;15;15698
498;16;16274
498;17;16369
498;18;16465
498;19;16486
498;20;17033
498;21;17393
498;22;17409
498;23;17438
498;24;17804
498;25;17882
498;26;17914
498;27;17935
498;28;18048
498;29;18066
498;30;18086
498;31;18369
498;32;18482
498;33;18500
498;34;18504
498;35;18523
498;36;19090
498;37;19113
498;38;19133
498;39;19135
498;40;19136
499;1;13089
499;2;13611
499;3;14199
499;4;14312
499;5;14887
499;6;14960
499;7;14986
499;8;15008
499;9;15471
499;10;16073
499;11;16108
499;12;16568
499;13;16586
499;14;17018
499;15;17569
499;16;17682
499;17;18238
499;18;18298
499;19;18415
499;20;18417
499;21;18531
499;22;18542
499;23;18560
499;24;18601
499;25;19067
499;26;19127
499;27;19136
500;1;13387
500;2;14019
500;3;14097
500;4;14668
500;5;15283
500;6;15823
500;7;16191
500;8;16681
500;9;17113
500;10;17202
500;11;17230
500;12;17271
500;13;17289
500;14;17727
500;15;18174
500;16;18282
500;17;18377
500;18;18402
500;19;18403
500;20;19018
500;21;19070
500;22;19077
500;23;19098
500;24;19106
500;25;19148
500;26;19149
500;27;19153
500;28;19175
500;29;19205
501;1;14419
501;2;14946
501;3;15005
501;4;15480
501;5;15546
501;6;15575
501;7;16173
501;8;16665
501;9;16696
501;10;17089
501;11;17177
501;12;17240
501;13;17776
501;14;18347
501;15;18383
501;16;18401
501;17;18421
501;18;18432
501;19;18499
501;20;18548
501;21;18602
501;22;19189
501;23;19190
501;24;19205
502;1;10613
502;2;11203
502;3;11743
502;4;12218
502;5;12247
502;6;12708
502;7;13278
502;8;13392
502;9;14015
502;10;14591
502;11;15089
502;12;15111
502;13;15191
502;14;15308
502;15;15367
502;16;15768
502;17;16315
502;18;16807
502;19;16854
502;20;16856
502;21;16969
502;22;16998
502;23;17514
502;24;17985
502;25;18044
502;26;18093
502;27;18364
502;28;18382
502;29;18951
502;30;19042
502;31;19054
502;32;19076
502;33;19105
502;34;19117
502;35;19135
503;1;13699
503;2;13758
503;3;13854
503;4;14459
503;5;14900
503;6;15504
503;7;15996
503;8;16062
503;9;16131
503;10;16733
503;11;17309
503;12;17707
503;13;17785
503;14;17833
503;15;17950
503;16;18396
503;17;18416
503;18;18476
503;19;18502
503;20;18859
503;21;18976
503;22;19011
503;23;19014
503;24;19025
503;25;19061
503;26;19072
503;27;19121
503;28;19181
503;29;19190
503;30;19200
503;31;19211
503;32;19213
504;1;15333
504;2;15875
504;3;15988
504;4;16066
504;5;16727
504;6;16776
504;7;17366
504;8;17893
504;9;17949
504;10;17960
504;11;17989
504;12;18009
504;13;18068
504;14;18417
504;15;18992
504;16;19083
504;17;19087
504;18;19104
504;19;19106
504;20;19126
504;21;19135
505;1;13466
505;2;13875
505;3;13986
505;4;14395
505;5;14506
505;6;14623
505;7;14958
505;8;14978
505;9;15091
505;10;15453
505;11;15923
505;12;16499
505;13;16514
505;14;16609
505;15;17160
505;16;17273
505;17;17330
505;18;17402
505;19;17799
505;20;18315
505;21;18365
505;22;18811
505;23;18819
505;24;18847
505;25;18936
505;26;19031
505;27;19051
505;28;19147
505;29;19159
505;30;19168
505;31;19170
505;32;19189
505;33;19213
506;1;13579
506;2;14166
506;3;14244
506;4;14294
506;5;14832
506;6;14862
506;7;15281
506;8;15778
506;9;15819
506;10;16291
506;11;16860
506;12;16926
506;13;17502
506;14;17561
506;15;17678
506;16;17699
506;17;17774
506;18;18314
506;19;18410
506;20;18459
506;21;18490
506;22;18526
506;23;18585
506;24;18605
506;25;18644
506;26;19121
506;27;19133
506;28;19135
507;1;11661
507;2;12197
507;3;12310
507;4;12721
507;5;13289
507;6;13644
507;7;13655
507;8;14230
507;9;14770
507;10;14791
507;11;15381
507;12;15979
507;13;16014
507;14;16131
507;15;16616
507;16;16763
507;17;16775
507;18;17311
507;19;17833
507;20;18210
507;21;18333
507;22;18446
507;23;18450
507;24;18459
507;25;18522
507;26;18531
507;27;18560
507;28;19035
507;29;19095
507;30;19106
507;31;19114
507;32;19126
508;1;14111
508;2;14658
508;3;14736
508;4;14806
508;5;15250
508;6;15281
508;7;15856
508;8;15906
508;9;16003
508;10;16038
508;11;16560
508;12;16685
508;13;16707
508;14;17322
508;15;17802
508;16;17823
508;17;17843
508;18;17939
508;19;17949
508;20;18370
508;21;18401
508;22;18450
508;23;18478
508;24;18503
508;25;18532
508;26;18549
508;27;18560
508;28;19036
508;29;19066
508;30;19122
508;31;19123
508;32;19134
508;33;19162
508;34;19191
508;35;19193
508;36;19205
509;1;12384
509;2;12898
509;3;13390
509;4;13941
509;5;14445
509;6;14447
509;7;14921
509;8;15476
509;9;15496
509;10;16065
509;11;16507
509;12;16589
509;13;16680
509;14;17341
509;15;17362
509;16;17825
509;17;17843
509;18;17880
509;19;17900
509;20;18281
509;21;18398
509;22;18447
509;23;18887
509;24;18908
509;25;18915
509;26;18965
509;27;18991
509;28;19050
509;29;19090
509;30;19110
509;31;19112
509;32;19127
510;1;14404
510;2;14406
510;3;14426
510;4;14522
510;5;15097
510;6;15581
510;7;16151
510;8;16643
510;9;16757
510;10;16853
510;11;17409
510;12;17524
510;13;18011
510;14;18071
510;15;18563
510;16;18608
510;17;19040
510;18;19063
510;19;19089
510;20;19123
510;21;19182
510;22;19183
510;23;19191
510;24;19193
510;25;19205
511;1;13868
511;2;14437
511;3;15035
511;4;15064
511;5;15615
511;6;16166
511;7;16192
511;8;16222
511;9;16701
511;10;16826
511;11;17289
511;12;17879
511;13;18426
511;14;18442
511;15;18492
511;16;18493
511;17;18588
511;18;18917
511;19;18949
511;20;19002
511;21;19031
511;22;19065
511;23;19125
511;24;19146
511;25;19155
511;26;19164
512;1;12335
512;2;12877
512;3;12955
512;4;13531
512;5;13927
512;6;14271
512;7;14293
512;8;14749
512;9;15201
512;10;15314
512;11;15865
512;12;15928
512;13;16504
512;14;16512
512;15;16625
512;16;16630
512;17;17177
512;18;17212
512;19;17261
512;20;17322
512;21;17357
512;22;17771
512;23;17777
512;24;17826
512;25;17847
512;26;17904
512;27;17922
512;28;17960
512;29;17981
512;30;17992
512;31;18052
512;32;18542
512;33;18544
512;34;18561
512;35;18972
512;36;19031
512;37;19144
512;38;19170
512;39;19181
512;40;19205
513;1;11650
513;2;12190
513;3;12303
513;4;12830
513;5;13381
513;6;13891
513;7;14478
513;8;14592
513;9;15139
513;10;15198
513;11;15749
513;12;16096
513;13;16686
513;14;17208
513;15;17699
513;16;17812
513;17;17908
513;18;17936
513;19;17967
513;20;18441
513;21;19012
513;22;19022
513;23;19039
513;24;19088
513;25;19123
513;26;19166
513;27;19190
513;28;19191
513;29;19193
513;30;19205
514;1;13192
514;2;13222
514;3;13705
514;4;14183
514;5;14788
514;6;15449
514;7;15503
514;8;15553
514;9;16080
514;10;16108
514;11;16630
514;12;16690
514;13;17280
514;14;17348
514;15;17822
514;16;17891
514;17;17959
514;18;17988
514;19;18453
514;20;18512
514;21;18572
514;22;18603
514;23;18638
514;24;18661
514;25;18681
514;26;18692
514;27;19124
514;28;19184
514;29;19204
514;30;19205
514;31;19213
515;1;9747
515;2;10322
515;3;10793
515;4;11267
515;5;11872
515;6;12459
515;7;12508
515;8;12603
515;9;13095
515;10;13212
515;11;13325
515;12;13872
515;13;14441
515;14;15004
515;15;15035
515;16;15510
515;17;16061
515;18;16597
515;19;16626
515;20;17064
515;21;17068
515;22;17069
515;23;17104
515;24;17215
515;25;17566
515;26;17665
515;27;17778
515;28;17874
515;29;18450
515;30;18454
515;31;18898
515;32;19000
515;33;19004
515;34;19015
515;35;19075
515;36;19084
515;37;19133
515;38;19134
515;39;19136
516;1;10988
516;2;11528
516;3;12050
516;4;12637
516;5;13129
516;6;13698
516;7;13718
516;8;13742
516;9;14253
516;10;14306
516;11;14780
516;12;15287
516;13;15346
516;14;15471
516;15;15503
516;16;16054
516;17;16082
516;18;16680
516;19;16766
516;20;17243
516;21;17652
516;22;17740
516;23;17771
516;24;17821
516;25;18392
516;26;18431
516;27;18459
516;28;18461
516;29;18471
516;30;18941
516;31;19021
516;32;19042
516;33;19068
516;34;19094
516;35;19112
516;36;19127
517;1;12703
517;2;13155
517;3;13816
517;4;14329
517;5;14897
517;6;15466
517;7;15550
517;8;16126
517;9;16584
517;10;17056
517;11;17085
517;12;17656
517;13;17710
517;14;17769
517;15;17821
517;16;18396
517;17;18926
517;18;18955
517;19;19015
517;20;19016
517;21;19021
517;22;19047
517;23;19096
517;24;19106
517;25;19141
517;26;19144
517;27;19150
517;28;19193
517;29;19213
518;1;10574
518;2;11145
518;3;11806
518;4;12320
518;5;12922
518;6;13441
518;7;14071
518;8;14509
518;9;14983
518;10;15502
518;11;16078
518;12;16535
518;13;16563
518;14;16581
518;15;17156
518;16;17743
518;17;17771
518;18;17780
518;19;17891
518;20;18425
518;21;18429
518;22;18554
518;23;18561
518;24;18592
518;25;18620
518;26;18670
518;27;18678
518;28;18721
518;29;19213
519;1;15399
519;2;15458
519;3;15856
519;4;15913
519;5;15934
519;6;16411
519;7;16569
519;8;16918
519;9;17013
519;10;17526
519;11;17614
519;12;17725
519;13;17774
519;14;17888
519;15;18415
519;16;18433
519;17;18461
519;18;18464
519;19;18485
519;20;18935
519;21;18944
519;22;18972
519;23;19001
519;24;19021
519;25;19024
519;26;19041
519;27;19049
519;28;19099
519;29;19103
519;30;19124
519;31;19133
519;32;19135
520;1;12732
520;2;13301
520;3;13359
520;4;13484
520;5;13515
520;6;14042
520;7;14582
520;8;14610
520;9;14660
520;10;15250
520;11;15363
520;12;15939
520;13;16510
520;14;16985
520;15;17228
520;16;17345
520;17;17892
520;18;17952
520;19;17954
520;20;17974
520;21;18052
520;22;18072
520;23;18131
520;24;18142
520;25;18443
520;26;18445
520;27;18937
520;28;18957
520;29;18964
520;30;18974
520;31;18978
520;32;19013
520;33;19024
520;34;19062
520;35;19121
520;36;19129
520;37;19133
520;38;19135
521;1;13979
521;2;14506
521;3;15082
521;4;15556
521;5;15621
521;6;15652
521;7;16059
521;8;16172
521;9;16267
521;10;16814
521;11;17419
521;12;17449
521;13;17477
521;14;17488
521;15;17798
521;16;17804
521;17;17915
521;18;18363
521;19;18458
521;20;18507
521;21;18566
521;22;18585
521;23;18644
521;24;19057
521;25;19076
521;26;19117
521;27;19132
521;28;19142
521;29;19162
521;30;19170
521;31;19171
521;32;19185
521;33;19205
522;1;13484
522;2;13598
522;3;14149
522;4;14623
522;5;15145
522;6;15624
522;7;16133
522;8;16550
522;9;16996
522;10;17014
522;11;17629
522;12;17743
522;13;17771
522;14;17772
522;15;17803
522;16;17829
522;17;17850
522;18;17853
522;19;17931
522;20;18019
522;21;18054
522;22;18559
522;23;18560
522;24;18574
522;25;18633
522;26;18639
522;27;18659
522;28;18670
522;29;18712
522;30;18992
522;31;19083
522;32;19109
522;33;19118
522;34;19129
522;35;19130
522;36;19134
522;37;19136
523;1;14183
523;2;14201
523;3;14791
523;4;15283
523;5;15371
523;6;15463
523;7;16014
523;8;16521
523;9;16599
523;10;16658
523;11;16772
523;12;16930
523;13;17362
523;14;17573
523;15;17599
523;16;17712
523;17;18171
523;18;18230
523;19;18341
523;20;18399
523;21;18459
523;22;18555
523;23;19099
523;24;19106
523;25;19110
523;26;19169
523;27;19171
523;28;19185
523;29;19205
524;1;14751
524;2;15286
524;3;15336
524;4;15461
524;5;15492
524;6;15918
524;7;15953
524;8;15971
524;9;16433
524;10;16544
524;11;16573
524;12;16640
524;13;16735
524;14;17184
524;15;17212
524;16;17232
524;17;17260
524;18;17892
524;19;17983
524;20;18422
524;21;18442
524;22;18512
524;23;18533
524;24;18885
524;25;18915
524;26;19010
524;27;19060
524;28;19063
524;29;19081
524;30;19159
524;31;19168
524;32;19170
524;33;19192
524;34;19204
524;35;19213
525;1;11917
525;2;11927
525;3;12406
525;4;12750
525;5;12841
525;6;13376
525;7;13932
525;8;14399
525;9;14941
525;10;15463
525;11;15522
525;12;15580
525;13;15676
525;14;16139
525;15;16573
525;16;17171
525;17;17288
525;18;17857
525;19;17970
525;20;18560
525;21;18620
525;22;18658
525;23;19091
525;24;19140
525;25;19166
525;26;19199
525;27;19202
525;28;19213
526;1;13810
526;2;13876
526;3;14302
526;4;14415
526;5;14907
526;6;14936
526;7;14967
526;8;15503
526;9;16079
526;10;16684
526;11;17253
526;12;17271
526;13;17331
526;14;17929
526;15;18403
526;16;18438
526;17;18456
526;18;18487
526;19;18976
526;20;19036
526;21;19047
526;22;19048
526;23;19071
526;24;19082
526;25;19091
526;26;19106
526;27;19114
526;28;19115
526;29;19126
526;30;19127
527;1;11825
527;2;12239
527;3;12790
527;4;12843
527;5;12939
527;6;12951
527;7;13439
527;8;13913
527;9;14395
527;10;14854
527;11;15216
527;12;15234
527;13;15292
527;14;15314
527;15;15889
527;16;16429
527;17;16546
527;18;16567
527;19;16595
527;20;17067
527;21;17538
527;22;17629
527;23;18098
527;24;18124
527;25;18139
527;26;18165
527;27;18173
527;28;18269
527;29;18360
527;30;18377
527;31;18885
527;32;18981
527;33;18992
527;34;19012
527;35;19038
527;36;19058
527;37;19076
527;38;19135
527;39;19155
528;1;13017
528;2;13394
528;3;13552
528;4;14123
528;5;14248
528;6;14816
528;7;15386
528;8;15860
528;9;16244
528;10;16272
528;11;16778
528;12;17124
528;13;17598
528;14;17715
528;15;17744
528;16;17773
528;17;17886
528;18;17927
528;19;18349
528;20;18440
528;21;18500
528;22;18505
528;23;18601
528;24;18621
528;25;19076
528;26;19087
528;27;19136
528;28;19155
528;29;19166
528;30;19184
528;31;19204
528;32;19205
529;1;12053
529;2;12081
529;3;12742
529;4;13241
529;5;13245
529;6;13254
529;7;13282
529;8;13797
529;9;13914
529;10;14483
529;11;14543
529;12;15073
529;13;15587
529;14;16079
529;15;16135
529;16;16216
529;17;16721
529;18;16752
529;19;17207
529;20;17216
529;21;17220
529;22;17248
529;23;17594
529;24;17707
529;25;17824
529;26;17878
529;27;18306
529;28;18324
529;29;18335
529;30;18376
529;31;18380
529;32;18439
529;33;18457
529;34;18476
529;35;18502
529;36;18993
529;37;19052
529;38;19055
529;39;19067
529;40;19126
530;1;12168
530;2;12285
530;3;12845
530;4;12940
530;5;13454
530;6;13994
530;7;14467
530;8;14851
530;9;14862
530;10;14893
530;11;14904
530;12;15420
530;13;15469
530;14;15961
530;15;16052
530;16;16628
530;17;16741
530;18;17130
530;19;17615
530;20;18130
530;21;18243
530;22;18292
530;23;18310
530;24;18338
530;25;18379
530;26;18447
530;27;18506
530;28;18535
530;29;18964
530;30;18995
530;31;19021
530;32;19029
530;33;19089
530;34;19112
530;35;19114
530;36;19126
531;1;12435
531;2;13004
531;3;13572
531;4;14114
531;5;14460
531;6;14489
531;7;14606
531;8;14690
531;9;15186
531;10;15583
531;11;16187
531;12;16659
531;13;16744
531;14;17293
531;15;17659
531;16;17700
531;17;17808
531;18;17834
531;19;18258
531;20;18301
531;21;18414
531;22;18447
531;23;18496
531;24;18507
531;25;18511
531;26;18866
531;27;18871
531;28;18903
531;29;18911
531;30;18946
531;31;18968
531;32;18969
531;33;19028
531;34;19124
531;35;19125
531;36;19130
531;37;19190
531;38;19193
531;39;19205
532;1;13448
532;2;13961
532;3;14491
532;4;14919
532;5;14954
532;6;15525
532;7;15551
532;8;15580
532;9;16167
532;10;16743
532;11;16745
532;12;17242
532;13;17844
532;14;17896
532;15;17937
532;16;18470
532;17;18538
532;18;18564
532;19;18613
532;20;19015
532;21;19035
532;22;19040
532;23;19045
532;24;19105
532;25;19126
532;26;19135
533;1;15731
533;2;16189
533;3;16211
533;4;16270
533;5;16786
533;6;16803
533;7;17119
533;8;17141
533;9;17678
533;10;17773
533;11;18265
533;12;18283
533;13;18361
533;14;18420
533;15;18824
533;16;18937
533;17;18996
533;18;19121
533;19;19135
533;20;19155
534;1;10435
534;2;10986
534;3;11499
534;4;12050
534;5;12488
534;6;12961
534;7;13483
534;8;13931
534;9;14418
534;10;15022
534;11;15135
534;12;15153
534;13;15723
534;14;15782
534;15;16349
534;16;16380
534;17;16956
534;18;17005
534;19;17071
534;20;17188
534;21;17214
534;22;17284
534;23;17313
534;24;17758
534;25;18167
534;26;18208
534;27;18246
534;28;18339
534;29;18389
534;30;18422
534;31;18442
534;32;18452
534;33;18501
534;34;18502
534;35;19068
534;36;19079
534;37;19082
534;38;19103
534;39;19105
534;40;19114
534;41;19126
535;1;16176
535;2;16702
535;3;17229
535;4;17248
535;5;17250
535;6;17854
535;7;17858
535;8;18246
535;9;18333
535;10;18845
535;11;18876
535;12;18904
535;13;18942
535;14;18963
535;15;18967
535;16;18981
535;17;19013
535;18;19015
535;19;19046
535;20;19106
535;21;19126
535;22;19127
536;1;13322
536;2;13780
536;3;14173
536;4;14763
536;5;14859
536;6;15446
536;7;15470
536;8;15960
536;9;16020
536;10;16040
536;11;16641
536;12;16662
536;13;16760
536;14;17261
536;15;17714
536;16;17774
536;17;17818
536;18;18251
536;19;18342
536;20;18459
536;21;18471
536;22;18487
536;23;18883
536;24;18887
536;25;18895
536;26;18945
536;27;18947
536;28;19064
536;29;19160
536;30;19164
536;31;19190
536;32;19205
537;1;12981
537;2;13353
537;3;13866
537;4;14415
537;5;14907
537;6;14935
537;7;14966
537;8;15458
537;9;16048
537;10;16525
537;11;16556
537;12;16592
537;13;17186
537;14;17217
537;15;17243
537;16;17293
537;17;17819
537;18;17840
537;19;17850
537;20;17881
537;21;18405
537;22;18500
537;23;18570
537;24;19025
537;25;19120
537;26;19141
537;27;19145
537;28;19148
537;29;19180
537;30;19191
537;31;19193
537;32;19205
538;1;12016
538;2;12648
538;3;12658
538;4;13248
538;5;13740
538;6;14338
538;7;14451
538;8;14909
538;9;15445
538;10;15918
538;11;15977
538;12;16448
538;13;16573
538;14;17144
538;15;17257
538;16;17766
538;17;17773
538;18;17777
538;19;17795
538;20;18223
538;21;18228
538;22;18263
538;23;18322
538;24;18417
538;25;18466
538;26;18492
538;27;18588
538;28;19079
538;29;19108
538;30;19151
538;31;19160
538;32;19175
538;33;19185
538;34;19205
538;35;19213
539;1;10770
539;2;10819
539;3;10878
539;4;10974
539;5;11501
539;6;12103
539;7;12561
539;8;13085
539;9;13575
539;10;13603
539;11;14152
539;12;14620
539;13;15155
539;14;15745
539;15;16289
539;16;16781
539;17;16799
539;18;17403
539;19;17481
539;20;18057
539;21;18531
539;22;19003
539;23;19034
539;24;19129
539;25;19157
539;26;19183
539;27;19184
539;28;19190
539;29;19205
540;1;12827
540;2;13417
540;3;13930
540;4;13951
540;5;14441
540;6;14501
540;7;15124
540;8;15196
540;9;15772
540;10;15807
540;11;16290
540;12;16764
540;13;17227
540;14;17754
540;15;18194
540;16;18225
540;17;18342
540;18;18402
540;19;18420
540;20;18448
540;21;18931
540;22;18960
540;23;18967
540;24;19027
540;25;19055
540;26;19057
540;27;19077
540;28;19085
540;29;19111
540;30;19115
540;31;19126
541;1;13107
541;2;13629
541;3;14290
541;4;14448
541;5;15046
541;6;15570
541;7;16012
541;8;16071
541;9;16647
541;10;17169
541;11;17229
541;12;17714
541;13;17723
541;14;17782
541;15;18297
541;16;18346
541;17;18407
541;18;18502
541;19;18513
541;20;18542
541;21;18562
541;22;19103
541;23;19105
541;24;19117
542;1;12639
542;2;13113
542;3;13142
542;4;13259
542;5;13329
542;6;13821
542;7;13868
542;8;13903
542;9;13952
542;10;14499
542;11;14540
542;12;15130
542;13;15180
542;14;15600
542;15;16169
542;16;16257
542;17;16824
542;18;17316
542;19;17838
542;20;17866
542;21;17885
542;22;18456
542;23;18918
542;24;19029
542;25;19050
542;26;19067
542;27;19078
542;28;19109
542;29;19111
542;30;19189
542;31;19192
542;32;19193
542;33;19205
543;1;10725
543;2;10743
543;3;11285
543;4;11798
543;5;12385
543;6;13067
543;7;13618
543;8;14189
543;9;14193
543;10;14791
543;11;14819
543;12;15451
543;13;15501
543;14;16077
543;15;16088
543;16;16703
543;17;16814
543;18;16892
543;19;16899
543;20;16927
543;21;17496
543;22;17954
543;23;17983
543;24;18413
543;25;18530
543;26;18580
543;27;18851
543;28;18914
543;29;18935
543;30;18953
543;31;18983
543;32;19061
543;33;19070
543;34;19119
543;35;19139
543;36;19151
543;37;19211
543;38;19213
544;1;12238
544;2;12654
544;3;12685
544;4;12711
544;5;13203
544;6;13770
544;7;13881
544;8;14450
544;9;15111
544;10;15633
544;11;16209
544;12;16268
544;13;16350
544;14;16805
544;15;17263
544;16;17748
544;17;17826
544;18;18365
544;19;18391
544;20;18402
544;21;18420
544;22;18901
544;23;19014
544;24;19092
544;25;19106
544;26;19117
544;27;19118
544;28;19127
544;29;19136
545;1;11491
545;2;12078
545;3;12236
545;4;12642
545;5;13244
545;6;13275
545;7;13745
545;8;14237
545;9;14806
545;10;15375
545;11;15435
545;12;15531
545;13;16049
545;14;16162
545;15;16624
545;16;17046
545;17;17661
545;18;17689
545;19;18279
545;20;18393
545;21;18489
545;22;18538
545;23;19065
545;24;19076
546;1;14361
546;2;14951
546;3;15475
546;4;15588
546;5;16024
546;6;16593
546;7;16684
546;8;16798
546;9;16853
546;10;17380
546;11;17411
546;12;17439
546;13;17985
546;14;18026
546;15;18542
546;16;18553
546;17;18928
546;18;19024
546;19;19039
546;20;19073
546;21;19099
546;22;19110
546;23;19112
546;24;19127
547;1;11974
547;2;12453
547;3;13055
547;4;13547
547;5;13567
547;6;13927
547;7;14446
547;8;14963
547;9;15018
547;10;15068
547;11;15079
547;12;15553
547;13;16013
547;14;16142
547;15;16658
547;16;16718
547;17;17199
547;18;17313
547;19;17697
547;20;17718
547;21;18278
547;22;18391
547;23;18422
547;24;18845
547;25;18881
547;26;18998
547;27;19024
547;28;19027
547;29;19046
547;30;19065
547;31;19161
547;32;19179
547;33;19190
547;34;19205
548;1;16110
548;2;16131
548;3;16658
548;4;17104
548;5;17680
548;6;17721
548;7;17750
548;8;17846
548;9;17863
548;10;17865
548;11;17940
548;12;17969
548;13;18030
548;14;18059
548;15;18570
548;16;18599
548;17;18996
548;18;19003
548;19;19024
548;20;19077
548;21;19081
548;22;19124
548;23;19131
548;24;19134
548;25;19162
548;26;19188
548;27;19190
548;28;19193
548;29;19205
549;1;11844
549;2;12358
549;3;12408
549;4;12952
549;5;13418
549;6;13922
549;7;14490
549;8;15066
549;9;15092
549;10;15634
549;11;15994
549;12;16023
549;13;16054
549;14;16165
549;15;16282
549;16;16808
549;17;17256
549;18;17861
549;19;17892
549;20;17900
549;21;18498
549;22;18520
549;23;18598
549;24;18693
549;25;19136
550;1;10664
550;2;11240
550;3;11620
550;4;12017
550;5;12679
550;6;13281
550;7;13691
550;8;13785
550;9;14355
550;10;14959
550;11;14977
550;12;15018
550;13;15605
550;14;16088
550;15;16148
550;16;16627
550;17;16662
550;18;17029
550;19;17187
550;20;17304
550;21;17305
550;22;17326
550;23;17877
550;24;18397
550;25;18456
550;26;18458
550;27;18876
550;28;18936
550;29;18978
550;30;19056
550;31;19067
550;32;19088
550;33;19183
550;34;19205
551;1;13525
551;2;14112
551;3;14600
551;4;15113
551;5;15624
551;6;16034
551;7;16147
551;8;16639
551;9;17030
551;10;17143
551;11;17172
551;12;17268
551;13;17646
551;14;17677
551;15;18168
551;16;18766
551;17;18883
551;18;18906
551;19;19019
551;20;19085
551;21;19114
551;22;19134
551;23;19138
551;24;19139
551;25;19169
551;26;19171
551;27;19185
551;28;19205
552;1;12206
552;2;12754
552;3;12813
552;4;13210
552;5;13825
552;6;14376
552;7;14892
552;8;15384
552;9;15415
552;10;15991
552;11;16012
552;12;16118
552;13;16642
552;14;16691
552;15;17102
552;16;17219
552;17;17700
552;18;17722
552;19;17789
552;20;17880
552;21;18383
552;22;18409
552;23;18444
552;24;18708
552;25;18784
552;26;18892
552;27;18952
552;28;19011
552;29;19052
552;30;19148
552;31;19155
552;32;19179
552;33;19183
552;34;19200
552;35;19211
552;36;19213
553;1;11528
553;2;12002
553;3;12684
553;4;12704
553;5;13291
553;6;13827
553;7;14302
553;8;14397
553;9;14425
553;10;14461
553;11;14810
553;12;14852
553;13;14876
553;14;15318
553;15;15328
553;16;15378
553;17;15449
553;18;15894
553;19;16509
553;20;16558
553;21;17159
553;22;17209
553;23;17291
553;24;17309
553;25;17782
553;26;17813
553;27;17873
553;28;17987
553;29;18427
553;30;18754
553;31;18812
553;32;18970
553;33;18998
553;34;19024
553;35;19042
553;36;19053
553;37;19112
553;38;19130
553;39;19147
553;40;19162
553;41;19205
554;1;11068
554;2;11424
554;3;11923
554;4;12470
554;5;13057
554;6;13593
554;7;13663
554;8;14153
554;9;14724
554;10;14784
554;11;14796
554;12;14824
554;13;14902
554;14;14981
554;15;15012
554;16;15039
554;17;15156
554;18;15182
554;19;15212
554;20;15727
554;21;16201
554;22;16788
554;23;17270
554;24;17290
554;25;17712
554;26;17803
554;27;18208
554;28;18321
554;29;18349
554;30;18352
554;31;18469
554;32;18901
554;33;18903
554;34;18944
554;35;18964
554;36;19013
554;37;19031
554;38;19066
554;39;19126
554;40;19135
555;1;13346
555;2;13375
555;3;13897
555;4;14011
555;5;14128
555;6;14733
555;7;15190
555;8;15635
555;9;16186
555;10;16299
555;11;16854
555;12;16882
555;13;17278
555;14;17307
555;15;17325
555;16;17335
555;17;17361
555;18;17372
555;19;17808
555;20;17843
555;21;17874
555;22;18368
555;23;18481
555;24;19006
555;25;19010
555;26;19036
555;27;19058
555;28;19078
555;29;19156
555;30;19167
555;31;19188
555;32;19190
555;33;19202
555;34;19213
556;1;15015
556;2;15126
556;3;15157
556;4;15685
556;5;16099
556;6;16618
556;7;16696
556;8;17200
556;9;17229
556;10;17716
556;11;17783
556;12;17842
556;13;17859
556;14;18337
556;15;18462
556;16;18849
556;17;18879
556;18;18887
556;19;18896
556;20;18998
556;21;19033
556;22;19049
556;23;19078
556;24;19089
556;25;19091
556;26;19093
556;27;19171
556;28;19190
556;29;19213
557;1;10551
557;2;11090
557;3;11560
557;4;11619
557;5;12221
557;6;12275
557;7;12810
557;8;13289
557;9;13339
557;10;13710
557;11;14202
557;12;14360
557;13;14918
557;14;15474
557;15;15492
557;16;15858
557;17;15946
557;18;15948
557;19;16337
557;20;16425
557;21;16538
557;22;16633
557;23;16644
557;24;16740
557;25;17133
557;26;17164
557;27;17192
557;28;17231
557;29;17273
557;30;17557
557;31;17609
557;32;17705
557;33;17736
557;34;17764
557;35;17831
557;36;17847
557;37;18359
557;38;18484
557;39;18504
557;40;18534
557;41;18548
557;42;18989
557;43;19039
557;44;19099
557;45;19103
557;46;19124
557;47;19131
557;48;19140
557;49;19168
557;50;19187
557;51;19190
557;52;19211
557;53;19213
558;1;13034
558;2;13063
558;3;13098
558;4;13193
558;5;13797
558;6;14209
558;7;14785
558;8;15334
558;9;15905
558;10;16063
558;11;16092
558;12;16559
558;13;17015
558;14;17033
558;15;17444
558;16;17535
558;17;17553
558;18;17670
558;19;17729
558;20;17807
558;21;17871
558;22;17872
558;23;17883
558;24;17937
558;25;18465
558;26;18965
558;27;19024
558;28;19025
558;29;19056
558;30;19058
558;31;19086
558;32;19115
558;33;19127
559;1;11203
559;2;11667
559;3;12142
559;4;12220
559;5;12333
559;6;12392
559;7;12905
559;8;13436
559;9;13761
559;10;14187
559;11;14738
559;12;14798
559;13;15480
559;14;15571
559;15;15669
559;16;16216
559;17;16236
559;18;16615
559;19;16732
559;20;16792
559;21;17343
559;22;17849
559;23;18276
559;24;18294
559;25;18322
559;26;18323
559;27;18327
559;28;18804
559;29;18871
559;30;18949
559;31;18977
559;32;19018
559;33;19077
559;34;19085
559;35;19089
559;36;19111
559;37;19146
559;38;19189
559;39;19190
559;40;19193
559;41;19205
560;1;11159
560;2;11593
560;3;12144
560;4;12240
560;5;12299
560;6;12791
560;7;13376
560;8;14006
560;9;14528
560;10;15015
560;11;15398
560;12;16013
560;13;16021
560;14;16608
560;15;16703
560;16;16721
560;17;16762
560;18;17175
560;19;17633
560;20;17758
560;21;17871
560;22;18275
560;23;18297
560;24;18357
560;25;18385
560;26;18455
560;27;18494
560;28;18564
560;29;18584
560;30;18633
560;31;18644
560;32;18645
560;33;18653
560;34;18702
560;35;18722
560;36;19207
560;37;19211
560;38;19213
561;1;12275
561;2;12767
561;3;13318
561;4;13797
561;5;14289
561;6;14803
561;7;15369
561;8;15842
561;9;15877
561;10;16427
561;11;16909
561;12;16920
561;13;17028
561;14;17029
561;15;17057
561;16;17085
561;17;17655
561;18;17709
561;19;18172
561;20;18193
561;21;18213
561;22;18330
561;23;18443
561;24;18871
561;25;18984
561;26;19053
561;27;19061
561;28;19065
561;29;19079
561;30;19096
561;31;19100
561;32;19150
561;33;19162
561;34;19200
561;35;19211
561;36;19213
562;1;10514
562;2;10573
562;3;11013
562;4;11674
562;5;12241
562;6;12810
562;7;12968
562;8;13383
562;9;13432
562;10;14008
562;11;14466
562;12;14799
562;13;14859
562;14;14888
562;15;15363
562;16;15440
562;17;15565
562;18;15678
562;19;16152
562;20;16742
562;21;17171
562;22;17554
562;23;17585
562;24;18154
562;25;18701
562;26;18818
562;27;18826
562;28;18837
562;29;18855
562;30;18883
562;31;18886
562;32;18890
562;33;18942
562;34;18992
562;35;19009
562;36;19035
562;37;19055
562;38;19105
562;39;19146
562;40;19185
562;41;19205
563;1;13355
563;2;13383
563;3;13934
563;4;14385
563;5;14860
563;6;15323
563;7;15434
563;8;15529
563;9;15926
563;10;15955
563;11;16014
563;12;16601
563;13;17176
563;14;17271
563;15;17763
563;16;17841
563;17;18230
563;18;18278
563;19;18299
563;20;18395
563;21;18416
563;22;18529
563;23;18557
563;24;18583
563;25;18600
563;26;18623
563;27;19036
563;28;19060
563;29;19075
563;30;19087
563;31;19109
563;32;19118
563;33;19135
563;34;19136
564;1;12818
564;2;13365
564;3;13846
564;4;14422
564;5;14517
564;6;14552
564;7;15139
564;8;15256
564;9;15729
564;10;16256
564;11;16823
564;12;16826
564;13;17430
564;14;17830
564;15;17859
564;16;18268
564;17;18363
564;18;18419
564;19;18420
564;20;18431
564;21;18439
564;22;18467
564;23;18488
564;24;18506
564;25;18951
564;26;18979
564;27;19009
564;28;19034
564;29;19055
564;30;19084
564;31;19112
564;32;19133
564;33;19135
565;1;13722
565;2;14197
565;3;14748
565;4;14861
565;5;14911
565;6;14922
565;7;15509
565;8;16036
565;9;16144
565;10;16805
565;11;16831
565;12;17342
565;13;17834
565;14;17865
565;15;17868
565;16;18392
565;17;18452
565;18;18511
565;19;18560
565;20;19085
565;21;19135
565;22;19170
565;23;19213
566;1;13653
566;2;14100
566;3;14592
566;4;14651
566;5;15178
566;6;15754
566;7;15803
566;8;16393
566;9;16885
566;10;17002
566;11;17010
566;12;17038
566;13;17126
566;14;17147
566;15;17207
566;16;17699
566;17;17812
566;18;17848
566;19;17943
566;20;17967
566;21;18037
566;22;18522
566;23;18531
566;24;18566
566;25;19050
566;26;19070
566;27;19106
566;28;19146
566;29;19166
566;30;19199
566;31;19200
566;32;19211
566;33;19213
567;1;13104
567;2;13164
567;3;13639
567;4;14149
567;5;14175
567;6;14701
567;7;15272
567;8;15336
567;9;15337
567;10;15432
567;11;15443
567;12;16044
567;13;16423
567;14;16482
567;15;16974
567;16;17034
567;17;17147
567;18;17585
567;19;17684
567;20;17744
567;21;17861
567;22;17975
567;23;18551
567;24;18562
567;25;18591
567;26;18965
567;27;18969
567;28;19082
567;29;19102
567;30;19112
567;31;19135
568;1;11578
568;2;11613
568;3;12245
568;4;12781
568;5;12831
568;6;12860
568;7;12871
568;8;12899
568;9;13434
568;10;14036
568;11;14042
568;12;14502
568;13;15047
568;14;15097
568;15;15156
568;16;15269
568;17;15742
568;18;15859
568;19;16352
568;20;16454
568;21;16478
568;22;16489
568;23;16931
568;24;17009
568;25;17059
568;26;17154
568;27;17174
568;28;17631
568;29;17641
568;30;17968
568;31;18366
568;32;18461
568;33;18502
568;34;18506
568;35;18517
568;36;18566
568;37;18584
568;38;18586
568;39;19011
568;40;19048
568;41;19077
568;42;19097
568;43;19127
568;44;19155
568;45;19193
568;46;19204
568;47;19213
569;1;13940
569;2;14241
569;3;14733
569;4;15273
569;5;15384
569;6;15789
569;7;16281
569;8;16775
569;9;17457
569;10;17492
569;11;17587
569;12;17704
569;13;17829
569;14;17858
569;15;18317
569;16;18327
569;17;18405
569;18;18522
569;19;18542
569;20;19062
569;21;19091
569;22;19103
569;23;19112
569;24;19118
569;25;19136
570;1;11894
570;2;12445
570;3;12474
570;4;12897
570;5;12992
570;6;13010
570;7;13477
570;8;13585
570;9;14076
570;10;14189
570;11;14691
570;12;15289
570;13;15811
570;14;15839
570;15;15868
570;16;15892
570;17;16434
570;18;17009
570;19;17088
570;20;17147
570;21;17235
570;22;17806
570;23;17835
570;24;17844
570;25;18343
570;26;18354
570;27;18362
570;28;18821
570;29;18830
570;30;18841
570;31;18938
570;32;18957
570;33;18977
570;34;19036
570;35;19112
570;36;19114
570;37;19126
571;1;12148
571;2;12168
571;3;12719
571;4;12814
571;5;13444
571;6;13929
571;7;13960
571;8;14621
571;9;15079
571;10;15603
571;11;15621
571;12;16094
571;13;16122
571;14;16235
571;15;16762
571;16;17239
571;17;17260
571;18;17693
571;19;17806
571;20;17914
571;21;18441
571;22;18501
571;23;18560
571;24;18572
571;25;19004
571;26;19045
571;27;19064
571;28;19090
571;29;19108
571;30;19115
571;31;19138
571;32;19181
571;33;19183
571;34;19195
571;35;19204
571;36;19205
571;37;19213
572;1;11579
572;2;12240
572;3;12842
572;4;13252
572;5;13272
572;6;13300
572;7;13331
572;8;13918
572;9;14533
572;10;14582
572;11;14941
572;12;15433
572;13;15529
572;14;16190
572;15;16600
572;16;17113
572;17;17707
572;18;18073
572;19;18129
572;20;18161
572;21;18269
572;22;18280
572;23;18365
572;24;18370
572;25;18388
572;26;18939
572;27;18950
572;28;19009
572;29;19029
572;30;19073
572;31;19084
572;32;19122
572;33;19133
572;34;19135
573;1;10630
573;2;11088
573;3;11623
573;4;11634
573;5;12107
573;6;12221
573;7;12791
573;8;13327
573;9;13790
573;10;14264
573;11;14777
573;12;15315
573;13;15445
573;14;15521
573;15;15995
573;16;16112
573;17;16155
573;18;16760
573;19;16856
573;20;17395
573;21;17413
573;22;17486
573;23;17492
573;24;17940
573;25;18454
573;26;18527
573;27;18528
573;28;18587
573;29;18590
573;30;18625
573;31;18637
573;32;18648
573;33;19045
573;34;19053
573;35;19055
573;36;19067
573;37;19126
574;1;11958
574;2;11987
574;3;12013
574;4;12504
574;5;13072
574;6;13564
574;7;13585
574;8;13702
574;9;13735
574;10;14189
574;11;14812
574;12;14818
574;13;15450
574;14;16036
574;15;16491
574;16;16545
574;17;16656
574;18;17044
574;19;17161
574;20;17171
574;21;17284
574;22;17728
574;23;17754
574;24;17789
574;25;18309
574;26;18359
574;27;18377
574;28;18450
574;29;18510
574;30;18585
574;31;18635
574;32;18644
574;33;18693
574;34;18694
574;35;18699
574;36;19089
574;37;19184
574;38;19187
574;39;19191
574;40;19193
574;41;19205
575;1;13687
575;2;13845
575;3;14339
575;4;14365
575;5;14889
575;6;15465
575;7;16023
575;8;16034
575;9;16069
575;10;16585
575;11;16650
575;12;16950
575;13;16983
575;14;17074
575;15;17160
575;16;17180
575;17;17188
575;18;17211
575;19;17293
575;20;17908
575;21;18317
575;22;18422
575;23;18898
575;24;18933
575;25;19050
575;26;19062
575;27;19071
575;28;19088
575;29;19091
575;30;19103
575;31;19127
576;1;12700
576;2;13213
576;3;13308
576;4;13848
576;5;13918
576;6;14488
576;7;14945
576;8;15281
576;9;15316
576;10;15441
576;11;15443
576;12;15445
576;13;15558
576;14;16009
576;15;16017
576;16;16491
576;17;16990
576;18;17031
576;19;17189
576;20;17200
576;21;17220
576;22;17762
576;23;18258
576;24;18262
576;25;18923
576;26;18940
576;27;19001
576;28;19010
576;29;19045
576;30;19062
576;31;19083
576;32;19126
576;33;19135
577;1;12634
577;2;13117
577;3;13135
577;4;13610
577;5;13705
577;6;13723
577;7;14292
577;8;14867
577;9;14895
577;10;15465
577;11;15923
577;12;16001
577;13;16376
577;14;16490
577;15;16523
577;16;16636
577;17;16753
577;18;17113
577;19;17144
577;20;17164
577;21;17175
577;22;17292
577;23;17325
577;24;17439
577;25;17835
577;26;17845
577;27;18356
577;28;18377
577;29;18385
577;30;18980
577;31;19002
577;32;19032
577;33;19043
577;34;19044
577;35;19079
577;36;19127
577;37;19138
577;38;19161
577;39;19162
577;40;19185
577;41;19204
577;42;19205
578;1;11117
578;2;11128
578;3;11580
578;4;11630
578;5;12205
578;6;12754
578;7;12785
578;8;12813
578;9;12872
578;10;13504
578;11;13517
578;12;14088
578;13;14117
578;14;14605
578;15;14701
578;16;14751
578;17;14805
578;18;15209
578;19;15326
578;20;15861
578;21;15917
578;22;15935
578;23;16449
578;24;16466
578;25;16963
578;26;16998
578;27;17039
578;28;17495
578;29;17965
578;30;17991
578;31;18011
578;32;18500
578;33;18531
578;34;18550
578;35;18571
578;36;18582
578;37;18589
578;38;18618
578;39;18638
578;40;18659
578;41;18670
578;42;19067
578;43;19083
578;44;19100
578;45;19135
578;46;19167
578;47;19178
578;48;19187
578;49;19189
578;50;19213
579;1;11623
579;2;12192
579;3;12643
579;4;13135
579;5;13155
579;6;13702
579;7;14271
579;8;14894
579;9;14954
579;10;15067
579;11;15095
579;12;15121
579;13;15253
579;14;15279
579;15;15687
579;16;16114
579;17;16227
579;18;16814
579;19;17361
579;20;17805
579;21;17834
579;22;17929
579;23;18020
579;24;18493
579;25;18542
579;26;18986
579;27;19007
579;28;19103
579;29;19124
579;30;19133
579;31;19135
579;32;19164
580;1;13736
580;2;13754
580;3;13774
580;4;14325
580;5;14859
580;6;15435
580;7;15530
580;8;15558
580;9;16037
580;10;16642
580;11;16660
580;12;16678
580;13;16756
580;14;16826
580;15;17348
580;16;17461
580;17;17469
580;18;17549
580;19;17560
580;20;18000
580;21;18020
580;22;18070
580;23;18079
580;24;18129
580;25;18178
580;26;18667
580;27;19005
580;28;19100
580;29;19103
580;30;19122
580;31;19133
580;32;19135
581;1;10011
581;2;10046
581;3;10142
581;4;10600
581;5;11202
581;6;11694
581;7;12087
581;8;12653
581;9;12703
581;10;12738
581;11;13290
581;12;13763
581;13;14338
581;14;14366
581;15;14791
581;16;15421
581;17;15948
581;18;15977
581;19;16028
581;20;16141
581;21;16688
581;22;17263
581;23;17284
581;24;17303
581;25;17901
581;26;17950
581;27;17985
581;28;18035
581;29;18047
581;30;18455
581;31;18504
581;32;18563
581;33;19104
581;34;19124
581;35;19133
581;36;19135
582;1;12802
582;2;13434
582;3;14057
582;4;14170
582;5;14739
582;6;15167
582;7;15541
582;8;15619
582;9;16168
582;10;16256
582;11;16827
582;12;17340
582;13;17366
582;14;17479
582;15;17864
582;16;18243
582;17;18284
582;18;18362
582;19;18475
582;20;19051
582;21;19111
582;22;19122
582;23;19170
582;24;19181
582;25;19204
582;26;19213
583;1;11449
583;2;11557
583;3;12126
583;4;12677
583;5;13338
583;6;13356
583;7;13895
583;8;13954
583;9;14507
583;10;15097
583;11;15126
583;12;15239
583;13;15702
583;14;16249
583;15;16299
583;16;16328
583;17;16867
583;18;17205
583;19;17225
583;20;17324
583;21;17353
583;22;17875
583;23;18176
583;24;18226
583;25;18322
583;26;18381
583;27;18435
583;28;18436
583;29;19011
583;30;19015
583;31;19075
583;32;19134
583;33;19169
583;34;19171
583;35;19193
583;36;19205
584;1;12895
584;2;13437
584;3;14026
584;4;14558
584;5;15133
584;6;15250
584;7;15769
584;8;16320
584;9;16750
584;10;17352
584;11;17788
584;12;17817
584;13;17821
584;14;18397
584;15;18908
584;16;18957
584;17;19017
584;18;19113
584;19;19133
584;20;19135
585;1;11679
585;2;12172
585;3;12268
585;4;12686
585;5;13347
585;6;13867
585;7;14359
585;8;15041
585;9;15634
585;10;16232
585;11;16237
585;12;16599
585;13;17150
585;14;17161
585;15;17634
585;16;17693
585;17;18297
585;18;18383
585;19;18868
585;20;18964
585;21;19077
585;22;19103
585;23;19123
585;24;19134
585;25;19138
585;26;19140
585;27;19155
586;1;11568
586;2;12047
586;3;12612
586;4;13206
586;5;13781
586;6;13809
586;7;13916
586;8;14492
586;9;15028
586;10;15057
586;11;15584
586;12;16098
586;13;16111
586;14;16622
586;15;16628
586;16;16698
586;17;16716
586;18;16718
586;19;17164
586;20;17182
586;21;17260
586;22;17303
586;23;17826
586;24;17846
586;25;17934
586;26;17963
586;27;18013
586;28;18062
586;29;18093
586;30;18109
586;31;18120
586;32;18141
586;33;18163
586;34;18615
586;35;18675
586;36;19068
586;37;19106
586;38;19117
586;39;19126
586;40;19155
587;1;13206
587;2;13811
587;3;13928
587;4;13977
587;5;14490
587;6;14968
587;7;14969
587;8;15004
587;9;15022
587;10;15533
587;11;15561
587;12;15572
587;13;16051
587;14;16079
587;15;16139
587;16;16641
587;17;16719
587;18;17178
587;19;17768
587;20;17794
587;21;17823
587;22;17843
587;23;17931
587;24;18327
587;25;18386
587;26;18417
587;27;19032
587;28;19049
587;29;19127
587;30;19162
587;31;19171
587;32;19190
587;33;19213
588;1;16752
588;2;16755
588;3;16781
588;4;17277
588;5;17633
588;6;17661
588;7;17774
588;8;18378
588;9;18380
588;10;18729
588;11;18788
588;12;18848
588;13;18883
588;14;19000
588;15;19020
588;16;19145
588;17;19148
588;18;19162
588;19;19187
588;20;19190
588;21;19191
588;22;19193
588;23;19205
589;1;12902
589;2;12937
589;3;13459
589;4;13951
589;5;14409
589;6;15024
589;7;15119
589;8;15617
589;9;16075
589;10;16124
589;11;16728
589;12;17187
589;13;17810
589;14;17921
589;15;18437
589;16;18465
589;17;19063
589;18;19064
589;19;19124
589;20;19131
589;21;19133
589;22;19153
589;23;19162
589;24;19170
589;25;19171
589;26;19213
590;1;12930
590;2;13333
590;3;13806
590;4;14315
590;5;14344
590;6;14891
590;7;14987
590;8;15563
590;9;15594
590;10;15596
590;11;15646
590;12;15705
590;13;15801
590;14;15830
590;15;15943
590;16;16295
590;17;16406
590;18;16977
590;19;17466
590;20;18003
590;21;18517
590;22;18552
590;23;18927
590;24;19040
590;25;19044
590;26;19074
590;27;19076
590;28;19135
591;1;12458
591;2;13027
591;3;13123
591;4;13237
591;5;13813
591;6;14388
591;7;14986
591;8;15501
591;9;16133
591;10;16709
591;11;17184
591;12;17637
591;13;17663
591;14;17674
591;15;17787
591;16;18195
591;17;18205
591;18;18286
591;19;18307
591;20;18333
591;21;18375
591;22;18894
591;23;18905
591;24;19001
591;25;19018
591;26;19044
591;27;19068
591;28;19117
591;29;19126
592;1;13821
592;2;14341
592;3;14892
592;4;15371
592;5;15399
592;6;15434
592;7;15551
592;8;15582
592;9;16118
592;10;16687
592;11;16720
592;12;17285
592;13;17296
592;14;17755
592;15;18197
592;16;18202
592;17;18216
592;18;18218
592;19;18291
592;20;18332
592;21;18443
592;22;18760
592;23;18877
592;24;18892
592;25;18937
592;26;18997
592;27;19004
592;28;19024
592;29;19028
592;30;19029
592;31;19064
592;32;19075
592;33;19096
592;34;19107
592;35;19118
592;36;19153
592;37;19161
592;38;19170
592;39;19213
593;1;13361
593;2;14043
593;3;14516
593;4;15065
593;5;15544
593;6;15604
593;7;16236
593;8;16262
593;9;16754
593;10;16788
593;11;17330
593;12;17425
593;13;17949
593;14;18009
593;15;18347
593;16;18458
593;17;18532
593;18;18561
593;19;18610
593;20;18640
593;21;19111
593;22;19170
593;23;19213
594;1;13038
594;2;13108
594;3;13684
594;4;13705
594;5;14309
594;6;14422
594;7;14991
594;8;15505
594;9;15600
594;10;16169
594;11;16591
594;12;17129
594;13;17189
594;14;17736
594;15;18079
594;16;18645
594;17;18740
594;18;18851
594;19;18879
594;20;18901
594;21;18910
594;22;19018
594;23;19068
594;24;19127
595;1;15131
595;2;15542
595;3;15596
595;4;15709
595;5;16084
595;6;16682
595;7;16737
595;8;16770
595;9;16774
595;10;16809
595;11;17248
595;12;17361
595;13;17389
595;14;17435
595;15;17485
595;16;17516
595;17;17562
595;18;17908
595;19;17975
595;20;18003
595;21;18413
595;22;18945
595;23;18953
595;24;19013
595;25;19044
595;26;19094
595;27;19172
595;28;19205
595;29;19213
596;1;12819
596;2;13480
596;3;14056
596;4;14578
596;5;14995
596;6;15531
596;7;16005
596;8;16574
596;9;17028
596;10;17063
596;11;17085
596;12;17163
596;13;17677
596;14;17712
596;15;17723
596;16;18146
596;17;18241
596;18;18358
596;19;18456
596;20;18474
596;21;18948
596;22;18989
596;23;19017
596;24;19112
596;25;19161
596;26;19204
596;27;19205
596;28;19213
597;1;12143
597;2;12617
597;3;13178
597;4;13256
597;5;13656
597;6;14159
597;7;14276
597;8;14434
597;9;14970
597;10;15001
597;11;15459
597;12;15487
597;13;16056
597;14;16087
597;15;16105
597;16;16218
597;17;16332
597;18;16392
597;19;16996
597;20;17037
597;21;17624
597;22;18112
597;23;18544
597;24;18602
597;25;18611
597;26;18652
597;27;19066
597;28;19103
597;29;19153
597;30;19164
598;1;13888
598;2;13923
598;3;13954
598;4;14523
598;5;15128
598;6;15675
598;7;16049
598;8;16542
598;9;17143
598;10;17256
598;11;17381
598;12;17932
598;13;17936
598;14;18049
598;15;18078
598;16;18534
598;17;18947
598;18;19064
598;19;19076
598;20;19080
598;21;19100
598;22;19117
598;23;19118
598;24;19127
598;25;19135
599;1;12722
599;2;12768
599;3;13243
599;4;13818
599;5;14394
599;6;14930
599;7;15422
599;8;16026
599;9;16080
599;10;16109
599;11;16494
599;12;16535
599;13;16973
599;14;17444
599;15;17535
599;16;17595
599;17;17607
599;18;17624
599;19;17652
599;20;17663
599;21;17699
599;22;17816
599;23;18314
599;24;18427
599;25;18453
599;26;18512
599;27;18515
599;28;18558
599;29;18563
599;30;19054
599;31;19056
599;32;19075
599;33;19079
599;34;19138
599;35;19140
599;36;19155
600;1;13112
600;2;13270
600;3;13356
600;4;13830
600;5;13841
600;6;13859
600;7;14428
600;8;15015
600;9;15132
600;10;15606
600;11;16028
600;12;16604
600;13;16653
600;14;16699
600;15;17289
600;16;17811
600;17;18361
600;18;18793
600;19;18797
600;20;18910
600;21;18939
600;22;18989
600;23;19056
600;24;19097
600;25;19125
600;26;19127
600;27;19164
600;28;19205
601;1;10535
601;2;10973
601;3;10975
601;4;11467
601;5;12043
601;6;12577
601;7;13148
601;8;13189
601;9;13779
601;10;14347
601;11;15008
601;12;15394
601;13;15964
601;14;15990
601;15;16565
601;16;16678
601;17;17205
601;18;17253
601;19;17361
601;20;17411
601;21;17998
601;22;18539
601;23;18599
601;24;19057
601;25;19068
601;26;19117
601;27;19126
601;28;19135
602;1;14808
602;2;15261
602;3;15831
602;4;15926
602;5;16084
602;6;16660
602;7;17247
602;8;17815
602;9;17857
602;10;18240
602;11;18259
602;12;18279
602;13;18322
602;14;18336
602;15;18447
602;16;18475
602;17;18570
602;18;18576
602;19;18600
602;20;19055
602;21;19075
602;22;19081
602;23;19085
602;24;19128
602;25;19157
602;26;19187
602;27;19189
602;28;19190
602;29;19193
602;30;19205
603;1;13496
603;2;13514
603;3;13555
603;4;13668
603;5;14255
603;6;14803
603;7;14961
603;8;15020
603;9;15090
603;10;15566
603;11;15577
603;12;16133
603;13;16193
603;14;16744
603;15;17186
603;16;17303
603;17;17320
603;18;17388
603;19;17423
603;20;17921
603;21;18477
603;22;18518
603;23;18577
603;24;18587
603;25;18615
603;26;18641
603;27;19038
603;28;19050
603;29;19053
603;30;19055
603;31;19067
603;32;19126
604;1;10523
604;2;11074
604;3;11644
604;4;11672
604;5;12284
604;6;12681
604;7;13195
604;8;13799
604;9;14319
604;10;14843
604;11;15001
604;12;15050
604;13;15494
604;14;15554
604;15;15960
604;16;16311
604;17;16887
604;18;16916
604;19;17491
604;20;17605
604;21;17722
604;22;17763
604;23;17775
604;24;18344
604;25;18364
604;26;18403
604;27;18463
604;28;18494
604;29;18522
604;30;18571
604;31;18582
604;32;18957
604;33;18979
604;34;18983
604;35;19001
604;36;19079
604;37;19109
604;38;19126
604;39;19135
604;40;19136
605;1;13795
605;2;14220
605;3;14337
605;4;14365
605;5;14812
605;6;15416
605;7;15469
605;8;16059
605;9;16482
605;10;16889
605;11;16900
605;12;17013
605;13;17476
605;14;17477
605;15;17590
605;16;18065
605;17;18069
605;18;18177
605;19;18290
605;20;18301
605;21;18396
605;22;18445
605;23;18484
605;24;18495
605;25;18526
605;26;18985
605;27;19036
605;28;19096
605;29;19100
605;30;19103
605;31;19138
605;32;19181
605;33;19211
605;34;19213
606;1;12381
606;2;12832
606;3;12928
606;4;13454
606;5;13472
606;6;13915
606;7;14485
606;8;14488
606;9;15058
606;10;15064
606;11;15093
606;12;15110
606;13;15661
606;14;15681
606;15;15735
606;16;16079
606;17;16145
606;18;16262
606;19;16370
606;20;16448
606;21;16477
606;22;16839
606;23;16947
606;24;16958
606;25;16979
606;26;16997
606;27;17357
606;28;17763
606;29;18078
606;30;18148
606;31;18261
606;32;18321
606;33;18429
606;34;18451
606;35;18457
606;36;19026
606;37;19054
606;38;19103
606;39;19133
606;40;19151
606;41;19211
606;42;19213
607;1;10344
607;2;10967
607;3;11569
607;4;12118
607;5;12669
607;6;12718
607;7;13203
607;8;13241
607;9;13733
607;10;13820
607;11;13837
607;12;14406
607;13;14930
607;14;15499
607;15;16006
607;16;16035
607;17;16622
607;18;17097
607;19;17156
607;20;17669
607;21;17786
607;22;17853
607;23;17874
607;24;17918
607;25;17928
607;26;18503
607;27;18514
607;28;18563
607;29;18987
607;30;18991
607;31;19027
607;32;19086
607;33;19104
607;34;19182
607;35;19187
607;36;19188
607;37;19190
607;38;19205
608;1;15368
608;2;15464
608;3;15622
608;4;16149
608;5;16611
608;6;16702
608;7;16815
608;8;17316
608;9;17376
608;10;17974
608;11;18052
608;12;18057
608;13;18066
608;14;18635
608;15;18655
608;16;18676
608;17;18687
608;18;19118
608;19;19129
608;20;19133
608;21;19135
608;22;19155
609;1;13784
609;2;14276
609;3;14297
609;4;14887
609;5;14947
609;6;15447
609;7;15561
609;8;15641
609;9;16025
609;10;16099
609;11;16177
609;12;16212
609;13;16835
609;14;17450
609;15;17872
609;16;17903
609;17;18505
609;18;18533
609;19;18559
609;20;18577
609;21;19010
609;22;19031
609;23;19055
609;24;19075
609;25;19086
609;26;19092
609;27;19103
609;28;19112
609;29;19161
609;30;19162
609;31;19170
609;32;19213
610;1;15059
610;2;15600
610;3;16058
610;4;16634
610;5;16684
610;6;17000
610;7;17059
610;8;17522
610;9;17551
610;10;18032
610;11;18073
610;12;18099
610;13;18130
610;14;18243
610;15;18246
610;16;18337
610;17;18396
610;18;18491
610;19;18511
610;20;18524
610;21;18602
610;22;18603
610;23;18614
610;24;18619
610;25;19168
610;26;19188
610;27;19190
610;28;19205
611;1;13901
611;2;14351
611;3;14371
611;4;14375
611;5;14901
611;6;15424
611;7;15508
611;8;16028
611;9;16087
611;10;16628
611;11;16656
611;12;16767
611;13;17336
611;14;17883
611;15;17908
611;16;18430
611;17;18843
611;18;18893
611;19;18988
611;20;19006
611;21;19027
611;22;19056
611;23;19069
611;24;19089
611;25;19103
611;26;19138
611;27;19168
611;28;19169
611;29;19171
611;30;19205
611;31;19213
612;1;12028
612;2;12542
612;3;13112
612;4;13681
612;5;14207
612;6;14699
612;7;14812
612;8;14840
612;9;15332
612;10;15490
612;11;15982
612;12;16463
612;13;16489
612;14;16538
612;15;17096
612;16;17638
612;17;17796
612;18;18269
612;19;18336
612;20;18357
612;21;18933
612;22;18994
612;23;19003
612;24;19025
612;25;19060
612;26;19071
612;27;19074
612;28;19086
612;29;19103
612;30;19127
613;1;14955
613;2;15447
613;3;15989
613;4;16106
613;5;16655
613;6;16666
613;7;17235
613;8;17264
613;9;17756
613;10;17765
613;11;18239
613;12;18299
613;13;18692
613;14;18776
613;15;18893
613;16;18952
613;17;18962
613;18;18980
613;19;19039
613;20;19063
613;21;19089
613;22;19100
613;23;19143
613;24;19166
613;25;19182
613;26;19184
613;27;19193
613;28;19204
613;29;19205
614;1;13159
614;2;13651
614;3;13746
614;4;14344
614;5;14362
614;6;14964
614;7;15515
614;8;15574
614;9;16069
614;10;16177
614;11;16273
614;12;16752
614;13;16763
614;14;17314
614;15;17828
614;16;18344
614;17;18365
614;18;18425
614;19;18445
614;20;18541
614;21;19007
614;22;19008
614;23;19027
614;24;19032
614;25;19067
614;26;19126
615;1;13904
615;2;14000
615;3;14536
615;4;15168
615;5;15263
615;6;15274
615;7;15753
615;8;16228
615;9;16672
615;10;17188
615;11;17284
615;12;17757
615;13;17806
615;14;17897
615;15;18339
615;16;18374
615;17;18867
615;18;18962
615;19;19053
615;20;19082
615;21;19097
615;22;19108
615;23;19128
615;24;19129
615;25;19172
615;26;19181
615;27;19194
615;28;19204
615;29;19205
616;1;10020
616;2;10556
616;3;11126
616;4;11619
616;5;12254
616;6;12793
616;7;13391
616;8;13990
616;9;14252
616;10;14363
616;11;14843
616;12;14864
616;13;15373
616;14;15916
616;15;16345
616;16;16406
616;17;16497
616;18;16526
616;19;16621
616;20;17197
616;21;17719
616;22;17832
616;23;18346
616;24;18471
616;25;18923
616;26;19019
616;27;19028
616;28;19049
616;29;19057
616;30;19069
616;31;19100
616;32;19135
616;33;19139
616;34;19161
616;35;19204
616;36;19205
617;1;13704
617;2;14336
617;3;14453
617;4;15002
617;5;15578
617;6;16070
617;7;16639
617;8;17093
617;9;17102
617;10;17511
617;11;17624
617;12;17738
617;13;17758
617;14;18328
617;15;18373
617;16;18384
617;17;18391
617;18;18469
617;19;18486
617;20;18497
617;21;18557
617;22;18578
617;23;19124
617;24;19140
617;25;19148
617;26;19168
617;27;19170
617;28;19171
617;29;19185
617;30;19205
618;1;12557
618;2;12586
618;3;12703
618;4;13188
618;5;13237
618;6;13759
618;7;14334
618;8;14447
618;9;14517
618;10;15009
618;11;15056
618;12;15074
618;13;15588
618;14;15627
618;15;15972
618;16;16022
618;17;16082
618;18;16207
618;19;16238
618;20;16719
618;21;17229
618;22;17289
618;23;17402
618;24;17951
618;25;18452
618;26;18516
618;27;18564
618;28;18593
618;29;18604
618;30;18606
618;31;18641
618;32;19171
618;33;19185
618;34;19205
619;1;12917
619;2;12983
619;3;13559
619;4;13565
619;5;13600
619;6;13618
619;7;13979
619;8;14074
619;9;14644
619;10;15191
619;11;15582
619;12;15949
619;13;16004
619;14;16474
619;15;16582
619;16;16707
619;17;17125
619;18;17143
619;19;17172
619;20;17210
619;21;17323
619;22;17643
619;23;17661
619;24;18151
619;25;18692
619;26;18776
619;27;18788
619;28;18848
619;29;18869
619;30;18986
619;31;19017
619;32;19095
619;33;19096
619;34;19098
619;35;19118
619;36;19127
620;1;10611
620;2;10971
620;3;10991
620;4;11104
620;5;11626
620;6;12213
620;7;12708
620;8;12736
620;9;13256
620;10;13310
620;11;13748
620;12;14272
620;13;14303
620;14;14890
620;15;14931
620;16;15027
620;17;15606
620;18;15723
620;19;15831
620;20;16191
620;21;16760
620;22;16851
620;23;17326
620;24;17880
620;25;18394
620;26;18423
620;27;18798
620;28;18800
620;29;18811
620;30;18832
620;31;18928
620;32;19039
620;33;19043
620;34;19103
620;35;19124
620;36;19126
620;37;19146
620;38;19195
620;39;19205
620;40;19213
621;1;13696
621;2;14265
621;3;14319
621;4;14866
621;5;14916
621;6;15492
621;7;15522
621;8;15617
621;9;16278
621;10;16328
621;11;16868
621;12;17289
621;13;17307
621;14;17321
621;15;17385
621;16;17732
621;17;17760
621;18;18210
621;19;18241
621;20;18270
621;21;18387
621;22;18393
621;23;18413
621;24;18431
621;25;18526
621;26;18535
621;27;18576
621;28;18586
621;29;18614
621;30;19126
621;31;19135
621;32;19136
622;1;12751
622;2;13298
622;3;13303
622;4;13329
622;5;13850
622;6;14384
622;7;14498
622;8;15100
622;9;15626
622;10;16118
622;11;16144
622;12;16742
622;13;16833
622;14;17381
622;15;17494
622;16;17804
622;17;18227
622;18;18305
622;19;18359
622;20;18879
622;21;18914
622;22;18925
622;23;18992
622;24;19018
622;25;19020
622;26;19088
622;27;19126
622;28;19132
622;29;19152
622;30;19162
622;31;19205
622;32;19213
623;1;13345
623;2;13943
623;3;14435
623;4;14893
623;5;15458
623;6;15489
623;7;16016
623;8;16133
623;9;16417
623;10;16528
623;11;17014
623;12;17565
623;13;17983
623;14;18141
623;15;18170
623;16;18265
623;17;18267
623;18;18294
623;19;18351
623;20;18383
623;21;18395
623;22;18405
623;23;18406
623;24;18434
623;25;18463
623;26;18906
623;27;18955
623;28;19068
623;29;19079
623;30;19088
623;31;19105
623;32;19115
623;33;19116
623;34;19127
623;35;19135
624;1;12663
624;2;13214
624;3;13421
624;4;14023
624;5;14429
624;6;14540
624;7;14568
624;8;14646
624;9;14975
624;10;15544
624;11;16142
624;12;16162
624;13;16191
624;14;16767
624;15;16798
624;16;16817
624;17;17040
624;18;17154
624;19;17265
624;20;17323
624;21;17898
624;22;17945
624;23;17971
624;24;18001
624;25;18002
624;26;18416
624;27;18437
624;28;18448
624;29;18450
624;30;18510
624;31;18530
624;32;19039
624;33;19067
624;34;19093
624;35;19096
624;36;19106
624;37;19126
625;1;12144
625;2;12668
625;3;12689
625;4;13150
625;5;13701
625;6;13730
625;7;14305
625;8;14892
625;9;15017
625;10;15321
625;11;15897
625;12;15951
625;13;16372
625;14;16485
625;15;16516
625;16;17086
625;17;17107
625;18;17203
625;19;17262
625;20;17387
625;21;17858
625;22;17887
625;23;18371
625;24;18467
625;25;18484
625;26;18504
625;27;19075
625;28;19084
625;29;19127
625;30;19135
625;31;19136
626;1;12506
626;2;12576
626;3;12693
626;4;13213
626;5;13874
626;6;14297
626;7;14663
626;8;15267
626;9;15380
626;10;15910
626;11;15969
626;12;15997
626;13;16155
626;14;16619
626;15;17206
626;16;17273
626;17;17691
626;18;17722
626;19;17847
626;20;17896
626;21;17916
626;22;18485
626;23;18602
626;24;18603
626;25;18621
626;26;18656
626;27;18679
626;28;18699
626;29;18702
626;30;19205
627;1;13214
627;2;13322
627;3;13795
627;4;13823
627;5;13854
627;6;13946
627;7;14515
627;8;15037
627;9;15055
627;10;15595
627;11;16121
627;12;16149
627;13;16262
627;14;16774
627;15;17264
627;16;17290
627;17;17770
627;18;17865
627;19;17885
627;20;17888
627;21;18260
627;22;18682
627;23;18795
627;24;18812
627;25;18840
627;26;18951
627;27;18954
627;28;19008
627;29;19019
627;30;19053
627;31;19079
627;32;19129
627;33;19131
627;34;19140
627;35;19164
628;1;14929
628;2;15465
628;3;15582
628;4;15945
628;5;15980
628;6;16040
628;7;16510
628;8;16623
628;9;16781
628;10;16898
628;11;17414
628;12;17764
628;13;17765
628;14;17829
628;15;17840
628;16;18174
628;17;18299
628;18;18366
628;19;18750
628;20;18858
628;21;18899
628;22;18928
628;23;18936
628;24;18967
628;25;19008
628;26;19067
628;27;19117
628;28;19126
629;1;13769
629;2;14338
629;3;14388
629;4;14917
629;5;15540
629;6;15589
629;7;15626
629;8;16167
629;9;16652
629;10;16743
629;11;16757
629;12;17153
629;13;17173
629;14;17191
629;15;17255
629;16;17284
629;17;17795
629;18;17920
629;19;17948
629;20;18535
629;21;19051
629;22;19066
629;23;19126
629;24;19135
630;1;13294
630;2;13616
630;3;14191
630;4;14731
630;5;15182
630;6;15211
630;7;15289
630;8;15349
630;9;15474
630;10;16045
630;11;16133
630;12;16164
630;13;16735
630;14;16785
630;15;17299
630;16;17685
630;17;17791
630;18;17802
630;19;17830
630;20;18406
630;21;18427
630;22;18476
630;23;18504
630;24;18524
630;25;18541
630;26;19022
630;27;19030
630;28;19050
630;29;19057
630;30;19106
630;31;19117
630;32;19126
631;1;11434
631;2;11985
631;3;12561
631;4;12587
631;5;12618
631;6;12646
631;7;12705
631;8;13295
631;9;13830
631;10;14462
631;11;14579
631;12;14954
631;13;15435
631;14;16050
631;15;16107
631;16;16711
631;17;16807
631;18;17334
631;19;17808
631;20;17826
631;21;17844
631;22;17957
631;23;17986
631;24;18442
631;25;18555
631;26;19041
631;27;19065
631;28;19084
631;29;19134
631;30;19154
631;31;19163
631;32;19204
631;33;19205
631;34;19213
632;1;11954
632;2;12071
632;3;12580
632;4;13142
632;5;13191
632;6;13217
632;7;13342
632;8;13370
632;9;13975
632;10;14550
632;11;15000
632;12;15064
632;13;15473
632;14;15504
632;15;15934
632;16;16029
632;17;16497
632;18;16546
632;19;16564
632;20;16592
632;21;16627
632;22;16740
632;23;16830
632;24;17333
632;25;17909
632;26;17987
632;27;18538
632;28;18574
632;29;18633
632;30;19079
632;31;19083
632;32;19108
632;33;19167
632;34;19187
632;35;19188
632;36;19190
632;37;19213
633;1;12655
633;2;12704
633;3;13280
633;4;13306
633;5;13904
633;6;14417
633;7;14986
633;8;15313
633;9;15408
633;10;15478
633;11;15942
633;12;16440
633;13;17045
633;14;17203
633;15;17246
633;16;17788
633;17;17879
633;18;18352
633;19;18355
633;20;18366
633;21;18441
633;22;18462
633;23;18480
633;24;18977
633;25;18988
633;26;19008
633;27;19067
633;28;19126
634;1;14977
634;2;15450
634;3;16026
634;4;16592
634;5;16709
634;6;16822
634;7;16894
634;8;17414
634;9;17445
634;10;17494
634;11;17859
634;12;17950
634;13;18393
634;14;18453
634;15;18502
634;16;18506
634;17;18549
634;18;18566
634;19;19087
634;20;19118
634;21;19129
634;22;19133
634;23;19134
634;24;19162
634;25;19183
634;26;19205
634;27;19213
635;1;11478
635;2;11953
635;3;12475
635;4;13044
635;5;13536
635;6;13649
635;7;14190
635;8;14737
635;9;15294
635;10;15335
635;11;15452
635;12;15512
635;13;15547
635;14;15606
635;15;15613
635;16;15648
635;17;15653
635;18;16240
635;19;16711
635;20;17058
635;21;17112
635;22;17150
635;23;17267
635;24;17277
635;25;17295
635;26;17956
635;27;18006
635;28;18035
635;29;18526
635;30;19042
635;31;19084
635;32;19095
635;33;19118
635;34;19135
636;1;8743
636;2;9278
636;3;9753
636;4;10267
636;5;10807
636;6;11281
636;7;11307
636;8;11342
636;9;11467
636;10;12043
636;11;12612
636;12;13163
636;13;13233
636;14;13865
636;15;14434
636;16;14868
636;17;15371
636;18;15467
636;19;16018
636;20;16135
636;21;16710
636;22;17187
636;23;17215
636;24;17236
636;25;17738
636;26;17849
636;27;18292
636;28;18388
636;29;18884
636;30;18894
636;31;18943
636;32;19033
636;33;19044
636;34;19047
636;35;19080
636;36;19115
636;37;19119
636;38;19130
636;39;19141
636;40;19150
636;41;19193
636;42;19213
637;1;13418
637;2;13967
637;3;14468
637;4;15075
637;5;15513
637;6;16005
637;7;16349
637;8;16936
637;9;17044
637;10;17065
637;11;17553
637;12;17666
637;13;17687
637;14;17693
637;15;17742
637;16;18205
637;17;18274
637;18;18334
637;19;18346
637;20;18366
637;21;18412
637;22;18452
637;23;18478
637;24;18480
637;25;18883
637;26;18943
637;27;19060
637;28;19062
637;29;19111
637;30;19126
638;1;14171
638;2;14231
638;3;14259
638;4;14751
638;5;15191
638;6;15256
638;7;15373
638;8;15865
638;9;15914
638;10;15916
638;11;16487
638;12;16986
638;13;17562
638;14;17604
638;15;17633
638;16;18248
638;17;18343
638;18;18700
638;19;18707
638;20;18753
638;21;18835
638;22;18856
638;23;18877
638;24;18991
638;25;19040
638;26;19084
638;27;19119
638;28;19147
638;29;19150
638;30;19161
638;31;19171
638;32;19185
638;33;19205
638;34;19213
639;1;14329
639;2;14358
639;3;14956
639;4;15503
639;5;16135
639;6;16185
639;7;16753
639;8;17203
639;9;17298
639;10;17826
639;11;17844
639;12;18296
639;13;18317
639;14;18434
639;15;18483
639;16;18542
639;17;19015
639;18;19053
639;19;19060
639;20;19091
639;21;19169
639;22;19183
639;23;19205
640;1;12555
640;2;13026
640;3;13117
640;4;13721
640;5;13749
640;6;13874
640;7;14425
640;8;14538
640;9;14556
640;10;15146
640;11;15682
640;12;16140
640;13;16690
640;14;17163
640;15;17192
640;16;17288
640;17;17308
640;18;17799
640;19;18226
640;20;18241
640;21;18309
640;22;18338
640;23;18368
640;24;18482
640;25;18999
640;26;19025
640;27;19034
640;28;19083
640;29;19094
640;30;19118
640;31;19135
640;32;19136
641;1;13904
641;2;14319
641;3;14373
641;4;14848
641;5;15327
641;6;15903
641;7;15998
641;8;16115
641;9;16174
641;10;16194
641;11;16290
641;12;16701
641;13;17115
641;14;17226
641;15;17683
641;16;17685
641;17;17714
641;18;17731
641;19;17751
641;20;17781
641;21;17898
641;22;18006
641;23;18577
641;24;18597
641;25;18606
641;26;19086
641;27;19147
641;28;19176
641;29;19188
641;30;19211
641;31;19213
642;1;13829
642;2;14434
642;3;15003
642;4;15009
642;5;15607
642;6;15625
642;7;15660
642;8;15709
642;9;16238
642;10;16804
642;11;17324
642;12;17790
642;13;17810
642;14;17841
642;15;18410
642;16;18419
642;17;18515
642;18;18544
642;19;18565
642;20;18580
642;21;18591
642;22;18602
642;23;18622
642;24;18982
642;25;19095
642;26;19124
642;27;19133
642;28;19141
642;29;19143
642;30;19155
643;1;14900
643;2;15471
643;3;15481
643;4;15561
643;5;15980
643;6;16039
643;7;16067
643;8;16085
643;9;16175
643;10;16667
643;11;17140
643;12;17166
643;13;17717
643;14;18287
643;15;18336
643;16;18396
643;17;18414
643;18;18509
643;19;18544
643;20;18564
643;21;18575
643;22;18992
643;23;19065
643;24;19083
643;25;19084
643;26;19094
643;27;19105
643;28;19110
643;29;19112
643;30;19116
643;31;19127
644;1;12514
644;2;12627
644;3;13064
644;4;13526
644;5;13586
644;6;14184
644;7;14733
644;8;15323
644;9;15800
644;10;15925
644;11;16013
644;12;16584
644;13;16983
644;14;17079
644;15;17192
644;16;17718
644;17;18322
644;18;18439
644;19;18440
644;20;18471
644;21;18566
644;22;18586
644;23;19071
644;24;19109
644;25;19112
644;26;19113
644;27;19124
644;28;19133
644;29;19135
644;30;19136
645;1;11231
645;2;11670
645;3;12239
645;4;12869
645;5;12982
645;6;13517
645;7;13955
645;8;13990
645;9;14014
645;10;14034
645;11;14444
645;12;14854
645;13;14903
645;14;15365
645;15;15478
645;16;16048
645;17;16619
645;18;17251
645;19;17286
645;20;17759
645;21;18329
645;22;18407
645;23;18417
645;24;18476
645;25;18587
645;26;18601
645;27;18603
645;28;18679
645;29;18714
645;30;18715
645;31;19063
645;32;19064
645;33;19123
645;34;19134
645;35;19169
645;36;19171
645;37;19185
645;38;19194
645;39;19205
645;40;19213
646;1;14998
646;2;15621
646;3;15634
646;4;16086
646;5;16135
646;6;16185
646;7;16187
646;8;16644
646;9;17259
646;10;17277
646;11;17298
646;12;17411
646;13;17414
646;14;17531
646;15;18100
646;16;18513
646;17;18518
646;18;18539
646;19;18596
646;20;18936
646;21;18985
646;22;19052
646;23;19079
646;24;19081
646;25;19105
646;26;19134
646;27;19153
646;28;19164
647;1;13280
647;2;13793
647;3;14320
647;4;14871
647;5;14953
647;6;15585
647;7;15635
647;8;16204
647;9;16542
647;10;16647
647;11;17085
647;12;17089
647;13;17114
647;14;17134
647;15;17145
647;16;17148
647;17;17724
647;18;17794
647;19;17844
647;20;18401
647;21;18422
647;22;18440
647;23;18506
647;24;18565
647;25;18614
647;26;19126
647;27;19144
647;28;19148
647;29;19168
647;30;19170
647;31;19213
648;1;12274
648;2;12766
648;3;12854
648;4;12887
648;5;13474
648;6;13959
648;7;14535
648;8;15014
648;9;15565
648;10;15613
648;11;16203
648;12;16229
648;13;16288
648;14;16342
648;15;16780
648;16;17243
648;17;17866
648;18;17919
648;19;18436
648;20;18457
648;21;18485
648;22;18814
648;23;18834
648;24;18860
648;25;18871
648;26;18889
648;27;18938
648;28;19029
648;29;19049
648;30;19051
648;31;19111
648;32;19112
648;33;19115
648;34;19127
649;1;11537
649;2;11650
649;3;11668
649;4;12126
649;5;12175
649;6;12216
649;7;12787
649;8;13129
649;9;13513
649;10;13572
649;11;13592
649;12;14168
649;13;14186
649;14;14190
649;15;14250
649;16;14408
649;17;14938
649;18;14973
649;19;14976
649;20;15093
649;21;15122
649;22;15531
649;23;16163
649;24;16280
649;25;16306
649;26;16324
649;27;16353
649;28;16815
649;29;17218
649;30;17236
649;31;17838
649;32;18360
649;33;18473
649;34;18482
649;35;18500
649;36;18560
649;37;18957
649;38;18959
649;39;18994
649;40;19005
649;41;19045
649;42;19051
649;43;19111
649;44;19135
650;1;12207
650;2;12837
650;3;13388
650;4;13758
650;5;13786
650;6;14242
650;7;14865
650;8;14886
650;9;15378
650;10;15489
650;11;16065
650;12;16093
650;13;16168
650;14;16256
650;15;16588
650;16;16619
650;17;17040
650;18;17068
650;19;17080
650;20;17623
650;21;17701
650;22;17765
650;23;18321
650;24;18352
650;25;18380
650;26;18409
650;27;18427
650;28;18449
650;29;18475
650;30;18566
650;31;19004
650;32;19088
650;33;19121
650;34;19130
650;35;19150
650;36;19151
650;37;19162
650;38;19164
651;1;10599
651;2;11057
651;3;11672
651;4;12196
651;5;12214
651;6;12818
651;7;13360
651;8;13950
651;9;14435
651;10;14548
651;11;14579
651;12;14608
651;13;15041
651;14;15059
651;15;15628
651;16;15687
651;17;16317
651;18;16345
651;19;16837
651;20;16928
651;21;17475
651;22;17851
651;23;17929
651;24;17968
651;25;18537
651;26;18615
651;27;19141
651;28;19191
651;29;19193
651;30;19205
652;1;14947
652;2;15552
652;3;16121
652;4;16518
652;5;16529
652;6;16983
652;7;17091
652;8;17541
652;9;18110
652;10;18159
652;11;18205
652;12;18223
652;13;18264
652;14;18366
652;15;18425
652;16;18503
652;17;19097
652;18;19101
652;19;19127
652;20;19187
652;21;19188
652;22;19191
652;23;19193
652;24;19205
653;1;8832
653;2;9514
653;3;10065
653;4;10503
653;5;11044
653;6;11517
653;7;12140
653;8;12709
653;9;13257
653;10;13314
653;11;13431
653;12;13921
653;13;14406
653;14;14434
653;15;14948
653;16;14987
653;17;15562
653;18;16107
653;19;16619
653;20;16648
653;21;16765
653;22;16793
653;23;17252
653;24;17280
653;25;17350
653;26;17361
653;27;17410
653;28;17874
653;29;18318
653;30;18349
653;31;18353
653;32;18470
653;33;18899
653;34;18948
653;35;19024
653;36;19029
653;37;19072
653;38;19103
653;39;19113
653;40;19124
653;41;19133
653;42;19135
654;1;11635
654;2;12112
654;3;12546
654;4;13136
654;5;13649
654;6;14189
654;7;14219
654;8;14901
654;9;15252
654;10;15263
654;11;15806
654;12;16341
654;13;16458
654;14;17062
654;15;17532
654;16;17568
654;17;17676
654;18;17771
654;19;17772
654;20;17889
654;21;17948
654;22;18312
654;23;18391
654;24;18441
654;25;18472
654;26;18500
654;27;18521
654;28;18539
654;29;19080
654;30;19086
654;31;19103
654;32;19121
654;33;19170
654;34;19213
655;1;12710
655;2;13278
655;3;13737
655;4;14273
655;5;14824
655;6;15439
655;7;15534
655;8;16053
655;9;16640
655;10;16983
655;11;17003
655;12;17116
655;13;17560
655;14;17674
655;15;17769
655;16;17886
655;17;17982
655;18;18340
655;19;18407
655;20;18428
655;21;18523
655;22;18972
655;23;19056
655;24;19097
655;25;19117
655;26;19128
655;27;19138
655;28;19164
655;29;19175
655;30;19205
656;1;10468
656;2;10563
656;3;10680
656;4;11232
656;5;11281
656;6;11850
656;7;12310
656;8;12886
656;9;13213
656;10;13324
656;11;13892
656;12;14330
656;13;14389
656;14;15004
656;15;15361
656;16;15421
656;17;15534
656;18;15630
656;19;16173
656;20;16661
656;21;16710
656;22;17295
656;23;17625
656;24;17688
656;25;18232
656;26;18291
656;27;18297
656;28;18347
656;29;18949
656;30;19008
656;31;19034
656;32;19075
656;33;19076
656;34;19077
656;35;19085
656;36;19094
656;37;19097
656;38;19114
656;39;19126
657;1;12573
657;2;13100
657;3;13191
657;4;13750
657;5;14136
657;6;14273
657;7;14787
657;8;14904
657;9;14929
657;10;15046
657;11;15593
657;12;15621
657;13;16172
657;14;16577
657;15;16607
657;16;17081
657;17;17102
657;18;17219
657;19;17279
657;20;17293
657;21;17732
657;22;17769
657;23;18373
657;24;18380
657;25;18409
657;26;18866
657;27;18926
657;28;19022
657;29;19056
657;30;19077
657;31;19126
657;32;19135
658;1;13331
658;2;13954
658;3;14398
658;4;15013
658;5;15612
658;6;15661
658;7;15756
658;8;15767
658;9;16142
658;10;16238
658;11;16750
658;12;17207
658;13;17811
658;14;17928
658;15;18504
658;16;18876
658;17;18884
658;18;18981
658;19;18992
658;20;19059
658;21;19079
658;22;19103
658;23;19112
658;24;19114
658;25;19126
659;1;12008
659;2;12640
659;3;13163
659;4;13276
659;5;13812
659;6;14363
659;7;14883
659;8;14901
659;9;15341
659;10;15843
659;11;16419
659;12;16448
659;13;16893
659;14;16900
659;15;17017
659;16;17556
659;17;17669
659;18;17704
659;19;17722
659;20;17847
659;21;17876
659;22;18451
659;23;18469
659;24;18529
659;25;18550
659;26;18609
659;27;18629
659;28;18636
659;29;18679
659;30;18980
659;31;18998
659;32;19026
659;33;19035
659;34;19038
659;35;19050
659;36;19057
659;37;19117
659;38;19126
659;39;19135
660;1;13096
660;2;13534
660;3;14028
660;4;14526
660;5;15022
660;6;15599
660;7;16073
660;8;16565
660;9;16682
660;10;17079
660;11;17650
660;12;17767
660;13;17794
660;14;17812
660;15;17832
660;16;17861
660;17;17904
660;18;18364
660;19;18397
660;20;18446
660;21;18908
660;22;18936
660;23;18992
660;24;19020
660;25;19030
660;26;19079
660;27;19085
660;28;19135
661;1;14977
661;2;15490
661;3;16059
661;4;16081
661;5;16097
661;6;16144
661;7;16720
661;8;16759
661;9;17203
661;10;17790
661;11;17803
661;12;18277
661;13;18731
661;14;18803
661;15;18824
661;16;18941
661;17;18961
661;18;18972
661;19;19068
661;20;19127
661;21;19155
661;22;19204
661;23;19213
662;1;12870
662;2;12919
662;3;12950
662;4;13501
662;5;14023
662;6;14077
662;7;14516
662;8;14612
662;9;15161
662;10;15211
662;11;15787
662;12;15855
662;13;16197
662;14;16292
662;15;16784
662;16;17231
662;17;17242
662;18;17681
662;19;17722
662;20;17781
662;21;18230
662;22;18770
662;23;18861
662;24;18978
662;25;18992
662;26;19020
662;27;19029
662;28;19038
662;29;19097
662;30;19117
662;31;19133
662;32;19155
663;1;12685
663;2;13158
663;3;13650
663;4;13709
663;5;14258
663;6;14307
663;7;14820
663;8;15418
663;9;15987
663;10;16536
663;11;16661
663;12;16703
663;13;17212
663;14;17669
663;15;17782
663;16;17783
663;17;17791
663;18;18341
663;19;18432
663;20;18491
663;21;18509
663;22;18544
663;23;19120
663;24;19163
663;25;19183
663;26;19187
663;27;19190
663;28;19192
663;29;19193
663;30;19205
664;1;12100
664;2;12159
664;3;12728
664;4;12777
664;5;12847
664;6;12964
664;7;13439
664;8;13499
664;9;13525
664;10;14101
664;11;14628
664;12;15048
664;13;15417
664;14;15890
664;15;16312
664;16;16423
664;17;16536
664;18;17031
664;19;17059
664;20;17114
664;21;17143
664;22;17148
664;23;17644
664;24;17691
664;25;17786
664;26;17840
664;27;17891
664;28;17912
664;29;17913
664;30;17972
664;31;18513
664;32;18541
664;33;18567
664;34;18578
664;35;18583
664;36;18613
664;37;19030
664;38;19079
664;39;19083
664;40;19100
664;41;19103
664;42;19105
664;43;19114
664;44;19126
664;45;19155
665;1;13708
665;2;13768
665;3;14282
665;4;14284
665;5;14333
665;6;14884
665;7;15486
665;8;16062
665;9;16575
665;10;17097
665;11;17210
665;12;17217
665;13;17694
665;14;17807
665;15;17813
665;16;18161
665;17;18202
665;18;18297
665;19;18374
665;20;18375
665;21;18470
665;22;18961
665;23;19020
665;24;19044
665;25;19065
665;26;19076
665;27;19096
665;28;19105
665;29;19146
665;30;19164
666;1;13682
666;2;13777
666;3;14352
666;4;14876
666;5;14935
666;6;14964
666;7;15034
666;8;15581
666;9;16242
666;10;16638
666;11;17189
666;12;17210
666;13;17318
666;14;17414
666;15;17790
666;16;17831
666;17;17919
666;18;18317
666;19;18780
666;20;18897
666;21;19005
666;22;19054
666;23;19080
666;24;19100
666;25;19121
666;26;19133
666;27;19135
667;1;9971
667;2;10495
667;3;10554
667;4;11177
667;5;11719
667;6;12241
667;7;12733
667;8;13394
667;9;13965
667;10;14464
667;11;14485
667;12;14534
667;13;14545
667;14;15132
667;15;15702
667;16;16271
667;17;16798
667;18;16909
667;19;17349
667;20;17390
667;21;17507
667;22;17984
667;23;17992
667;24;18455
667;25;18503
667;26;18628
667;27;18663
667;28;19079
667;29;19109
667;30;19113
667;31;19136
667;32;19179
667;33;19211
667;34;19213
668;1;9813
668;2;9834
668;3;10292
668;4;10766
668;5;11427
668;6;12050
668;7;12648
668;8;13083
668;9;13653
668;10;14195
668;11;14770
668;12;15372
668;13;15428
668;14;15997
668;15;16046
668;16;16633
668;17;16668
668;18;17218
668;19;17265
668;20;17785
668;21;17802
668;22;17887
668;23;17891
668;24;17911
668;25;17922
668;26;17924
668;27;17933
668;28;17968
668;29;18442
668;30;18491
668;31;18502
668;32;18877
668;33;18994
668;34;18995
668;35;19016
668;36;19055
668;37;19090
668;38;19140
668;39;19141
668;40;19171
668;41;19185
668;42;19205
669;1;11818
669;2;12388
669;3;12442
669;4;12962
669;5;13623
669;6;13693
669;7;14065
669;8;14096
669;9;14450
669;10;15023
669;11;15054
669;12;15167
669;13;15742
669;14;15859
669;15;15870
669;16;15930
669;17;16314
669;18;16362
669;19;16741
669;20;16759
669;21;16844
669;22;16872
669;23;17320
669;24;17390
669;25;17848
669;26;18322
669;27;18342
669;28;18363
669;29;18398
669;30;18403
669;31;18414
669;32;18473
669;33;18522
669;34;18823
669;35;18831
669;36;18871
669;37;18891
669;38;18898
669;39;18918
669;40;18929
669;41;18977
669;42;19072
669;43;19083
669;44;19090
669;45;19133
669;46;19155
669;47;19166
669;48;19190
669;49;19191
669;50;19193
669;51;19205
670;1;11604
670;2;12117
670;3;12145
670;4;12174
670;5;12653
670;6;13189
670;7;13200
670;8;13231
670;9;13344
670;10;13956
670;11;14525
670;12;15129
670;13;15705
670;14;15744
670;15;16170
670;16;16181
670;17;16269
670;18;16884
670;19;16933
670;20;17381
670;21;17451
670;22;18026
670;23;18547
670;24;19118
670;25;19153
670;26;19159
670;27;19170
670;28;19171
670;29;19185
670;30;19205
671;1;12920
671;2;13358
671;3;13400
671;4;13513
671;5;13894
671;6;14470
671;7;15074
671;8;15549
671;9;15637
671;10;15665
671;11;16216
671;12;16831
671;13;16849
671;14;17343
671;15;17840
671;16;17875
671;17;17886
671;18;17994
671;19;18440
671;20;18489
671;21;18499
671;22;18537
671;23;18933
671;24;18944
671;25;18972
671;26;18990
671;27;19085
671;28;19114
671;29;19126
671;30;19135
672;1;12592
672;2;13182
672;3;13260
672;4;13829
672;5;13860
672;6;14464
672;7;14771
672;8;14884
672;9;14910
672;10;15021
672;11;15597
672;12;16166
672;13;16710
672;14;16728
672;15;16819
672;16;17256
672;17;17274
672;18;17278
672;19;17327
672;20;17332
672;21;17919
672;22;17955
672;23;18374
672;24;18416
672;25;18438
672;26;18467
672;27;18526
672;28;18537
672;29;18539
672;30;18543
672;31;18563
672;32;18581
672;33;18600
672;34;19038
672;35;19088
672;36;19107
672;37;19128
672;38;19150
672;39;19161
672;40;19204
672;41;19205
673;1;11402
673;2;11560
673;3;12136
673;4;12609
673;5;12726
673;6;13253
673;7;13822
673;8;14369
673;9;14967
673;10;15459
673;11;15500
673;12;15528
673;13;16047
673;14;16111
673;15;16160
673;16;16187
673;17;16763
673;18;17314
673;19;17373
673;20;17408
673;21;17849
673;22;17911
673;23;18002
673;24;18399
673;25;18516
673;26;18534
673;27;18548
673;28;18568
673;29;18572
673;30;19015
673;31;19039
673;32;19052
673;33;19053
673;34;19054
673;35;19074
673;36;19133
673;37;19161
673;38;19166
673;39;19199
673;40;19202
673;41;19207
673;42;19211
673;43;19213
674;1;10737
674;2;11078
674;3;11191
674;4;11762
674;5;12331
674;6;12878
674;7;12927
674;8;12947
674;9;13007
674;10;13630
674;11;14126
674;12;14702
674;13;15164
674;14;15277
674;15;15336
674;16;15410
674;17;15897
674;18;15940
674;19;16031
674;20;16456
674;21;16515
674;22;16550
674;23;16667
674;24;17119
674;25;17137
674;26;17254
674;27;17282
674;28;17294
674;29;17742
674;30;17768
674;31;18370
674;32;18381
674;33;18431
674;34;18533
674;35;19004
674;36;19053
674;37;19112
674;38;19146
674;39;19167
674;40;19178
674;41;19183
674;42;19184
674;43;19188
674;44;19190
674;45;19205
675;1;12609
675;2;13125
675;3;13693
675;4;13706
675;5;13788
675;6;13819
675;7;13933
675;8;14520
675;9;15089
675;10;15124
675;11;15183
675;12;15703
675;13;16264
675;14;16729
675;15;17280
675;16;17603
675;17;17728
675;18;17764
675;19;17785
675;20;17820
675;21;17837
675;22;17872
675;23;17899
675;24;18225
675;25;18311
675;26;18371
675;27;18479
675;28;18499
675;29;18895
675;30;18914
675;31;18950
675;32;18990
675;33;19021
675;34;19039
675;35;19104
675;36;19135
675;37;19136
676;1;13420
676;2;13515
676;3;13546
676;4;14019
676;5;14588
676;6;15098
676;7;15536
676;8;16028
676;9;16632
676;10;17293
676;11;17404
676;12;17425
676;13;18001
676;14;18434
676;15;18475
676;16;18967
676;17;19013
676;18;19042
676;19;19050
676;20;19065
676;21;19076
676;22;19078
676;23;19096
676;24;19100
676;25;19102
676;26;19111
676;27;19114
676;28;19115
676;29;19135
677;1;14262
677;2;14747
677;3;14770
677;4;14799
677;5;15460
677;6;15491
677;7;15893
677;8;16575
677;9;17049
677;10;17133
677;11;17193
677;12;17704
677;13;18194
677;14;18733
677;15;18793
677;16;18797
677;17;18856
677;18;18921
677;19;19032
677;20;19078
677;21;19080
677;22;19081
677;23;19130
677;24;19145
677;25;19204
677;26;19213
678;1;12086
678;2;12448
678;3;12970
678;4;12991
678;5;13104
678;6;13172
678;7;13748
678;8;14338
678;9;14366
678;10;14462
678;11;14897
678;12;15495
678;13;15949
678;14;16077
678;15;16084
678;16;16088
678;17;16649
678;18;16740
678;19;16769
678;20;17211
678;21;17329
678;22;17347
678;23;17865
678;24;18305
678;25;18418
678;26;18467
678;27;18517
678;28;18534
678;29;18555
678;30;18583
678;31;18612
678;32;18633
678;33;18641
678;34;18643
678;35;18655
678;36;19094
678;37;19190
678;38;19213
679;1;13610
679;2;14171
679;3;14231
679;4;14339
679;5;14744
679;6;15319
679;7;15888
679;8;16361
679;9;16415
679;10;16487
679;11;16604
679;12;16645
679;13;16673
679;14;16705
679;15;16710
679;16;16868
679;17;17384
679;18;17876
679;19;18332
679;20;18402
679;21;18462
679;22;18493
679;23;18887
679;24;18908
679;25;18968
679;26;19044
679;27;19079
679;28;19120
679;29;19131
679;30;19153
679;31;19205
680;1;13171
680;2;13711
680;3;13742
680;4;13762
680;5;13790
680;6;14337
680;7;14363
680;8;14914
680;9;14984
680;10;15005
680;11;15023
680;12;15544
680;13;15639
680;14;16262
680;15;16291
680;16;16729
680;17;17319
680;18;17352
680;19;17777
680;20;17786
680;21;17899
680;22;17919
680;23;18018
680;24;18047
680;25;18068
680;26;18094
680;27;18544
680;28;18561
680;29;18590
680;30;18639
680;31;18682
680;32;18966
680;33;19038
680;34;19088
680;35;19097
680;36;19109
680;37;19126
681;1;12776
681;2;13255
681;3;13768
681;4;13864
681;5;14469
681;6;15101
681;7;15682
681;8;16280
681;9;16790
681;10;16810
681;11;16860
681;12;17407
681;13;18089
681;14;18090
681;15;18119
681;16;18528
681;17;18991
681;18;19086
681;19;19145
681;20;19147
681;21;19190
681;22;19193
681;23;19205
682;1;13198
682;2;13664
682;3;13772
682;4;14246
682;5;14673
682;6;14704
682;7;14732
682;8;15301
682;9;15793
682;10;16313
682;11;16344
682;12;16900
682;13;17480
682;14;17540
682;15;18127
682;16;18181
682;17;18207
682;18;18365
682;19;18794
682;20;18911
682;21;18929
682;22;18964
682;23;18971
682;24;19088
682;25;19109
682;26;19128
682;27;19138
682;28;19150
682;29;19173
682;30;19184
682;31;19193
682;32;19204
682;33;19205
683;1;13081
683;2;13655
683;3;14196
683;4;14292
683;5;14313
683;6;14323
683;7;14372
683;8;14485
683;9;14908
683;10;15495
683;11;16097
683;12;16117
683;13;16555
683;14;16631
683;15;16666
683;16;16783
683;17;17301
683;18;17319
683;19;17844
683;20;17850
683;21;17897
683;22;17908
683;23;18512
683;24;18926
683;25;18950
683;26;18962
683;27;18973
683;28;18991
683;29;19040
683;30;19100
683;31;19101
683;32;19112
683;33;19116
683;34;19127
683;35;19194
683;36;19205
684;1;13877
684;2;14482
684;3;14967
684;4;15590
684;5;15611
684;6;16226
684;7;16739
684;8;16749
684;9;17325
684;10;17342
684;11;17353
684;12;17371
684;13;17750
684;14;17846
684;15;17933
684;16;17959
684;17;17979
684;18;18421
684;19;18427
684;20;18505
684;21;18536
684;22;18565
684;23;19051
684;24;19129
684;25;19140
684;26;19155
685;1;12122
685;2;12235
685;3;12727
685;4;13262
685;5;13803
685;6;14418
685;7;14436
685;8;15040
685;9;15447
685;10;15496
685;11;15981
685;12;16040
685;13;16157
685;14;16733
685;15;16847
685;16;17222
685;17;17281
685;18;17309
685;19;17625
685;20;17683
685;21;17689
685;22;17715
685;23;17775
685;24;17838
685;25;17856
685;26;17934
685;27;17963
685;28;17983
685;29;18530
685;30;18875
685;31;18988
685;32;18995
685;33;18997
685;34;19114
685;35;19140
685;36;19164
686;1;9383
686;2;9934
686;3;10408
686;4;10499
686;5;10972
686;6;11000
686;7;11570
686;8;12200
686;9;12720
686;10;12850
686;11;13405
686;12;13897
686;13;13925
686;14;14515
686;15;15043
686;16;15100
686;17;15213
686;18;15478
686;19;15573
686;20;16108
686;21;16623
686;22;16658
686;23;17225
686;24;17260
686;25;17338
686;26;17392
686;27;17979
686;28;18057
686;29;18086
686;30;18422
686;31;18462
686;32;18529
686;33;18957
686;34;18969
686;35;18980
686;36;18998
686;37;19093
686;38;19126
686;39;19135
687;1;13728
687;2;13777
687;3;14353
687;4;14466
687;5;14980
687;6;15353
687;7;15893
687;8;15904
687;9;16431
687;10;16522
687;11;17124
687;12;17184
687;13;17648
687;14;17737
687;15;17788
687;16;17816
687;17;17911
687;18;18516
687;19;18524
687;20;18552
687;21;19044
687;22;19074
687;23;19123
687;24;19155
687;25;19166
687;26;19184
687;27;19204
687;28;19205
688;1;10497
688;2;11010
688;3;11051
688;4;11105
688;5;11707
688;6;12322
688;7;12842
688;8;13280
688;9;13754
688;10;14301
688;11;14828
688;12;15379
688;13;15923
688;14;16040
688;15;16068
688;16;16643
688;17;16693
688;18;16713
688;19;17156
688;20;17566
688;21;17574
688;22;17998
688;23;18039
688;24;18070
688;25;18096
688;26;18209
688;27;18248
688;28;18257
688;29;18290
688;30;18386
688;31;18738
688;32;18764
688;33;18770
688;34;18895
688;35;18954
688;36;18974
688;37;18975
688;38;18994
688;39;18995
688;40;19055
688;41;19083
688;42;19104
688;43;19106
688;44;19126
688;45;19135
689;1;11136
689;2;11609
689;3;12241
689;4;12329
689;5;12862
689;6;13287
689;7;13517
689;8;14199
689;9;14859
689;10;14919
689;11;15036
689;12;15576
689;13;16081
689;14;16116
689;15;16166
689;16;16177
689;17;16574
689;18;17206
689;19;17637
689;20;17666
689;21;17761
689;22;17802
689;23;17830
689;24;17879
689;25;17922
689;26;17944
689;27;17986
689;28;18017
689;29;18414
689;30;18429
689;31;18460
689;32;18478
689;33;18496
689;34;18527
689;35;19057
689;36;19135
689;37;19136
690;1;9836
690;2;10311
690;3;10585
690;4;11246
690;5;11795
690;6;12399
690;7;12408
690;8;12984
690;9;13012
690;10;13107
690;11;13694
690;12;14091
690;13;14666
690;14;15217
690;15;15326
690;16;15682
690;17;16156
690;18;16758
690;19;16817
690;20;17339
690;21;17456
690;22;17831
690;23;18323
690;24;18340
690;25;18363
690;26;18431
690;27;18890
690;28;18949
690;29;18958
690;30;18987
690;31;18998
690;32;19043
690;33;19093
690;34;19121
690;35;19160
690;36;19171
690;37;19205
691;1;12532
691;2;13073
691;3;13511
691;4;13531
691;5;13609
691;6;14178
691;7;14461
691;8;15007
691;9;15447
691;10;15560
691;11;15589
691;12;16116
691;13;16628
691;14;16687
691;15;16737
691;16;16807
691;17;17351
691;18;17685
691;19;17802
691;20;18243
691;21;18278
691;22;18366
691;23;18377
691;24;18403
691;25;18406
691;26;18418
691;27;18426
691;28;18847
691;29;18906
691;30;18960
691;31;18963
691;32;18980
691;33;19003
691;34;19032
691;35;19038
691;36;19097
691;37;19109
691;38;19126
692;1;14511
692;2;15062
692;3;15638
692;4;15664
692;5;15713
692;6;16233
692;7;16678
692;8;17090
692;9;17131
692;10;17622
692;11;18226
692;12;18343
692;13;18381
692;14;18402
692;15;18937
692;16;18959
692;17;18988
692;18;18990
692;19;19031
692;20;19068
692;21;19097
692;22;19114
692;23;19115
692;24;19126
692;25;19155
693;1;12157
693;2;12651
693;3;13255
693;4;13369
693;5;13847
693;6;14302
693;7;14419
693;8;14954
693;9;15003
693;10;15021
693;11;15572
693;12;16086
693;13;16094
693;14;16151
693;15;16246
693;16;16822
693;17;17183
693;18;17798
693;19;17816
693;20;17876
693;21;17954
693;22;18013
693;23;18048
693;24;18396
693;25;18424
693;26;18541
693;27;19024
693;28;19063
693;29;19091
693;30;19150
693;31;19193
693;32;19205
694;1;13748
694;2;14250
694;3;14873
694;4;14951
694;5;15541
694;6;15936
694;7;16523
694;8;16582
694;9;16593
694;10;16623
694;11;17085
694;12;17103
694;13;17125
694;14;17722
694;15;17782
694;16;17793
694;17;18256
694;18;18369
694;19;18398
694;20;18506
694;21;18545
694;22;18553
694;23;18556
694;24;18984
694;25;19075
694;26;19086
694;27;19097
694;28;19117
694;29;19126
695;1;11986
695;2;12100
695;3;12534
695;4;13074
695;5;13629
695;6;13742
695;7;13773
695;8;14152
695;9;14723
695;10;14782
695;11;15397
695;12;15432
695;13;15527
695;14;16002
695;15;16043
695;16;16071
695;17;16149
695;18;16244
695;19;16255
695;20;16732
695;21;16767
695;22;17308
695;23;17358
695;24;17417
695;25;17931
695;26;17949
695;27;18490
695;28;18846
695;29;18941
695;30;19019
695;31;19136
695;32;19164
695;33;19169
695;34;19173
695;35;19184
695;36;19193
695;37;19205
696;1;13918
696;2;14416
696;3;14533
696;4;15102
696;5;15610
696;6;16118
696;7;16130
696;8;16734
696;9;17305
696;10;17333
696;11;17825
696;12;17854
696;13;17893
696;14;18345
696;15;18440
696;16;18479
696;17;18876
696;18;18884
696;19;18895
696;20;18938
696;21;18987
696;22;19014
696;23;19060
696;24;19080
696;25;19115
696;26;19164
696;27;19168
696;28;19187
696;29;19191
696;30;19211
696;31;19213
697;1;13806
697;2;14297
697;3;14375
697;4;14848
697;5;15297
697;6;15887
697;7;16411
697;8;16421
697;9;16972
697;10;17484
697;11;17533
697;12;17592
697;13;18035
697;14;18110
697;15;18602
697;16;18652
697;17;18687
697;18;18688
697;19;18709
697;20;18729
697;21;18739
697;22;19122
697;23;19152
697;24;19155
697;25;19175
697;26;19195
697;27;19204
697;28;19205
697;29;19213
698;1;11613
698;2;11730
698;3;12226
698;4;12682
698;5;13231
698;6;13818
698;7;13847
698;8;14500
698;9;14878
698;10;14956
698;11;14957
698;12;15526
698;13;15614
698;14;16165
698;15;16194
698;16;16686
698;17;16800
698;18;17299
698;19;17846
698;20;18421
698;21;18450
698;22;18799
698;23;18840
698;24;18841
698;25;18863
698;26;18872
698;27;18907
698;28;19024
698;29;19055
698;30;19075
698;31;19103
698;32;19162
698;33;19205
698;34;19213
699;1;12971
699;2;13540
699;3;13569
699;4;13597
699;5;14173
699;6;14199
699;7;14797
699;8;14814
699;9;14851
699;10;15378
699;11;15495
699;12;15565
699;13;16141
699;14;16685
699;15;17147
699;16;17187
699;17;17757
699;18;17845
699;19;17876
699;20;17887
699;21;17918
699;22;17961
699;23;17963
699;24;17983
699;25;17998
699;26;18009
699;27;18038
699;28;18540
699;29;18575
699;30;18972
699;31;18993
699;32;19003
699;33;19014
699;34;19017
699;35;19052
699;36;19076
699;37;19135
700;1;14456
700;2;15032
700;3;15043
700;4;15102
700;5;15468
700;6;16091
700;7;16523
700;8;16569
700;9;16579
700;10;16647
700;11;16755
700;12;16815
700;13;17194
700;14;17307
700;15;17834
700;16;17884
700;17;17952
700;18;18473
700;19;18476
700;20;18874
700;21;18987
700;22;19007
700;23;19042
700;24;19053
700;25;19062
700;26;19083
700;27;19126
700;28;19135
701;1;12376
701;2;12966
701;3;13458
701;4;13616
701;5;14203
701;6;14730
701;7;14779
701;8;14857
701;9;14917
701;10;14934
701;11;15001
701;12;15537
701;13;16051
701;14;16655
701;15;16691
701;16;16728
701;17;17297
701;18;17342
701;19;17401
701;20;17855
701;21;17919
701;22;18411
701;23;18433
701;24;18459
701;25;18472
701;26;18974
701;27;19087
701;28;19098
701;29;19118
701;30;19126
701;31;19161
701;32;19171
701;33;19185
701;34;19202
701;35;19213
702;1;13777
702;2;14438
702;3;14456
702;4;15025
702;5;15340
702;6;15390
702;7;15481
702;8;15598
702;9;16111
702;10;16595
702;11;17227
702;12;17276
702;13;17599
702;14;17617
702;15;17645
702;16;17770
702;17;18248
702;18;18696
702;19;18720
702;20;18845
702;21;18904
702;22;18930
702;23;18958
702;24;18984
702;25;19033
702;26;19093
702;27;19103
702;28;19112
702;29;19127
703;1;12119
703;2;12638
703;3;13130
703;4;13180
703;5;13812
703;6;14325
703;7;14783
703;8;15334
703;9;15904
703;10;15979
703;11;16316
703;12;16327
703;13;16362
703;14;16949
703;15;17066
703;16;17098
703;17;17124
703;18;17699
703;19;17801
703;20;17819
703;21;18274
703;22;18334
703;23;18360
703;24;18831
703;25;18939
703;26;18970
703;27;18999
703;28;19027
703;29;19038
703;30;19058
703;31;19065
703;32;19104
703;33;19124
703;34;19144
703;35;19187
703;36;19189
703;37;19190
703;38;19193
703;39;19205
703;40;19213
704;1;13778
704;2;13796
704;3;14229
704;4;14240
704;5;14281
704;6;14773
704;7;14886
704;8;14972
704;9;15523
704;10;16164
704;11;16167
704;12;16187
704;13;16614
704;14;17024
704;15;17141
704;16;17169
704;17;17646
704;18;17731
704;19;17813
704;20;17848
704;21;17876
704;22;18289
704;23;18400
704;24;18404
704;25;18432
704;26;18993
704;27;19019
704;28;19021
704;29;19024
704;30;19045
704;31;19075
704;32;19076
704;33;19135
705;1;9372
705;2;9403
705;3;9954
705;4;10530
705;5;10579
705;6;11071
705;7;11563
705;8;12001
705;9;12061
705;10;12574
705;11;12594
705;12;13226
705;13;13304
705;14;13927
705;15;14390
705;16;14432
705;17;14467
705;18;14521
705;19;14979
705;20;15000
705;21;15535
705;22;15984
705;23;16101
705;24;16485
705;25;17060
705;26;17131
705;27;17159
705;28;17655
705;29;17715
705;30;18262
705;31;18353
705;32;18742
705;33;18867
705;34;18889
705;35;18920
705;36;18940
705;37;19018
705;38;19046
705;39;19051
705;40;19095
705;41;19133
705;42;19135
706;1;13798
706;2;13827
706;3;14397
706;4;14398
706;5;14836
706;6;14937
706;7;15473
706;8;15561
706;9;16052
706;10;16143
706;11;16174
706;12;16626
706;13;16714
706;14;16773
706;15;16784
706;16;16815
706;17;17355
706;18;17387
706;19;17962
706;20;18436
706;21;18512
706;22;18879
706;23;18887
706;24;18905
706;25;19000
706;26;19045
706;27;19047
706;28;19067
706;29;19093
706;30;19126
707;1;13012
707;2;13053
707;3;13651
707;4;14235
707;5;14266
707;6;14834
707;7;15409
707;8;15438
707;9;15958
707;10;16007
707;11;16025
707;12;16447
707;13;17016
707;14;17592
707;15;17594
707;16;18209
707;17;18326
707;18;18375
707;19;18891
707;20;18956
707;21;19005
707;22;19037
707;23;19048
707;24;19076
707;25;19081
707;26;19111
707;27;19112
707;28;19135
708;1;9950
708;2;10405
708;3;10476
708;4;11021
708;5;11134
708;6;11749
708;7;12320
708;8;12833
708;9;12851
708;10;12911
708;11;13481
708;12;14028
708;13;14519
708;14;14992
708;15;15023
708;16;15083
708;17;15171
708;18;15614
708;19;15705
708;20;15754
708;21;16192
708;22;16743
708;23;16771
708;24;16793
708;25;16821
708;26;17348
708;27;17918
708;28;18508
708;29;18520
708;30;18570
708;31;18590
708;32;18592
708;33;19038
708;34;19074
708;35;19105
708;36;19126
708;37;19146
708;38;19175
708;39;19205
709;1;13026
709;2;13553
709;3;13904
709;4;13926
709;5;14491
709;6;14493
709;7;15041
709;8;15091
709;9;15631
709;10;16042
709;11;16101
709;12;16212
709;13;16217
709;14;16228
709;15;16263
709;16;16281
709;17;16743
709;18;16808
709;19;16834
709;20;17424
709;21;17975
709;22;18460
709;23;18466
709;24;18467
709;25;18491
709;26;18513
709;27;18535
709;28;18595
709;29;18673
709;30;18933
709;31;18968
709;32;18972
709;33;18998
709;34;19015
709;35;19033
709;36;19042
709;37;19068
709;38;19079
709;39;19122
709;40;19140
709;41;19155
710;1;11613
710;2;12153
710;3;12722
710;4;13221
710;5;13316
710;6;13815
710;7;14390
710;8;14941
710;9;15037
710;10;15529
710;11;15625
710;12;16180
710;13;16210
710;14;16730
710;15;17332
710;16;17443
710;17;17854
710;18;18249
710;19;18278
710;20;18299
710;21;18315
710;22;18655
710;23;18675
710;24;18788
710;25;18887
710;26;19000
710;27;19012
710;28;19099
710;29;19129
710;30;19133
710;31;19138
710;32;19140
710;33;19155
711;1;15034
711;2;15088
711;3;15561
711;4;15927
711;5;16422
711;6;16452
711;7;16547
711;8;17119
711;9;17232
711;10;17629
711;11;17678
711;12;17756
711;13;17843
711;14;18397
711;15;18399
711;16;18411
711;17;18487
711;18;18501
711;19;18614
711;20;18618
711;21;19073
711;22;19079
711;23;19157
711;24;19165
711;25;19169
711;26;19171
711;27;19213
712;1;14004
712;2;14627
712;3;14740
712;4;15205
712;5;15680
712;6;16119
712;7;16695
712;8;16787
712;9;17314
712;10;17382
712;11;17951
712;12;18296
712;13;18671
712;14;18784
712;15;18788
712;16;18901
712;17;18902
712;18;18951
712;19;19029
712;20;19030
712;21;19141
712;22;19200
712;23;19211
712;24;19213
713;1;11322
713;2;11436
713;3;11544
713;4;12066
713;5;12637
713;6;13116
713;7;13623
713;8;14136
713;9;14679
713;10;15040
713;11;15564
713;12;16038
713;13;16460
713;14;16871
713;15;16906
713;16;16955
713;17;16973
713;18;17077
713;19;17190
713;20;17250
713;21;17760
713;22;17801
713;23;17849
713;24;17880
713;25;18495
713;26;18555
713;27;18923
713;28;18959
713;29;18990
713;30;19000
713;31;19117
713;32;19135
714;1;13617
714;2;14204
714;3;14222
714;4;14335
714;5;14460
714;6;14577
714;7;15128
714;8;15696
714;9;16300
714;10;16608
714;11;16703
714;12;16817
714;13;17184
714;14;17754
714;15;17817
714;16;17837
714;17;18185
714;18;18226
714;19;18317
714;20;18430
714;21;18848
714;22;18922
714;23;18951
714;24;19065
714;25;19071
714;26;19088
714;27;19092
714;28;19103
714;29;19105
714;30;19135
714;31;19154
714;32;19213
715;1;11669
715;2;12182
715;3;12729
715;4;13221
715;5;13823
715;6;14347
715;7;14937
715;8;15054
715;9;15581
715;10;15676
715;11;16134
715;12;16165
715;13;16219
715;14;16292
715;15;16784
715;16;17208
715;17;17635
715;18;17684
715;19;17719
715;20;17797
715;21;17808
715;22;17845
715;23;18304
715;24;18339
715;25;18357
715;26;18417
715;27;18443
715;28;18461
715;29;18463
715;30;18498
715;31;18518
715;32;18537
715;33;19065
715;34;19124
715;35;19131
715;36;19137
715;37;19180
715;38;19190
715;39;19213
716;1;13024
716;2;13611
716;3;14107
716;4;14136
716;5;14681
716;6;14692
716;7;15261
716;8;15643
716;9;16190
716;10;16682
716;11;16710
716;12;16728
716;13;17279
716;14;17333
716;15;17880
716;16;17939
716;17;18354
716;18;18413
716;19;18415
716;20;18464
716;21;18992
716;22;19021
716;23;19050
716;24;19081
716;25;19091
716;26;19111
716;27;19114
716;28;19115
716;29;19127
717;1;13738
717;2;14314
717;3;14836
717;4;14942
717;5;15056
717;6;15654
717;7;16110
717;8;16205
717;9;16630
717;10;16747
717;11;17316
717;12;17412
717;13;17441
717;14;17849
717;15;17861
717;16;17889
717;17;18002
717;18;18371
717;19;18462
717;20;18497
717;21;18975
717;22;19025
717;23;19043
717;24;19065
717;25;19076
717;26;19136
718;1;12216
718;2;12785
718;3;12803
718;4;13370
718;5;13898
718;6;14530
718;7;15043
718;8;15103
718;9;15152
718;10;15208
718;11;15700
718;12;16208
718;13;16717
718;14;16776
718;15;16890
718;16;17354
718;17;17385
718;18;17435
718;19;17494
718;20;17781
718;21;17785
718;22;17943
718;23;17997
718;24;18008
718;25;18462
718;26;18493
718;27;18610
718;28;18645
718;29;18651
718;30;19117
718;31;19152
718;32;19162
718;33;19170
718;34;19202
718;35;19213
719;1;15085
719;2;15111
719;3;15202
719;4;15260
719;5;15373
719;6;15831
719;7;16186
719;8;16638
719;9;17112
719;10;17207
719;11;17698
719;12;17806
719;13;17835
719;14;17855
719;15;17861
719;16;18341
719;17;18943
719;18;19038
719;19;19087
719;20;19146
719;21;19189
719;22;19192
719;23;19193
719;24;19205
720;1;10517
720;2;11107
720;3;11586
720;4;12191
720;5;12304
720;6;12855
720;7;13457
720;8;13949
720;9;14424
720;10;14519
720;11;14578
720;12;14596
720;13;14916
720;14;15443
720;15;15939
720;16;16510
720;17;16874
720;18;16991
720;19;17546
720;20;17659
720;21;17719
720;22;17750
720;23;17770
720;24;17805
720;25;18374
720;26;18395
720;27;18470
720;28;18979
720;29;19005
720;30;19036
720;31;19056
720;32;19074
720;33;19126
720;34;19132
720;35;19161
720;36;19170
720;37;19171
720;38;19190
720;39;19213
721;1;14875
721;2;15426
721;3;15918
721;4;15968
721;5;16063
721;6;16639
721;7;16688
721;8;17163
721;9;17677
721;10;17706
721;11;17726
721;12;18302
721;13;18409
721;14;18757
721;15;18882
721;16;18910
721;17;18977
721;18;18998
721;19;19018
721;20;19025
721;21;19034
721;22;19062
721;23;19093
721;24;19136
722;1;13264
722;2;13313
722;3;13805
722;4;13834
722;5;13865
722;6;13943
722;7;14530
722;8;15020
722;9;15635
722;10;15655
722;11;15968
722;12;16447
722;13;16475
722;14;17022
722;15;17113
722;16;17682
722;17;17731
722;18;17760
722;19;17791
722;20;17814
722;21;18189
722;22;18248
722;23;18706
722;24;18772
722;25;18856
722;26;18951
722;27;19029
722;28;19062
722;29;19096
722;30;19117
722;31;19135
723;1;12797
723;2;13395
723;3;13455
723;4;14056
723;5;14529
723;6;14991
723;7;15069
723;8;15638
723;9;16096
723;10;16700
723;11;17098
723;12;17122
723;13;17658
723;14;17659
723;15;17662
723;16;17775
723;17;18218
723;18;18332
723;19;18392
723;20;18433
723;21;18440
723;22;18469
723;23;18489
723;24;18518
723;25;18596
723;26;18656
723;27;19070
723;28;19081
723;29;19087
723;30;19108
723;31;19128
723;32;19146
723;33;19189
723;34;19192
723;35;19204
723;36;19205
724;1;10162
724;2;10609
724;3;10627
724;4;11217
724;5;11647
724;6;12189
724;7;12703
724;8;13160
724;9;13634
724;10;14185
724;11;14203
724;12;14661
724;13;15293
724;14;15815
724;15;15906
724;16;16482
724;17;16510
724;18;16605
724;19;16693
724;20;16818
724;21;16931
724;22;16951
724;23;16979
724;24;17010
724;25;17365
724;26;17368
724;27;17747
724;28;17796
724;29;17856
724;30;17891
724;31;18268
724;32;18270
724;33;18364
724;34;18460
724;35;18480
724;36;18493
724;37;18588
724;38;18949
724;39;18958
724;40;18988
724;41;18993
724;42;19053
724;43;19081
724;44;19112
724;45;19147
724;46;19190
724;47;19205
725;1;13439
725;2;14009
725;3;14100
725;4;14574
725;5;15116
725;6;15233
725;7;15554
725;8;15574
725;9;16137
725;10;16165
725;11;16594
725;12;16707
725;13;17263
725;14;17283
725;15;17839
725;16;17859
725;17;17881
725;18;18277
725;19;18715
725;20;18828
725;21;18846
725;22;18874
725;23;18902
725;24;18947
725;25;18958
725;26;18979
725;27;19074
725;28;19103
725;29;19105
725;30;19113
725;31;19121
725;32;19135
725;33;19155
725;34;19200
725;35;19211
725;36;19213
726;1;9786
726;2;10355
726;3;10787
726;4;10898
726;5;10994
726;6;11624
726;7;12069
726;8;12098
726;9;12542
726;10;13056
726;11;13116
726;12;13194
726;13;13685
726;14;13714
726;15;13735
726;16;13848
726;17;13962
726;18;14454
726;19;14884
726;20;15382
726;21;15402
726;22;15456
726;23;15460
726;24;15519
726;25;16104
726;26;16628
726;27;17215
726;28;17344
726;29;17457
726;30;17553
726;31;17946
726;32;18378
726;33;18489
726;34;18538
726;35;18980
726;36;19002
726;37;19013
726;38;19044
726;39;19103
726;40;19181
726;41;19193
726;42;19194
726;43;19205
727;1;12124
727;2;12637
727;3;12733
727;4;12764
727;5;13379
727;6;13901
727;7;14403
727;8;14861
727;9;14974
727;10;15509
727;11;16080
727;12;16522
727;13;16569
727;14;17145
727;15;17714
727;16;17770
727;17;17824
727;18;17852
727;19;17902
727;20;17944
727;21;17961
727;22;17981
727;23;18016
727;24;18092
727;25;18112
727;26;18595
727;27;18673
727;28;19070
727;29;19130
727;30;19134
727;31;19136
728;1;11051
728;2;11683
728;3;12121
728;4;12153
728;5;12727
728;6;13177
728;7;13226
728;8;13240
728;9;13838
728;10;13858
728;11;14481
728;12;15057
728;13;15605
728;14;16046
728;15;16074
728;16;16518
728;17;16588
728;18;17099
728;19;17668
728;20;17738
728;21;17745
728;22;17791
728;23;18243
728;24;18263
728;25;18358
728;26;18458
728;27;18935
728;28;18970
728;29;19048
728;30;19098
728;31;19106
728;32;19110
728;33;19112
728;34;19121
728;35;19170
728;36;19171
728;37;19213
729;1;12608
729;2;13100
729;3;13640
729;4;14322
729;5;14760
729;6;15146
729;7;15271
729;8;15728
729;9;16216
729;10;16223
729;11;16827
729;12;16935
729;13;16941
729;14;17000
729;15;17095
729;16;17572
729;17;17680
729;18;18214
729;19;18273
729;20;18294
729;21;18881
729;22;18956
729;23;18979
729;24;19010
729;25;19021
729;26;19025
729;27;19074
729;28;19133
729;29;19135
729;30;19136
730;1;10425
730;2;11001
730;3;11550
730;4;12137
730;5;12598
730;6;13221
730;7;13242
730;8;13270
730;9;13846
730;10;13934
730;11;13993
730;12;14528
730;13;14618
730;14;15193
730;15;15616
730;16;16277
730;17;16828
730;18;17320
730;19;17338
730;20;17345
730;21;17356
730;22;17870
730;23;18426
730;24;18452
730;25;18481
730;26;18541
730;27;18600
730;28;18620
730;29;19109
730;30;19111
730;31;19114
730;32;19143
730;33;19155
731;1;10584
731;2;11108
731;3;11583
731;4;12124
731;5;12603
731;6;13172
731;7;13748
731;8;14299
731;9;14412
731;10;14420
731;11;14894
731;12;14981
731;13;15041
731;14;15439
731;15;15534
731;16;15945
731;17;16013
731;18;16041
731;19;16568
731;20;17030
731;21;17505
731;22;17596
731;23;17629
731;24;17972
731;25;18001
731;26;18115
731;27;18187
731;28;18306
731;29;18355
731;30;18364
731;31;18392
731;32;18451
731;33;18463
731;34;18470
731;35;18530
731;36;18548
731;37;19057
731;38;19085
731;39;19111
731;40;19135
732;1;10682
732;2;11174
732;3;11779
732;4;12377
732;5;12913
732;6;13009
732;7;13580
732;8;13693
732;9;13704
732;10;14308
732;11;14455
732;12;15030
732;13;15606
732;14;16153
732;15;16278
732;16;16308
732;17;16759
732;18;17335
732;19;17376
732;20;17814
732;21;17925
732;22;17929
732;23;17947
732;24;17958
732;25;18396
732;26;18474
732;27;19022
732;28;19042
732;29;19053
732;30;19074
732;31;19083
732;32;19103
732;33;19132
732;34;19153
732;35;19162
732;36;19183
732;37;19194
732;38;19205
733;1;10520
733;2;11135
733;3;11627
733;4;12232
733;5;12670
733;6;13260
733;7;13385
733;8;13961
733;9;14417
733;10;14891
733;11;15413
733;12;15444
733;13;15464
733;14;15542
733;15;15631
733;16;16141
733;17;16156
733;18;16251
733;19;16791
733;20;16820
733;21;16840
733;22;17313
733;23;17332
733;24;17899
733;25;18432
733;26;18547
733;27;19011
733;28;19033
733;29;19051
733;30;19111
733;31;19122
733;32;19125
733;33;19155
734;1;14093
734;2;14680
734;3;15310
734;4;15341
734;5;15466
734;6;15958
734;7;16071
734;8;16529
734;9;16547
734;10;16642
734;11;16720
734;12;17212
734;13;17693
734;14;18124
734;15;18237
734;16;18354
734;17;18863
734;18;18892
734;19;18952
734;20;18955
734;21;18972
734;22;19046
734;23;19048
734;24;19068
734;25;19096
734;26;19122
734;27;19125
734;28;19155
735;1;12627
735;2;13196
735;3;13720
735;4;14240
735;5;14365
735;6;14866
735;7;15548
735;8;15574
735;9;16010
735;10;16059
735;11;16070
735;12;16731
735;13;17258
735;14;17276
735;15;17384
735;16;17703
735;17;18308
735;18;18318
735;19;18414
735;20;18830
735;21;18943
735;22;19002
735;23;19098
735;24;19158
735;25;19169
735;26;19193
735;27;19205
736;1;11139
736;2;11597
736;3;12124
736;4;12241
736;5;12253
736;6;12829
736;7;13434
736;8;14032
736;9;14583
736;10;15027
736;11;15045
736;12;15520
736;13;15895
736;14;15916
736;15;16033
736;16;16623
736;17;16719
736;18;16748
736;19;17299
736;20;17607
736;21;18027
736;22;18144
736;23;18203
736;24;18316
736;25;18778
736;26;18903
736;27;18923
736;28;19036
736;29;19085
736;30;19095
736;31;19121
736;32;19126
736;33;19204
736;34;19205
736;35;19213
737;1;9879
737;2;10449
737;3;10923
737;4;11415
737;5;11929
737;6;12276
737;7;12845
737;8;12909
737;9;12958
737;10;13471
737;11;13952
737;12;14069
737;13;14627
737;14;15178
737;15;15224
737;16;15822
737;17;15871
737;18;16451
737;19;16568
737;20;16611
737;21;17088
737;22;17573
737;23;17591
737;24;17669
737;25;17782
737;26;18119
737;27;18236
737;28;18237
737;29;18250
737;30;18252
737;31;18330
737;32;18358
737;33;18388
737;34;18429
737;35;19033
737;36;19087
737;37;19107
737;38;19166
737;39;19199
737;40;19200
737;41;19211
737;42;19213
738;1;14534
738;2;14762
738;3;15444
738;4;15920
738;5;15951
738;6;16010
738;7;16633
738;8;17048
738;9;17060
738;10;17061
738;11;17079
738;12;17192
738;13;17283
738;14;17342
738;15;17802
738;16;17837
738;17;18264
738;18;18353
738;19;18402
738;20;18465
738;21;18467
738;22;18527
738;23;18547
738;24;18565
738;25;19027
738;26;19103
738;27;19152
738;28;19161
738;29;19170
738;30;19171
738;31;19190
738;32;19205
738;33;19213
739;1;12666
739;2;13126
739;3;13646
739;4;13706
739;5;14388
739;6;14833
739;7;15307
739;8;15847
739;9;15935
739;10;15984
739;11;15996
739;12;16572
739;13;16603
739;14;17139
739;15;17651
739;16;18151
739;17;18264
739;18;18784
739;19;18808
739;20;18886
739;21;18893
739;22;18919
739;23;18927
739;24;18956
739;25;18968
739;26;19035
739;27;19113
739;28;19139
739;29;19161
739;30;19170
739;31;19181
739;32;19204
739;33;19213
740;1;13717
740;2;13834
740;3;13959
740;4;14315
740;5;14866
740;6;15548
740;7;15643
740;8;16219
740;9;16766
740;10;17085
740;11;17198
740;12;17276
740;13;17371
740;14;17921
740;15;18012
740;16;18016
740;17;18436
740;18;18486
740;19;18553
740;20;18573
740;21;18623
740;22;18646
740;23;19103
740;24;19133
740;25;19135
741;1;12345
741;2;12458
741;3;12490
741;4;13003
741;5;13441
741;6;13536
741;7;14028
741;8;14048
741;9;14541
741;10;14572
741;11;14998
741;12;15569
741;13;15682
741;14;16156
741;15;16273
741;16;16888
741;17;16961
741;18;17358
741;19;17926
741;20;18495
741;21;18620
741;22;18902
741;23;18969
741;24;19086
741;25;19145
741;26;19168
741;27;19211
741;28;19213
742;1;13437
742;2;13443
742;3;13956
742;4;14543
742;5;14980
742;6;15093
742;7;15531
742;8;16025
742;9;16600
742;10;16641
742;11;16652
742;12;16680
742;13;17085
742;14;17193
742;15;17816
742;16;18308
742;17;18388
742;18;18827
742;19;18853
742;20;18875
742;21;18966
742;22;19026
742;23;19030
742;24;19058
742;25;19069
742;26;19096
742;27;19131
742;28;19174
742;29;19180
742;30;19202
742;31;19213
743;1;11303
743;2;11775
743;3;11845
743;4;11958
743;5;12534
743;6;12584
743;7;13199
743;8;13255
743;9;13768
743;10;14243
743;11;14297
743;12;14764
743;13;14881
743;14;15418
743;15;15543
743;16;16057
743;17;16662
743;18;16694
743;19;17245
743;20;17265
743;21;17378
743;22;17399
743;23;17804
743;24;17864
743;25;17989
743;26;18469
743;27;18489
743;28;18585
743;29;18644
743;30;18645
743;31;19127
743;32;19135
743;33;19136
744;1;12926
744;2;13450
744;3;13510
744;4;14024
744;5;14132
744;6;14597
744;7;14608
744;8;15258
744;9;15809
744;10;16269
744;11;16744
744;12;16839
744;13;17361
744;14;17396
744;15;17752
744;16;17781
744;17;17886
744;18;18462
744;19;18971
744;20;18997
744;21;19092
744;22;19151
744;23;19162
744;24;19205
745;1;11778
745;2;12354
745;3;12382
745;4;12986
745;5;13500
745;6;14013
745;7;14427
745;8;14940
745;9;15460
745;10;16050
745;11;16081
745;12;16622
745;13;17133
745;14;17161
745;15;17179
745;16;17292
745;17;17843
745;18;17893
745;19;18010
745;20;18501
745;21;18505
745;22;18516
745;23;18525
745;24;18554
745;25;18988
745;26;19099
745;27;19120
745;28;19124
745;29;19126
745;30;19135
746;1;14988
746;2;15502
746;3;15533
746;4;15963
746;5;16080
746;6;16599
746;7;16628
746;8;16646
746;9;16652
746;10;16683
746;11;16703
746;12;17182
746;13;17194
746;14;17281
746;15;17857
746;16;17974
746;17;18514
746;18;18563
746;19;19016
746;20;19027
746;21;19040
746;22;19075
746;23;19077
746;24;19106
746;25;19123
746;26;19127
746;27;19147
746;28;19190
746;29;19191
746;30;19193
746;31;19205
747;1;11039
747;2;11559
747;3;12128
747;4;12743
747;5;12774
747;6;13294
747;7;13323
747;8;13815
747;9;14366
747;10;14483
747;11;15070
747;12;15547
747;13;15992
747;14;16653
747;15;16654
747;16;17106
747;17;17710
747;18;17827
747;19;18286
747;20;18327
747;21;18800
747;22;18913
747;23;18934
747;24;18949
747;25;18984
747;26;19080
747;27;19088
747;28;19148
747;29;19149
747;30;19155
747;31;19175
747;32;19205
748;1;13383
748;2;13985
748;3;14098
748;4;14577
748;5;14595
748;6;15136
748;7;15533
748;8;16046
748;9;16163
748;10;16733
748;11;16762
748;12;17247
748;13;17697
748;14;18238
748;15;18267
748;16;18697
748;17;18757
748;18;18785
748;19;18889
748;20;18939
748;21;18947
748;22;18957
748;23;18961
748;24;19074
748;25;19107
748;26;19117
748;27;19127
748;28;19135
749;1;13951
749;2;14064
749;3;14662
749;4;15231
749;5;15671
749;6;16035
749;7;16324
749;8;16342
749;9;16387
749;10;16963
749;11;17076
749;12;17539
749;13;17543
749;14;17997
749;15;18057
749;16;18085
749;17;18103
749;18;18220
749;19;18270
749;20;18321
749;21;18338
749;22;18341
749;23;18365
749;24;18373
749;25;18988
749;26;19066
749;27;19087
749;28;19107
749;29;19118
749;30;19127
749;31;19136
749;32;19164
749;33;19181
749;34;19194
749;35;19204
749;36;19205
750;1;12647
750;2;12760
750;3;13198
750;4;13258
750;5;13306
750;6;13882
750;7;13931
750;8;14529
750;9;15076
750;10;15680
750;11;15721
750;12;16256
750;13;16279
750;14;16753
750;15;16784
750;16;16879
750;17;17341
750;18;17432
750;19;17843
750;20;17863
750;21;17891
750;22;18266
750;23;18295
750;24;18870
750;25;18975
750;26;19042
750;27;19083
750;28;19088
750;29;19089
750;30;19106
750;31;19110
750;32;19113
750;33;19115
750;34;19127
751;1;12265
751;2;12812
751;3;12840
751;4;13522
751;5;14057
751;6;14106
751;7;14147
751;8;14533
751;9;15060
751;10;15665
751;11;16129
751;12;16587
751;13;16663
751;14;17177
751;15;17206
751;16;17235
751;17;17266
751;18;17662
751;19;18017
751;20;18052
751;21;18628
751;22;18736
751;23;18777
751;24;18890
751;25;18894
751;26;18912
751;27;18971
751;28;18989
751;29;19058
751;30;19101
751;31;19105
751;32;19140
751;33;19162
751;34;19181
751;35;19205
752;1;11769
752;2;11800
752;3;11925
752;4;12003
752;5;12495
752;6;12511
752;7;12540
752;8;13096
752;9;13191
752;10;13219
752;11;13327
752;12;13925
752;13;14398
752;14;14523
752;15;14997
752;16;15017
752;17;15640
752;18;16152
752;19;16648
752;20;17123
752;21;17144
752;22;17252
752;23;17726
752;24;18220
752;25;18328
752;26;18366
752;27;18378
752;28;18462
752;29;18482
752;30;18542
752;31;18552
752;32;18945
752;33;19050
752;34;19054
752;35;19064
752;36;19113
752;37;19133
752;38;19135
753;1;11457
753;2;12080
753;3;12594
753;4;12624
753;5;13062
753;6;13632
753;7;14075
753;8;14549
753;9;15087
753;10;15113
753;11;15226
753;12;15315
753;13;15917
753;14;15948
753;15;15976
753;16;16574
753;17;17096
753;18;17114
753;19;17686
753;20;18262
753;21;18263
753;22;18878
753;23;18954
753;24;19003
753;25;19063
753;26;19064
753;27;19068
753;28;19086
753;29;19127
754;1;11365
754;2;11963
754;3;12464
754;4;12915
754;5;13073
754;6;13678
754;7;13696
754;8;13813
754;9;14239
754;10;14353
754;11;14904
754;12;15017
754;13;15074
754;14;15596
754;15;15995
754;16;16571
754;17;16612
754;18;17036
754;19;17081
754;20;17122
754;21;17535
754;22;18150
754;23;18263
754;24;18333
754;25;18393
754;26;18394
754;27;18507
754;28;18881
754;29;18892
754;30;18900
754;31;18933
754;32;19047
754;33;19058
754;34;19117
754;35;19135
754;36;19136
755;1;12005
755;2;12478
755;3;13110
755;4;13223
755;5;13884
755;6;13936
755;7;14473
755;8;14803
755;9;14916
755;10;15024
755;11;15537
755;12;16084
755;13;16122
755;14;16556
755;15;16573
755;16;16669
755;17;17183
755;18;17710
755;19;17736
755;20;17849
755;21;18300
755;22;18417
755;23;18477
755;24;18506
755;25;18986
755;26;19005
755;27;19100
755;28;19108
755;29;19129
755;30;19138
755;31;19158
755;32;19161
755;33;19181
755;34;19191
755;35;19211
755;36;19213
756;1;10169
756;2;10784
756;3;10898
756;4;11376
756;5;11489
756;6;12059
756;7;12664
756;8;12713
756;9;13336
756;10;13823
756;11;14267
756;12;14807
756;13;14836
756;14;15426
756;15;15453
756;16;15989
756;17;16048
756;18;16594
756;19;16614
756;20;17072
756;21;17114
756;22;17132
756;23;17167
756;24;17718
756;25;17831
756;26;17835
756;27;17858
756;28;18260
756;29;18271
756;30;18335
756;31;18911
756;32;18915
756;33;18946
756;34;18964
756;35;18966
756;36;18997
756;37;19025
756;38;19076
756;39;19102
756;40;19111
756;41;19135
757;1;12110
757;2;12661
757;3;13079
757;4;13108
757;5;13585
757;6;14175
757;7;14726
757;8;15346
757;9;15441
757;10;15482
757;11;15500
757;12;16123
757;13;16172
757;14;16626
757;15;17140
757;16;17716
757;17;17784
757;18;18134
757;19;18229
757;20;18245
757;21;18278
757;22;18304
757;23;18319
757;24;18407
757;25;18433
757;26;18476
757;27;18487
757;28;18575
757;29;18584
757;30;18593
757;31;19118
757;32;19164
758;1;11259
758;2;11290
758;3;11728
758;4;12202
758;5;12743
758;6;12771
758;7;13284
758;8;13859
758;9;13894
758;10;14352
758;11;14510
758;12;14900
758;13;15424
758;14;15779
758;15;15797
758;16;15798
758;17;15829
758;18;15870
758;19;16028
758;20;16503
758;21;16557
758;22;16580
758;23;16616
758;24;16626
758;25;17124
758;26;17135
758;27;17252
758;28;17365
758;29;17793
758;30;17853
758;31;17880
758;32;17927
758;33;18044
758;34;18093
758;35;18467
758;36;18803
758;37;18920
758;38;18938
758;39;18966
758;40;19026
758;41;19085
758;42;19111
758;43;19126
758;44;19127
759;1;13741
759;2;13770
759;3;14354
759;4;14905
759;5;15397
759;6;15428
759;7;15938
759;8;16034
759;9;16610
759;10;17185
759;11;17298
759;12;17375
759;13;17893
759;14;17953
759;15;18064
759;16;18113
759;17;18495
759;18;18578
759;19;19041
759;20;19046
759;21;19087
759;22;19091
759;23;19204
759;24;19205
760;1;14490
760;2;14886
760;3;14948
760;4;15475
760;5;16055
760;6;16115
760;7;16228
760;8;16634
760;9;16747
760;10;16758
760;11;17244
760;12;17355
760;13;17386
760;14;17813
760;15;17862
760;16;17890
760;17;17907
760;18;17911
760;19;18007
760;20;18056
760;21;18074
760;22;18470
760;23;18492
760;24;18510
760;25;19079
760;26;19081
760;27;19140
760;28;19143
760;29;19155
761;1;13161
761;2;13249
761;3;13724
761;4;13750
761;5;13779
761;6;14136
761;7;14195
761;8;14579
761;9;14687
761;10;14718
761;11;14786
761;12;14881
761;13;15428
761;14;15541
761;15;15556
761;16;16000
761;17;16402
761;18;16560
761;19;16620
761;20;16655
761;21;16673
761;22;17132
761;23;17243
761;24;17321
761;25;17646
761;26;18215
761;27;18297
761;28;18350
761;29;18410
761;30;18431
761;31;18486
761;32;18535
761;33;18566
761;34;18575
761;35;18632
761;36;18667
761;37;19014
761;38;19016
761;39;19034
761;40;19081
761;41;19093
761;42;19124
761;43;19134
761;44;19136
762;1;11968
762;2;12441
762;3;13031
762;4;13469
762;5;13483
762;6;13561
762;7;13656
762;8;14241
762;9;14311
762;10;14372
762;11;14941
762;12;15492
762;13;16011
762;14;16641
762;15;16754
762;16;16782
762;17;17231
762;18;17716
762;19;17841
762;20;17958
762;21;18304
762;22;18429
762;23;18525
762;24;19017
762;25;19045
762;26;19066
762;27;19083
762;28;19103
762;29;19127
763;1;12342
763;2;13003
763;3;13091
763;4;13122
763;5;13181
763;6;13241
763;7;13708
763;8;14183
763;9;14579
763;10;15166
763;11;15655
763;12;15741
763;13;15854
763;14;15945
763;15;16496
763;16;16513
763;17;17103
763;18;17198
763;19;17229
763;20;17745
763;21;17804
763;22;18163
763;23;18192
763;24;18309
763;25;18374
763;26;18403
763;27;18434
763;28;18870
763;29;18872
763;30;18922
763;31;18932
763;32;19028
763;33;19045
763;34;19056
763;35;19062
763;36;19112
763;37;19136
764;1;13915
764;2;14301
764;3;14803
764;4;15257
764;5;15275
764;6;15324
764;7;15816
764;8;16388
764;9;16399
764;10;16928
764;11;17403
764;12;17520
764;13;17546
764;14;17575
764;15;17644
764;16;18220
764;17;18238
764;18;18584
764;19;18594
764;20;18707
764;21;18824
764;22;18836
764;23;18872
764;24;18890
764;25;18923
764;26;18943
764;27;19002
764;28;19077
764;29;19126
764;30;19127
765;1;11647
765;2;12162
765;3;12276
765;4;12751
765;5;13320
765;6;13374
765;7;13413
765;8;13919
765;9;14466
765;10;14501
765;11;15052
765;12;15592
765;13;16113
765;14;16551
765;15;16621
765;16;16667
765;17;16714
765;18;17304
765;19;17333
765;20;17446
765;21;17466
765;22;17484
765;23;17996
765;24;18546
765;25;18567
765;26;19059
765;27;19079
765;28;19097
765;29;19109
765;30;19127
766;1;11957
766;2;12589
766;3;13140
766;4;13794
766;5;14370
766;6;14905
766;7;15022
766;8;15416
766;9;15451
766;10;15500
766;11;15876
766;12;15935
766;13;16005
766;14;16072
766;15;16670
766;16;17241
766;17;17259
766;18;17309
766;19;17707
766;20;17710
766;21;18173
766;22;18257
766;23;18382
766;24;18477
766;25;18487
766;26;18578
766;27;18582
766;28;18589
766;29;18611
766;30;18640
766;31;18974
766;32;19063
766;33;19106
766;34;19134
766;35;19141
766;36;19175
766;37;19185
766;38;19205
767;1;14192
767;2;14853
767;3;15429
767;4;15784
767;5;15827
767;6;15847
767;7;16247
767;8;16816
767;9;17342
767;10;17370
767;11;17755
767;12;17776
767;13;17893
767;14;18474
767;15;18509
767;16;18518
767;17;18549
767;18;18577
767;19;18603
767;20;18617
767;21;18632
767;22;18652
767;23;18656
767;24;18676
767;25;18708
767;26;19105
767;27;19122
767;28;19180
767;29;19200
767;30;19211
767;31;19213
768;1;12793
768;2;13344
768;3;13826
768;4;13857
768;5;14371
768;6;14764
768;7;14878
768;8;14991
768;9;15459
768;10;15951
768;11;16068
768;12;16094
768;13;16573
768;14;16731
768;15;17205
768;16;17236
768;17;17277
768;18;17336
768;19;17779
768;20;17892
768;21;18413
768;22;18452
768;23;18472
768;24;18508
768;25;19031
768;26;19122
768;27;19133
768;28;19141
768;29;19143
768;30;19155
769;1;14793
769;2;14888
769;3;15457
769;4;15897
769;5;16468
769;6;16488
769;7;16605
769;8;17097
769;9;17138
769;10;17736
769;11;17786
769;12;17835
769;13;18363
769;14;18404
769;15;18453
769;16;18548
769;17;19065
769;18;19074
769;19;19124
769;20;19135
770;1;12392
770;2;12932
770;3;12961
770;4;13566
770;5;13607
770;6;14110
770;7;14679
770;8;14738
770;9;15212
770;10;15290
770;11;15814
770;12;16306
770;13;16799
770;14;16881
770;15;16907
770;16;16921
770;17;17501
770;18;17530
770;19;18037
770;20;18066
770;21;18445
770;22;18504
770;23;18985
770;24;19014
770;25;19045
770;26;19073
770;27;19084
770;28;19105
770;29;19125
770;30;19164
770;31;19175
770;32;19195
770;33;19213
771;1;12138
771;2;12652
771;3;13059
771;4;13087
771;5;13567
771;6;13663
771;7;14267
771;8;14392
771;9;14897
771;10;15579
771;11;16072
771;12;16648
771;13;17250
771;14;17336
771;15;17381
771;16;17399
771;17;17489
771;18;17507
771;19;17868
771;20;17927
771;21;17945
771;22;18547
771;23;18553
771;24;18962
771;25;19075
771;26;19104
771;27;19105
771;28;19109
771;29;19126
771;30;19127
772;1;11806
772;2;12375
772;3;12424
772;4;12494
772;5;12515
772;6;12544
772;7;13113
772;8;13774
772;9;13852
772;10;14391
772;11;14410
772;12;14884
772;13;15355
772;14;15482
772;15;15513
772;16;15630
772;17;15725
772;18;16128
772;19;16608
772;20;17184
772;21;17295
772;22;17372
772;23;17387
772;24;17901
772;25;18353
772;26;18373
772;27;18440
772;28;18469
772;29;19015
772;30;19044
772;31;19074
772;32;19093
772;33;19110
772;34;19112
772;35;19127
773;1;11527
773;2;11644
773;3;12249
773;4;12734
773;5;13256
773;6;13825
773;7;13846
773;8;14450
773;9;14969
773;10;15000
773;11;15473
773;12;15598
773;13;16137
773;14;16713
773;15;16733
773;16;17415
773;17;17853
773;18;17854
773;19;17872
773;20;18270
773;21;18311
773;22;18407
773;23;18416
773;24;18486
773;25;18514
773;26;18545
773;27;18948
773;28;19047
773;29;19084
773;30;19143
773;31;19155
774;1;11797
774;2;12420
774;3;12511
774;4;13109
774;5;13741
774;6;13767
774;7;14337
774;8;14906
774;9;15521
774;10;16111
774;11;16236
774;12;16254
774;13;16698
774;14;16733
774;15;16782
774;16;17183
774;17;17585
774;18;17658
774;19;17686
774;20;17794
774;21;18245
774;22;18358
774;23;18397
774;24;18774
774;25;18817
774;26;18843
774;27;18855
774;28;18972
774;29;19032
774;30;19046
774;31;19050
774;32;19130
774;33;19189
774;34;19190
774;35;19205
775;1;11365
775;2;11941
775;3;11959
775;4;12417
775;5;12965
775;6;13472
775;7;14024
775;8;14149
775;9;14587
775;10;15025
775;11;15138
775;12;15665
775;13;16039
775;14;16060
775;15;16061
775;16;16624
775;17;17193
775;18;17222
775;19;17330
775;20;17898
775;21;18363
775;22;18452
775;23;18467
775;24;18807
775;25;18828
775;26;18861
775;27;18870
775;28;18893
775;29;18904
775;30;18964
775;31;19023
775;32;19058
775;33;19149
775;34;19169
775;35;19171
775;36;19190
775;37;19194
775;38;19205
776;1;12329
776;2;12856
776;3;13486
776;4;13977
776;5;14547
776;6;15039
776;7;15553
776;8;16075
776;9;16560
776;10;17136
776;11;17594
776;12;18135
776;13;18166
776;14;18260
776;15;18266
776;16;18361
776;17;18410
776;18;18535
776;19;18570
776;20;18601
776;21;18644
776;22;18645
776;23;19023
776;24;19106
776;25;19136
777;1;13845
777;2;13940
777;3;14319
777;4;14792
777;5;15424
777;6;15549
777;7;16100
777;8;16574
777;9;17172
777;10;17267
777;11;17776
777;12;17836
777;13;17839
777;14;17860
777;15;18296
777;16;18314
777;17;18821
777;18;18836
777;19;18895
777;20;18999
777;21;19076
777;22;19094
777;23;19112
777;24;19135
778;1;13124
778;2;13582
778;3;14060
778;4;14080
778;5;14511
778;6;15080
778;7;15101
778;8;15677
778;9;15790
778;10;15872
778;11;15898
778;12;16386
778;13;16878
778;14;17224
778;15;17726
778;16;17744
778;17;17861
778;18;17873
778;19;18278
778;20;18395
778;21;18396
778;22;18411
778;23;18448
778;24;18925
778;25;19083
778;26;19094
778;27;19172
778;28;19205
779;1;11848
779;2;12340
779;3;12453
779;4;13029
779;5;13664
779;6;14191
779;7;14778
779;8;15329
779;9;15370
779;10;15466
779;11;16035
779;12;16039
779;13;16637
779;14;17209
779;15;17322
779;16;17750
779;17;17803
779;18;18213
779;19;18273
779;20;18295
779;21;18313
779;22;18408
779;23;18426
779;24;18436
779;25;18485
779;26;18511
779;27;18522
779;28;18551
779;29;18561
779;30;19032
779;31;19082
779;32;19102
779;33;19105
779;34;19114
779;35;19126
780;1;13148
780;2;13181
780;3;13768
780;4;13797
780;5;13826
780;6;14428
780;7;14488
780;8;14728
780;9;15410
780;10;15518
780;11;15549
780;12;15569
780;13;15660
780;14;15671
780;15;16230
780;16;16259
780;17;16288
780;18;16757
780;19;17200
780;20;17471
780;21;17506
780;22;17537
780;23;17599
780;24;17707
780;25;18283
780;26;18342
780;27;18368
780;28;18402
780;29;18428
780;30;18451
780;31;18466
780;32;18470
780;33;18484
780;34;18511
780;35;18935
780;36;18969
780;37;19065
780;38;19071
780;39;19184
780;40;19204
780;41;19205
781;1;15655
781;2;16130
781;3;16728
781;4;16842
781;5;16955
781;6;17276
781;7;17287
781;8;17851
781;9;17909
781;10;17929
781;11;17957
781;12;17961
781;13;17972
781;14;17981
781;15;18007
781;16;18087
781;17;18525
781;18;18874
781;19;18929
781;20;18949
781;21;18980
781;22;18989
781;23;19000
781;24;19045
781;25;19094
781;26;19105
781;27;19109
781;28;19115
781;29;19129
781;30;19133
781;31;19135
