run_id;iteration;points
1;1;10365
1;2;10823
1;3;11187
1;4;11261
1;5;11288
1;6;11307
1;7;11681
1;8;11698
1;9;11802
1;10;12277
1;11;12303
1;12;12374
1;13;12695
1;14;13209
1;15;13625
1;16;13641
1;17;13660
1;18;14008
1;19;14059
1;20;14066
1;21;14103
1;22;14120
1;23;14129
1;24;14362
1;25;14400
1;26;14495
1;27;14526
1;28;14540
1;29;14562
1;30;14621
1;31;14647
1;32;14683
1;33;14696
1;34;14700
1;35;14742
1;36;14747
1;37;15260
1;38;15265
1;39;15282
1;40;15301
1;41;15387
1;42;15417
1;43;15432
1;44;15434
1;45;15481
1;46;15521
1;47;15540
1;48;15549
1;49;15553
2;1;11518
2;2;11876
2;3;12271
2;4;12623
2;5;12718
2;6;13141
2;7;13227
2;8;13246
2;9;13341
2;10;13720
2;11;14025
2;12;14041
2;13;14047
2;14;14079
2;15;14112
2;16;14175
2;17;14220
2;18;14227
2;19;14232
2;20;14707
2;21;14731
2;22;14748
2;23;14775
2;24;14822
2;25;14841
2;26;14916
2;27;14929
2;28;15278
2;29;15313
2;30;15344
2;31;15395
2;32;15410
2;33;15412
2;34;15437
2;35;15453
2;36;15498
2;37;15504
2;38;15530
2;39;15548
2;40;15561
2;41;15562
3;1;10304
3;2;10796
3;3;10833
3;4;11242
3;5;11587
3;6;11632
3;7;12031
3;8;12048
3;9;12085
3;10;12455
3;11;12497
3;12;12523
3;13;12850
3;14;13380
3;15;13799
3;16;13870
3;17;13921
3;18;13958
3;19;13972
3;20;14002
3;21;14252
3;22;14294
3;23;14296
3;24;14657
3;25;14676
3;26;14711
3;27;14723
3;28;14798
3;29;14820
3;30;15098
3;31;15111
3;32;15113
3;33;15175
3;34;15200
3;35;15250
3;36;15260
3;37;15277
3;38;15304
3;39;15313
3;40;15339
3;41;15345
3;42;15366
3;43;15392
3;44;15394
3;45;15413
3;46;15414
3;47;15476
3;48;15478
3;49;15511
3;50;15528
3;51;15544
3;52;15585
4;1;11433
4;2;11965
4;3;11991
4;4;12532
4;5;12557
4;6;12982
4;7;13304
4;8;13605
4;9;13679
4;10;14066
4;11;14411
4;12;14441
4;13;14911
4;14;14951
4;15;14993
4;16;15011
4;17;15072
4;18;15089
4;19;15129
4;20;15150
4;21;15197
4;22;15216
4;23;15253
4;24;15278
4;25;15280
4;26;15298
4;27;15329
4;28;15334
4;29;15361
4;30;15447
4;31;15473
4;32;15486
4;33;15503
4;34;15530
4;35;15535
4;36;15548
4;37;15561
5;1;9885
5;2;10238
5;3;10251
5;4;10611
5;5;11015
5;6;11048
5;7;11457
5;8;11821
5;9;11863
5;10;11900
5;11;12263
5;12;12744
5;13;12761
5;14;13143
5;15;13170
5;16;13184
5;17;13220
5;18;13246
5;19;13272
5;20;13319
5;21;13765
5;22;13893
5;23;13930
5;24;14404
5;25;14753
5;26;14790
5;27;14806
5;28;14823
5;29;14854
5;30;14879
5;31;14905
5;32;14964
5;33;15076
5;34;15086
5;35;15112
5;36;15130
5;37;15143
5;38;15144
5;39;15181
5;40;15182
5;41;15199
5;42;15440
5;43;15507
5;44;15540
5;45;15552
5;46;15566
5;47;15585
6;1;10327
6;2;10344
6;3;10697
6;4;11096
6;5;11445
6;6;11470
6;7;11515
6;8;11938
6;9;12252
6;10;12588
6;11;13040
6;12;13192
6;13;13388
6;14;13431
6;15;13509
6;16;13583
6;17;14064
6;18;14115
6;19;14227
6;20;14260
6;21;14305
6;22;14434
6;23;14466
6;24;14479
6;25;14842
6;26;14920
6;27;14925
6;28;14964
6;29;15254
6;30;15269
6;31;15273
6;32;15292
6;33;15296
6;34;15363
6;35;15388
6;36;15407
6;37;15438
6;38;15464
6;39;15478
6;40;15497
6;41;15502
6;42;15544
6;43;15585
7;1;11529
7;2;11553
7;3;11573
7;4;12089
7;5;12579
7;6;12630
7;7;12667
7;8;12709
7;9;13126
7;10;13582
7;11;14050
7;12;14155
7;13;14507
7;14;14784
7;15;14824
7;16;14875
7;17;14892
7;18;14916
7;19;14937
7;20;14974
7;21;15000
7;22;15019
7;23;15032
7;24;15144
7;25;15186
7;26;15228
7;27;15262
7;28;15291
7;29;15328
7;30;15345
7;31;15371
7;32;15382
7;33;15403
7;34;15411
7;35;15424
7;36;15429
7;37;15445
7;38;15464
7;39;15473
7;40;15490
7;41;15522
7;42;15566
7;43;15585
8;1;11795
8;2;11854
8;3;12207
8;4;12212
8;5;12237
8;6;12247
8;7;12712
8;8;12778
8;9;12826
8;10;13280
8;11;13372
8;12;13845
8;13;13885
8;14;13899
8;15;14250
8;16;14502
8;17;14529
8;18;14565
8;19;14651
8;20;14683
8;21;15047
8;22;15065
8;23;15090
8;24;15111
8;25;15116
8;26;15134
8;27;15144
8;28;15203
8;29;15266
8;30;15275
8;31;15317
8;32;15336
8;33;15384
8;34;15403
8;35;15442
8;36;15474
8;37;15484
8;38;15521
8;39;15536
8;40;15554
8;41;15567
8;42;15585
9;1;11065
9;2;11160
9;3;11687
9;4;11717
9;5;12157
9;6;12189
9;7;12606
9;8;12698
9;9;12724
9;10;13268
9;11;13521
9;12;13545
9;13;13573
9;14;13599
9;15;13627
9;16;13993
9;17;14067
9;18;14096
9;19;14115
9;20;14509
9;21;14514
9;22;14517
9;23;14568
9;24;14610
9;25;14618
9;26;14660
9;27;15056
9;28;15061
9;29;15120
9;30;15139
9;31;15173
9;32;15203
9;33;15227
9;34;15275
9;35;15277
9;36;15305
9;37;15317
9;38;15322
9;39;15329
9;40;15355
9;41;15369
9;42;15395
9;43;15413
9;44;15424
9;45;15445
9;46;15448
9;47;15464
9;48;15474
9;49;15491
9;50;15518
9;51;15530
9;52;15549
10;1;12367
10;2;12375
10;3;12786
10;4;12845
10;5;12876
10;6;12932
10;7;12939
10;8;12975
10;9;13017
10;10;13056
10;11;13101
10;12;13359
10;13;13365
10;14;13710
10;15;13752
10;16;13766
10;17;14165
10;18;14260
10;19;14671
10;20;14703
10;21;14745
10;22;14777
10;23;14813
10;24;15166
10;25;15185
10;26;15233
10;27;15274
10;28;15275
10;29;15300
10;30;15310
10;31;15332
10;32;15333
10;33;15363
10;34;15373
10;35;15410
10;36;15427
10;37;15443
10;38;15460
10;39;15476
10;40;15509
10;41;15525
10;42;15546
10;43;15562
11;1;9444
11;2;9465
11;3;9945
11;4;9977
11;5;10281
11;6;10382
11;7;10874
11;8;11219
11;9;11245
11;10;11287
11;11;11666
11;12;11706
11;13;12038
11;14;12511
11;15;12553
11;16;12579
11;17;12873
11;18;12924
11;19;13375
11;20;13736
11;21;13989
11;22;14064
11;23;14106
11;24;14140
11;25;14182
11;26;14517
11;27;14591
11;28;14666
11;29;14677
11;30;14690
11;31;14707
11;32;14733
11;33;14774
11;34;14779
11;35;14781
11;36;14786
11;37;14790
11;38;14981
11;39;14995
11;40;15007
11;41;15069
11;42;15090
11;43;15104
11;44;15163
11;45;15165
11;46;15171
11;47;15192
11;48;15201
11;49;15246
11;50;15269
11;51;15332
11;52;15345
11;53;15409
11;54;15416
11;55;15466
11;56;15480
11;57;15493
11;58;15501
11;59;15506
11;60;15525
11;61;15527
11;62;15544
11;63;15585
12;1;10121
12;2;10135
12;3;10719
12;4;10871
12;5;11194
12;6;11422
12;7;11488
12;8;11675
12;9;11731
12;10;12183
12;11;12675
12;12;13098
12;13;13491
12;14;13843
12;15;13918
12;16;14271
12;17;14294
12;18;14630
12;19;14672
12;20;14711
12;21;14744
12;22;14763
12;23;14814
12;24;14863
12;25;14876
12;26;14906
12;27;14923
12;28;15297
12;29;15323
12;30;15354
12;31;15365
12;32;15368
12;33;15380
12;34;15394
12;35;15402
12;36;15409
12;37;15430
12;38;15461
12;39;15477
12;40;15510
12;41;15521
12;42;15540
12;43;15564
12;44;15585
13;1;9447
13;2;9856
13;3;9872
13;4;9894
13;5;10364
13;6;10459
13;7;10802
13;8;10876
13;9;10939
13;10;11356
13;11;11883
13;12;11896
13;13;11941
13;14;12116
13;15;12179
13;16;12605
13;17;12697
13;18;12718
13;19;13037
13;20;13056
13;21;13202
13;22;13474
13;23;13487
13;24;13852
13;25;13938
13;26;14039
13;27;14347
13;28;14372
13;29;14403
13;30;14451
13;31;14478
13;32;14895
13;33;14916
13;34;14957
13;35;15031
13;36;15126
13;37;15152
13;38;15169
13;39;15184
13;40;15186
13;41;15211
13;42;15262
13;43;15321
13;44;15342
13;45;15369
13;46;15395
13;47;15432
13;48;15433
13;49;15456
13;50;15480
13;51;15498
13;52;15512
13;53;15525
13;54;15526
13;55;15544
14;1;10638
14;2;10667
14;3;11012
14;4;11371
14;5;11856
14;6;11883
14;7;12141
14;8;12146
14;9;12165
14;10;12692
14;11;12718
14;12;13001
14;13;13022
14;14;13042
14;15;13421
14;16;13867
14;17;13933
14;18;13970
14;19;14157
14;20;14574
14;21;14593
14;22;14604
14;23;14623
14;24;14668
14;25;15055
14;26;15071
14;27;15082
14;28;15141
14;29;15176
14;30;15226
14;31;15245
14;32;15248
14;33;15253
14;34;15285
14;35;15294
14;36;15312
14;37;15313
14;38;15339
14;39;15360
14;40;15362
14;41;15380
14;42;15406
14;43;15436
14;44;15441
14;45;15514
14;46;15521
14;47;15547
14;48;15566
14;49;15585
15;1;11449
15;2;11859
15;3;12243
15;4;12308
15;5;12334
15;6;12352
15;7;12444
15;8;12811
15;9;13238
15;10;13309
15;11;13619
15;12;13927
15;13;13941
15;14;13962
15;15;13970
15;16;14071
15;17;14563
15;18;14697
15;19;14742
15;20;14784
15;21;15061
15;22;15108
15;23;15121
15;24;15163
15;25;15182
15;26;15238
15;27;15255
15;28;15262
15;29;15295
15;30;15300
15;31;15324
15;32;15342
15;33;15365
15;34;15378
15;35;15397
15;36;15429
15;37;15452
15;38;15478
15;39;15497
15;40;15500
15;41;15521
15;42;15562
16;1;11890
16;2;11965
16;3;12383
16;4;12800
16;5;12835
16;6;13252
16;7;13270
16;8;13735
16;9;14160
16;10;14513
16;11;14518
16;12;14917
16;13;14931
16;14;14962
16;15;14999
16;16;15009
16;17;15028
16;18;15060
16;19;15078
16;20;15081
16;21;15173
16;22;15191
16;23;15228
16;24;15244
16;25;15253
16;26;15266
16;27;15272
16;28;15298
16;29;15311
16;30;15330
16;31;15338
16;32;15344
16;33;15346
16;34;15405
16;35;15424
16;36;15443
16;37;15469
16;38;15493
16;39;15526
16;40;15531
16;41;15554
16;42;15567
16;43;15585
17;1;10037
17;2;10529
17;3;10592
17;4;10623
17;5;10956
17;6;10984
17;7;11070
17;8;11122
17;9;11560
17;10;11932
17;11;11983
17;12;12392
17;13;12443
17;14;12544
17;15;12821
17;16;12840
17;17;13170
17;18;13595
17;19;13907
17;20;13925
17;21;14018
17;22;14110
17;23;14122
17;24;14517
17;25;14573
17;26;14594
17;27;14657
17;28;14683
17;29;14718
17;30;14737
17;31;14739
17;32;14752
17;33;15176
17;34;15179
17;35;15182
17;36;15201
17;37;15276
17;38;15302
17;39;15306
17;40;15348
17;41;15390
17;42;15441
17;43;15472
17;44;15488
17;45;15501
17;46;15503
17;47;15504
17;48;15507
17;49;15530
17;50;15543
17;51;15562
18;1;12404
18;2;12418
18;3;12437
18;4;12538
18;5;12900
18;6;13343
18;7;13362
18;8;13365
18;9;13389
18;10;13863
18;11;14333
18;12;14373
18;13;14403
18;14;14448
18;15;14480
18;16;14497
18;17;14522
18;18;14979
18;19;15344
18;20;15367
18;21;15377
18;22;15382
18;23;15386
18;24;15403
18;25;15429
18;26;15445
18;27;15447
18;28;15471
18;29;15487
18;30;15508
18;31;15521
18;32;15526
18;33;15544
18;34;15585
19;1;10684
19;2;10708
19;3;11207
19;4;11224
19;5;11602
19;6;11927
19;7;12289
19;8;12693
19;9;12720
19;10;12747
19;11;12782
19;12;12845
19;13;13358
19;14;13374
19;15;13411
19;16;13598
19;17;13624
19;18;13998
19;19;14027
19;20;14042
19;21;14068
19;22;14089
19;23;14446
19;24;14471
19;25;14882
19;26;14901
19;27;14902
19;28;14915
19;29;15216
19;30;15261
19;31;15264
19;32;15282
19;33;15296
19;34;15331
19;35;15373
19;36;15399
19;37;15426
19;38;15431
19;39;15449
19;40;15454
19;41;15510
19;42;15534
19;43;15552
19;44;15585
20;1;12496
20;2;12559
20;3;12564
20;4;12589
20;5;12615
20;6;12978
20;7;13023
20;8;13070
20;9;13469
20;10;13491
20;11;13817
20;12;14253
20;13;14302
20;14;14681
20;15;14697
20;16;14710
20;17;14738
20;18;14743
20;19;14746
20;20;14793
20;21;14799
20;22;14830
20;23;15191
20;24;15200
20;25;15211
20;26;15228
20;27;15323
20;28;15342
20;29;15401
20;30;15403
20;31;15423
20;32;15428
20;33;15452
20;34;15484
20;35;15519
20;36;15521
20;37;15534
20;38;15566
20;39;15585
21;1;11235
21;2;11700
21;3;11801
21;4;12205
21;5;12685
21;6;12759
21;7;12822
21;8;13255
21;9;13259
21;10;13676
21;11;13709
21;12;13772
21;13;14103
21;14;14468
21;15;14484
21;16;14748
21;17;14840
21;18;14869
21;19;14895
21;20;14955
21;21;14968
21;22;15000
21;23;15075
21;24;15106
21;25;15157
21;26;15183
21;27;15202
21;28;15215
21;29;15232
21;30;15248
21;31;15255
21;32;15281
21;33;15302
21;34;15349
21;35;15380
21;36;15397
21;37;15402
21;38;15441
21;39;15451
21;40;15468
21;41;15483
21;42;15488
21;43;15509
21;44;15526
21;45;15544
22;1;11518
22;2;11995
22;3;12011
22;4;12038
22;5;12458
22;6;12475
22;7;12495
22;8;12848
22;9;12940
22;10;12982
22;11;13340
22;12;13387
22;13;13406
22;14;13747
22;15;13772
22;16;13789
22;17;14142
22;18;14162
22;19;14176
22;20;14530
22;21;14555
22;22;14614
22;23;15066
22;24;15077
22;25;15119
22;26;15138
22;27;15233
22;28;15239
22;29;15258
22;30;15263
22;31;15282
22;32;15303
22;33;15345
22;34;15348
22;35;15373
22;36;15415
22;37;15432
22;38;15450
22;39;15477
22;40;15479
22;41;15481
22;42;15499
22;43;15544
22;44;15561
23;1;10771
23;2;10802
23;3;10807
23;4;11090
23;5;11116
23;6;11135
23;7;11526
23;8;11536
23;9;11848
23;10;11887
23;11;11900
23;12;12240
23;13;12259
23;14;12261
23;15;12278
23;16;12708
23;17;12733
23;18;12780
23;19;13179
23;20;13201
23;21;13582
23;22;14025
23;23;14044
23;24;14062
23;25;14157
23;26;14191
23;27;14243
23;28;14768
23;29;14796
23;30;14843
23;31;14958
23;32;14990
23;33;15061
23;34;15169
23;35;15211
23;36;15228
23;37;15249
23;38;15258
23;39;15353
23;40;15372
23;41;15398
23;42;15403
23;43;15411
23;44;15432
23;45;15450
23;46;15454
23;47;15471
23;48;15508
23;49;15522
23;50;15539
23;51;15552
23;52;15566
23;53;15585
24;1;8948
24;2;9365
24;3;9845
24;4;10261
24;5;10320
24;6;10698
24;7;10750
24;8;11095
24;9;11137
24;10;11629
24;11;11703
24;12;11708
24;13;12196
24;14;12226
24;15;12727
24;16;12777
24;17;13189
24;18;13628
24;19;13987
24;20;14008
24;21;14495
24;22;14521
24;23;14547
24;24;14634
24;25;14665
24;26;14669
24;27;14688
24;28;15088
24;29;15128
24;30;15170
24;31;15201
24;32;15215
24;33;15226
24;34;15246
24;35;15271
24;36;15288
24;37;15314
24;38;15333
24;39;15359
24;40;15364
24;41;15382
24;42;15392
24;43;15478
24;44;15491
24;45;15496
24;46;15510
24;47;15529
24;48;15540
24;49;15553
24;50;15562
25;1;11231
25;2;11293
25;3;11665
25;4;11929
25;5;11971
25;6;12427
25;7;12912
25;8;13265
25;9;13643
25;10;13667
25;11;13692
25;12;13771
25;13;13822
25;14;13848
25;15;13873
25;16;13923
25;17;13939
25;18;14294
25;19;14341
25;20;14416
25;21;14429
25;22;14460
25;23;14791
25;24;14807
25;25;15162
25;26;15188
25;27;15234
25;28;15246
25;29;15269
25;30;15298
25;31;15324
25;32;15354
25;33;15358
25;34;15404
25;35;15421
25;36;15423
25;37;15451
25;38;15467
25;39;15514
25;40;15544
25;41;15561
26;1;11779
26;2;11792
26;3;11834
26;4;12347
26;5;12394
26;6;12399
26;7;12825
26;8;12846
26;9;12847
26;10;12939
26;11;12989
26;12;13015
26;13;13041
26;14;13434
26;15;13520
26;16;13579
26;17;13937
26;18;14229
26;19;14315
26;20;14339
26;21;14415
26;22;14454
26;23;14462
26;24;14793
26;25;14852
26;26;14883
26;27;15220
26;28;15234
26;29;15276
26;30;15306
26;31;15326
26;32;15343
26;33;15373
26;34;15395
26;35;15425
26;36;15446
26;37;15472
26;38;15475
26;39;15484
26;40;15489
26;41;15506
26;42;15524
26;43;15540
26;44;15553
26;45;15562
27;1;10975
27;2;11000
27;3;11152
27;4;11679
27;5;11730
27;6;11749
27;7;11776
27;8;11802
27;9;12225
27;10;12242
27;11;12259
27;12;12683
27;13;12758
27;14;12853
27;15;13206
27;16;13256
27;17;13668
27;18;13764
27;19;14212
27;20;14217
27;21;14236
27;22;14337
27;23;14551
27;24;14583
27;25;14610
27;26;14722
27;27;14727
27;28;14735
27;29;14753
27;30;14806
27;31;14816
27;32;14819
27;33;14845
27;34;14853
27;35;14900
27;36;14947
27;37;14965
27;38;15244
27;39;15288
27;40;15351
27;41;15354
27;42;15357
27;43;15370
27;44;15389
27;45;15394
27;46;15421
27;47;15472
27;48;15490
27;49;15504
27;50;15521
27;51;15552
27;52;15585
28;1;10158
28;2;10454
28;3;10836
28;4;10876
28;5;11238
28;6;11617
28;7;11659
28;8;12149
28;9;12214
28;10;12265
28;11;12377
28;12;12417
28;13;12961
28;14;13286
28;15;13337
28;16;13757
28;17;13810
28;18;13818
28;19;13844
28;20;13861
28;21;14134
28;22;14150
28;23;14576
28;24;14902
28;25;14988
28;26;15035
28;27;15127
28;28;15145
28;29;15184
28;30;15187
28;31;15188
28;32;15235
28;33;15280
28;34;15331
28;35;15348
28;36;15378
28;37;15385
28;38;15430
28;39;15448
28;40;15475
28;41;15492
28;42;15510
28;43;15523
28;44;15534
28;45;15585
29;1;11342
29;2;11389
29;3;11675
29;4;11693
29;5;11718
29;6;11770
29;7;11815
29;8;12289
29;9;12326
29;10;12421
29;11;12800
29;12;12859
29;13;13173
29;14;13593
29;15;13611
29;16;13615
29;17;13707
29;18;13752
29;19;14159
29;20;14189
29;21;14521
29;22;14563
29;23;14986
29;24;14988
29;25;15047
29;26;15086
29;27;15149
29;28;15153
29;29;15158
29;30;15163
29;31;15205
29;32;15220
29;33;15249
29;34;15274
29;35;15287
29;36;15313
29;37;15329
29;38;15338
29;39;15375
29;40;15392
29;41;15405
29;42;15431
29;43;15436
29;44;15441
29;45;15446
29;46;15459
29;47;15510
29;48;15529
29;49;15538
29;50;15540
29;51;15553
29;52;15562
30;1;9709
30;2;9804
30;3;10225
30;4;10629
30;5;10632
30;6;10996
30;7;11021
30;8;11487
30;9;11866
30;10;11913
30;11;12005
30;12;12486
30;13;12517
30;14;12805
30;15;13296
30;16;13329
30;17;13658
30;18;13946
30;19;13972
30;20;13990
30;21;14042
30;22;14084
30;23;14435
30;24;14813
30;25;14826
30;26;14858
30;27;14932
30;28;14956
30;29;14961
30;30;15062
30;31;15115
30;32;15117
30;33;15120
30;34;15139
30;35;15144
30;36;15170
30;37;15180
30;38;15209
30;39;15226
30;40;15228
30;41;15233
30;42;15234
30;43;15237
30;44;15299
30;45;15315
30;46;15316
30;47;15330
30;48;15356
30;49;15395
30;50;15398
30;51;15445
30;52;15458
30;53;15476
30;54;15490
30;55;15516
30;56;15542
30;57;15561
30;58;15562
31;1;10449
31;2;10465
31;3;10890
31;4;10916
31;5;10951
31;6;11001
31;7;11499
31;8;11916
31;9;12332
31;10;12736
31;11;12798
31;12;12830
31;13;13318
31;14;13735
31;15;13759
31;16;14115
31;17;14157
31;18;14171
31;19;14189
31;20;14216
31;21;14223
31;22;14622
31;23;14662
31;24;14722
31;25;14781
31;26;15145
31;27;15162
31;28;15164
31;29;15185
31;30;15200
31;31;15247
31;32;15258
31;33;15282
31;34;15333
31;35;15354
31;36;15362
31;37;15384
31;38;15387
31;39;15421
31;40;15490
31;41;15493
31;42;15549
31;43;15566
31;44;15585
32;1;11392
32;2;11484
32;3;11927
32;4;12352
32;5;12371
32;6;12771
32;7;12872
32;8;13193
32;9;13492
32;10;13826
32;11;13844
32;12;14369
32;13;14461
32;14;14508
32;15;14550
32;16;14572
32;17;15016
32;18;15017
32;19;15078
32;20;15113
32;21;15155
32;22;15188
32;23;15201
32;24;15222
32;25;15259
32;26;15276
32;27;15289
32;28;15295
32;29;15310
32;30;15396
32;31;15404
32;32;15423
32;33;15440
32;34;15447
32;35;15452
32;36;15455
32;37;15458
32;38;15464
32;39;15481
32;40;15485
32;41;15504
32;42;15521
32;43;15562
33;1;10947
33;2;11195
33;3;11290
33;4;11311
33;5;11708
33;6;11736
33;7;11795
33;8;12233
33;9;12249
33;10;12724
33;11;12771
33;12;12816
33;13;13247
33;14;13612
33;15;13629
33;16;14000
33;17;14017
33;18;14030
33;19;14505
33;20;14532
33;21;14565
33;22;14752
33;23;15119
33;24;15135
33;25;15153
33;26;15228
33;27;15265
33;28;15278
33;29;15291
33;30;15312
33;31;15373
33;32;15390
33;33;15409
33;34;15440
33;35;15447
33;36;15450
33;37;15468
33;38;15473
33;39;15515
33;40;15529
33;41;15545
33;42;15549
33;43;15566
33;44;15585
34;1;11295
34;2;11763
34;3;12255
34;4;12314
34;5;12330
34;6;12774
34;7;12808
34;8;12825
34;9;13186
34;10;13202
34;11;13509
34;12;13696
34;13;13755
34;14;13774
34;15;13784
34;16;13874
34;17;13921
34;18;14253
34;19;14463
34;20;14814
34;21;14840
34;22;14873
34;23;14937
34;24;14997
34;25;15028
34;26;15057
34;27;15058
34;28;15103
34;29;15132
34;30;15210
34;31;15228
34;32;15262
34;33;15264
34;34;15280
34;35;15281
34;36;15323
34;37;15356
34;38;15362
34;39;15387
34;40;15414
34;41;15456
34;42;15477
34;43;15481
34;44;15514
34;45;15522
34;46;15549
34;47;15562
35;1;10735
35;2;10765
35;3;11240
35;4;11670
35;5;12100
35;6;12125
35;7;12220
35;8;12294
35;9;12673
35;10;13009
35;11;13452
35;12;13564
35;13;13581
35;14;13612
35;15;13679
35;16;14074
35;17;14169
35;18;14543
35;19;14883
35;20;14925
35;21;14980
35;22;15030
35;23;15131
35;24;15173
35;25;15205
35;26;15252
35;27;15254
35;28;15259
35;29;15286
35;30;15353
35;31;15370
35;32;15385
35;33;15401
35;34;15452
35;35;15467
35;36;15512
35;37;15529
35;38;15534
35;39;15552
35;40;15585
36;1;9252
36;2;9283
36;3;9320
36;4;9346
36;5;9372
36;6;9388
36;7;9414
36;8;9761
36;9;10158
36;10;10253
36;11;10260
36;12;10334
36;13;10643
36;14;10649
36;15;11088
36;16;11109
36;17;11112
36;18;11503
36;19;11534
36;20;11972
36;21;12249
36;22;12644
36;23;12686
36;24;12719
36;25;13160
36;26;13178
36;27;13241
36;28;13272
36;29;13335
36;30;13635
36;31;13660
36;32;13847
36;33;14248
36;34;14323
36;35;14348
36;36;14359
36;37;14681
36;38;14686
36;39;14728
36;40;14744
36;41;14771
36;42;14784
36;43;14799
36;44;15171
36;45;15192
36;46;15229
36;47;15292
36;48;15309
36;49;15340
36;50;15391
36;51;15453
36;52;15491
36;53;15508
36;54;15519
36;55;15524
36;56;15585
37;1;9031
37;2;9464
37;3;9516
37;4;9941
37;5;10316
37;6;10791
37;7;11146
37;8;11173
37;9;11590
37;10;11685
37;11;12160
37;12;12210
37;13;12229
37;14;12245
37;15;12686
37;16;12725
37;17;12740
37;18;13217
37;19;13236
37;20;13606
37;21;14063
37;22;14105
37;23;14137
37;24;14138
37;25;14149
37;26;14522
37;27;14555
37;28;14946
37;29;14997
37;30;15003
37;31;15010
37;32;15029
37;33;15056
37;34;15101
37;35;15128
37;36;15133
37;37;15142
37;38;15148
37;39;15214
37;40;15256
37;41;15290
37;42;15307
37;43;15320
37;44;15328
37;45;15336
37;46;15378
37;47;15403
37;48;15417
37;49;15436
37;50;15477
37;51;15484
37;52;15492
37;53;15519
37;54;15538
37;55;15540
37;56;15566
37;57;15585
38;1;10577
38;2;10590
38;3;10617
38;4;11092
38;5;11429
38;6;11454
38;7;11832
38;8;12311
38;9;12342
38;10;12435
38;11;12788
38;12;12874
38;13;13252
38;14;13289
38;15;13319
38;16;13353
38;17;13715
38;18;13732
38;19;13761
38;20;13779
38;21;14235
38;22;14283
38;23;14307
38;24;14312
38;25;14566
38;26;14591
38;27;14638
38;28;14649
38;29;14669
38;30;14674
38;31;14685
38;32;14709
38;33;15179
38;34;15216
38;35;15226
38;36;15231
38;37;15252
38;38;15299
38;39;15345
38;40;15346
38;41;15375
38;42;15377
38;43;15422
38;44;15438
38;45;15470
38;46;15488
38;47;15491
38;48;15507
38;49;15566
38;50;15585
39;1;11350
39;2;11379
39;3;11778
39;4;11803
39;5;11840
39;6;12155
39;7;12575
39;8;12949
39;9;13044
39;10;13557
39;11;13658
39;12;14062
39;13;14416
39;14;14738
39;15;14794
39;16;14798
39;17;14849
39;18;14875
39;19;15032
39;20;15118
39;21;15131
39;22;15148
39;23;15169
39;24;15214
39;25;15253
39;26;15280
39;27;15285
39;28;15290
39;29;15295
39;30;15313
39;31;15354
39;32;15390
39;33;15420
39;34;15438
39;35;15480
39;36;15485
39;37;15503
39;38;15530
39;39;15554
39;40;15564
39;41;15568
39;42;15585
40;1;12164
40;2;12353
40;3;12379
40;4;12748
40;5;12807
40;6;12902
40;7;12988
40;8;13535
40;9;13919
40;10;14012
40;11;14030
40;12;14072
40;13;14090
40;14;14152
40;15;14223
40;16;14258
40;17;14267
40;18;14617
40;19;14625
40;20;14637
40;21;15155
40;22;15183
40;23;15233
40;24;15238
40;25;15246
40;26;15264
40;27;15273
40;28;15302
40;29;15312
40;30;15361
40;31;15366
40;32;15376
40;33;15395
40;34;15414
40;35;15424
40;36;15474
40;37;15504
40;38;15508
40;39;15545
40;40;15562
41;1;10512
41;2;11037
41;3;11505
41;4;11867
41;5;12212
41;6;12682
41;7;12757
41;8;13110
41;9;13129
41;10;13281
41;11;13698
41;12;13742
41;13;14142
41;14;14168
41;15;14235
41;16;14673
41;17;14703
41;18;14951
41;19;14974
41;20;15037
41;21;15103
41;22;15111
41;23;15162
41;24;15180
41;25;15185
41;26;15201
41;27;15222
41;28;15288
41;29;15293
41;30;15300
41;31;15345
41;32;15372
41;33;15419
41;34;15440
41;35;15446
41;36;15471
41;37;15497
41;38;15502
41;39;15521
41;40;15526
41;41;15544
41;42;15566
41;43;15585
42;1;11810
42;2;12227
42;3;12283
42;4;12330
42;5;12914
42;6;13299
42;7;13317
42;8;13418
42;9;13841
42;10;14186
42;11;14205
42;12;14648
42;13;14653
42;14;14683
42;15;14689
42;16;15010
42;17;15060
42;18;15100
42;19;15101
42;20;15139
42;21;15181
42;22;15210
42;23;15262
42;24;15296
42;25;15359
42;26;15373
42;27;15388
42;28;15414
42;29;15473
42;30;15497
42;31;15530
42;32;15535
42;33;15553
42;34;15566
42;35;15585
43;1;11138
43;2;11177
43;3;11497
43;4;11583
43;5;11644
43;6;11662
43;7;11724
43;8;12199
43;9;12230
43;10;12322
43;11;12349
43;12;12797
43;13;12813
43;14;13223
43;15;13241
43;16;13655
43;17;14121
43;18;14172
43;19;14217
43;20;14534
43;21;14546
43;22;14602
43;23;14608
43;24;14633
43;25;14653
43;26;14663
43;27;14682
43;28;15079
43;29;15096
43;30;15101
43;31;15105
43;32;15120
43;33;15126
43;34;15163
43;35;15182
43;36;15277
43;37;15284
43;38;15296
43;39;15355
43;40;15360
43;41;15365
43;42;15368
43;43;15375
43;44;15408
43;45;15437
43;46;15441
43;47;15457
43;48;15463
43;49;15500
43;50;15527
43;51;15530
43;52;15549
44;1;11583
44;2;11931
44;3;12387
44;4;12446
44;5;12502
44;6;12800
44;7;12842
44;8;12937
44;9;13187
44;10;13237
44;11;13641
44;12;13667
44;13;14129
44;14;14176
44;15;14480
44;16;14506
44;17;14524
44;18;14536
44;19;14559
44;20;14576
44;21;14588
44;22;14604
44;23;15096
44;24;15116
44;25;15129
44;26;15156
44;27;15164
44;28;15196
44;29;15238
44;30;15283
44;31;15309
44;32;15313
44;33;15328
44;34;15351
44;35;15356
44;36;15389
44;37;15394
44;38;15412
44;39;15416
44;40;15436
44;41;15481
44;42;15507
44;43;15520
44;44;15534
44;45;15540
44;46;15542
44;47;15544
44;48;15561
44;49;15562
45;1;9134
45;2;9428
45;3;9855
45;4;9917
45;5;9959
45;6;10411
45;7;10442
45;8;10787
45;9;11167
45;10;11673
45;11;11695
45;12;12005
45;13;12044
45;14;12106
45;15;12451
45;16;12472
45;17;12499
45;18;12860
45;19;12881
45;20;13232
45;21;13258
45;22;13292
45;23;13697
45;24;13710
45;25;14103
45;26;14542
45;27;14617
45;28;15085
45;29;15127
45;30;15169
45;31;15179
45;32;15206
45;33;15233
45;34;15254
45;35;15282
45;36;15307
45;37;15319
45;38;15325
45;39;15344
45;40;15382
45;41;15424
45;42;15429
45;43;15434
45;44;15485
45;45;15495
45;46;15521
45;47;15538
45;48;15540
45;49;15553
45;50;15585
46;1;10139
46;2;10604
46;3;10671
46;4;11094
46;5;11678
46;6;11737
46;7;12207
46;8;12258
46;9;12607
46;10;12640
46;11;12682
46;12;12712
46;13;12725
46;14;12726
46;15;13057
46;16;13124
46;17;13157
46;18;13220
46;19;13621
46;20;14113
46;21;14127
46;22;14202
46;23;14219
46;24;14264
46;25;14289
46;26;14381
46;27;14698
46;28;14712
46;29;14786
46;30;14805
46;31;14822
46;32;14835
46;33;14854
46;34;15074
46;35;15133
46;36;15154
46;37;15186
46;38;15205
46;39;15291
46;40;15317
46;41;15333
46;42;15338
46;43;15344
46;44;15348
46;45;15374
46;46;15419
46;47;15492
46;48;15497
46;49;15511
46;50;15529
46;51;15531
46;52;15544
46;53;15548
46;54;15572
46;55;15585
47;1;10446
47;2;10770
47;3;10775
47;4;10780
47;5;10845
47;6;10890
47;7;11379
47;8;11890
47;9;12395
47;10;12415
47;11;12436
47;12;12443
47;13;12913
47;14;12922
47;15;12966
47;16;13061
47;17;13549
47;18;13575
47;19;13993
47;20;14258
47;21;14295
47;22;14314
47;23;14620
47;24;14637
47;25;15078
47;26;15137
47;27;15176
47;28;15190
47;29;15232
47;30;15234
47;31;15271
47;32;15287
47;33;15318
47;34;15352
47;35;15404
47;36;15449
47;37;15471
47;38;15487
47;39;15508
47;40;15523
47;41;15540
47;42;15566
47;43;15585
48;1;10122
48;2;10154
48;3;10183
48;4;10505
48;5;10902
48;6;10928
48;7;10946
48;8;11079
48;9;11504
48;10;11857
48;11;12215
48;12;12234
48;13;12250
48;14;12275
48;15;12294
48;16;12749
48;17;12766
48;18;13200
48;19;13542
48;20;13634
48;21;13982
48;22;14052
48;23;14128
48;24;14420
48;25;14439
48;26;14490
48;27;14566
48;28;14584
48;29;14679
48;30;14698
48;31;15118
48;32;15190
48;33;15285
48;34;15314
48;35;15340
48;36;15354
48;37;15373
48;38;15403
48;39;15413
48;40;15414
48;41;15440
48;42;15458
48;43;15460
48;44;15473
48;45;15490
48;46;15497
48;47;15502
48;48;15516
48;49;15523
48;50;15524
48;51;15527
48;52;15548
48;53;15566
48;54;15567
48;55;15585
49;1;11926
49;2;12081
49;3;12118
49;4;12219
49;5;12576
49;6;12763
49;7;12780
49;8;12825
49;9;13132
49;10;13133
49;11;13658
49;12;13914
49;13;14042
49;14;14271
49;15;14332
49;16;14358
49;17;14389
49;18;14484
49;19;14506
49;20;14571
49;21;14598
49;22;14602
49;23;14629
49;24;15097
49;25;15101
49;26;15152
49;27;15159
49;28;15164
49;29;15193
49;30;15206
49;31;15223
49;32;15265
49;33;15307
49;34;15312
49;35;15321
49;36;15333
49;37;15343
49;38;15366
49;39;15431
49;40;15492
49;41;15513
49;42;15530
49;43;15538
49;44;15553
49;45;15585
50;1;9045
50;2;9131
50;3;9535
50;4;9913
50;5;9934
50;6;10313
50;7;10711
50;8;11090
50;9;11519
50;10;11987
50;11;12340
50;12;12367
50;13;12719
50;14;12780
50;15;13293
50;16;13298
50;17;13390
50;18;13436
50;19;13476
50;20;13529
50;21;13588
50;22;13657
50;23;13708
50;24;14149
50;25;14573
50;26;14629
50;27;14671
50;28;14746
50;29;14936
50;30;14981
50;31;15007
50;32;15102
50;33;15147
50;34;15184
50;35;15187
50;36;15200
50;37;15295
50;38;15297
50;39;15344
50;40;15345
50;41;15387
50;42;15403
50;43;15429
50;44;15466
50;45;15480
50;46;15499
50;47;15513
50;48;15520
50;49;15553
50;50;15572
50;51;15585
51;1;11050
51;2;11069
51;3;11389
51;4;11438
51;5;11879
51;6;12269
51;7;12313
51;8;12361
51;9;12424
51;10;12576
51;11;13066
51;12;13081
51;13;13102
51;14;13516
51;15;13746
51;16;13772
51;17;13804
51;18;13827
51;19;13856
51;20;13873
51;21;14290
51;22;14332
51;23;14348
51;24;14404
51;25;14630
51;26;14638
51;27;14652
51;28;14653
51;29;14674
51;30;14711
51;31;15064
51;32;15159
51;33;15164
51;34;15179
51;35;15198
51;36;15219
51;37;15261
51;38;15320
51;39;15353
51;40;15369
51;41;15395
51;42;15411
51;43;15430
51;44;15455
51;45;15459
51;46;15472
51;47;15477
51;48;15494
51;49;15507
51;50;15522
51;51;15539
51;52;15572
51;53;15585
52;1;11533
52;2;11963
52;3;12029
52;4;12363
52;5;12741
52;6;13052
52;7;13078
52;8;13093
52;9;13611
52;10;13640
52;11;13691
52;12;13707
52;13;13766
52;14;13818
52;15;13930
52;16;14369
52;17;14677
52;18;14702
52;19;14725
52;20;14767
52;21;14770
52;22;15102
52;23;15121
52;24;15156
52;25;15177
52;26;15179
52;27;15221
52;28;15252
52;29;15269
52;30;15300
52;31;15344
52;32;15381
52;33;15440
52;34;15445
52;35;15458
52;36;15467
52;37;15526
52;38;15553
52;39;15562
53;1;12253
53;2;12694
53;3;13169
53;4;13603
53;5;13965
53;6;13979
53;7;13987
53;8;14316
53;9;14417
53;10;14867
53;11;14942
53;12;14977
53;13;15063
53;14;15113
53;15;15138
53;16;15202
53;17;15231
53;18;15323
53;19;15341
53;20;15357
53;21;15367
53;22;15370
53;23;15389
53;24;15390
53;25;15409
53;26;15435
53;27;15461
53;28;15468
53;29;15471
53;30;15489
53;31;15513
53;32;15531
53;33;15553
53;34;15572
53;35;15585
54;1;9321
54;2;9905
54;3;10397
54;4;10751
54;5;10788
54;6;10812
54;7;10907
54;8;10934
54;9;11386
54;10;11782
54;11;12066
54;12;12091
54;13;12524
54;14;12676
54;15;12750
54;16;12777
54;17;13191
54;18;13201
54;19;13624
54;20;13685
54;21;14225
54;22;14255
54;23;14274
54;24;14291
54;25;14316
54;26;14358
54;27;14670
54;28;14687
54;29;14714
54;30;14740
54;31;14742
54;32;14809
54;33;14843
54;34;14875
54;35;14901
54;36;15193
54;37;15198
54;38;15257
54;39;15274
54;40;15335
54;41;15342
54;42;15378
54;43;15387
54;44;15398
54;45;15414
54;46;15419
54;47;15452
54;48;15468
54;49;15493
54;50;15502
54;51;15519
54;52;15524
54;53;15542
54;54;15561
55;1;11666
55;2;12029
55;3;12450
55;4;12482
55;5;12908
55;6;12982
55;7;13218
55;8;13622
55;9;13664
55;10;13679
55;11;13697
55;12;14127
55;13;14164
55;14;14197
55;15;14523
55;16;14553
55;17;14594
55;18;14610
55;19;14705
55;20;14750
55;21;14801
55;22;14913
55;23;15231
55;24;15262
55;25;15280
55;26;15293
55;27;15327
55;28;15346
55;29;15379
55;30;15403
55;31;15454
55;32;15491
55;33;15526
55;34;15544
55;35;15585
56;1;11610
56;2;11960
56;3;11979
56;4;12011
56;5;12037
56;6;12132
56;7;12146
56;8;12590
56;9;12691
56;10;12777
56;11;12785
56;12;12812
56;13;13165
56;14;13196
56;15;13631
56;16;14104
56;17;14151
56;18;14639
56;19;14664
56;20;15084
56;21;15101
56;22;15106
56;23;15127
56;24;15159
56;25;15201
56;26;15203
56;27;15227
56;28;15234
56;29;15281
56;30;15302
56;31;15305
56;32;15307
56;33;15329
56;34;15346
56;35;15372
56;36;15388
56;37;15410
56;38;15426
56;39;15439
56;40;15457
56;41;15470
56;42;15476
56;43;15521
56;44;15529
56;45;15535
56;46;15554
56;47;15585
57;1;9468
57;2;9882
57;3;10357
57;4;10399
57;5;10413
57;6;10434
57;7;10486
57;8;10546
57;9;11087
57;10;11605
57;11;11619
57;12;12124
57;13;12585
57;14;12646
57;15;12662
57;16;12693
57;17;13099
57;18;13125
57;19;13613
57;20;13658
57;21;13701
57;22;14096
57;23;14128
57;24;14606
57;25;14623
57;26;14655
57;27;14747
57;28;14813
57;29;14842
57;30;14896
57;31;14928
57;32;14963
57;33;14981
57;34;15303
57;35;15335
57;36;15339
57;37;15340
57;38;15348
57;39;15364
57;40;15383
57;41;15420
57;42;15467
57;43;15480
57;44;15490
57;45;15521
57;46;15532
57;47;15548
57;48;15585
58;1;10801
58;2;11224
58;3;11622
58;4;11689
58;5;11755
58;6;12236
58;7;12297
58;8;12330
58;9;12748
58;10;13214
58;11;13306
58;12;13330
58;13;13544
58;14;13639
58;15;13658
58;16;13717
58;17;13791
58;18;14124
58;19;14159
58;20;14197
58;21;14272
58;22;14314
58;23;14803
58;24;14915
58;25;14957
58;26;14969
58;27;14994
58;28;15025
58;29;15043
58;30;15093
58;31;15101
58;32;15108
58;33;15124
58;34;15150
58;35;15155
58;36;15160
58;37;15477
58;38;15496
58;39;15513
58;40;15554
58;41;15567
58;42;15569
58;43;15585
59;1;10491
59;2;10885
59;3;11301
59;4;11324
59;5;11395
59;6;11507
59;7;11532
59;8;11885
59;9;12189
59;10;12564
59;11;13038
59;12;13056
59;13;13331
59;14;13518
59;15;13567
59;16;13596
59;17;13657
59;18;13663
59;19;14114
59;20;14139
59;21;14189
59;22;14514
59;23;14524
59;24;14585
59;25;14671
59;26;14718
59;27;14723
59;28;14744
59;29;14845
59;30;14876
59;31;14903
59;32;14931
59;33;14971
59;34;14974
59;35;15009
59;36;15059
59;37;15429
59;38;15442
59;39;15461
59;40;15494
59;41;15503
59;42;15527
59;43;15544
60;1;8544
60;2;9009
60;3;9446
60;4;9962
60;5;10208
60;6;10234
60;7;10259
60;8;10843
60;9;10848
60;10;11173
60;11;11528
60;12;11558
60;13;11592
60;14;12117
60;15;12519
60;16;12590
60;17;12607
60;18;13028
60;19;13048
60;20;13090
60;21;13123
60;22;13422
60;23;13459
60;24;13526
60;25;13586
60;26;13678
60;27;13683
60;28;14151
60;29;14202
60;30;14228
60;31;14254
60;32;14286
60;33;14345
60;34;14740
60;35;14753
60;36;15190
60;37;15207
60;38;15223
60;39;15260
60;40;15307
60;41;15318
60;42;15365
60;43;15381
60;44;15450
60;45;15542
60;46;15550
60;47;15566
60;48;15585
61;1;9251
61;2;9795
61;3;10287
61;4;10717
61;5;11078
61;6;11457
61;7;11914
61;8;11989
61;9;12405
61;10;12822
61;11;12923
61;12;12960
61;13;12972
61;14;13048
61;15;13359
61;16;13380
61;17;13824
61;18;13834
61;19;13874
61;20;13900
61;21;13905
61;22;14284
61;23;14335
61;24;14368
61;25;14443
61;26;14618
61;27;14644
61;28;14689
61;29;15150
61;30;15189
61;31;15264
61;32;15308
61;33;15317
61;34;15322
61;35;15364
61;36;15391
61;37;15396
61;38;15406
61;39;15422
61;40;15429
61;41;15443
61;42;15445
61;43;15462
61;44;15466
61;45;15485
61;46;15518
61;47;15523
61;48;15528
61;49;15549
61;50;15562
62;1;9879
62;2;10395
62;3;10411
62;4;10921
62;5;11367
62;6;11798
62;7;11910
62;8;12037
62;9;12499
62;10;12524
62;11;12549
62;12;12882
62;13;12977
62;14;13018
62;15;13065
62;16;13132
62;17;13388
62;18;13419
62;19;13444
62;20;13483
62;21;13509
62;22;13513
62;23;13813
62;24;13872
62;25;13885
62;26;13904
62;27;14229
62;28;14248
62;29;14285
62;30;14327
62;31;14618
62;32;14632
62;33;14667
62;34;14685
62;35;14746
62;36;14764
62;37;14788
62;38;14825
62;39;14911
62;40;14985
62;41;15006
62;42;15328
62;43;15360
62;44;15369
62;45;15428
62;46;15449
62;47;15459
62;48;15485
62;49;15511
62;50;15513
62;51;15526
62;52;15545
62;53;15562
63;1;10709
63;2;11126
63;3;11583
63;4;11617
63;5;11648
63;6;12113
63;7;12391
63;8;12466
63;9;12653
63;10;12704
63;11;13101
63;12;13276
63;13;13479
63;14;13484
63;15;13883
63;16;13896
63;17;14024
63;18;14076
63;19;14135
63;20;14362
63;21;14381
63;22;14465
63;23;14540
63;24;14553
63;25;14590
63;26;14620
63;27;14672
63;28;14779
63;29;14786
63;30;14811
63;31;15186
63;32;15195
63;33;15225
63;34;15262
63;35;15276
63;36;15280
63;37;15317
63;38;15334
63;39;15338
63;40;15343
63;41;15364
63;42;15383
63;43;15442
63;44;15489
63;45;15515
63;46;15539
63;47;15552
63;48;15566
63;49;15585
64;1;8915
64;2;8941
64;3;9435
64;4;9527
64;5;9851
64;6;10049
64;7;10081
64;8;10546
64;9;10945
64;10;11151
64;11;11158
64;12;11521
64;13;11972
64;14;11990
64;15;12027
64;16;12045
64;17;12497
64;18;12649
64;19;12681
64;20;12762
64;21;12763
64;22;12814
64;23;12830
64;24;12859
64;25;12904
64;26;12951
64;27;13374
64;28;13475
64;29;13517
64;30;13534
64;31;13552
64;32;13848
64;33;14071
64;34;14106
64;35;14150
64;36;14566
64;37;14577
64;38;14602
64;39;14607
64;40;14654
64;41;14701
64;42;14752
64;43;14811
64;44;14831
64;45;14848
64;46;14867
64;47;14918
64;48;14945
64;49;14953
64;50;14963
64;51;14990
64;52;15009
64;53;15015
64;54;15019
64;55;15040
64;56;15044
64;57;15049
64;58;15075
64;59;15466
64;60;15493
64;61;15498
64;62;15524
64;63;15543
64;64;15561
65;1;10109
65;2;10534
65;3;10778
65;4;11195
65;5;11262
65;6;11280
65;7;11721
65;8;11726
65;9;12194
65;10;12225
65;11;12284
65;12;12302
65;13;12307
65;14;12339
65;15;12736
65;16;12757
65;17;12797
65;18;12895
65;19;12930
65;20;12965
65;21;13151
65;22;13177
65;23;13203
65;24;13548
65;25;13623
65;26;13698
65;27;13706
65;28;13893
65;29;14418
65;30;14453
65;31;14470
65;32;14486
65;33;14503
65;34;14540
65;35;14572
65;36;14591
65;37;14612
65;38;14642
65;39;14647
65;40;15023
65;41;15070
65;42;15121
65;43;15463
65;44;15521
65;45;15538
65;46;15540
65;47;15548
65;48;15566
65;49;15585
66;1;10107
66;2;10599
66;3;10646
66;4;10672
66;5;11099
66;6;11453
66;7;11929
66;8;12272
66;9;12689
66;10;12726
66;11;12744
66;12;13202
66;13;13228
66;14;13237
66;15;13253
66;16;13264
66;17;13634
66;18;13677
66;19;13772
66;20;13803
66;21;13834
66;22;13926
66;23;13950
66;24;13966
66;25;14325
66;26;14339
66;27;14783
66;28;14802
66;29;14858
66;30;14877
66;31;14907
66;32;14912
66;33;14931
66;34;14973
66;35;15126
66;36;15142
66;37;15155
66;38;15275
66;39;15280
66;40;15292
66;41;15302
66;42;15325
66;43;15331
66;44;15393
66;45;15420
66;46;15437
66;47;15438
66;48;15443
66;49;15448
66;50;15467
66;51;15526
66;52;15546
66;53;15567
66;54;15585
67;1;11336
67;2;11357
67;3;11772
67;4;11799
67;5;12374
67;6;12779
67;7;13157
67;8;13197
67;9;13626
67;10;13663
67;11;13682
67;12;13733
67;13;13757
67;14;13794
67;15;13831
67;16;13901
67;17;14305
67;18;14323
67;19;14365
67;20;14391
67;21;14438
67;22;14462
67;23;14537
67;24;14808
67;25;14909
67;26;14926
67;27;14973
67;28;15018
67;29;15067
67;30;15086
67;31;15112
67;32;15149
67;33;15162
67;34;15548
67;35;15585
68;1;10556
68;2;11100
68;3;11118
68;4;11543
68;5;12058
68;6;12528
68;7;12602
68;8;12647
68;9;13040
68;10;13371
68;11;13380
68;12;13391
68;13;13822
68;14;13883
68;15;13897
68;16;13901
68;17;13921
68;18;13948
68;19;13977
68;20;13997
68;21;14205
68;22;14577
68;23;14582
68;24;14656
68;25;14672
68;26;14689
68;27;15022
68;28;15029
68;29;15071
68;30;15091
68;31;15107
68;32;15112
68;33;15159
68;34;15164
68;35;15170
68;36;15196
68;37;15258
68;38;15273
68;39;15282
68;40;15368
68;41;15431
68;42;15438
68;43;15443
68;44;15461
68;45;15502
68;46;15506
68;47;15568
68;48;15585
69;1;11118
69;2;11427
69;3;11453
69;4;11971
69;5;11990
69;6;12310
69;7;12369
69;8;12675
69;9;12761
69;10;12774
69;11;12816
69;12;12872
69;13;12885
69;14;12959
69;15;13408
69;16;13410
69;17;13491
69;18;13892
69;19;13943
69;20;13962
69;21;13997
69;22;14026
69;23;14066
69;24;14070
69;25;14096
69;26;14391
69;27;14703
69;28;14768
69;29;14789
69;30;14815
69;31;14831
69;32;14863
69;33;14903
69;34;14920
69;35;14953
69;36;14963
69;37;14981
69;38;14992
69;39;15016
69;40;15027
69;41;15053
69;42;15055
69;43;15088
69;44;15099
69;45;15118
69;46;15126
69;47;15144
69;48;15561
69;49;15562
70;1;11057
70;2;11097
70;3;11406
70;4;11871
70;5;11915
70;6;12442
70;7;12807
70;8;12828
70;9;12893
70;10;12932
70;11;12957
70;12;13343
70;13;13663
70;14;14080
70;15;14083
70;16;14098
70;17;14157
70;18;14563
70;19;14598
70;20;14621
70;21;14634
70;22;14659
70;23;14704
70;24;14764
70;25;14772
70;26;14790
70;27;14807
70;28;14822
70;29;14851
70;30;15159
70;31;15184
70;32;15210
70;33;15236
70;34;15255
70;35;15280
70;36;15311
70;37;15324
70;38;15351
70;39;15402
70;40;15418
70;41;15445
70;42;15456
70;43;15482
70;44;15487
70;45;15536
70;46;15540
70;47;15585
71;1;12788
71;2;12839
71;3;13256
71;4;13721
71;5;13737
71;6;13768
71;7;14160
71;8;14205
71;9;14265
71;10;14276
71;11;14351
71;12;14402
71;13;14804
71;14;15149
71;15;15208
71;16;15215
71;17;15257
71;18;15275
71;19;15307
71;20;15341
71;21;15355
71;22;15369
71;23;15432
71;24;15445
71;25;15464
71;26;15490
71;27;15504
71;28;15521
71;29;15552
71;30;15554
71;31;15572
71;32;15585
72;1;9361
72;2;9812
72;3;10208
72;4;10270
72;5;10613
72;6;11138
72;7;11156
72;8;11231
72;9;11716
72;10;11758
72;11;12208
72;12;12587
72;13;13039
72;14;13060
72;15;13092
72;16;13106
72;17;13141
72;18;13614
72;19;14007
72;20;14427
72;21;14437
72;22;14854
72;23;14928
72;24;14944
72;25;14962
72;26;14993
72;27;15018
72;28;15031
72;29;15048
72;30;15050
72;31;15124
72;32;15150
72;33;15160
72;34;15188
72;35;15201
72;36;15211
72;37;15227
72;38;15231
72;39;15250
72;40;15276
72;41;15289
72;42;15299
72;43;15325
72;44;15344
72;45;15356
72;46;15379
72;47;15430
72;48;15439
72;49;15463
72;50;15481
72;51;15507
72;52;15527
72;53;15544
72;54;15585
73;1;10664
73;2;11043
73;3;11048
73;4;11368
73;5;11435
73;6;11801
73;7;11822
73;8;12219
73;9;12245
73;10;12317
73;11;12364
73;12;12743
73;13;13224
73;14;13299
73;15;13320
73;16;13345
73;17;13593
73;18;13656
73;19;13843
73;20;14260
73;21;14355
73;22;14414
73;23;14445
73;24;14806
73;25;14820
73;26;15213
73;27;15229
73;28;15233
73;29;15258
73;30;15263
73;31;15268
73;32;15276
73;33;15286
73;34;15292
73;35;15328
73;36;15333
73;37;15353
73;38;15377
73;39;15422
73;40;15423
73;41;15456
73;42;15488
73;43;15493
73;44;15510
73;45;15529
73;46;15533
73;47;15554
73;48;15566
73;49;15585
74;1;10296
74;2;10710
74;3;11237
74;4;11579
74;5;11605
74;6;11662
74;7;12246
74;8;12663
74;9;13101
74;10;13518
74;11;13566
74;12;13595
74;13;13955
74;14;14006
74;15;14249
74;16;14270
74;17;14543
74;18;14863
74;19;14914
74;20;14932
74;21;14937
74;22;14996
74;23;15029
74;24;15124
74;25;15137
74;26;15200
74;27;15209
74;28;15233
74;29;15241
74;30;15246
74;31;15297
74;32;15312
74;33;15328
74;34;15370
74;35;15407
74;36;15421
74;37;15465
74;38;15475
74;39;15488
74;40;15507
74;41;15534
74;42;15566
74;43;15569
74;44;15585
75;1;9462
75;2;9872
75;3;9928
75;4;10306
75;5;10796
75;6;11158
75;7;11233
75;8;11252
75;9;11294
75;10;11674
75;11;12088
75;12;12613
75;13;12625
75;14;12687
75;15;12750
75;16;12842
75;17;12851
75;18;12879
75;19;13304
75;20;13331
75;21;13340
75;22;13697
75;23;13718
75;24;13723
75;25;13742
75;26;13760
75;27;13989
75;28;14064
75;29;14481
75;30;14582
75;31;14624
75;32;14929
75;33;14955
75;34;14988
75;35;15016
75;36;15040
75;37;15041
75;38;15106
75;39;15153
75;40;15159
75;41;15180
75;42;15188
75;43;15215
75;44;15216
75;45;15229
75;46;15258
75;47;15273
75;48;15279
75;49;15291
75;50;15326
75;51;15353
75;52;15376
75;53;15394
75;54;15431
75;55;15473
75;56;15499
75;57;15516
75;58;15572
75;59;15585
76;1;12168
76;2;12189
76;3;12206
76;4;12719
76;5;12740
76;6;12789
76;7;13257
76;8;13592
76;9;13627
76;10;13686
76;11;13731
76;12;14071
76;13;14091
76;14;14444
76;15;14486
76;16;14857
76;17;14871
76;18;14898
76;19;14919
76;20;14922
76;21;14944
76;22;14968
76;23;15296
76;24;15301
76;25;15324
76;26;15343
76;27;15375
76;28;15401
76;29;15414
76;30;15433
76;31;15452
76;32;15538
76;33;15543
76;34;15585
77;1;9757
77;2;9849
77;3;9881
77;4;10243
77;5;10596
77;6;11021
77;7;11494
77;8;11986
77;9;12429
77;10;12881
77;11;13218
77;12;13370
77;13;13389
77;14;13415
77;15;13629
77;16;13685
77;17;14126
77;18;14163
77;19;14432
77;20;14441
77;21;14533
77;22;14565
77;23;14591
77;24;14599
77;25;14604
77;26;14626
77;27;14644
77;28;14719
77;29;14751
77;30;14765
77;31;14784
77;32;14789
77;33;14803
77;34;14830
77;35;14843
77;36;14874
77;37;14893
77;38;15204
77;39;15246
77;40;15286
77;41;15289
77;42;15315
77;43;15334
77;44;15340
77;45;15399
77;46;15406
77;47;15457
77;48;15483
77;49;15502
77;50;15513
77;51;15534
77;52;15543
77;53;15545
77;54;15562
78;1;10055
78;2;10060
78;3;10073
78;4;10452
78;5;10849
78;6;10900
78;7;10992
78;8;11313
78;9;11762
78;10;11794
78;11;12269
78;12;12694
78;13;12715
78;14;12807
78;15;13288
78;16;13708
78;17;14069
78;18;14119
78;19;14353
78;20;14412
78;21;14486
78;22;14522
78;23;14543
78;24;14561
78;25;14644
78;26;14658
78;27;14675
78;28;15000
78;29;15042
78;30;15091
78;31;15108
78;32;15139
78;33;15206
78;34;15232
78;35;15237
78;36;15288
78;37;15293
78;38;15311
78;39;15337
78;40;15382
78;41;15424
78;42;15438
78;43;15457
78;44;15470
78;45;15490
78;46;15507
78;47;15529
78;48;15531
78;49;15548
78;50;15561
79;1;9656
79;2;9682
79;3;9753
79;4;10106
79;5;10126
79;6;10569
79;7;10922
79;8;11506
79;9;11996
79;10;12540
79;11;12798
79;12;13273
79;13;13500
79;14;13917
79;15;13950
79;16;13976
79;17;13997
79;18;14092
79;19;14116
79;20;14133
79;21;14208
79;22;14226
79;23;14227
79;24;14293
79;25;14340
79;26;14356
79;27;14442
79;28;14843
79;29;14860
79;30;14897
79;31;14910
79;32;14984
79;33;14997
79;34;15011
79;35;15044
79;36;15062
79;37;15265
79;38;15274
79;39;15307
79;40;15328
79;41;15381
79;42;15456
79;43;15462
79;44;15502
79;45;15521
79;46;15540
79;47;15543
79;48;15544
79;49;15561
79;50;15562
80;1;12519
80;2;12594
80;3;12863
80;4;12868
80;5;12892
80;6;13333
80;7;13374
80;8;13879
80;9;13929
80;10;13936
80;11;13984
80;12;14401
80;13;14420
80;14;14427
80;15;14783
80;16;14790
80;17;14823
80;18;15176
80;19;15183
80;20;15215
80;21;15220
80;22;15252
80;23;15266
80;24;15303
80;25;15305
80;26;15329
80;27;15356
80;28;15381
80;29;15456
80;30;15507
80;31;15527
80;32;15540
80;33;15553
80;34;15585
81;1;11485
81;2;11977
81;3;12173
81;4;12440
81;5;12854
81;6;12896
81;7;13083
81;8;13513
81;9;13891
81;10;13900
81;11;14244
81;12;14291
81;13;14386
81;14;14682
81;15;14684
81;16;14693
81;17;14756
81;18;14798
81;19;15212
81;20;15287
81;21;15318
81;22;15328
81;23;15375
81;24;15404
81;25;15463
81;26;15490
81;27;15503
81;28;15507
81;29;15540
81;30;15585
82;1;11479
82;2;11931
82;3;11954
82;4;12377
82;5;12444
82;6;12823
82;7;12868
82;8;12915
82;9;12930
82;10;13350
82;11;13402
82;12;13488
82;13;13506
82;14;13525
82;15;13753
82;16;13790
82;17;14134
82;18;14138
82;19;14170
82;20;14528
82;21;14561
82;22;14566
82;23;14661
82;24;14687
82;25;14704
82;26;15026
82;27;15058
82;28;15077
82;29;15165
82;30;15189
82;31;15231
82;32;15263
82;33;15298
82;34;15316
82;35;15338
82;36;15399
82;37;15444
82;38;15470
82;39;15483
82;40;15488
82;41;15513
82;42;15544
82;43;15585
83;1;12650
83;2;13067
83;3;13532
83;4;13827
83;5;13878
83;6;14257
83;7;14576
83;8;14606
83;9;14620
83;10;14632
83;11;14665
83;12;14683
83;13;14757
83;14;14785
83;15;15074
83;16;15106
83;17;15122
83;18;15159
83;19;15200
83;20;15201
83;21;15226
83;22;15236
83;23;15262
83;24;15267
83;25;15300
83;26;15343
83;27;15359
83;28;15370
83;29;15389
83;30;15403
83;31;15420
83;32;15467
83;33;15480
83;34;15490
83;35;15525
83;36;15543
83;37;15544
83;38;15545
83;39;15562
84;1;10475
84;2;10876
84;3;11291
84;4;11783
84;5;11846
84;6;11851
84;7;12003
84;8;12429
84;9;12458
84;10;12474
84;11;12839
84;12;12869
84;13;12932
84;14;13277
84;15;13676
84;16;13695
84;17;14042
84;18;14353
84;19;14400
84;20;14822
84;21;14830
84;22;14856
84;23;14889
84;24;14910
84;25;14984
84;26;15010
84;27;15077
84;28;15086
84;29;15099
84;30;15124
84;31;15141
84;32;15157
84;33;15190
84;34;15232
84;35;15241
84;36;15253
84;37;15270
84;38;15273
84;39;15315
84;40;15317
84;41;15333
84;42;15340
84;43;15355
84;44;15384
84;45;15411
84;46;15415
84;47;15432
84;48;15488
84;49;15520
84;50;15539
84;51;15552
84;52;15567
84;53;15585
85;1;10634
85;2;10993
85;3;11056
85;4;11545
85;5;11980
85;6;12001
85;7;12400
85;8;12863
85;9;13214
85;10;13257
85;11;13286
85;12;13328
85;13;13657
85;14;13689
85;15;13716
85;16;13756
85;17;13791
85;18;14240
85;19;14350
85;20;14369
85;21;14481
85;22;14834
85;23;14862
85;24;14899
85;25;14911
85;26;14955
85;27;14972
85;28;14993
85;29;15019
85;30;15361
85;31;15362
85;32;15418
85;33;15436
85;34;15441
85;35;15459
85;36;15464
85;37;15515
85;38;15528
85;39;15542
85;40;15561
86;1;10043
86;2;10064
86;3;10139
86;4;10538
86;5;10555
86;6;10831
86;7;11375
86;8;11728
86;9;12103
86;10;12105
86;11;12561
86;12;12587
86;13;12662
86;14;13041
86;15;13092
86;16;13108
86;17;13133
86;18;13598
86;19;13684
86;20;13731
86;21;14091
86;22;14141
86;23;14178
86;24;14263
86;25;14598
86;26;14685
86;27;14744
86;28;14758
86;29;15162
86;30;15197
86;31;15210
86;32;15217
86;33;15265
86;34;15269
86;35;15287
86;36;15296
86;37;15299
86;38;15316
86;39;15325
86;40;15343
86;41;15348
86;42;15365
86;43;15407
86;44;15416
86;45;15425
86;46;15442
86;47;15447
86;48;15458
86;49;15471
86;50;15497
86;51;15502
86;52;15521
86;53;15562
87;1;9987
87;2;10032
87;3;10411
87;4;10831
87;5;11367
87;6;11519
87;7;11975
87;8;11988
87;9;12006
87;10;12051
87;11;12465
87;12;12486
87;13;12971
87;14;13317
87;15;13350
87;16;13703
87;17;13735
87;18;14081
87;19;14510
87;20;14515
87;21;14547
87;22;14827
87;23;14845
87;24;14904
87;25;14943
87;26;14962
87;27;14999
87;28;15015
87;29;15057
87;30;15131
87;31;15196
87;32;15201
87;33;15212
87;34;15298
87;35;15309
87;36;15314
87;37;15366
87;38;15379
87;39;15384
87;40;15410
87;41;15461
87;42;15470
87;43;15493
87;44;15512
87;45;15553
88;1;9740
88;2;10119
88;3;10481
88;4;10990
88;5;11463
88;6;11876
88;7;12281
88;8;12614
88;9;12959
88;10;13111
88;11;13130
88;12;13180
88;13;13207
88;14;13217
88;15;13230
88;16;13304
88;17;13321
88;18;13676
88;19;14016
88;20;14102
88;21;14190
88;22;14195
88;23;14232
88;24;14283
88;25;14457
88;26;14552
88;27;14627
88;28;14962
88;29;14984
88;30;15034
88;31;15081
88;32;15095
88;33;15173
88;34;15215
88;35;15239
88;36;15281
88;37;15290
88;38;15330
88;39;15335
88;40;15362
88;41;15378
88;42;15395
88;43;15423
88;44;15428
88;45;15487
88;46;15494
88;47;15520
88;48;15538
88;49;15553
88;50;15585
89;1;10038
89;2;10054
89;3;10416
89;4;10502
89;5;10594
89;6;11032
89;7;11107
89;8;11466
89;9;11702
89;10;11722
89;11;12116
89;12;12175
89;13;12690
89;14;12785
89;15;12806
89;16;13224
89;17;13249
89;18;13727
89;19;14134
89;20;14209
89;21;14232
89;22;14306
89;23;14374
89;24;14406
89;25;14829
89;26;15100
89;27;15104
89;28;15123
89;29;15188
89;30;15205
89;31;15222
89;32;15227
89;33;15231
89;34;15262
89;35;15287
89;36;15340
89;37;15348
89;38;15351
89;39;15412
89;40;15498
89;41;15530
89;42;15535
89;43;15572
89;44;15585
90;1;10927
90;2;11445
90;3;11487
90;4;12003
90;5;12033
90;6;12442
90;7;12484
90;8;12798
90;9;12824
90;10;13276
90;11;13708
90;12;13729
90;13;13755
90;14;14198
90;15;14235
90;16;14503
90;17;14533
90;18;14562
90;19;14575
90;20;14583
90;21;14654
90;22;15005
90;23;15056
90;24;15082
90;25;15094
90;26;15123
90;27;15142
90;28;15167
90;29;15181
90;30;15240
90;31;15245
90;32;15262
90;33;15304
90;34;15310
90;35;15315
90;36;15322
90;37;15346
90;38;15364
90;39;15370
90;40;15375
90;41;15422
90;42;15429
90;43;15474
90;44;15484
90;45;15509
90;46;15541
90;47;15572
90;48;15585
91;1;10875
91;2;11291
91;3;11509
91;4;11560
91;5;11581
91;6;11963
91;7;12049
91;8;12082
91;9;12156
91;10;12422
91;11;12784
91;12;12816
91;13;12831
91;14;12868
91;15;13336
91;16;13343
91;17;13394
91;18;13480
91;19;13500
91;20;13825
91;21;13867
91;22;13922
91;23;14435
91;24;14454
91;25;14477
91;26;14802
91;27;15183
91;28;15209
91;29;15235
91;30;15272
91;31;15289
91;32;15312
91;33;15359
91;34;15403
91;35;15404
91;36;15423
91;37;15454
91;38;15472
91;39;15489
91;40;15497
91;41;15512
91;42;15521
91;43;15562
92;1;9619
92;2;9771
92;3;10151
92;4;10167
92;5;10593
92;6;10612
92;7;11087
92;8;11113
92;9;11448
92;10;11865
92;11;12272
92;12;12273
92;13;12365
92;14;12382
92;15;12401
92;16;12772
92;17;12796
92;18;12801
92;19;12860
92;20;12873
92;21;12876
92;22;12906
92;23;12976
92;24;13286
92;25;13605
92;26;13633
92;27;13664
92;28;13716
92;29;13746
92;30;14099
92;31;14113
92;32;14457
92;33;14488
92;34;14514
92;35;14615
92;36;14634
92;37;14662
92;38;14669
92;39;14693
92;40;14971
92;41;14974
92;42;14977
92;43;15014
92;44;15023
92;45;15037
92;46;15055
92;47;15058
92;48;15071
92;49;15102
92;50;15149
92;51;15155
92;52;15188
92;53;15204
92;54;15207
92;55;15230
92;56;15240
92;57;15244
92;58;15249
92;59;15291
92;60;15300
92;61;15301
92;62;15340
92;63;15364
92;64;15368
92;65;15388
92;66;15435
92;67;15494
92;68;15521
92;69;15534
92;70;15543
92;71;15549
92;72;15562
93;1;10501
93;2;10929
93;3;10953
93;4;11288
93;5;11321
93;6;11751
93;7;11791
93;8;12158
93;9;12345
93;10;12392
93;11;12734
93;12;13012
93;13;13086
93;14;13128
93;15;13134
93;16;13171
93;17;13549
93;18;13641
93;19;14045
93;20;14066
93;21;14083
93;22;14169
93;23;14247
93;24;14274
93;25;14316
93;26;14669
93;27;14695
93;28;14725
93;29;14762
93;30;14788
93;31;15174
93;32;15236
93;33;15240
93;34;15280
93;35;15299
93;36;15324
93;37;15340
93;38;15353
93;39;15380
93;40;15396
93;41;15441
93;42;15443
93;43;15461
93;44;15462
93;45;15480
93;46;15511
93;47;15525
93;48;15528
93;49;15542
93;50;15548
94;1;8272
94;2;8670
94;3;9063
94;4;9442
94;5;9486
94;6;9499
94;7;9980
94;8;10446
94;9;10845
94;10;10863
94;11;10930
94;12;10958
94;13;11394
94;14;11810
94;15;11852
94;16;11865
94;17;11892
94;18;11913
94;19;12228
94;20;12645
94;21;13091
94;22;13112
94;23;13403
94;24;13464
94;25;13467
94;26;13559
94;27;14008
94;28;14036
94;29;14057
94;30;14094
94;31;14099
94;32;14118
94;33;14471
94;34;14616
94;35;14630
94;36;15065
94;37;15084
94;38;15143
94;39;15153
94;40;15180
94;41;15227
94;42;15255
94;43;15280
94;44;15306
94;45;15325
94;46;15341
94;47;15360
94;48;15381
94;49;15405
94;50;15410
94;51;15431
94;52;15448
94;53;15458
94;54;15478
94;55;15495
94;56;15514
94;57;15530
94;58;15535
94;59;15545
94;60;15569
94;61;15585
95;1;9258
95;2;9281
95;3;9771
95;4;10149
95;5;10163
95;6;10168
95;7;10227
95;8;10274
95;9;10287
95;10;10650
95;11;11043
95;12;11155
95;13;11173
95;14;11199
95;15;11518
95;16;11898
95;17;11940
95;18;11961
95;19;12375
95;20;12406
95;21;12895
95;22;12913
95;23;12964
95;24;13439
95;25;13868
95;26;14213
95;27;14231
95;28;14244
95;29;14582
95;30;14992
95;31;15084
95;32;15155
95;33;15176
95;34;15197
95;35;15217
95;36;15223
95;37;15251
95;38;15277
95;39;15314
95;40;15347
95;41;15349
95;42;15366
95;43;15425
95;44;15439
95;45;15449
95;46;15450
95;47;15471
95;48;15484
95;49;15503
95;50;15529
95;51;15561
95;52;15566
95;53;15585
96;1;10135
96;2;10686
96;3;11128
96;4;11133
96;5;11651
96;6;12077
96;7;12393
96;8;12439
96;9;12980
96;10;13392
96;11;13416
96;12;13458
96;13;13505
96;14;13871
96;15;14029
96;16;14141
96;17;14197
96;18;14672
96;19;14698
96;20;14712
96;21;14722
96;22;14817
96;23;14834
96;24;15130
96;25;15145
96;26;15189
96;27;15192
96;28;15201
96;29;15227
96;30;15269
96;31;15274
96;32;15289
96;33;15306
96;34;15318
96;35;15319
96;36;15321
96;37;15384
96;38;15403
96;39;15435
96;40;15461
96;41;15498
96;42;15512
96;43;15525
96;44;15528
96;45;15544
96;46;15585
97;1;8997
97;2;9427
97;3;9780
97;4;9796
97;5;10271
97;6;10298
97;7;10372
97;8;10403
97;9;10410
97;10;10900
97;11;10929
97;12;11282
97;13;11307
97;14;11891
97;15;11952
97;16;12025
97;17;12055
97;18;12488
97;19;12902
97;20;12914
97;21;13140
97;22;13159
97;23;13254
97;24;13547
97;25;13576
97;26;13590
97;27;13632
97;28;14071
97;29;14107
97;30;14133
97;31;14152
97;32;14421
97;33;14513
97;34;14587
97;35;14614
97;36;14651
97;37;14676
97;38;15181
97;39;15210
97;40;15266
97;41;15271
97;42;15273
97;43;15287
97;44;15314
97;45;15330
97;46;15334
97;47;15342
97;48;15349
97;49;15375
97;50;15381
97;51;15397
97;52;15410
97;53;15429
97;54;15455
97;55;15506
97;56;15511
97;57;15512
97;58;15529
97;59;15552
97;60;15566
97;61;15585
98;1;9079
98;2;9531
98;3;9623
98;4;9939
98;5;10298
98;6;10348
98;7;10385
98;8;10436
98;9;10949
98;10;10975
98;11;11061
98;12;11082
98;13;11156
98;14;11599
98;15;11847
98;16;12229
98;17;12646
98;18;12704
98;19;13145
98;20;13523
98;21;14011
98;22;14040
98;23;14152
98;24;14169
98;25;14194
98;26;14636
98;27;14668
98;28;14681
98;29;14694
98;30;14719
98;31;14761
98;32;14790
98;33;14828
98;34;14830
98;35;14849
98;36;14867
98;37;14896
98;38;14988
98;39;15384
98;40;15411
98;41;15412
98;42;15416
98;43;15421
98;44;15438
98;45;15439
98;46;15452
98;47;15470
98;48;15520
98;49;15544
98;50;15561
98;51;15585
99;1;9644
99;2;10053
99;3;10543
99;4;10569
99;5;10806
99;6;11159
99;7;11664
99;8;11718
99;9;12004
99;10;12545
99;11;12565
99;12;12998
99;13;13035
99;14;13434
99;15;13493
99;16;13518
99;17;13959
99;18;14038
99;19;14075
99;20;14101
99;21;14161
99;22;14558
99;23;14625
99;24;14956
99;25;14975
99;26;14993
99;27;15069
99;28;15070
99;29;15092
99;30;15137
99;31;15153
99;32;15178
99;33;15185
99;34;15220
99;35;15239
99;36;15304
99;37;15311
99;38;15325
99;39;15354
99;40;15406
99;41;15410
99;42;15427
99;43;15458
99;44;15485
99;45;15517
99;46;15552
99;47;15567
99;48;15585
100;1;10126
100;2;10157
100;3;10471
100;4;10989
100;5;11502
100;6;11528
100;7;11590
100;8;11635
100;9;11691
100;10;11733
100;11;12084
100;12;12488
100;13;12563
100;14;12565
100;15;13053
100;16;13440
100;17;13453
100;18;13459
100;19;13885
100;20;13914
100;21;14225
100;22;14254
100;23;14271
100;24;14487
100;25;14896
100;26;14915
100;27;14919
100;28;14934
100;29;14973
100;30;14978
100;31;15004
100;32;15046
100;33;15049
100;34;15100
100;35;15162
100;36;15188
100;37;15193
100;38;15209
100;39;15224
100;40;15254
100;41;15273
100;42;15279
100;43;15292
100;44;15295
100;45;15306
100;46;15322
100;47;15334
100;48;15368
100;49;15383
100;50;15385
100;51;15390
100;52;15412
100;53;15424
100;54;15457
100;55;15467
100;56;15488
100;57;15538
100;58;15540
100;59;15553
100;60;15585
101;1;10511
101;2;10856
101;3;11163
101;4;11200
101;5;11211
101;6;11524
101;7;11541
101;8;12046
101;9;12442
101;10;12489
101;11;12531
101;12;12606
101;13;13023
101;14;13038
101;15;13063
101;16;13332
101;17;13742
101;18;13800
101;19;14241
101;20;14245
101;21;14250
101;22;14314
101;23;14782
101;24;14868
101;25;14894
101;26;14904
101;27;14929
101;28;14951
101;29;15014
101;30;15201
101;31;15205
101;32;15212
101;33;15273
101;34;15332
101;35;15337
101;36;15354
101;37;15362
101;38;15414
101;39;15428
101;40;15430
101;41;15458
101;42;15482
101;43;15497
101;44;15502
101;45;15510
101;46;15535
101;47;15568
101;48;15585
102;1;10931
102;2;10952
102;3;11332
102;4;11734
102;5;12080
102;6;12141
102;7;12233
102;8;12259
102;9;12276
102;10;12639
102;11;13071
102;12;13090
102;13;13101
102;14;13128
102;15;13497
102;16;13539
102;17;13634
102;18;13704
102;19;13709
102;20;14178
102;21;14195
102;22;14612
102;23;14638
102;24;14683
102;25;14742
102;26;14753
102;27;15002
102;28;15023
102;29;15055
102;30;15104
102;31;15106
102;32;15153
102;33;15159
102;34;15177
102;35;15212
102;36;15222
102;37;15245
102;38;15287
102;39;15301
102;40;15317
102;41;15334
102;42;15355
102;43;15371
102;44;15413
102;45;15427
102;46;15446
102;47;15465
102;48;15478
102;49;15483
102;50;15498
102;51;15504
102;52;15525
102;53;15544
102;54;15585
103;1;10221
103;2;10644
103;3;10987
103;4;11500
103;5;11879
103;6;12277
103;7;12294
103;8;12336
103;9;12355
103;10;12386
103;11;12857
103;12;12875
103;13;13283
103;14;13597
103;15;13928
103;16;13979
103;17;14269
103;18;14274
103;19;14326
103;20;14816
103;21;14867
103;22;14880
103;23;14896
103;24;14991
103;25;15017
103;26;15020
103;27;15025
103;28;15060
103;29;15126
103;30;15140
103;31;15196
103;32;15222
103;33;15283
103;34;15309
103;35;15323
103;36;15328
103;37;15349
103;38;15361
103;39;15370
103;40;15375
103;41;15377
103;42;15409
103;43;15428
103;44;15432
103;45;15450
103;46;15454
103;47;15471
103;48;15485
103;49;15500
103;50;15537
103;51;15550
103;52;15569
103;53;15572
103;54;15585
104;1;11415
104;2;11867
104;3;11894
104;4;11929
104;5;11971
104;6;12002
104;7;12025
104;8;12510
104;9;12535
104;10;12888
104;11;12939
104;12;13277
104;13;13328
104;14;13796
104;15;13983
104;16;13988
104;17;14074
104;18;14442
104;19;14477
104;20;14610
104;21;14629
104;22;14685
104;23;14713
104;24;15188
104;25;15332
104;26;15339
104;27;15365
104;28;15391
104;29;15408
104;30;15457
104;31;15467
104;32;15480
104;33;15493
104;34;15520
104;35;15544
105;1;10614
105;2;11102
105;3;11483
105;4;11835
105;5;11895
105;6;12304
105;7;12649
105;8;12936
105;9;13284
105;10;13290
105;11;13365
105;12;13833
105;13;13885
105;14;13911
105;15;14336
105;16;14391
105;17;14433
105;18;14480
105;19;14525
105;20;14599
105;21;14829
105;22;14885
105;23;14890
105;24;14941
105;25;15066
105;26;15071
105;27;15072
105;28;15085
105;29;15147
105;30;15173
105;31;15201
105;32;15212
105;33;15245
105;34;15337
105;35;15366
105;36;15385
105;37;15422
105;38;15514
105;39;15529
105;40;15548
106;1;11307
106;2;11349
106;3;11368
106;4;11384
106;5;11776
106;6;12252
106;7;12631
106;8;12743
106;9;13088
106;10;13106
106;11;13647
106;12;13676
106;13;13735
106;14;13802
106;15;14155
106;16;14229
106;17;14279
106;18;14678
106;19;14720
106;20;15103
106;21;15121
106;22;15138
106;23;15157
106;24;15178
106;25;15237
106;26;15292
106;27;15316
106;28;15332
106;29;15345
106;30;15380
106;31;15419
106;32;15429
106;33;15434
106;34;15485
106;35;15510
106;36;15527
106;37;15553
106;38;15566
106;39;15585
107;1;10233
107;2;10238
107;3;10579
107;4;11095
107;5;11181
107;6;11651
107;7;12004
107;8;12434
107;9;12659
107;10;13164
107;11;13167
107;12;13207
107;13;13279
107;14;13311
107;15;13332
107;16;13629
107;17;13642
107;18;14112
107;19;14152
107;20;14238
107;21;14243
107;22;14250
107;23;14259
107;24;14698
107;25;15114
107;26;15127
107;27;15146
107;28;15241
107;29;15283
107;30;15309
107;31;15335
107;32;15403
107;33;15428
107;34;15452
107;35;15479
107;36;15493
107;37;15511
107;38;15529
107;39;15530
107;40;15549
107;41;15562
108;1;9995
108;2;10355
108;3;10820
108;4;11347
108;5;11392
108;6;11809
108;7;12248
108;8;12343
108;9;12373
108;10;12391
108;11;12396
108;12;12438
108;13;12590
108;14;13060
108;15;13623
108;16;13640
108;17;13900
108;18;13921
108;19;14016
108;20;14276
108;21;14695
108;22;15086
108;23;15124
108;24;15150
108;25;15163
108;26;15176
108;27;15190
108;28;15253
108;29;15262
108;30;15313
108;31;15332
108;32;15351
108;33;15354
108;34;15360
108;35;15378
108;36;15415
108;37;15441
108;38;15454
108;39;15470
108;40;15472
108;41;15477
108;42;15494
108;43;15527
108;44;15537
108;45;15553
108;46;15562
109;1;10184
109;2;10250
109;3;10279
109;4;10747
109;5;11272
109;6;11278
109;7;11313
109;8;11739
109;9;12244
109;10;12539
109;11;12551
109;12;13026
109;13;13085
109;14;13120
109;15;13477
109;16;13944
109;17;14385
109;18;14460
109;19;14487
109;20;14500
109;21;14549
109;22;14644
109;23;14736
109;24;14737
109;25;14759
109;26;14786
109;27;14818
109;28;14839
109;29;14872
109;30;14882
109;31;15242
109;32;15259
109;33;15287
109;34;15373
109;35;15390
109;36;15452
109;37;15478
109;38;15485
109;39;15490
109;40;15515
109;41;15541
109;42;15554
109;43;15567
109;44;15585
110;1;9911
110;2;9939
110;3;10336
110;4;10401
110;5;10453
110;6;10867
110;7;10872
110;8;10914
110;9;11266
110;10;11341
110;11;11854
110;12;12359
110;13;12644
110;14;12675
110;15;12770
110;16;13238
110;17;13669
110;18;13719
110;19;13794
110;20;14125
110;21;14166
110;22;14228
110;23;14237
110;24;14297
110;25;14301
110;26;14302
110;27;14315
110;28;14341
110;29;14374
110;30;14408
110;31;14429
110;32;14818
110;33;15211
110;34;15232
110;35;15284
110;36;15286
110;37;15323
110;38;15341
110;39;15358
110;40;15393
110;41;15420
110;42;15439
110;43;15449
110;44;15467
110;45;15484
110;46;15506
110;47;15525
110;48;15540
110;49;15572
110;50;15585
111;1;12229
111;2;12598
111;3;13063
111;4;13590
111;5;13642
111;6;14134
111;7;14195
111;8;14571
111;9;14758
111;10;14761
111;11;14763
111;12;14807
111;13;15150
111;14;15171
111;15;15246
111;16;15294
111;17;15308
111;18;15327
111;19;15329
111;20;15346
111;21;15370
111;22;15395
111;23;15422
111;24;15472
111;25;15477
111;26;15514
111;27;15527
111;28;15537
111;29;15553
111;30;15585
112;1;8878
112;2;8952
112;3;9027
112;4;9500
112;5;9563
112;6;10001
112;7;10052
112;8;10396
112;9;10709
112;10;11194
112;11;11664
112;12;12248
112;13;12736
112;14;13263
112;15;13290
112;16;13635
112;17;14073
112;18;14075
112;19;14101
112;20;14105
112;21;14132
112;22;14228
112;23;14413
112;24;14428
112;25;14480
112;26;14575
112;27;14799
112;28;14815
112;29;14907
112;30;15002
112;31;15054
112;32;15091
112;33;15102
112;34;15116
112;35;15211
112;36;15274
112;37;15333
112;38;15376
112;39;15418
112;40;15446
112;41;15459
112;42;15476
112;43;15503
112;44;15535
112;45;15541
112;46;15554
112;47;15585
113;1;11778
113;2;12064
113;3;12106
113;4;12123
113;5;12170
113;6;12189
113;7;12707
113;8;12749
113;9;12754
113;10;13151
113;11;13636
113;12;13695
113;13;13739
113;14;14092
113;15;14193
113;16;14272
113;17;14589
113;18;14605
113;19;14631
113;20;14656
113;21;15181
113;22;15226
113;23;15250
113;24;15273
113;25;15324
113;26;15340
113;27;15345
113;28;15372
113;29;15385
113;30;15396
113;31;15422
113;32;15434
113;33;15471
113;34;15483
113;35;15507
113;36;15540
113;37;15566
113;38;15568
113;39;15585
114;1;11118
114;2;11286
114;3;11711
114;4;11753
114;5;12234
114;6;12305
114;7;12392
114;8;12393
114;9;12423
114;10;12834
114;11;12839
114;12;12899
114;13;12921
114;14;12950
114;15;12968
114;16;12994
114;17;13284
114;18;13544
114;19;13603
114;20;13698
114;21;13714
114;22;13891
114;23;13898
114;24;14228
114;25;14263
114;26;14276
114;27;14680
114;28;14707
114;29;15042
114;30;15044
114;31;15070
114;32;15086
114;33;15128
114;34;15190
114;35;15209
114;36;15249
114;37;15281
114;38;15306
114;39;15332
114;40;15357
114;41;15383
114;42;15430
114;43;15435
114;44;15440
114;45;15478
114;46;15495
114;47;15521
114;48;15526
114;49;15544
114;50;15585
115;1;10267
115;2;10724
115;3;11083
115;4;11553
115;5;11615
115;6;11905
115;7;12318
115;8;12360
115;9;12452
115;10;12927
115;11;13357
115;12;13365
115;13;13756
115;14;13757
115;15;13816
115;16;14241
115;17;14266
115;18;14313
115;19;14408
115;20;14469
115;21;14501
115;22;14956
115;23;14968
115;24;15012
115;25;15037
115;26;15051
115;27;15100
115;28;15116
115;29;15141
115;30;15152
115;31;15162
115;32;15212
115;33;15224
115;34;15276
115;35;15292
115;36;15318
115;37;15324
115;38;15383
115;39;15428
115;40;15464
115;41;15504
115;42;15521
115;43;15523
115;44;15536
115;45;15553
115;46;15562
116;1;9159
116;2;9615
116;3;9968
116;4;10406
116;5;10849
116;6;11228
116;7;11323
116;8;11836
116;9;12354
116;10;12405
116;11;12700
116;12;13079
116;13;13133
116;14;13524
116;15;13537
116;16;13629
116;17;13660
116;18;13686
116;19;13745
116;20;14086
116;21;14154
116;22;14187
116;23;14192
116;24;14570
116;25;14602
116;26;14603
116;27;14981
116;28;14990
116;29;15036
116;30;15078
116;31;15088
116;32;15117
116;33;15191
116;34;15256
116;35;15290
116;36;15298
116;37;15312
116;38;15341
116;39;15358
116;40;15384
116;41;15392
116;42;15401
116;43;15428
116;44;15434
116;45;15453
116;46;15459
116;47;15460
116;48;15465
116;49;15466
116;50;15491
116;51;15508
116;52;15526
116;53;15553
116;54;15585
117;1;10564
117;2;10917
117;3;11342
117;4;11389
117;5;11394
117;6;11460
117;7;11738
117;8;11833
117;9;12160
117;10;12252
117;11;12273
117;12;12505
117;13;12515
117;14;12610
117;15;12702
117;16;12742
117;17;13260
117;18;13631
117;19;13647
117;20;13685
117;21;13760
117;22;14121
117;23;14146
117;24;14206
117;25;14243
117;26;14521
117;27;14572
117;28;14593
117;29;14603
117;30;14629
117;31;14680
117;32;14696
117;33;14710
117;34;14742
117;35;14748
117;36;14760
117;37;14821
117;38;14838
117;39;14865
117;40;14951
117;41;15328
117;42;15346
117;43;15390
117;44;15409
117;45;15451
117;46;15470
117;47;15474
117;48;15521
117;49;15530
117;50;15561
118;1;8603
118;2;9051
118;3;9441
118;4;9786
118;5;10139
118;6;10170
118;7;10658
118;8;11171
118;9;11210
118;10;11675
118;11;11700
118;12;12168
118;13;12561
118;14;12571
118;15;12902
118;16;12908
118;17;12983
118;18;13084
118;19;13103
118;20;13170
118;21;13436
118;22;13441
118;23;13453
118;24;13486
118;25;13872
118;26;14234
118;27;14660
118;28;14678
118;29;14979
118;30;15003
118;31;15037
118;32;15054
118;33;15094
118;34;15113
118;35;15140
118;36;15195
118;37;15200
118;38;15201
118;39;15226
118;40;15314
118;41;15319
118;42;15329
118;43;15383
118;44;15407
118;45;15409
118;46;15439
118;47;15441
118;48;15446
118;49;15453
118;50;15459
118;51;15474
118;52;15515
118;53;15520
118;54;15562
119;1;10840
119;2;10845
119;3;11313
119;4;11369
119;5;11416
119;6;11796
119;7;11814
119;8;12061
119;9;12500
119;10;12973
119;11;13186
119;12;13209
119;13;13241
119;14;13257
119;15;13431
119;16;13473
119;17;13505
119;18;13922
119;19;13986
119;20;14023
119;21;14398
119;22;14408
119;23;14440
119;24;14461
119;25;14466
119;26;14541
119;27;14552
119;28;14906
119;29;14927
119;30;14953
119;31;14967
119;32;14974
119;33;14981
119;34;15013
119;35;15334
119;36;15399
119;37;15420
119;38;15427
119;39;15446
119;40;15472
119;41;15509
119;42;15528
119;43;15541
119;44;15551
119;45;15567
119;46;15585
120;1;11214
120;2;11230
120;3;11592
120;4;11999
120;5;12015
120;6;12032
120;7;12410
120;8;12481
120;9;12949
120;10;12996
120;11;13400
120;12;13564
120;13;13963
120;14;13993
120;15;14352
120;16;14383
120;17;14452
120;18;14478
120;19;14515
120;20;14552
120;21;14907
120;22;14916
120;23;14958
120;24;14961
120;25;14972
120;26;14990
120;27;15023
120;28;15070
120;29;15074
120;30;15085
120;31;15457
120;32;15474
120;33;15493
120;34;15519
120;35;15522
120;36;15538
120;37;15543
120;38;15545
120;39;15561
121;1;10419
121;2;10772
121;3;11169
121;4;11657
121;5;11809
121;6;11904
121;7;12342
121;8;12375
121;9;12412
121;10;12488
121;11;12555
121;12;13028
121;13;13065
121;14;13091
121;15;13117
121;16;13126
121;17;13156
121;18;13365
121;19;13687
121;20;13738
121;21;13989
121;22;14017
121;23;14082
121;24;14269
121;25;14381
121;26;14596
121;27;14609
121;28;14654
121;29;14741
121;30;15096
121;31;15155
121;32;15169
121;33;15190
121;34;15207
121;35;15244
121;36;15279
121;37;15297
121;38;15308
121;39;15337
121;40;15407
121;41;15438
121;42;15443
121;43;15456
121;44;15470
121;45;15529
121;46;15548
121;47;15549
121;48;15562
122;1;10384
122;2;10814
122;3;10844
122;4;11214
122;5;11689
122;6;12091
122;7;12583
122;8;12600
122;9;12642
122;10;12663
122;11;12676
122;12;13075
122;13;13381
122;14;13444
122;15;13470
122;16;13886
122;17;14324
122;18;14343
122;19;14363
122;20;14687
122;21;14781
122;22;14811
122;23;14820
122;24;14867
122;25;14876
122;26;14885
122;27;14931
122;28;14939
122;29;14959
122;30;15004
122;31;15020
122;32;15037
122;33;15340
122;34;15353
122;35;15400
122;36;15418
122;37;15439
122;38;15466
122;39;15486
122;40;15512
122;41;15529
122;42;15548
122;43;15561
123;1;10916
123;2;10940
123;3;11429
123;4;11774
123;5;11816
123;6;11847
123;7;12256
123;8;12655
123;9;12706
123;10;12746
123;11;12764
123;12;13121
123;13;13150
123;14;13676
123;15;14099
123;16;14173
123;17;14215
123;18;14658
123;19;14676
123;20;14697
123;21;14719
123;22;15096
123;23;15106
123;24;15124
123;25;15176
123;26;15193
123;27;15203
123;28;15216
123;29;15263
123;30;15301
123;31;15329
123;32;15362
123;33;15367
123;34;15393
123;35;15416
123;36;15442
123;37;15475
123;38;15493
123;39;15509
123;40;15535
123;41;15548
123;42;15566
123;43;15585
124;1;9650
124;2;10080
124;3;10097
124;4;10624
124;5;10650
124;6;11073
124;7;11525
124;8;11907
124;9;11978
124;10;11996
124;11;12033
124;12;12447
124;13;12473
124;14;12525
124;15;12567
124;16;13072
124;17;13093
124;18;13571
124;19;13621
124;20;13626
124;21;13644
124;22;13691
124;23;14156
124;24;14407
124;25;14433
124;26;14438
124;27;14481
124;28;14792
124;29;14809
124;30;14835
124;31;14891
124;32;14916
124;33;15307
124;34;15313
124;35;15354
124;36;15455
124;37;15497
124;38;15515
124;39;15531
124;40;15534
124;41;15561
124;42;15562
125;1;10099
125;2;10587
125;3;11055
125;4;11452
125;5;11494
125;6;11595
125;7;11613
125;8;11635
125;9;11659
125;10;11963
125;11;12316
125;12;12336
125;13;12422
125;14;12457
125;15;12494
125;16;12792
125;17;12887
125;18;12909
125;19;12949
125;20;13294
125;21;13667
125;22;13700
125;23;14146
125;24;14161
125;25;14183
125;26;14228
125;27;14587
125;28;15049
125;29;15065
125;30;15079
125;31;15108
125;32;15134
125;33;15145
125;34;15165
125;35;15205
125;36;15231
125;37;15236
125;38;15328
125;39;15336
125;40;15350
125;41;15355
125;42;15360
125;43;15386
125;44;15404
125;45;15441
125;46;15466
125;47;15485
125;48;15522
125;49;15535
125;50;15543
125;51;15561
125;52;15585
126;1;10024
126;2;10529
126;3;10796
126;4;10830
126;5;11237
126;6;11263
126;7;11358
126;8;11839
126;9;12276
126;10;12718
126;11;13093
126;12;13119
126;13;13211
126;14;13507
126;15;13538
126;16;13565
126;17;13570
126;18;13622
126;19;13987
126;20;14000
126;21;14037
126;22;14088
126;23;14131
126;24;14395
126;25;14432
126;26;14517
126;27;14591
126;28;14612
126;29;14650
126;30;14724
126;31;14731
126;32;14747
126;33;14798
126;34;14845
126;35;15110
126;36;15137
126;37;15238
126;38;15256
126;39;15273
126;40;15297
126;41;15322
126;42;15341
126;43;15354
126;44;15380
126;45;15407
126;46;15423
126;47;15449
126;48;15473
126;49;15490
126;50;15503
126;51;15535
126;52;15554
126;53;15564
126;54;15585
127;1;11238
127;2;11637
127;3;11674
127;4;12043
127;5;12105
127;6;12132
127;7;12158
127;8;12643
127;9;12918
127;10;12950
127;11;13367
127;12;13373
127;13;13790
127;14;13827
127;15;14140
127;16;14156
127;17;14570
127;18;14591
127;19;14962
127;20;14990
127;21;15016
127;22;15058
127;23;15074
127;24;15107
127;25;15133
127;26;15147
127;27;15161
127;28;15172
127;29;15192
127;30;15219
127;31;15224
127;32;15242
127;33;15298
127;34;15300
127;35;15303
127;36;15389
127;37;15408
127;38;15431
127;39;15432
127;40;15458
127;41;15496
127;42;15514
127;43;15527
127;44;15544
127;45;15585
128;1;9621
128;2;10020
128;3;10062
128;4;10518
128;5;10966
128;6;11441
128;7;11946
128;8;11993
128;9;12320
128;10;12784
128;11;12800
128;12;12801
128;13;12807
128;14;13164
128;15;13391
128;16;13416
128;17;13456
128;18;13872
128;19;14324
128;20;14340
128;21;14361
128;22;14433
128;23;14451
128;24;14919
128;25;14961
128;26;14975
128;27;14987
128;28;15004
128;29;15023
128;30;15065
128;31;15079
128;32;15111
128;33;15143
128;34;15176
128;35;15201
128;36;15203
128;37;15221
128;38;15253
128;39;15269
128;40;15280
128;41;15306
128;42;15322
128;43;15327
128;44;15332
128;45;15344
128;46;15367
128;47;15380
128;48;15431
128;49;15454
128;50;15471
128;51;15484
128;52;15497
128;53;15534
128;54;15553
128;55;15566
128;56;15568
128;57;15585
129;1;12869
129;2;13202
129;3;13664
129;4;14208
129;5;14226
129;6;14274
129;7;14307
129;8;14333
129;9;14378
129;10;14453
129;11;14870
129;12;14936
129;13;14951
129;14;14996
129;15;15015
129;16;15327
129;17;15330
129;18;15381
129;19;15390
129;20;15411
129;21;15435
129;22;15443
129;23;15456
129;24;15469
129;25;15480
129;26;15487
129;27;15508
129;28;15525
129;29;15527
129;30;15544
129;31;15585
130;1;10407
130;2;10781
130;3;11218
130;4;11571
130;5;11596
130;6;11646
130;7;11747
130;8;11899
130;9;11939
130;10;12332
130;11;12369
130;12;12431
130;13;12899
130;14;13313
130;15;13392
130;16;13679
130;17;13700
130;18;14122
130;19;14189
130;20;14202
130;21;14508
130;22;14523
130;23;14566
130;24;14590
130;25;14595
130;26;14621
130;27;14652
130;28;14657
130;29;14959
130;30;15034
130;31;15050
130;32;15064
130;33;15106
130;34;15114
130;35;15173
130;36;15183
130;37;15295
130;38;15337
130;39;15340
130;40;15406
130;41;15427
130;42;15443
130;43;15446
130;44;15460
130;45;15491
130;46;15508
130;47;15538
130;48;15561
130;49;15585
131;1;10401
131;2;10893
131;3;11252
131;4;11651
131;5;11962
131;6;12379
131;7;12435
131;8;12949
131;9;12988
131;10;13315
131;11;13344
131;12;13422
131;13;13441
131;14;13457
131;15;13522
131;16;13555
131;17;13795
131;18;13837
131;19;13929
131;20;14304
131;21;14355
131;22;14769
131;23;14795
131;24;14800
131;25;14847
131;26;14908
131;27;14934
131;28;14935
131;29;14972
131;30;14973
131;31;14999
131;32;15352
131;33;15359
131;34;15377
131;35;15383
131;36;15402
131;37;15407
131;38;15413
131;39;15416
131;40;15461
131;41;15466
131;42;15479
131;43;15510
131;44;15535
131;45;15544
131;46;15561
132;1;11362
132;2;11761
132;3;11803
132;4;12167
132;5;12180
132;6;12273
132;7;12635
132;8;13097
132;9;13395
132;10;13487
132;11;13503
132;12;13955
132;13;14002
132;14;14419
132;15;14433
132;16;14498
132;17;14843
132;18;14859
132;19;14911
132;20;14929
132;21;15216
132;22;15224
132;23;15253
132;24;15289
132;25;15334
132;26;15339
132;27;15371
132;28;15395
132;29;15401
132;30;15460
132;31;15486
132;32;15536
132;33;15543
132;34;15567
132;35;15585
133;1;11089
133;2;11528
133;3;11890
133;4;11915
133;5;11928
133;6;11995
133;7;12309
133;8;12662
133;9;12995
133;10;13054
133;11;13084
133;12;13121
133;13;13559
133;14;13654
133;15;13806
133;16;13877
133;17;14122
133;18;14136
133;19;14147
133;20;14175
133;21;14601
133;22;14648
133;23;14667
133;24;14950
133;25;14981
133;26;15039
133;27;15042
133;28;15068
133;29;15098
133;30;15160
133;31;15163
133;32;15189
133;33;15194
133;34;15257
133;35;15278
133;36;15296
133;37;15309
133;38;15370
133;39;15378
133;40;15396
133;41;15415
133;42;15430
133;43;15436
133;44;15453
133;45;15476
133;46;15494
133;47;15499
133;48;15520
133;49;15544
134;1;12237
134;2;12242
134;3;12681
134;4;13043
134;5;13344
134;6;13758
134;7;13767
134;8;14171
134;9;14524
134;10;14560
134;11;14607
134;12;14625
134;13;14938
134;14;15025
134;15;15026
134;16;15054
134;17;15080
134;18;15111
134;19;15148
134;20;15154
134;21;15166
134;22;15208
134;23;15267
134;24;15268
134;25;15272
134;26;15279
134;27;15284
134;28;15310
134;29;15366
134;30;15382
134;31;15408
134;32;15413
134;33;15431
134;34;15478
134;35;15485
134;36;15490
134;37;15535
134;38;15561
135;1;12040
135;2;12332
135;3;12705
135;4;12730
135;5;13186
135;6;13654
135;7;14051
135;8;14102
135;9;14126
135;10;14142
135;11;14144
135;12;14145
135;13;14152
135;14;14166
135;15;14514
135;16;14551
135;17;14581
135;18;14583
135;19;14602
135;20;14604
135;21;14675
135;22;14693
135;23;14725
135;24;14749
135;25;14844
135;26;15199
135;27;15258
135;28;15277
135;29;15298
135;30;15314
135;31;15365
135;32;15391
135;33;15392
135;34;15400
135;35;15437
135;36;15469
135;37;15482
135;38;15513
135;39;15529
135;40;15530
135;41;15548
135;42;15562
135;43;15567
135;44;15585
136;1;10581
136;2;10995
136;3;11374
136;4;11384
136;5;11423
136;6;11697
136;7;11702
136;8;12116
136;9;12142
136;10;12179
136;11;12184
136;12;12646
136;13;12738
136;14;13053
136;15;13114
136;16;13165
136;17;13204
136;18;13218
136;19;13236
136;20;13348
136;21;13366
136;22;13726
136;23;14051
136;24;14078
136;25;14110
136;26;14131
136;27;14196
136;28;14214
136;29;14309
136;30;14336
136;31;14352
136;32;14769
136;33;14788
136;34;14813
136;35;14835
136;36;15054
136;37;15101
136;38;15138
136;39;15178
136;40;15208
136;41;15218
136;42;15227
136;43;15272
136;44;15294
136;45;15300
136;46;15316
136;47;15321
136;48;15347
136;49;15364
136;50;15374
136;51;15387
136;52;15432
136;53;15437
136;54;15456
136;55;15469
136;56;15485
136;57;15502
136;58;15507
136;59;15520
136;60;15521
136;61;15562
137;1;9147
137;2;9299
137;3;9341
137;4;9667
137;5;9718
137;6;10228
137;7;10602
137;8;10955
137;9;10971
137;10;11013
137;11;11021
137;12;11368
137;13;11704
137;14;12145
137;15;12220
137;16;12619
137;17;12638
137;18;13165
137;19;13531
137;20;13592
137;21;13617
137;22;13645
137;23;13680
137;24;13743
137;25;13759
137;26;13788
137;27;13863
137;28;13938
137;29;13975
137;30;14000
137;31;14321
137;32;14340
137;33;14366
137;34;14796
137;35;14811
137;36;14821
137;37;14823
137;38;14842
137;39;14846
137;40;14879
137;41;14896
137;42;14938
137;43;15004
137;44;15337
137;45;15362
137;46;15388
137;47;15415
137;48;15443
137;49;15460
137;50;15497
137;51;15506
137;52;15530
137;53;15540
137;54;15542
137;55;15561
138;1;11673
138;2;11704
138;3;12109
138;4;12146
138;5;12512
138;6;12851
138;7;12870
138;8;12937
138;9;13429
138;10;13833
138;11;13855
138;12;13872
138;13;14342
138;14;14454
138;15;14532
138;16;14564
138;17;14578
138;18;14599
138;19;15019
138;20;15311
138;21;15330
138;22;15365
138;23;15374
138;24;15395
138;25;15432
138;26;15459
138;27;15476
138;28;15479
138;29;15522
138;30;15537
138;31;15554
138;32;15567
138;33;15569
138;34;15585
139;1;10627
139;2;10969
139;3;11039
139;4;11456
139;5;11512
139;6;11913
139;7;11982
139;8;11995
139;9;12070
139;10;12449
139;11;12471
139;12;12795
139;13;13194
139;14;13241
139;15;13267
139;16;13628
139;17;13780
139;18;13794
139;19;13836
139;20;14266
139;21;14268
139;22;14638
139;23;14657
139;24;14732
139;25;14769
139;26;14775
139;27;14798
139;28;14824
139;29;14873
139;30;14935
139;31;14951
139;32;14977
139;33;15255
139;34;15264
139;35;15277
139;36;15305
139;37;15337
139;38;15339
139;39;15365
139;40;15384
139;41;15410
139;42;15424
139;43;15429
139;44;15440
139;45;15441
139;46;15454
139;47;15468
139;48;15485
139;49;15525
139;50;15538
139;51;15540
139;52;15548
139;53;15566
139;54;15585
140;1;11304
140;2;11774
140;3;11790
140;4;12182
140;5;12234
140;6;12276
140;7;12297
140;8;12392
140;9;12740
140;10;12765
140;11;12838
140;12;12867
140;13;13355
140;14;13390
140;15;13602
140;16;13634
140;17;13693
140;18;13758
140;19;13884
140;20;14290
140;21;14330
140;22;14753
140;23;14770
140;24;14776
140;25;14792
140;26;15131
140;27;15156
140;28;15183
140;29;15190
140;30;15205
140;31;15209
140;32;15240
140;33;15282
140;34;15314
140;35;15330
140;36;15357
140;37;15381
140;38;15395
140;39;15412
140;40;15430
140;41;15449
140;42;15459
140;43;15494
140;44;15512
140;45;15531
140;46;15544
140;47;15585
141;1;10995
141;2;11444
141;3;11843
141;4;12333
141;5;12366
141;6;12680
141;7;12696
141;8;12848
141;9;12899
141;10;13170
141;11;13244
141;12;13643
141;13;13680
141;14;13681
141;15;14119
141;16;14145
141;17;14147
141;18;14173
141;19;14200
141;20;14240
141;21;14299
141;22;14305
141;23;14331
141;24;14345
141;25;14371
141;26;14384
141;27;14408
141;28;14425
141;29;14778
141;30;14812
141;31;14816
141;32;14835
141;33;14902
141;34;14918
141;35;14965
141;36;15005
141;37;15050
141;38;15054
141;39;15064
141;40;15065
141;41;15371
141;42;15384
141;43;15413
141;44;15452
141;45;15478
141;46;15485
141;47;15490
141;48;15508
141;49;15521
141;50;15531
141;51;15552
141;52;15566
141;53;15585
142;1;10575
142;2;10972
142;3;11307
142;4;11365
142;5;11800
142;6;12325
142;7;12417
142;8;12473
142;9;12475
142;10;12488
142;11;12910
142;12;12926
142;13;12943
142;14;13258
142;15;13311
142;16;13336
142;17;13788
142;18;14218
142;19;14624
142;20;14638
142;21;14651
142;22;14698
142;23;14754
142;24;15190
142;25;15192
142;26;15251
142;27;15272
142;28;15335
142;29;15336
142;30;15391
142;31;15415
142;32;15433
142;33;15466
142;34;15477
142;35;15494
142;36;15520
142;37;15522
142;38;15529
142;39;15543
142;40;15566
142;41;15569
142;42;15585
143;1;10096
143;2;10117
143;3;10541
143;4;10600
143;5;10962
143;6;11024
143;7;11041
143;8;11078
143;9;11456
143;10;11817
143;11;11850
143;12;11906
143;13;12442
143;14;12780
143;15;12872
143;16;12898
143;17;12945
143;18;13430
143;19;13431
143;20;13505
143;21;13968
143;22;14228
143;23;14242
143;24;14311
143;25;14317
143;26;14748
143;27;14797
143;28;15150
143;29;15155
143;30;15181
143;31;15237
143;32;15323
143;33;15365
143;34;15391
143;35;15392
143;36;15411
143;37;15415
143;38;15436
143;39;15498
143;40;15504
143;41;15521
143;42;15542
143;43;15561
143;44;15562
144;1;9673
144;2;10154
144;3;10217
144;4;10570
144;5;10575
144;6;10591
144;7;10621
144;8;10743
144;9;10770
144;10;10797
144;11;11111
144;12;11203
144;13;11655
144;14;11976
144;15;12013
144;16;12429
144;17;12832
144;18;12851
144;19;13292
144;20;13354
144;21;13808
144;22;13835
144;23;13857
144;24;14193
144;25;14268
144;26;14315
144;27;14726
144;28;14740
144;29;14821
144;30;14841
144;31;14848
144;32;14892
144;33;14908
144;34;14913
144;35;14920
144;36;14946
144;37;14951
144;38;14972
144;39;14983
144;40;15345
144;41;15365
144;42;15416
144;43;15432
144;44;15440
144;45;15457
144;46;15472
144;47;15475
144;48;15482
144;49;15498
144;50;15512
144;51;15515
144;52;15531
144;53;15544
145;1;13027
145;2;13497
145;3;13579
145;4;13882
145;5;14355
145;6;14372
145;7;14703
145;8;14765
145;9;14790
145;10;15141
145;11;15171
145;12;15190
145;13;15220
145;14;15237
145;15;15253
145;16;15270
145;17;15273
145;18;15324
145;19;15350
145;20;15362
145;21;15390
145;22;15411
145;23;15437
145;24;15455
145;25;15474
145;26;15476
145;27;15521
145;28;15553
145;29;15566
145;30;15585
146;1;10105
146;2;10180
146;3;10643
146;4;11096
146;5;11402
146;6;11419
146;7;11924
146;8;12213
146;9;12246
146;10;12698
146;11;12711
146;12;13090
146;13;13106
146;14;13124
146;15;13154
146;16;13290
146;17;13576
146;18;13618
146;19;13663
146;20;13675
146;21;13706
146;22;13739
146;23;14141
146;24;14173
146;25;14191
146;26;14283
146;27;14584
146;28;14630
146;29;14707
146;30;14723
146;31;14779
146;32;14792
146;33;14808
146;34;14852
146;35;14853
146;36;14904
146;37;14911
146;38;15224
146;39;15227
146;40;15289
146;41;15348
146;42;15390
146;43;15399
146;44;15416
146;45;15458
146;46;15503
146;47;15530
146;48;15535
146;49;15553
146;50;15572
146;51;15585
147;1;10737
147;2;10768
147;3;11121
147;4;11446
147;5;11825
147;6;12236
147;7;12623
147;8;12976
147;9;12978
147;10;13017
147;11;13080
147;12;13095
147;13;13441
147;14;13515
147;15;13533
147;16;14000
147;17;14331
147;18;14406
147;19;14467
147;20;14493
147;21;14505
147;22;14556
147;23;14563
147;24;14579
147;25;14598
147;26;14611
147;27;14666
147;28;14752
147;29;14778
147;30;14805
147;31;14813
147;32;14908
147;33;14909
147;34;14983
147;35;15213
147;36;15238
147;37;15252
147;38;15278
147;39;15328
147;40;15354
147;41;15399
147;42;15404
147;43;15447
147;44;15465
147;45;15482
147;46;15504
147;47;15511
147;48;15530
147;49;15540
147;50;15553
148;1;11974
148;2;12000
148;3;12075
148;4;12539
148;5;12965
148;6;12997
148;7;13400
148;8;13417
148;9;13765
148;10;13791
148;11;13999
148;12;14015
148;13;14018
148;14;14020
148;15;14036
148;16;14053
148;17;14104
148;18;14170
148;19;14225
148;20;14544
148;21;14581
148;22;14623
148;23;14638
148;24;14653
148;25;14694
148;26;14775
148;27;15069
148;28;15082
148;29;15097
148;30;15136
148;31;15169
148;32;15232
148;33;15251
148;34;15256
148;35;15315
148;36;15323
148;37;15346
148;38;15382
148;39;15401
148;40;15425
148;41;15428
148;42;15475
148;43;15484
148;44;15489
148;45;15508
148;46;15509
148;47;15535
148;48;15542
148;49;15561
148;50;15585
149;1;11330
149;2;11773
149;3;12151
149;4;12735
149;5;12767
149;6;13203
149;7;13548
149;8;13952
149;9;14371
149;10;14785
149;11;14847
149;12;14922
149;13;14928
149;14;15023
149;15;15063
149;16;15086
149;17;15123
149;18;15142
149;19;15148
149;20;15150
149;21;15216
149;22;15230
149;23;15247
149;24;15342
149;25;15359
149;26;15362
149;27;15367
149;28;15377
149;29;15424
149;30;15455
149;31;15502
149;32;15521
149;33;15562
150;1;11359
150;2;11378
150;3;11905
150;4;12000
150;5;12252
150;6;12669
150;7;13014
150;8;13413
150;9;13425
150;10;13439
150;11;13481
150;12;13895
150;13;13900
150;14;14248
150;15;14497
150;16;14501
150;17;14813
150;18;14865
150;19;14870
150;20;14907
150;21;14912
150;22;14947
150;23;15013
150;24;15055
150;25;15064
150;26;15116
150;27;15121
150;28;15147
150;29;15165
150;30;15191
150;31;15233
150;32;15244
150;33;15265
150;34;15286
150;35;15328
150;36;15361
150;37;15380
150;38;15411
150;39;15427
150;40;15486
150;41;15499
150;42;15543
150;43;15566
150;44;15585
151;1;10449
151;2;10788
151;3;11197
151;4;11575
151;5;11635
151;6;11690
151;7;11732
151;8;12208
151;9;12265
151;10;12643
151;11;12661
151;12;13096
151;13;13133
151;14;13377
151;15;13776
151;16;13840
151;17;13952
151;18;13977
151;19;14005
151;20;14050
151;21;14064
151;22;14096
151;23;14208
151;24;14559
151;25;14923
151;26;14965
151;27;14995
151;28;15034
151;29;15052
151;30;15055
151;31;15082
151;32;15114
151;33;15119
151;34;15136
151;35;15167
151;36;15186
151;37;15210
151;38;15257
151;39;15275
151;40;15298
151;41;15314
151;42;15315
151;43;15342
151;44;15345
151;45;15369
151;46;15396
151;47;15455
151;48;15475
151;49;15488
151;50;15509
151;51;15525
151;52;15544
151;53;15585
152;1;11728
152;2;12107
152;3;12506
152;4;12942
152;5;13394
152;6;13831
152;7;13906
152;8;14416
152;9;14434
152;10;14459
152;11;14534
152;12;14555
152;13;14557
152;14;14805
152;15;15167
152;16;15199
152;17;15218
152;18;15277
152;19;15288
152;20;15344
152;21;15368
152;22;15400
152;23;15426
152;24;15429
152;25;15461
152;26;15485
152;27;15520
152;28;15553
152;29;15572
152;30;15585
153;1;10578
153;2;11053
153;3;11456
153;4;11926
153;5;12378
153;6;12396
153;7;12861
153;8;13339
153;9;13347
153;10;13390
153;11;13807
153;12;13809
153;13;13844
153;14;13876
153;15;13935
153;16;13952
153;17;14364
153;18;14401
153;19;14685
153;20;14723
153;21;14727
153;22;14764
153;23;14766
153;24;14867
153;25;14872
153;26;14911
153;27;14937
153;28;14971
153;29;14973
153;30;15301
153;31;15312
153;32;15331
153;33;15334
153;34;15352
153;35;15357
153;36;15383
153;37;15388
153;38;15407
153;39;15449
153;40;15493
153;41;15535
153;42;15554
153;43;15564
153;44;15585
154;1;11430
154;2;11868
154;3;11908
154;4;12334
154;5;12614
154;6;12628
154;7;12642
154;8;12670
154;9;13013
154;10;13058
154;11;13123
154;12;13173
154;13;13268
154;14;13720
154;15;13733
154;16;14140
154;17;14214
154;18;14247
154;19;14322
154;20;14341
154;21;14379
154;22;14397
154;23;14767
154;24;15147
154;25;15164
154;26;15169
154;27;15193
154;28;15226
154;29;15243
154;30;15304
154;31;15369
154;32;15399
154;33;15446
154;34;15463
154;35;15471
154;36;15489
154;37;15494
154;38;15544
155;1;10773
155;2;11217
155;3;11655
155;4;11700
155;5;12023
155;6;12420
155;7;12438
155;8;12512
155;9;12775
155;10;12870
155;11;13360
155;12;13386
155;13;13819
155;14;13845
155;15;13887
155;16;14247
155;17;14333
155;18;14339
155;19;14378
155;20;14794
155;21;14841
155;22;15129
155;23;15134
155;24;15138
155;25;15157
155;26;15175
155;27;15189
155;28;15226
155;29;15275
155;30;15314
155;31;15319
155;32;15343
155;33;15359
155;34;15378
155;35;15389
155;36;15410
155;37;15419
155;38;15436
155;39;15444
155;40;15481
155;41;15492
155;42;15513
155;43;15531
155;44;15544
156;1;10035
156;2;10487
156;3;11015
156;4;11066
156;5;11097
156;6;11521
156;7;11554
156;8;11961
156;9;12466
156;10;12483
156;11;12889
156;12;12931
156;13;13006
156;14;13324
156;15;13340
156;16;13360
156;17;13361
156;18;13382
156;19;13535
156;20;13837
156;21;13853
156;22;13873
156;23;13912
156;24;13952
156;25;13976
156;26;13995
156;27;14359
156;28;14611
156;29;14629
156;30;14646
156;31;14664
156;32;14696
156;33;15052
156;34;15115
156;35;15148
156;36;15154
156;37;15174
156;38;15179
156;39;15209
156;40;15224
156;41;15285
156;42;15311
156;43;15330
156;44;15347
156;45;15351
156;46;15383
156;47;15416
156;48;15443
156;49;15457
156;50;15484
156;51;15489
156;52;15508
156;53;15540
156;54;15553
156;55;15568
156;56;15585
157;1;9509
157;2;9568
157;3;9948
157;4;9967
157;5;10366
157;6;10384
157;7;10580
157;8;10642
157;9;11158
157;10;11174
157;11;11598
157;12;11932
157;13;11983
157;14;12347
157;15;12375
157;16;12675
157;17;12680
157;18;12754
157;19;13225
157;20;13234
157;21;13633
157;22;13638
157;23;13666
157;24;13813
157;25;13838
157;26;14077
157;27;14520
157;28;14547
157;29;14606
157;30;14627
157;31;14662
157;32;14701
157;33;14722
157;34;14743
157;35;14817
157;36;14903
157;37;15341
157;38;15354
157;39;15375
157;40;15383
157;41;15393
157;42;15394
157;43;15413
157;44;15460
157;45;15499
157;46;15531
157;47;15544
157;48;15585
158;1;11461
158;2;11511
158;3;11910
158;4;11939
158;5;11960
158;6;11978
158;7;12446
158;8;12511
158;9;12981
158;10;13446
158;11;13884
158;12;14262
158;13;14357
158;14;14670
158;15;15098
158;16;15131
158;17;15194
158;18;15210
158;19;15220
158;20;15315
158;21;15366
158;22;15371
158;23;15383
158;24;15388
158;25;15407
158;26;15414
158;27;15440
158;28;15441
158;29;15458
158;30;15471
158;31;15513
158;32;15521
158;33;15535
158;34;15543
158;35;15548
158;36;15567
158;37;15585
159;1;9679
159;2;10012
159;3;10432
159;4;10464
159;5;10797
159;6;11056
159;7;11460
159;8;11839
159;9;11849
159;10;11941
159;11;11981
159;12;12273
159;13;12344
159;14;12709
159;15;12764
159;16;12780
159;17;12967
159;18;13042
159;19;13116
159;20;13586
159;21;13661
159;22;13693
159;23;13694
159;24;13708
159;25;13738
159;26;14152
159;27;14171
159;28;14204
159;29;14533
159;30;14552
159;31;14584
159;32;14635
159;33;14659
159;34;14694
159;35;14707
159;36;15123
159;37;15130
159;38;15163
159;39;15171
159;40;15195
159;41;15216
159;42;15221
159;43;15229
159;44;15242
159;45;15258
159;46;15308
159;47;15360
159;48;15396
159;49;15399
159;50;15449
159;51;15452
159;52;15464
159;53;15485
159;54;15487
159;55;15504
159;56;15527
159;57;15553
159;58;15585
160;1;9830
160;2;9942
160;3;9968
160;4;10360
160;5;10677
160;6;10692
160;7;11079
160;8;11432
160;9;11464
160;10;11939
160;11;11960
160;12;11968
160;13;11987
160;14;12348
160;15;12381
160;16;12386
160;17;12417
160;18;12491
160;19;12507
160;20;12932
160;21;12949
160;22;12967
160;23;13211
160;24;13238
160;25;13748
160;26;13767
160;27;13789
160;28;13831
160;29;14089
160;30;14123
160;31;14218
160;32;14304
160;33;14708
160;34;15154
160;35;15174
160;36;15205
160;37;15223
160;38;15242
160;39;15293
160;40;15325
160;41;15367
160;42;15391
160;43;15418
160;44;15489
160;45;15515
160;46;15517
160;47;15536
160;48;15552
160;49;15585
161;1;9596
161;2;10013
161;3;10242
161;4;10316
161;5;10804
161;6;11213
161;7;11575
161;8;11614
161;9;11689
161;10;12096
161;11;12569
161;12;12587
161;13;12774
161;14;13249
161;15;13267
161;16;13299
161;17;13451
161;18;13477
161;19;13830
161;20;14184
161;21;14487
161;22;14515
161;23;14531
161;24;14571
161;25;14597
161;26;14628
161;27;14654
161;28;14675
161;29;14689
161;30;14706
161;31;14722
161;32;14747
161;33;14763
161;34;15114
161;35;15165
161;36;15169
161;37;15181
161;38;15186
161;39;15242
161;40;15243
161;41;15280
161;42;15298
161;43;15320
161;44;15347
161;45;15373
161;46;15406
161;47;15411
161;48;15421
161;49;15437
161;50;15455
161;51;15471
161;52;15498
161;53;15540
161;54;15585
162;1;11072
162;2;11089
162;3;11519
162;4;11859
162;5;11875
162;6;12291
162;7;12328
162;8;12341
162;9;12882
162;10;13315
162;11;13783
162;12;13844
162;13;13847
162;14;13863
162;15;13889
162;16;14315
162;17;14340
162;18;14345
162;19;14372
162;20;14418
162;21;14423
162;22;14458
162;23;14471
162;24;14497
162;25;14548
162;26;14603
162;27;14897
162;28;14900
162;29;14926
162;30;14944
162;31;14986
162;32;15005
162;33;15015
162;34;15029
162;35;15333
162;36;15340
162;37;15344
162;38;15381
162;39;15388
162;40;15406
162;41;15419
162;42;15452
162;43;15469
162;44;15487
162;45;15495
162;46;15500
162;47;15550
162;48;15566
162;49;15568
162;50;15585
163;1;11620
163;2;11623
163;3;12006
163;4;12020
163;5;12062
163;6;12100
163;7;12133
163;8;12577
163;9;12593
163;10;12705
163;11;13246
163;12;13277
163;13;13328
163;14;13678
163;15;13691
163;16;13712
163;17;13783
163;18;14079
163;19;14109
163;20;14174
163;21;14502
163;22;14534
163;23;14595
163;24;14681
163;25;14882
163;26;15182
163;27;15224
163;28;15229
163;29;15280
163;30;15297
163;31;15322
163;32;15334
163;33;15395
163;34;15434
163;35;15438
163;36;15443
163;37;15461
163;38;15478
163;39;15511
163;40;15572
163;41;15585
164;1;8119
164;2;8558
164;3;8909
164;4;9281
164;5;9685
164;6;10044
164;7;10628
164;8;10974
164;9;11353
164;10;11776
164;11;12249
164;12;12315
164;13;12753
164;14;12766
164;15;12822
164;16;12859
164;17;12863
164;18;12881
164;19;12926
164;20;13377
164;21;13893
164;22;13926
164;23;13985
164;24;14060
164;25;14073
164;26;14087
164;27;14321
164;28;14347
164;29;14433
164;30;14484
164;31;14535
164;32;14609
164;33;14962
164;34;14967
164;35;14968
164;36;15262
164;37;15274
164;38;15330
164;39;15360
164;40;15401
164;41;15409
164;42;15432
164;43;15458
164;44;15472
164;45;15476
164;46;15509
164;47;15540
164;48;15553
164;49;15562
165;1;11440
165;2;11947
165;3;12310
165;4;12360
165;5;12825
165;6;12887
165;7;13291
165;8;13641
165;9;13657
165;10;13732
165;11;14240
165;12;14496
165;13;14595
165;14;14952
165;15;15011
165;16;15076
165;17;15089
165;18;15091
165;19;15136
165;20;15143
165;21;15169
165;22;15194
165;23;15226
165;24;15244
165;25;15265
165;26;15312
165;27;15343
165;28;15385
165;29;15409
165;30;15436
165;31;15441
165;32;15442
165;33;15497
165;34;15516
165;35;15533
165;36;15549
165;37;15562
166;1;10692
166;2;10739
166;3;11180
166;4;11542
166;5;11953
166;6;12306
166;7;12322
166;8;12381
166;9;12834
166;10;12862
166;11;12895
166;12;13281
166;13;13327
166;14;13353
166;15;13372
166;16;13400
166;17;13569
166;18;13989
166;19;14466
166;20;14467
166;21;14493
166;22;14514
166;23;14539
166;24;14613
166;25;14642
166;26;14643
166;27;14672
166;28;14688
166;29;14720
166;30;14779
166;31;14787
166;32;14792
166;33;14803
166;34;15220
166;35;15246
166;36;15271
166;37;15278
166;38;15339
166;39;15363
166;40;15414
166;41;15415
166;42;15441
166;43;15483
166;44;15484
166;45;15503
166;46;15548
166;47;15585
167;1;9208
167;2;9267
167;3;9326
167;4;9478
167;5;9509
167;6;10054
167;7;10595
167;8;11030
167;9;11096
167;10;11127
167;11;11535
167;12;11928
167;13;12363
167;14;12391
167;15;12694
167;16;12715
167;17;13052
167;18;13458
167;19;13529
167;20;13553
167;21;13562
167;22;13612
167;23;13704
167;24;13709
167;25;13751
167;26;13788
167;27;14138
167;28;14169
167;29;14201
167;30;14220
167;31;14239
167;32;14592
167;33;15009
167;34;15121
167;35;15144
167;36;15172
167;37;15180
167;38;15207
167;39;15211
167;40;15253
167;41;15262
167;42;15283
167;43;15309
167;44;15326
167;45;15345
167;46;15375
167;47;15401
167;48;15426
167;49;15434
167;50;15437
167;51;15441
167;52;15453
167;53;15490
167;54;15507
167;55;15521
167;56;15538
167;57;15553
167;58;15566
167;59;15585
168;1;12730
168;2;12789
168;3;12808
168;4;12827
168;5;13297
168;6;13315
168;7;13660
168;8;14202
168;9;14303
168;10;14329
168;11;14359
168;12;14404
168;13;14421
168;14;14463
168;15;14779
168;16;15127
168;17;15213
168;18;15243
168;19;15252
168;20;15292
168;21;15304
168;22;15330
168;23;15356
168;24;15412
168;25;15446
168;26;15498
168;27;15540
168;28;15553
169;1;10252
169;2;10607
169;3;11011
169;4;11390
169;5;11422
169;6;11865
169;7;12176
169;8;12575
169;9;12599
169;10;13017
169;11;13460
169;12;13612
169;13;13687
169;14;13758
169;15;14021
169;16;14315
169;17;14390
169;18;14450
169;19;14476
169;20;14508
169;21;14511
169;22;14535
169;23;14572
169;24;14630
169;25;14639
169;26;14690
169;27;14749
169;28;14753
169;29;14805
169;30;15099
169;31;15101
169;32;15110
169;33;15150
169;34;15188
169;35;15226
169;36;15277
169;37;15295
169;38;15370
169;39;15375
169;40;15377
169;41;15404
169;42;15425
169;43;15442
169;44;15487
169;45;15506
169;46;15524
169;47;15540
169;48;15544
169;49;15561
170;1;10072
170;2;10434
170;3;10902
170;4;10935
170;5;11405
170;6;11784
170;7;12297
170;8;12310
170;9;12778
170;10;12825
170;11;13281
170;12;13636
170;13;13671
170;14;13941
170;15;14429
170;16;14458
170;17;14534
170;18;14552
170;19;14644
170;20;14719
170;21;15060
170;22;15065
170;23;15107
170;24;15139
170;25;15155
170;26;15166
170;27;15213
170;28;15272
170;29;15288
170;30;15304
170;31;15325
170;32;15328
170;33;15359
170;34;15364
170;35;15380
170;36;15408
170;37;15435
170;38;15444
170;39;15475
170;40;15480
170;41;15497
170;42;15539
170;43;15552
170;44;15572
170;45;15585
171;1;11119
171;2;11223
171;3;11249
171;4;11628
171;5;12120
171;6;12636
171;7;12650
171;8;13093
171;9;13188
171;10;13214
171;11;13280
171;12;13313
171;13;13387
171;14;13740
171;15;13800
171;16;13812
171;17;13854
171;18;13864
171;19;13881
171;20;13883
171;21;13900
171;22;14291
171;23;14761
171;24;14787
171;25;14838
171;26;14889
171;27;14897
171;28;14911
171;29;14914
171;30;14946
171;31;14953
171;32;14954
171;33;15273
171;34;15284
171;35;15297
171;36;15316
171;37;15318
171;38;15335
171;39;15338
171;40;15351
171;41;15364
171;42;15395
171;43;15396
171;44;15427
171;45;15462
171;46;15492
171;47;15497
171;48;15514
171;49;15524
171;50;15552
171;51;15568
171;52;15585
172;1;10435
172;2;10860
172;3;10939
172;4;10986
172;5;11542
172;6;12047
172;7;12072
172;8;12506
172;9;12897
172;10;13266
172;11;13295
172;12;13370
172;13;13748
172;14;13769
172;15;13772
172;16;13791
172;17;13816
172;18;14114
172;19;14503
172;20;14578
172;21;14597
172;22;14639
172;23;14640
172;24;14645
172;25;14660
172;26;14702
172;27;14753
172;28;14770
172;29;14783
172;30;14818
172;31;14843
172;32;14845
172;33;14896
172;34;14902
172;35;14963
172;36;14970
172;37;14991
172;38;15010
172;39;15062
172;40;15137
172;41;15182
172;42;15516
172;43;15535
172;44;15572
172;45;15585
173;1;9862
173;2;10282
173;3;10357
173;4;10399
173;5;10784
173;6;10858
173;7;10897
173;8;11353
173;9;11384
173;10;11811
173;11;12210
173;12;12627
173;13;12681
173;14;12976
173;15;13008
173;16;13043
173;17;13393
173;18;13463
173;19;13505
173;20;13521
173;21;13892
173;22;13939
173;23;13970
173;24;14275
173;25;14295
173;26;14351
173;27;14365
173;28;14390
173;29;14425
173;30;14458
173;31;14503
173;32;14909
173;33;14935
173;34;15143
173;35;15217
173;36;15255
173;37;15297
173;38;15302
173;39;15311
173;40;15316
173;41;15333
173;42;15339
173;43;15357
173;44;15378
173;45;15405
173;46;15437
173;47;15447
173;48;15466
173;49;15492
173;50;15534
173;51;15566
173;52;15585
174;1;12321
174;2;12508
174;3;12700
174;4;12816
174;5;12833
174;6;12934
174;7;13287
174;8;13439
174;9;13857
174;10;13932
174;11;14384
174;12;14393
174;13;14749
174;14;15102
174;15;15111
174;16;15130
174;17;15205
174;18;15214
174;19;15240
174;20;15256
174;21;15273
174;22;15315
174;23;15331
174;24;15341
174;25;15386
174;26;15423
174;27;15440
174;28;15466
174;29;15479
174;30;15484
174;31;15488
174;32;15493
174;33;15512
174;34;15529
174;35;15532
174;36;15553
174;37;15562
175;1;11516
175;2;11834
175;3;11920
175;4;11971
175;5;12008
175;6;12082
175;7;12435
175;8;12461
175;9;12508
175;10;12966
175;11;13329
175;12;13441
175;13;13786
175;14;13793
175;15;13831
175;16;13896
175;17;14370
175;18;14779
175;19;14809
175;20;14833
175;21;14851
175;22;14870
175;23;14874
175;24;14913
175;25;14960
175;26;14976
175;27;15013
175;28;15020
175;29;15053
175;30;15070
175;31;15390
175;32;15459
175;33;15477
175;34;15494
175;35;15512
175;36;15531
175;37;15544
175;38;15585
176;1;12526
176;2;12965
176;3;12994
176;4;13020
176;5;13033
176;6;13108
176;7;13127
176;8;13219
176;9;13724
176;10;13752
176;11;13773
176;12;14079
176;13;14146
176;14;14182
176;15;14570
176;16;14862
176;17;14954
176;18;14987
176;19;15061
176;20;15066
176;21;15087
176;22;15112
176;23;15162
176;24;15172
176;25;15201
176;26;15222
176;27;15251
176;28;15272
176;29;15292
176;30;15322
176;31;15361
176;32;15388
176;33;15402
176;34;15431
176;35;15440
176;36;15456
176;37;15460
176;38;15476
176;39;15479
176;40;15496
176;41;15510
176;42;15550
176;43;15566
176;44;15585
177;1;11853
177;2;12199
177;3;12262
177;4;12685
177;5;13111
177;6;13584
177;7;13889
177;8;14284
177;9;14429
177;10;14445
177;11;14963
177;12;15038
177;13;15057
177;14;15071
177;15;15073
177;16;15132
177;17;15244
177;18;15260
177;19;15273
177;20;15344
177;21;15367
177;22;15388
177;23;15403
177;24;15429
177;25;15451
177;26;15496
177;27;15502
177;28;15516
177;29;15518
177;30;15523
177;31;15549
177;32;15566
177;33;15585
178;1;11794
178;2;12333
178;3;12346
178;4;12349
178;5;12740
178;6;12798
178;7;12814
178;8;12906
178;9;12911
178;10;12970
178;11;13315
178;12;13334
178;13;13371
178;14;13434
178;15;13444
178;16;13702
178;17;13995
178;18;14058
178;19;14099
178;20;14422
178;21;14449
178;22;14468
178;23;14789
178;24;14848
178;25;14864
178;26;14865
178;27;14939
178;28;14958
178;29;14993
178;30;15006
178;31;15073
178;32;15078
178;33;15125
178;34;15130
178;35;15143
178;36;15176
178;37;15206
178;38;15248
178;39;15274
178;40;15288
178;41;15297
178;42;15337
178;43;15347
178;44;15384
178;45;15385
178;46;15420
178;47;15423
178;48;15426
178;49;15444
178;50;15503
178;51;15524
178;52;15543
178;53;15548
178;54;15561
178;55;15562
179;1;9442
179;2;9709
179;3;10190
179;4;10589
179;5;10622
179;6;11065
179;7;11517
179;8;12022
179;9;12431
179;10;12848
179;11;13231
179;12;13699
179;13;14052
179;14;14473
179;15;14523
179;16;14822
179;17;14893
179;18;14914
179;19;14966
179;20;14992
179;21;15023
179;22;15057
179;23;15088
179;24;15133
179;25;15193
179;26;15201
179;27;15227
179;28;15251
179;29;15307
179;30;15333
179;31;15344
179;32;15347
179;33;15373
179;34;15392
179;35;15429
179;36;15471
179;37;15490
179;38;15525
179;39;15543
179;40;15561
179;41;15562
180;1;10653
180;2;10669
180;3;11159
180;4;11187
180;5;11662
180;6;11697
180;7;11768
180;8;11801
180;9;12306
180;10;12353
180;11;12821
180;12;12831
180;13;12889
180;14;13261
180;15;13707
180;16;13712
180;17;13804
180;18;13815
180;19;14242
180;20;14293
180;21;14326
180;22;14352
180;23;14389
180;24;14665
180;25;14739
180;26;14765
180;27;14789
180;28;14884
180;29;14914
180;30;14940
180;31;15277
180;32;15324
180;33;15343
180;34;15379
180;35;15392
180;36;15421
180;37;15439
180;38;15460
180;39;15479
180;40;15505
180;41;15506
180;42;15511
180;43;15529
180;44;15561
180;45;15585
181;1;10502
181;2;11043
181;3;11434
181;4;11529
181;5;11853
181;6;11860
181;7;11876
181;8;11935
181;9;12287
181;10;12814
181;11;12840
181;12;12932
181;13;12946
181;14;12997
181;15;13016
181;16;13436
181;17;13676
181;18;14075
181;19;14088
181;20;14502
181;21;14539
181;22;14581
181;23;14583
181;24;14625
181;25;15054
181;26;15067
181;27;15072
181;28;15076
181;29;15121
181;30;15147
181;31;15158
181;32;15188
181;33;15230
181;34;15242
181;35;15259
181;36;15273
181;37;15300
181;38;15308
181;39;15355
181;40;15372
181;41;15397
181;42;15398
181;43;15411
181;44;15431
181;45;15435
181;46;15445
181;47;15466
181;48;15479
181;49;15499
181;50;15508
181;51;15549
181;52;15562
182;1;9026
182;2;9442
182;3;9880
182;4;10225
182;5;10536
182;6;11017
182;7;11431
182;8;11482
182;9;11899
182;10;12051
182;11;12078
182;12;12105
182;13;12386
182;14;12417
182;15;12443
182;16;12488
182;17;12519
182;18;12580
182;19;12631
182;20;12889
182;21;13357
182;22;13387
182;23;13429
182;24;13479
182;25;13910
182;26;13962
182;27;14036
182;28;14131
182;29;14206
182;30;14474
182;31;14497
182;32;14514
182;33;14521
182;34;14538
182;35;14639
182;36;15043
182;37;15085
182;38;15117
182;39;15159
182;40;15180
182;41;15204
182;42;15255
182;43;15260
182;44;15274
182;45;15300
182;46;15337
182;47;15353
182;48;15380
182;49;15399
182;50;15458
182;51;15463
182;52;15472
182;53;15489
182;54;15514
182;55;15540
182;56;15553
182;57;15566
182;58;15585
183;1;11427
183;2;11451
183;3;11478
183;4;11946
183;5;12438
183;6;12469
183;7;12500
183;8;12586
183;9;13074
183;10;13436
183;11;13672
183;12;14082
183;13;14098
183;14;14115
183;15;14143
183;16;14194
183;17;14573
183;18;14592
183;19;14976
183;20;15050
183;21;15054
183;22;15088
183;23;15105
183;24;15152
183;25;15183
183;26;15244
183;27;15245
183;28;15270
183;29;15312
183;30;15314
183;31;15373
183;32;15400
183;33;15426
183;34;15442
183;35;15474
183;36;15511
183;37;15514
183;38;15533
183;39;15549
183;40;15562
184;1;10447
184;2;10827
184;3;10843
184;4;10876
184;5;11028
184;6;11054
184;7;11078
184;8;11466
184;9;11840
184;10;11879
184;11;11971
184;12;11992
184;13;11997
184;14;12376
184;15;12833
184;16;12864
184;17;13236
184;18;13283
184;19;13525
184;20;13572
184;21;13589
184;22;13635
184;23;13662
184;24;13704
184;25;13738
184;26;13769
184;27;13785
184;28;13799
184;29;14126
184;30;14161
184;31;14192
184;32;14217
184;33;14236
184;34;14287
184;35;14331
184;36;14343
184;37;14385
184;38;14418
184;39;14420
184;40;14446
184;41;14884
184;42;14921
184;43;14922
184;44;14933
184;45;14963
184;46;14973
184;47;15279
184;48;15290
184;49;15385
184;50;15411
184;51;15432
184;52;15453
184;53;15474
184;54;15499
184;55;15525
184;56;15562
185;1;11941
185;2;11968
185;3;11988
185;4;12322
185;5;12381
185;6;12461
185;7;12895
185;8;13262
185;9;13754
185;10;13786
185;11;14053
185;12;14072
185;13;14167
185;14;14566
185;15;14658
185;16;14698
185;17;14735
185;18;14750
185;19;14797
185;20;14816
185;21;14878
185;22;15146
185;23;15184
185;24;15209
185;25;15260
185;26;15278
185;27;15288
185;28;15306
185;29;15372
185;30;15388
185;31;15397
185;32;15414
185;33;15419
185;34;15442
185;35;15489
185;36;15508
185;37;15549
185;38;15562
186;1;10270
186;2;10722
186;3;11106
186;4;11574
186;5;11991
186;6;12369
186;7;12808
186;8;12813
186;9;12834
186;10;12864
186;11;13194
186;12;13587
186;13;13611
186;14;13625
186;15;14009
186;16;14426
186;17;14501
186;18;14560
186;19;14577
186;20;15033
186;21;15075
186;22;15187
186;23;15227
186;24;15285
186;25;15289
186;26;15303
186;27;15328
186;28;15334
186;29;15355
186;30;15360
186;31;15385
186;32;15386
186;33;15391
186;34;15408
186;35;15425
186;36;15434
186;37;15462
186;38;15478
186;39;15497
186;40;15506
186;41;15522
186;42;15548
186;43;15572
186;44;15585
187;1;12876
187;2;13168
187;3;13695
187;4;14138
187;5;14164
187;6;14518
187;7;14558
187;8;14560
187;9;14655
187;10;14952
187;11;14968
187;12;14990
187;13;15008
187;14;15010
187;15;15089
187;16;15152
187;17;15165
187;18;15206
187;19;15233
187;20;15249
187;21;15260
187;22;15302
187;23;15328
187;24;15340
187;25;15366
187;26;15429
187;27;15431
187;28;15432
187;29;15455
187;30;15461
187;31;15466
187;32;15480
187;33;15482
187;34;15503
187;35;15520
187;36;15521
187;37;15538
187;38;15543
187;39;15562
188;1;10678
188;2;11168
188;3;11193
188;4;11581
188;5;11633
188;6;12085
188;7;12111
188;8;12116
188;9;12303
188;10;12349
188;11;12874
188;12;13283
188;13;13312
188;14;13692
188;15;13724
188;16;13750
188;17;13833
188;18;14318
188;19;14345
188;20;14351
188;21;14382
188;22;14401
188;23;14432
188;24;14470
188;25;14488
188;26;14530
188;27;14551
188;28;14764
188;29;14769
188;30;14782
188;31;14791
188;32;14883
188;33;14890
188;34;14906
188;35;14932
188;36;15338
188;37;15341
188;38;15342
188;39;15347
188;40;15354
188;41;15365
188;42;15382
188;43;15419
188;44;15440
188;45;15442
188;46;15493
188;47;15519
188;48;15538
188;49;15543
188;50;15562
189;1;10088
189;2;10105
189;3;10557
189;4;10886
189;5;11378
189;6;11724
189;7;11819
189;8;12223
189;9;12247
189;10;12342
189;11;12646
189;12;13117
189;13;13269
189;14;13665
189;15;13682
189;16;13729
189;17;13735
189;18;13993
189;19;14035
189;20;14051
189;21;14125
189;22;14217
189;23;14249
189;24;14300
189;25;14324
189;26;14329
189;27;14714
189;28;14740
189;29;14745
189;30;14831
189;31;14873
189;32;14897
189;33;14913
189;34;14915
189;35;14950
189;36;14952
189;37;15292
189;38;15317
189;39;15331
189;40;15373
189;41;15387
189;42;15414
189;43;15419
189;44;15445
189;45;15452
189;46;15455
189;47;15474
189;48;15504
189;49;15512
189;50;15553
189;51;15562
190;1;10979
190;2;11405
190;3;11869
190;4;11897
190;5;12248
190;6;12689
190;7;13042
190;8;13089
190;9;13156
190;10;13186
190;11;13260
190;12;13271
190;13;13650
190;14;13683
190;15;13698
190;16;13724
190;17;13810
190;18;14163
190;19;14204
190;20;14656
190;21;14657
190;22;14673
190;23;14688
190;24;14763
190;25;14797
190;26;14822
190;27;14827
190;28;14879
190;29;14881
190;30;14886
190;31;14912
190;32;14944
190;33;14984
190;34;15001
190;35;15031
190;36;15057
190;37;15079
190;38;15084
190;39;15103
190;40;15429
190;41;15449
190;42;15467
190;43;15472
190;44;15493
190;45;15502
190;46;15519
190;47;15524
190;48;15542
190;49;15561
190;50;15562
191;1;8679
191;2;9058
191;3;9361
191;4;9765
191;5;10176
191;6;10328
191;7;10634
191;8;11152
191;9;11203
191;10;11232
191;11;11251
191;12;11574
191;13;11608
191;14;12083
191;15;12500
191;16;12992
191;17;13459
191;18;13485
191;19;13517
191;20;13592
191;21;13610
191;22;13765
191;23;13839
191;24;14192
191;25;14304
191;26;14330
191;27;14660
191;28;14707
191;29;14708
191;30;14748
191;31;14794
191;32;14802
191;33;14816
191;34;14837
191;35;14862
191;36;14889
191;37;14915
191;38;14929
191;39;14934
191;40;14952
191;41;14965
191;42;14983
191;43;14984
191;44;15280
191;45;15291
191;46;15308
191;47;15323
191;48;15331
191;49;15364
191;50;15373
191;51;15400
191;52;15442
191;53;15475
191;54;15520
191;55;15561
192;1;11465
192;2;11497
192;3;11876
192;4;11881
192;5;11973
192;6;12349
192;7;12837
192;8;12851
192;9;12864
192;10;13240
192;11;13667
192;12;13989
192;13;14099
192;14;14624
192;15;14629
192;16;14690
192;17;14719
192;18;14727
192;19;14735
192;20;14760
192;21;14772
192;22;15183
192;23;15210
192;24;15220
192;25;15233
192;26;15259
192;27;15296
192;28;15359
192;29;15368
192;30;15426
192;31;15439
192;32;15456
192;33;15493
192;34;15512
192;35;15538
192;36;15561
192;37;15585
193;1;12868
193;2;13307
193;3;13725
193;4;14198
193;5;14211
193;6;14228
193;7;14233
193;8;14579
193;9;14599
193;10;14649
193;11;14660
193;12;15050
193;13;15067
193;14;15091
193;15;15096
193;16;15122
193;17;15127
193;18;15163
193;19;15169
193;20;15220
193;21;15249
193;22;15268
193;23;15305
193;24;15326
193;25;15376
193;26;15407
193;27;15447
193;28;15448
193;29;15476
193;30;15502
193;31;15507
193;32;15549
193;33;15566
193;34;15585
194;1;12282
194;2;12308
194;3;12332
194;4;12355
194;5;12400
194;6;12416
194;7;12666
194;8;12733
194;9;12826
194;10;13294
194;11;13319
194;12;13744
194;13;14075
194;14;14102
194;15;14103
194;16;14116
194;17;14514
194;18;14626
194;19;14652
194;20;14671
194;21;14989
194;22;15064
194;23;15096
194;24;15129
194;25;15155
194;26;15177
194;27;15201
194;28;15227
194;29;15252
194;30;15271
194;31;15299
194;32;15313
194;33;15353
194;34;15370
194;35;15410
194;36;15424
194;37;15431
194;38;15434
194;39;15441
194;40;15453
194;41;15474
194;42;15479
194;43;15505
194;44;15538
194;45;15561
194;46;15585
195;1;11140
195;2;11166
195;3;11233
195;4;11586
195;5;11606
195;6;12012
195;7;12054
195;8;12354
195;9;12420
195;10;12515
195;11;12877
195;12;12942
195;13;12986
195;14;12988
195;15;12998
195;16;13014
195;17;13431
195;18;13484
195;19;13874
195;20;14149
195;21;14170
195;22;14209
195;23;14214
195;24;14215
195;25;14218
195;26;14239
195;27;14255
195;28;14489
195;29;14526
195;30;14552
195;31;14604
195;32;14614
195;33;14785
195;34;14804
195;35;15101
195;36;15105
195;37;15114
195;38;15131
195;39;15193
195;40;15235
195;41;15275
195;42;15327
195;43;15332
195;44;15388
195;45;15404
195;46;15451
195;47;15477
195;48;15502
195;49;15507
195;50;15509
195;51;15514
195;52;15530
195;53;15534
195;54;15553
195;55;15562
196;1;11037
196;2;11096
196;3;11577
196;4;12016
196;5;12439
196;6;12853
196;7;12860
196;8;13387
196;9;13416
196;10;13761
196;11;13782
196;12;14161
196;13;14273
196;14;14307
196;15;14686
196;16;15013
196;17;15039
196;18;15113
196;19;15118
196;20;15145
196;21;15162
196;22;15190
196;23;15216
196;24;15231
196;25;15249
196;26;15300
196;27;15318
196;28;15345
196;29;15360
196;30;15369
196;31;15370
196;32;15395
196;33;15426
196;34;15463
196;35;15468
196;36;15491
196;37;15509
196;38;15528
196;39;15529
196;40;15561
196;41;15566
196;42;15585
197;1;11151
197;2;11564
197;3;11944
197;4;12016
197;5;12058
197;6;12599
197;7;13051
197;8;13564
197;9;13656
197;10;13723
197;11;14162
197;12;14536
197;13;14583
197;14;14875
197;15;14901
197;16;14934
197;17;14966
197;18;15003
197;19;15037
197;20;15053
197;21;15081
197;22;15109
197;23;15121
197;24;15136
197;25;15143
197;26;15150
197;27;15161
197;28;15198
197;29;15259
197;30;15277
197;31;15363
197;32;15380
197;33;15404
197;34;15431
197;35;15436
197;36;15453
197;37;15482
197;38;15514
197;39;15527
197;40;15534
197;41;15566
197;42;15569
197;43;15585
198;1;11629
198;2;11704
198;3;11761
198;4;11788
198;5;11883
198;6;11897
198;7;12311
198;8;12353
198;9;12770
198;10;12811
198;11;12885
198;12;13266
198;13;13718
198;14;13793
198;15;14234
198;16;14264
198;17;14580
198;18;14634
198;19;14639
198;20;14641
198;21;14683
198;22;14711
198;23;14787
198;24;14862
198;25;14879
198;26;14882
198;27;14886
198;28;14918
198;29;14977
198;30;15218
198;31;15228
198;32;15259
198;33;15280
198;34;15312
198;35;15387
198;36;15396
198;37;15412
198;38;15429
198;39;15437
198;40;15451
198;41;15469
198;42;15482
198;43;15493
198;44;15498
198;45;15525
198;46;15538
198;47;15561
198;48;15568
198;49;15585
199;1;9162
199;2;9179
199;3;9558
199;4;9600
199;5;10038
199;6;10565
199;7;10894
199;8;10921
199;9;11320
199;10;11737
199;11;12054
199;12;12505
199;13;12576
199;14;12597
199;15;12784
199;16;12826
199;17;13179
199;18;13654
199;19;14005
199;20;14392
199;21;14504
199;22;14531
199;23;14606
199;24;14881
199;25;14967
199;26;15006
199;27;15020
199;28;15049
199;29;15081
199;30;15109
199;31;15113
199;32;15129
199;33;15183
199;34;15248
199;35;15255
199;36;15282
199;37;15305
199;38;15311
199;39;15320
199;40;15335
199;41;15361
199;42;15379
199;43;15398
199;44;15424
199;45;15437
199;46;15443
199;47;15488
199;48;15490
199;49;15509
199;50;15526
199;51;15544
199;52;15585
200;1;11854
200;2;11913
200;3;12295
200;4;12396
200;5;12441
200;6;12466
200;7;12971
200;8;13357
200;9;13452
200;10;13544
200;11;13871
200;12;13900
200;13;13951
200;14;14037
200;15;14079
200;16;14432
200;17;14705
200;18;14780
200;19;15074
200;20;15087
200;21;15182
200;22;15209
200;23;15254
200;24;15280
200;25;15339
200;26;15398
200;27;15436
200;28;15499
200;29;15512
200;30;15543
200;31;15550
200;32;15567
200;33;15585
201;1;12165
201;2;12198
201;3;12666
201;4;13011
201;5;13311
201;6;13340
201;7;13366
201;8;13408
201;9;13427
201;10;13937
201;11;14173
201;12;14207
201;13;14254
201;14;14607
201;15;14988
201;16;15020
201;17;15053
201;18;15088
201;19;15094
201;20;15106
201;21;15107
201;22;15133
201;23;15208
201;24;15234
201;25;15253
201;26;15269
201;27;15286
201;28;15361
201;29;15366
201;30;15371
201;31;15396
201;32;15401
201;33;15438
201;34;15464
201;35;15493
201;36;15511
201;37;15535
201;38;15556
201;39;15572
201;40;15585
202;1;8621
202;2;8635
202;3;8939
202;4;8978
202;5;9480
202;6;9977
202;7;10561
202;8;11013
202;9;11417
202;10;11816
202;11;12291
202;12;12386
202;13;12755
202;14;12829
202;15;13304
202;16;13385
202;17;13841
202;18;13883
202;19;13911
202;20;13937
202;21;14029
202;22;14361
202;23;14714
202;24;14753
202;25;15128
202;26;15202
202;27;15249
202;28;15251
202;29;15293
202;30;15300
202;31;15325
202;32;15338
202;33;15380
202;34;15411
202;35;15427
202;36;15446
202;37;15463
202;38;15489
202;39;15490
202;40;15496
202;41;15501
202;42;15511
202;43;15527
202;44;15540
202;45;15553
202;46;15562
203;1;11270
203;2;11629
203;3;11982
203;4;12362
203;5;12832
203;6;13282
203;7;13300
203;8;13703
203;9;13804
203;10;14133
203;11;14499
203;12;14525
203;13;14617
203;14;14654
203;15;14673
203;16;14690
203;17;14733
203;18;15035
203;19;15073
203;20;15113
203;21;15133
203;22;15144
203;23;15153
203;24;15172
203;25;15211
203;26;15235
203;27;15236
203;28;15239
203;29;15244
203;30;15250
203;31;15290
203;32;15319
203;33;15378
203;34;15415
203;35;15474
203;36;15478
203;37;15499
203;38;15523
203;39;15536
203;40;15543
203;41;15562
204;1;11860
204;2;12311
204;3;12671
204;4;12702
204;5;12749
204;6;12770
204;7;12903
204;8;13146
204;9;13651
204;10;13679
204;11;13729
204;12;14199
204;13;14202
204;14;14266
204;15;14644
204;16;14719
204;17;14728
204;18;15107
204;19;15163
204;20;15205
204;21;15208
204;22;15227
204;23;15279
204;24;15305
204;25;15326
204;26;15333
204;27;15358
204;28;15376
204;29;15377
204;30;15412
204;31;15417
204;32;15420
204;33;15434
204;34;15461
204;35;15463
204;36;15494
204;37;15553
204;38;15562
205;1;11497
205;2;11781
205;3;11794
205;4;11889
205;5;12155
205;6;12165
205;7;12564
205;8;12583
205;9;12595
205;10;12996
205;11;13543
205;12;13548
205;13;13945
205;14;13977
205;15;14028
205;16;14350
205;17;14374
205;18;14440
205;19;14450
205;20;14482
205;21;14498
205;22;14516
205;23;14518
205;24;14589
205;25;14613
205;26;14650
205;27;14711
205;28;14762
205;29;14792
205;30;14867
205;31;14881
205;32;14940
205;33;15335
205;34;15351
205;35;15377
205;36;15407
205;37;15431
205;38;15449
205;39;15466
205;40;15471
205;41;15530
205;42;15561
206;1;9886
206;2;10402
206;3;10843
206;4;10936
206;5;10966
206;6;11061
206;7;11069
206;8;11101
206;9;11193
206;10;11485
206;11;11550
206;12;11930
206;13;12435
206;14;12925
206;15;13377
206;16;13756
206;17;13789
206;18;13802
206;19;13823
206;20;13840
206;21;14140
206;22;14165
206;23;14510
206;24;14517
206;25;14537
206;26;14575
206;27;14614
206;28;14640
206;29;14661
206;30;14693
206;31;14788
206;32;14792
206;33;14802
206;34;15124
206;35;15133
206;36;15146
206;37;15182
206;38;15192
206;39;15248
206;40;15269
206;41;15284
206;42;15313
206;43;15322
206;44;15338
206;45;15352
206;46;15357
206;47;15378
206;48;15410
206;49;15411
206;50;15429
206;51;15480
206;52;15485
206;53;15490
206;54;15511
206;55;15538
206;56;15561
206;57;15585
207;1;9461
207;2;9977
207;3;10025
207;4;10442
207;5;10489
207;6;10502
207;7;10855
207;8;11266
207;9;11810
207;10;11997
207;11;12444
207;12;12783
207;13;12827
207;14;13354
207;15;13798
207;16;13815
207;17;13857
207;18;13885
207;19;13894
207;20;14293
207;21;14330
207;22;14623
207;23;14626
207;24;14631
207;25;15006
207;26;15022
207;27;15056
207;28;15093
207;29;15119
207;30;15143
207;31;15169
207;32;15185
207;33;15210
207;34;15215
207;35;15255
207;36;15282
207;37;15298
207;38;15324
207;39;15333
207;40;15341
207;41;15372
207;42;15378
207;43;15405
207;44;15447
207;45;15449
207;46;15461
207;47;15478
207;48;15511
207;49;15542
207;50;15561
208;1;9385
208;2;9477
208;3;9524
208;4;9941
208;5;10414
208;6;10816
208;7;10891
208;8;11383
208;9;11822
208;10;12332
208;11;12361
208;12;12380
208;13;12921
208;14;12977
208;15;12999
208;16;13073
208;17;13078
208;18;13596
208;19;13975
208;20;14345
208;21;14396
208;22;14400
208;23;14426
208;24;14473
208;25;14742
208;26;14769
208;27;15004
208;28;15090
208;29;15153
208;30;15156
208;31;15179
208;32;15204
208;33;15244
208;34;15277
208;35;15319
208;36;15336
208;37;15341
208;38;15363
208;39;15405
208;40;15424
208;41;15429
208;42;15450
208;43;15475
208;44;15489
208;45;15529
208;46;15541
208;47;15562
209;1;10216
209;2;10246
209;3;10309
209;4;10335
209;5;10715
209;6;10766
209;7;10769
209;8;11186
209;9;11638
209;10;11685
209;11;12153
209;12;12314
209;13;12340
209;14;12426
209;15;12864
209;16;13265
209;17;13754
209;18;14270
209;19;14286
209;20;14628
209;21;15113
209;22;15139
209;23;15234
209;24;15255
209;25;15329
209;26;15334
209;27;15339
209;28;15347
209;29;15352
209;30;15361
209;31;15403
209;32;15433
209;33;15465
209;34;15488
209;35;15491
209;36;15526
209;37;15544
209;38;15567
209;39;15585
210;1;11183
210;2;11604
210;3;12096
210;4;12122
210;5;12169
210;6;12220
210;7;12251
210;8;12708
210;9;12733
210;10;12756
210;11;13200
210;12;13681
210;13;14003
210;14;14098
210;15;14103
210;16;14465
210;17;14490
210;18;14535
210;19;14556
210;20;14557
210;21;14907
210;22;14933
210;23;15008
210;24;15045
210;25;15068
210;26;15126
210;27;15166
210;28;15224
210;29;15250
210;30;15258
210;31;15279
210;32;15286
210;33;15312
210;34;15342
210;35;15368
210;36;15382
210;37;15394
210;38;15401
210;39;15427
210;40;15464
210;41;15501
210;42;15514
210;43;15524
210;44;15569
210;45;15585
211;1;10099
211;2;10567
211;3;10659
211;4;11072
211;5;11089
211;6;11201
211;7;11276
211;8;11301
211;9;11343
211;10;11637
211;11;12016
211;12;12032
211;13;12456
211;14;12771
211;15;12792
211;16;13167
211;17;13632
211;18;14062
211;19;14109
211;20;14123
211;21;14128
211;22;14169
211;23;14627
211;24;14959
211;25;14985
211;26;14996
211;27;15002
211;28;15021
211;29;15050
211;30;15070
211;31;15071
211;32;15107
211;33;15193
211;34;15210
211;35;15284
211;36;15310
211;37;15361
211;38;15377
211;39;15385
211;40;15403
211;41;15407
211;42;15420
211;43;15436
211;44;15463
211;45;15505
211;46;15510
211;47;15552
211;48;15572
211;49;15585
212;1;10259
212;2;10803
212;3;10842
212;4;11204
212;5;11299
212;6;11385
212;7;11427
212;8;11868
212;9;12261
212;10;12382
212;11;12812
212;12;13285
212;13;13301
212;14;13715
212;15;13736
212;16;14251
212;17;14281
212;18;14321
212;19;14674
212;20;14689
212;21;14718
212;22;14770
212;23;14794
212;24;14804
212;25;14823
212;26;14840
212;27;14915
212;28;14957
212;29;15210
212;30;15236
212;31;15243
212;32;15310
212;33;15336
212;34;15376
212;35;15403
212;36;15416
212;37;15435
212;38;15461
212;39;15466
212;40;15474
212;41;15479
212;42;15497
212;43;15538
212;44;15561
212;45;15585
213;1;11477
213;2;11808
213;3;11847
213;4;11942
213;5;12430
213;6;12449
213;7;12508
213;8;12525
213;9;12626
213;10;12657
213;11;12934
213;12;13203
213;13;13697
213;14;13705
213;15;13780
213;16;13791
213;17;13817
213;18;13831
213;19;14173
213;20;14612
213;21;14707
213;22;14761
213;23;14782
213;24;14786
213;25;14803
213;26;14808
213;27;14859
213;28;14934
213;29;14964
213;30;15006
213;31;15007
213;32;15026
213;33;15041
213;34;15067
213;35;15079
213;36;15124
213;37;15150
213;38;15151
213;39;15172
213;40;15189
213;41;15208
213;42;15561
214;1;9361
214;2;9804
214;3;10285
214;4;10332
214;5;10349
214;6;10375
214;7;10772
214;8;10786
214;9;11018
214;10;11069
214;11;11207
214;12;11238
214;13;11288
214;14;11689
214;15;12128
214;16;12503
214;17;13008
214;18;13074
214;19;13100
214;20;13453
214;21;13469
214;22;13488
214;23;13940
214;24;13951
214;25;14025
214;26;14046
214;27;14093
214;28;14218
214;29;14219
214;30;14240
214;31;14290
214;32;14304
214;33;14322
214;34;14339
214;35;14366
214;36;14382
214;37;14424
214;38;14761
214;39;15158
214;40;15209
214;41;15230
214;42;15238
214;43;15257
214;44;15288
214;45;15297
214;46;15314
214;47;15365
214;48;15378
214;49;15380
214;50;15439
214;51;15460
214;52;15486
214;53;15491
214;54;15492
214;55;15511
214;56;15524
214;57;15561
215;1;12100
215;2;12544
215;3;12570
215;4;12810
215;5;12850
215;6;13351
215;7;13418
215;8;13436
215;9;13465
215;10;13512
215;11;13531
215;12;13817
215;13;14133
215;14;14231
215;15;14276
215;16;14287
215;17;14294
215;18;14296
215;19;14320
215;20;14333
215;21;14348
215;22;14381
215;23;14683
215;24;14709
215;25;14730
215;26;14793
215;27;15216
215;28;15258
215;29;15303
215;30;15319
215;31;15323
215;32;15348
215;33;15383
215;34;15425
215;35;15481
215;36;15500
215;37;15510
215;38;15527
215;39;15572
215;40;15585
216;1;9249
216;2;9741
216;3;9772
216;4;9817
216;5;9868
216;6;10230
216;7;10277
216;8;10314
216;9;10386
216;10;10704
216;11;10737
216;12;11090
216;13;11537
216;14;11591
216;15;12051
216;16;12093
216;17;12118
216;18;12163
216;19;12541
216;20;12569
216;21;12983
216;22;13192
216;23;13585
216;24;13622
216;25;14001
216;26;14132
216;27;14133
216;28;14156
216;29;14517
216;30;14853
216;31;14890
216;32;14941
216;33;14986
216;34;15003
216;35;15012
216;36;15087
216;37;15098
216;38;15111
216;39;15185
216;40;15211
216;41;15306
216;42;15322
216;43;15343
216;44;15355
216;45;15359
216;46;15406
216;47;15411
216;48;15444
216;49;15495
216;50;15521
216;51;15536
216;52;15553
216;53;15562
217;1;8270
217;2;8320
217;3;8734
217;4;9056
217;5;9075
217;6;9101
217;7;9505
217;8;9531
217;9;9859
217;10;9906
217;11;9937
217;12;10357
217;13;10408
217;14;10560
217;15;10959
217;16;10980
217;17;11397
217;18;11941
217;19;11946
217;20;12038
217;21;12398
217;22;12841
217;23;13154
217;24;13605
217;25;13647
217;26;13653
217;27;13678
217;28;13773
217;29;13805
217;30;13871
217;31;13916
217;32;13944
217;33;13961
217;34;14327
217;35;14369
217;36;14757
217;37;14917
217;38;14930
217;39;14984
217;40;15026
217;41;15117
217;42;15130
217;43;15166
217;44;15196
217;45;15215
217;46;15234
217;47;15260
217;48;15289
217;49;15329
217;50;15343
217;51;15383
217;52;15402
217;53;15433
217;54;15459
217;55;15480
217;56;15539
217;57;15572
217;58;15585
218;1;10824
218;2;11188
218;3;11494
218;4;11814
218;5;11831
218;6;11857
218;7;11932
218;8;12437
218;9;12463
218;10;12532
218;11;12599
218;12;12622
218;13;12627
218;14;12719
218;15;12761
218;16;12812
218;17;13057
218;18;13076
218;19;13133
218;20;13486
218;21;13715
218;22;13782
218;23;13877
218;24;13903
218;25;14193
218;26;14217
218;27;14273
218;28;14299
218;29;14627
218;30;14654
218;31;14687
218;32;14688
218;33;14695
218;34;14789
218;35;14810
218;36;14834
218;37;14860
218;38;14886
218;39;14922
218;40;14948
218;41;14955
218;42;14966
218;43;14979
218;44;14992
218;45;15369
218;46;15374
218;47;15388
218;48;15398
218;49;15440
218;50;15443
218;51;15476
218;52;15503
218;53;15545
218;54;15549
218;55;15562
218;56;15567
218;57;15585
219;1;11043
219;2;11452
219;3;11518
219;4;11577
219;5;11582
219;6;11970
219;7;12409
219;8;12771
219;9;12802
219;10;13268
219;11;13363
219;12;13716
219;13;13991
219;14;14012
219;15;14378
219;16;14420
219;17;14460
219;18;14486
219;19;14501
219;20;14908
219;21;14924
219;22;14927
219;23;14946
219;24;14960
219;25;14991
219;26;15047
219;27;15108
219;28;15112
219;29;15154
219;30;15170
219;31;15222
219;32;15258
219;33;15274
219;34;15325
219;35;15342
219;36;15368
219;37;15398
219;38;15424
219;39;15442
219;40;15454
219;41;15458
219;42;15489
219;43;15499
219;44;15504
219;45;15520
219;46;15561
220;1;10897
220;2;11306
220;3;11315
220;4;11389
220;5;11753
220;6;12152
220;7;12166
220;8;12401
220;9;12429
220;10;12438
220;11;12550
220;12;12576
220;13;12959
220;14;13004
220;15;13472
220;16;13490
220;17;13519
220;18;13582
220;19;13656
220;20;13698
220;21;14060
220;22;14086
220;23;14147
220;24;14503
220;25;14562
220;26;14985
220;27;14998
220;28;15019
220;29;15039
220;30;15067
220;31;15072
220;32;15164
220;33;15184
220;34;15190
220;35;15195
220;36;15233
220;37;15259
220;38;15345
220;39;15350
220;40;15359
220;41;15410
220;42;15423
220;43;15448
220;44;15467
220;45;15475
220;46;15501
220;47;15519
220;48;15538
220;49;15540
220;50;15548
220;51;15585
221;1;9618
221;2;9635
221;3;10140
221;4;10601
221;5;10641
221;6;11080
221;7;11664
221;8;12060
221;9;12073
221;10;12451
221;11;12858
221;12;12917
221;13;13250
221;14;13282
221;15;13666
221;16;13698
221;17;14002
221;18;14035
221;19;14109
221;20;14114
221;21;14200
221;22;14275
221;23;14300
221;24;14653
221;25;14698
221;26;15029
221;27;15120
221;28;15133
221;29;15152
221;30;15212
221;31;15233
221;32;15235
221;33;15266
221;34;15292
221;35;15343
221;36;15362
221;37;15375
221;38;15378
221;39;15397
221;40;15402
221;41;15449
221;42;15500
221;43;15526
221;44;15544
221;45;15585
222;1;9884
222;2;10237
222;3;10590
222;4;10641
222;5;11225
222;6;11587
222;7;11615
222;8;12058
222;9;12084
222;10;12567
222;11;12597
222;12;12657
222;13;13124
222;14;13159
222;15;13186
222;16;13200
222;17;13705
222;18;13992
222;19;14409
222;20;14451
222;21;14463
222;22;14558
222;23;14593
222;24;14614
222;25;14980
222;26;14989
222;27;15031
222;28;15052
222;29;15098
222;30;15104
222;31;15131
222;32;15155
222;33;15164
222;34;15189
222;35;15207
222;36;15223
222;37;15229
222;38;15251
222;39;15268
222;40;15380
222;41;15410
222;42;15420
222;43;15427
222;44;15432
222;45;15458
222;46;15477
222;47;15496
222;48;15501
222;49;15522
222;50;15527
222;51;15540
222;52;15553
223;1;8924
223;2;9342
223;3;9926
223;4;10386
223;5;10803
223;6;11278
223;7;11353
223;8;11752
223;9;11760
223;10;11807
223;11;11838
223;12;11888
223;13;11909
223;14;12377
223;15;12858
223;16;12921
223;17;13351
223;18;13428
223;19;13941
223;20;13992
223;21;14319
223;22;14693
223;23;14711
223;24;14738
223;25;14764
223;26;14769
223;27;14786
223;28;14822
223;29;15105
223;30;15123
223;31;15160
223;32;15264
223;33;15286
223;34;15328
223;35;15380
223;36;15386
223;37;15421
223;38;15453
223;39;15471
223;40;15497
223;41;15516
223;42;15535
223;43;15561
223;44;15562
224;1;11287
224;2;11685
224;3;11715
224;4;11807
224;5;11867
224;6;12161
224;7;12178
224;8;12210
224;9;12216
224;10;12697
224;11;12747
224;12;12752
224;13;13227
224;14;13665
224;15;14181
224;16;14276
224;17;14318
224;18;14344
224;19;14409
224;20;14446
224;21;14824
224;22;14853
224;23;14880
224;24;15276
224;25;15286
224;26;15289
224;27;15314
224;28;15329
224;29;15346
224;30;15359
224;31;15363
224;32;15369
224;33;15411
224;34;15442
224;35;15461
224;36;15475
224;37;15481
224;38;15498
224;39;15503
224;40;15529
224;41;15530
224;42;15532
224;43;15549
224;44;15553
225;1;10015
225;2;10485
225;3;10969
225;4;11044
225;5;11397
225;6;11418
225;7;11820
225;8;11837
225;9;12076
225;10;12168
225;11;12200
225;12;12481
225;13;12519
225;14;12593
225;15;12685
225;16;12737
225;17;12788
225;18;13160
225;19;13193
225;20;13213
225;21;13451
225;22;13537
225;23;13588
225;24;13963
225;25;14022
225;26;14085
225;27;14104
225;28;14339
225;29;14371
225;30;14661
225;31;14687
225;32;14720
225;33;14806
225;34;14834
225;35;14929
225;36;14948
225;37;14979
225;38;15226
225;39;15334
225;40;15344
225;41;15379
225;42;15438
225;43;15456
225;44;15498
225;45;15507
225;46;15523
225;47;15549
225;48;15568
225;49;15585
226;1;10639
226;2;11155
226;3;11571
226;4;12019
226;5;12299
226;6;12311
226;7;12343
226;8;12385
226;9;12873
226;10;13025
226;11;13423
226;12;13718
226;13;14071
226;14;14095
226;15;14429
226;16;14488
226;17;14530
226;18;14574
226;19;14595
226;20;14599
226;21;14662
226;22;14714
226;23;14719
226;24;14731
226;25;14794
226;26;15269
226;27;15295
226;28;15337
226;29;15372
226;30;15395
226;31;15412
226;32;15421
226;33;15438
226;34;15443
226;35;15464
226;36;15469
226;37;15474
226;38;15493
226;39;15513
226;40;15530
226;41;15548
227;1;11014
227;2;11121
227;3;11163
227;4;11586
227;5;12130
227;6;12416
227;7;12444
227;8;12515
227;9;12544
227;10;12791
227;11;13170
227;12;13609
227;13;13625
227;14;13650
227;15;13701
227;16;13738
227;17;13763
227;18;14168
227;19;14193
227;20;14556
227;21;14955
227;22;15006
227;23;15034
227;24;15053
227;25;15109
227;26;15168
227;27;15189
227;28;15202
227;29;15261
227;30;15279
227;31;15300
227;32;15325
227;33;15358
227;34;15360
227;35;15376
227;36;15381
227;37;15382
227;38;15427
227;39;15448
227;40;15453
227;41;15474
227;42;15511
227;43;15529
227;44;15542
227;45;15561
228;1;9713
228;2;10201
228;3;10260
228;4;10633
228;5;11146
228;6;11221
228;7;11580
228;8;11994
228;9;12031
228;10;12259
228;11;12264
228;12;12567
228;13;12642
228;14;12698
228;15;12717
228;16;12784
228;17;13091
228;18;13141
228;19;13183
228;20;13257
228;21;13299
228;22;13804
228;23;14269
228;24;14627
228;25;14702
228;26;14705
228;27;14731
228;28;15154
228;29;15175
228;30;15220
228;31;15239
228;32;15264
228;33;15280
228;34;15327
228;35;15328
228;36;15338
228;37;15349
228;38;15370
228;39;15376
228;40;15398
228;41;15403
228;42;15408
228;43;15426
228;44;15473
228;45;15494
228;46;15515
228;47;15528
228;48;15543
228;49;15561
229;1;10671
229;2;10766
229;3;10796
229;4;11117
229;5;11635
229;6;12041
229;7;12459
229;8;12897
229;9;13189
229;10;13646
229;11;13738
229;12;13751
229;13;14165
229;14;14588
229;15;14614
229;16;14633
229;17;14660
229;18;14734
229;19;14776
229;20;15111
229;21;15117
229;22;15123
229;23;15148
229;24;15181
229;25;15186
229;26;15202
229;27;15206
229;28;15235
229;29;15277
229;30;15306
229;31;15353
229;32;15354
229;33;15363
229;34;15400
229;35;15413
229;36;15420
229;37;15423
229;38;15440
229;39;15459
229;40;15472
229;41;15506
229;42;15511
229;43;15543
229;44;15562
230;1;9966
230;2;10018
230;3;10427
230;4;10883
230;5;11282
230;6;11341
230;7;11793
230;8;11806
230;9;12192
230;10;12622
230;11;13092
230;12;13120
230;13;13433
230;14;13850
230;15;14325
230;16;14340
230;17;14366
230;18;14382
230;19;14530
230;20;14680
230;21;14867
230;22;14893
230;23;14918
230;24;14923
230;25;14953
230;26;14998
230;27;15030
230;28;15063
230;29;15087
230;30;15120
230;31;15157
230;32;15169
230;33;15193
230;34;15240
230;35;15250
230;36;15256
230;37;15281
230;38;15300
230;39;15327
230;40;15343
230;41;15354
230;42;15405
230;43;15408
230;44;15432
230;45;15436
230;46;15471
230;47;15489
230;48;15491
230;49;15508
230;50;15522
230;51;15566
230;52;15585
231;1;11302
231;2;11315
231;3;11825
231;4;12248
231;5;12593
231;6;12617
231;7;12643
231;8;13128
231;9;13155
231;10;13580
231;11;13596
231;12;14011
231;13;14375
231;14;14396
231;15;14427
231;16;14446
231;17;14478
231;18;14486
231;19;14515
231;20;14529
231;21;14588
231;22;14601
231;23;14612
231;24;14623
231;25;14685
231;26;14701
231;27;14950
231;28;14952
231;29;15011
231;30;15033
231;31;15051
231;32;15057
231;33;15076
231;34;15084
231;35;15474
231;36;15492
231;37;15519
231;38;15538
231;39;15561
231;40;15585
232;1;9808
232;2;9858
232;3;9905
232;4;10304
232;5;10701
232;6;11144
232;7;11475
232;8;11662
232;9;12147
232;10;12194
232;11;12280
232;12;12712
232;13;12764
232;14;13233
232;15;13237
232;16;13560
232;17;14030
232;18;14056
232;19;14072
232;20;14547
232;21;14573
232;22;14602
232;23;14604
232;24;14622
232;25;14668
232;26;14701
232;27;14720
232;28;14777
232;29;15054
232;30;15067
232;31;15118
232;32;15125
232;33;15131
232;34;15157
232;35;15159
232;36;15164
232;37;15190
232;38;15246
232;39;15283
232;40;15332
232;41;15359
232;42;15389
232;43;15408
232;44;15413
232;45;15416
232;46;15427
232;47;15446
232;48;15463
232;49;15473
232;50;15489
232;51;15526
232;52;15528
232;53;15544
232;54;15585
233;1;9729
233;2;9758
233;3;10157
233;4;10231
233;5;10723
233;6;10744
233;7;11124
233;8;11154
233;9;11499
233;10;11574
233;11;11593
233;12;11664
233;13;12002
233;14;12058
233;15;12325
233;16;12666
233;17;12692
233;18;12737
233;19;12752
233;20;12779
233;21;12810
233;22;12827
233;23;12874
233;24;12904
233;25;12997
233;26;13017
233;27;13068
233;28;13143
233;29;13470
233;30;13562
233;31;14000
233;32;14216
233;33;14258
233;34;14295
233;35;14680
233;36;14701
233;37;14711
233;38;14780
233;39;14883
233;40;15196
233;41;15211
233;42;15232
233;43;15255
233;44;15266
233;45;15267
233;46;15294
233;47;15299
233;48;15317
233;49;15334
233;50;15335
233;51;15362
233;52;15367
233;53;15407
233;54;15419
233;55;15492
233;56;15511
233;57;15543
233;58;15553
233;59;15562
234;1;9788
234;2;9849
234;3;10376
234;4;10775
234;5;11113
234;6;11458
234;7;11971
234;8;11997
234;9;12472
234;10;12519
234;11;12906
234;12;12927
234;13;12957
234;14;13019
234;15;13276
234;16;13292
234;17;13305
234;18;13663
234;19;13671
234;20;13690
234;21;14081
234;22;14173
234;23;14236
234;24;14736
234;25;14753
234;26;14779
234;27;14854
234;28;14880
234;29;14886
234;30;14907
234;31;14912
234;32;14947
234;33;14986
234;34;15037
234;35;15079
234;36;15118
234;37;15143
234;38;15173
234;39;15268
234;40;15279
234;41;15338
234;42;15379
234;43;15395
234;44;15441
234;45;15457
234;46;15489
234;47;15502
234;48;15521
234;49;15562
234;50;15568
234;51;15585
235;1;10488
235;2;10931
235;3;11406
235;4;11874
235;5;11966
235;6;11979
235;7;12484
235;8;12818
235;9;12853
235;10;12871
235;11;13127
235;12;13141
235;13;13167
235;14;13196
235;15;13297
235;16;13310
235;17;13341
235;18;13383
235;19;13647
235;20;13689
235;21;14127
235;22;14167
235;23;14196
235;24;14221
235;25;14263
235;26;14517
235;27;14572
235;28;14627
235;29;14630
235;30;14638
235;31;14671
235;32;14695
235;33;14699
235;34;14723
235;35;14749
235;36;15153
235;37;15175
235;38;15220
235;39;15267
235;40;15307
235;41;15333
235;42;15359
235;43;15378
235;44;15446
235;45;15505
235;46;15526
235;47;15543
235;48;15561
235;49;15585
236;1;9741
236;2;10086
236;3;10449
236;4;10858
236;5;11273
236;6;11729
236;7;12022
236;8;12067
236;9;12138
236;10;12613
236;11;12946
236;12;12991
236;13;13033
236;14;13107
236;15;13149
236;16;13154
236;17;13249
236;18;13254
236;19;13278
236;20;13533
236;21;13557
236;22;13609
236;23;13627
236;24;14096
236;25;14138
236;26;14509
236;27;14601
236;28;14634
236;29;14650
236;30;14656
236;31;14659
236;32;14701
236;33;14704
236;34;14706
236;35;14711
236;36;14719
236;37;14736
236;38;14810
236;39;14819
236;40;14869
236;41;14932
236;42;14951
236;43;14969
236;44;15036
236;45;15046
236;46;15388
236;47;15452
236;48;15497
236;49;15528
236;50;15542
236;51;15561
236;52;15562
237;1;10207
237;2;10635
237;3;10992
237;4;11444
237;5;11496
237;6;11953
237;7;12424
237;8;13008
237;9;13524
237;10;14005
237;11;14035
237;12;14056
237;13;14069
237;14;14143
237;15;14176
237;16;14442
237;17;14460
237;18;14471
237;19;14503
237;20;14545
237;21;14565
237;22;15016
237;23;15075
237;24;15104
237;25;15105
237;26;15111
237;27;15143
237;28;15190
237;29;15265
237;30;15290
237;31;15308
237;32;15322
237;33;15349
237;34;15386
237;35;15392
237;36;15405
237;37;15413
237;38;15426
237;39;15447
237;40;15512
237;41;15530
237;42;15535
237;43;15561
238;1;10928
238;2;11020
238;3;11374
238;4;11812
238;5;12212
238;6;12647
238;7;12975
238;8;13480
238;9;13513
238;10;13918
238;11;13974
238;12;13987
238;13;14052
238;14;14078
238;15;14097
238;16;14108
238;17;14183
238;18;14189
238;19;14192
238;20;14218
238;21;14260
238;22;14279
238;23;14281
238;24;14692
238;25;14697
238;26;14756
238;27;14774
238;28;14800
238;29;15187
238;30;15278
238;31;15353
238;32;15354
238;33;15359
238;34;15380
238;35;15385
238;36;15406
238;37;15425
238;38;15452
238;39;15458
238;40;15476
238;41;15497
238;42;15529
238;43;15562
239;1;11429
239;2;11530
239;3;11927
239;4;12286
239;5;12378
239;6;12473
239;7;12477
239;8;12514
239;9;12888
239;10;12899
239;11;13256
239;12;13724
239;13;13763
239;14;14176
239;15;14521
239;16;14580
239;17;14613
239;18;14639
239;19;15045
239;20;15078
239;21;15095
239;22;15142
239;23;15150
239;24;15171
239;25;15195
239;26;15219
239;27;15245
239;28;15272
239;29;15291
239;30;15296
239;31;15313
239;32;15336
239;33;15341
239;34;15342
239;35;15364
239;36;15369
239;37;15392
239;38;15409
239;39;15422
239;40;15456
239;41;15488
239;42;15515
239;43;15534
239;44;15553
239;45;15566
239;46;15585
240;1;12687
240;2;13153
240;3;13200
240;4;13226
240;5;13639
240;6;13705
240;7;13817
240;8;14125
240;9;14151
240;10;14196
240;11;14217
240;12;14570
240;13;14603
240;14;14982
240;15;14989
240;16;15014
240;17;15041
240;18;15093
240;19;15138
240;20;15152
240;21;15174
240;22;15184
240;23;15202
240;24;15231
240;25;15245
240;26;15270
240;27;15329
240;28;15380
240;29;15422
240;30;15442
240;31;15459
240;32;15485
240;33;15498
240;34;15503
240;35;15510
240;36;15529
240;37;15531
240;38;15548
240;39;15553
240;40;15566
240;41;15585
241;1;11026
241;2;11057
241;3;11402
241;4;11420
241;5;11768
241;6;12063
241;7;12113
241;8;12522
241;9;13063
241;10;13102
241;11;13583
241;12;13594
241;13;13607
241;14;13638
241;15;13680
241;16;13699
241;17;13724
241;18;14102
241;19;14131
241;20;14172
241;21;14181
241;22;14188
241;23;14230
241;24;14529
241;25;14591
241;26;14949
241;27;14991
241;28;14996
241;29;15055
241;30;15066
241;31;15161
241;32;15213
241;33;15218
241;34;15249
241;35;15262
241;36;15309
241;37;15318
241;38;15351
241;39;15366
241;40;15387
241;41;15413
241;42;15427
241;43;15446
241;44;15462
241;45;15488
241;46;15498
241;47;15516
241;48;15529
241;49;15553
241;50;15572
241;51;15585
242;1;10713
242;2;11136
242;3;11601
242;4;12000
242;5;12379
242;6;12682
242;7;13016
242;8;13361
242;9;13773
242;10;14151
242;11;14183
242;12;14422
242;13;14460
242;14;14488
242;15;14519
242;16;14564
242;17;14917
242;18;14959
242;19;14967
242;20;14984
242;21;15031
242;22;15032
242;23;15051
242;24;15076
242;25;15109
242;26;15136
242;27;15178
242;28;15185
242;29;15230
242;30;15275
242;31;15326
242;32;15331
242;33;15357
242;34;15375
242;35;15376
242;36;15386
242;37;15423
242;38;15428
242;39;15447
242;40;15464
242;41;15480
242;42;15485
242;43;15497
242;44;15532
242;45;15548
242;46;15561
242;47;15562
243;1;9625
243;2;9641
243;3;10038
243;4;10064
243;5;10462
243;6;10918
243;7;11263
243;8;11306
243;9;11744
243;10;11839
243;11;11934
243;12;12375
243;13;12725
243;14;13230
243;15;13634
243;16;13681
243;17;14133
243;18;14245
243;19;14277
243;20;14369
243;21;14382
243;22;14414
243;23;14745
243;24;14766
243;25;14777
243;26;14826
243;27;14831
243;28;14840
243;29;14845
243;30;14895
243;31;15272
243;32;15305
243;33;15326
243;34;15334
243;35;15358
243;36;15377
243;37;15386
243;38;15391
243;39;15408
243;40;15423
243;41;15426
243;42;15447
243;43;15503
243;44;15527
243;45;15544
243;46;15585
244;1;10238
244;2;10723
244;3;11162
244;4;11274
244;5;11369
244;6;11832
244;7;12133
244;8;12154
244;9;12159
244;10;12589
244;11;12615
244;12;13019
244;13;13339
244;14;13354
244;15;13649
244;16;14162
244;17;14209
244;18;14284
244;19;14564
244;20;14947
244;21;14964
244;22;15050
244;23;15093
244;24;15132
244;25;15183
244;26;15278
244;27;15320
244;28;15346
244;29;15362
244;30;15367
244;31;15414
244;32;15421
244;33;15428
244;34;15454
244;35;15459
244;36;15467
244;37;15476
244;38;15509
244;39;15514
244;40;15535
244;41;15553
245;1;9816
245;2;9891
245;3;10270
245;4;10686
245;5;10711
245;6;11167
245;7;11751
245;8;12232
245;9;12279
245;10;12704
245;11;13024
245;12;13048
245;13;13079
245;14;13442
245;15;13448
245;16;13522
245;17;13623
245;18;13690
245;19;13716
245;20;14181
245;21;14542
245;22;14547
245;23;14598
245;24;14657
245;25;14690
245;26;14749
245;27;14760
245;28;14787
245;29;14793
245;30;14800
245;31;14861
245;32;14924
245;33;14937
245;34;15012
245;35;15301
245;36;15303
245;37;15322
245;38;15359
245;39;15434
245;40;15435
245;41;15461
245;42;15476
245;43;15481
245;44;15513
245;45;15525
245;46;15539
245;47;15552
245;48;15553
245;49;15585
246;1;9565
246;2;9602
246;3;9626
246;4;10041
246;5;10394
246;6;10420
246;7;10836
246;8;11256
246;9;11559
246;10;11704
246;11;12019
246;12;12030
246;13;12105
246;14;12164
246;15;12195
246;16;12486
246;17;12513
246;18;12588
246;19;12647
246;20;13064
246;21;13475
246;22;13477
246;23;13892
246;24;13993
246;25;14019
246;26;14078
246;27;14081
246;28;14461
246;29;14466
246;30;14524
246;31;14542
246;32;14546
246;33;14563
246;34;14876
246;35;14947
246;36;14950
246;37;14953
246;38;15007
246;39;15015
246;40;15101
246;41;15119
246;42;15168
246;43;15219
246;44;15264
246;45;15281
246;46;15295
246;47;15305
246;48;15310
246;49;15360
246;50;15386
246;51;15445
246;52;15506
246;53;15543
246;54;15561
246;55;15562
247;1;9263
247;2;9715
247;3;9768
247;4;10172
247;5;10602
247;6;11045
247;7;11104
247;8;11151
247;9;11626
247;10;11721
247;11;12120
247;12;12195
247;13;12604
247;14;13148
247;15;13163
247;16;13526
247;17;13784
247;18;14204
247;19;14248
247;20;14582
247;21;14915
247;22;15027
247;23;15059
247;24;15064
247;25;15095
247;26;15100
247;27;15117
247;28;15138
247;29;15213
247;30;15224
247;31;15249
247;32;15280
247;33;15324
247;34;15361
247;35;15384
247;36;15409
247;37;15451
247;38;15503
247;39;15529
247;40;15542
247;41;15561
247;42;15562
248;1;8885
248;2;8916
248;3;8934
248;4;9382
248;5;9745
248;6;10077
248;7;10604
248;8;11117
248;9;11476
248;10;11495
248;11;11569
248;12;11756
248;13;11786
248;14;12229
248;15;12259
248;16;12649
248;17;12696
248;18;12712
248;19;12738
248;20;13100
248;21;13457
248;22;13720
248;23;14073
248;24;14152
248;25;14197
248;26;14463
248;27;14489
248;28;14506
248;29;14825
248;30;14870
248;31;14891
248;32;14992
248;33;15025
248;34;15033
248;35;15063
248;36;15124
248;37;15126
248;38;15139
248;39;15151
248;40;15164
248;41;15179
248;42;15238
248;43;15239
248;44;15277
248;45;15282
248;46;15294
248;47;15338
248;48;15356
248;49;15394
248;50;15415
248;51;15416
248;52;15433
248;53;15459
248;54;15491
248;55;15510
248;56;15528
248;57;15534
248;58;15561
249;1;10316
249;2;10730
249;3;10747
249;4;10842
249;5;11187
249;6;11229
249;7;11586
249;8;12029
249;9;12124
249;10;12187
249;11;12566
249;12;12999
249;13;13046
249;14;13455
249;15;13550
249;16;13566
249;17;14068
249;18;14421
249;19;14732
249;20;14745
249;21;14857
249;22;14874
249;23;14909
249;24;14922
249;25;14925
249;26;15342
249;27;15345
249;28;15357
249;29;15389
249;30;15406
249;31;15415
249;32;15431
249;33;15462
249;34;15469
249;35;15520
249;36;15536
249;37;15562
250;1;11742
250;2;11768
250;3;11790
250;4;11885
250;5;11911
250;6;12376
250;7;12818
250;8;13244
250;9;13311
250;10;13397
250;11;13851
250;12;14199
250;13;14300
250;14;14310
250;15;14628
250;16;14631
250;17;14673
250;18;14724
250;19;14729
250;20;14742
250;21;14762
250;22;14788
250;23;14825
250;24;14860
250;25;15177
250;26;15243
250;27;15259
250;28;15260
250;29;15277
250;30;15303
250;31;15334
250;32;15350
250;33;15355
250;34;15374
250;35;15408
250;36;15434
250;37;15472
250;38;15519
250;39;15550
250;40;15567
250;41;15585
251;1;11202
251;2;11641
251;3;12076
251;4;12132
251;5;12716
251;6;12752
251;7;12775
251;8;13167
251;9;13170
251;10;13660
251;11;13676
251;12;13689
251;13;13801
251;14;13808
251;15;14128
251;16;14609
251;17;14627
251;18;14654
251;19;15001
251;20;15033
251;21;15134
251;22;15185
251;23;15218
251;24;15232
251;25;15253
251;26;15316
251;27;15336
251;28;15353
251;29;15370
251;30;15371
251;31;15413
251;32;15472
251;33;15504
251;34;15541
251;35;15554
251;36;15566
251;37;15585
252;1;8724
252;2;9229
252;3;9677
252;4;10022
252;5;10048
252;6;10095
252;7;10137
252;8;10653
252;9;10906
252;10;11240
252;11;11552
252;12;11568
252;13;11630
252;14;11722
252;15;12096
252;16;12113
252;17;12188
252;18;12230
252;19;12696
252;20;12747
252;21;12776
252;22;13147
252;23;13198
252;24;13216
252;25;13242
252;26;13287
252;27;13644
252;28;14074
252;29;14092
252;30;14137
252;31;14169
252;32;14627
252;33;15154
252;34;15266
252;35;15308
252;36;15324
252;37;15375
252;38;15400
252;39;15411
252;40;15448
252;41;15490
252;42;15496
252;43;15527
252;44;15529
252;45;15548
252;46;15561
252;47;15562
253;1;12123
253;2;12552
253;3;12571
253;4;12576
253;5;12642
253;6;13004
253;7;13079
253;8;13552
253;9;13995
253;10;14038
253;11;14090
253;12;14107
253;13;14141
253;14;14193
253;15;14219
253;16;14577
253;17;14590
253;18;14615
253;19;14620
253;20;14626
253;21;14756
253;22;14774
253;23;14856
253;24;14916
253;25;14933
253;26;14973
253;27;15015
253;28;15031
253;29;15082
253;30;15116
253;31;15161
253;32;15177
253;33;15181
253;34;15212
253;35;15245
253;36;15254
253;37;15306
253;38;15320
253;39;15333
253;40;15406
253;41;15419
253;42;15425
253;43;15465
253;44;15470
253;45;15512
253;46;15553
254;1;9973
254;2;10441
254;3;10691
254;4;10720
254;5;11147
254;6;11615
254;7;12038
254;8;12418
254;9;12485
254;10;12865
254;11;12940
254;12;12982
254;13;13003
254;14;13052
254;15;13077
254;16;13096
254;17;13564
254;18;13861
254;19;14151
254;20;14161
254;21;14193
254;22;14252
254;23;14308
254;24;14334
254;25;14360
254;26;14387
254;27;14669
254;28;14694
254;29;14711
254;30;15064
254;31;15069
254;32;15072
254;33;15089
254;34;15155
254;35;15174
254;36;15221
254;37;15291
254;38;15294
254;39;15332
254;40;15348
254;41;15378
254;42;15409
254;43;15441
254;44;15454
254;45;15455
254;46;15472
254;47;15480
254;48;15498
254;49;15503
254;50;15516
254;51;15520
254;52;15521
254;53;15534
254;54;15553
254;55;15566
254;56;15572
254;57;15585
255;1;11711
255;2;12089
255;3;12405
255;4;12436
255;5;12835
255;6;12912
255;7;13364
255;8;13797
255;9;13815
255;10;14179
255;11;14249
255;12;14679
255;13;14708
255;14;15119
255;15;15181
255;16;15216
255;17;15261
255;18;15277
255;19;15322
255;20;15336
255;21;15382
255;22;15399
255;23;15415
255;24;15448
255;25;15474
255;26;15488
255;27;15493
255;28;15543
255;29;15585
256;1;11168
256;2;11227
256;3;11703
256;4;12152
256;5;12390
256;6;12416
256;7;12872
256;8;13263
256;9;13616
256;10;13658
256;11;14017
256;12;14092
256;13;14139
256;14;14569
256;15;14588
256;16;14661
256;17;14669
256;18;14755
256;19;14773
256;20;14798
256;21;14819
256;22;14836
256;23;14867
256;24;14898
256;25;14965
256;26;14990
256;27;15008
256;28;15431
256;29;15458
256;30;15461
256;31;15498
256;32;15540
256;33;15553
257;1;11004
257;2;11419
257;3;11737
257;4;11849
257;5;12367
257;6;12734
257;7;12790
257;8;12792
257;9;12977
257;10;13005
257;11;13080
257;12;13175
257;13;13267
257;14;13683
257;15;13692
257;16;14109
257;17;14180
257;18;14223
257;19;14256
257;20;14296
257;21;14501
257;22;14540
257;23;14565
257;24;14595
257;25;14979
257;26;15003
257;27;15019
257;28;15024
257;29;15043
257;30;15080
257;31;15104
257;32;15109
257;33;15134
257;34;15172
257;35;15188
257;36;15219
257;37;15266
257;38;15325
257;39;15351
257;40;15352
257;41;15384
257;42;15400
257;43;15445
257;44;15471
257;45;15475
257;46;15492
257;47;15516
257;48;15535
257;49;15554
257;50;15567
257;51;15585
258;1;11174
258;2;11612
258;3;11668
258;4;12072
258;5;12122
258;6;12587
258;7;12920
258;8;12971
258;9;12997
258;10;13029
258;11;13259
258;12;13297
258;13;13695
258;14;14136
258;15;14415
258;16;14481
258;17;14553
258;18;14645
258;19;14697
258;20;15114
258;21;15123
258;22;15125
258;23;15138
258;24;15155
258;25;15166
258;26;15167
258;27;15253
258;28;15279
258;29;15308
258;30;15317
258;31;15329
258;32;15332
258;33;15407
258;34;15481
258;35;15548
258;36;15585
259;1;10726
259;2;10743
259;3;11040
259;4;11357
259;5;11873
259;6;11968
259;7;12043
259;8;12425
259;9;12769
259;10;12835
259;11;12852
259;12;13306
259;13;13365
259;14;13755
259;15;13785
259;16;13809
259;17;14222
259;18;14239
259;19;14313
259;20;14736
259;21;14783
259;22;15066
259;23;15103
259;24;15129
259;25;15176
259;26;15181
259;27;15207
259;28;15218
259;29;15292
259;30;15311
259;31;15337
259;32;15376
259;33;15397
259;34;15426
259;35;15439
259;36;15472
259;37;15479
259;38;15516
259;39;15548
259;40;15567
259;41;15585
260;1;13108
260;2;13175
260;3;13514
260;4;13531
260;5;13556
260;6;13574
260;7;13598
260;8;13867
260;9;13899
260;10;13906
260;11;13924
260;12;14198
260;13;14216
260;14;14231
260;15;14240
260;16;14262
260;17;14295
260;18;14354
260;19;14440
260;20;14477
260;21;14478
260;22;14644
260;23;14677
260;24;14693
260;25;14695
260;26;15065
260;27;15079
260;28;15089
260;29;15108
260;30;15121
260;31;15140
260;32;15166
260;33;15178
260;34;15225
260;35;15267
260;36;15276
260;37;15280
260;38;15297
260;39;15327
260;40;15348
260;41;15349
260;42;15367
260;43;15383
260;44;15388
260;45;15390
260;46;15398
260;47;15412
260;48;15444
260;49;15458
260;50;15477
260;51;15482
260;52;15495
260;53;15505
260;54;15510
260;55;15515
260;56;15531
260;57;15544
260;58;15585
261;1;11513
261;2;11587
261;3;11629
261;4;11992
261;5;12533
261;6;12604
261;7;12623
261;8;12665
261;9;12690
261;10;12749
261;11;13046
261;12;13047
261;13;13139
261;14;13153
261;15;13565
261;16;13583
261;17;13600
261;18;13674
261;19;13703
261;20;13747
261;21;13798
261;22;13814
261;23;14192
261;24;14255
261;25;14272
261;26;14367
261;27;14790
261;28;14876
261;29;14921
261;30;14932
261;31;15370
261;32;15401
261;33;15414
261;34;15420
261;35;15446
261;36;15493
261;37;15512
261;38;15517
261;39;15535
261;40;15536
261;41;15555
261;42;15572
261;43;15585
262;1;10358
262;2;10720
262;3;11073
262;4;11091
262;5;11186
262;6;11461
262;7;11478
262;8;11523
262;9;11584
262;10;11717
262;11;12051
262;12;12444
262;13;12486
262;14;12578
262;15;12604
262;16;12705
262;17;12779
262;18;13202
262;19;13255
262;20;13723
262;21;14183
262;22;14239
262;23;14581
262;24;14637
262;25;14665
262;26;14698
262;27;14709
262;28;14790
262;29;14808
262;30;14850
262;31;14869
262;32;14899
262;33;14919
262;34;14920
262;35;15126
262;36;15129
262;37;15166
262;38;15185
262;39;15189
262;40;15201
262;41;15213
262;42;15230
262;43;15233
262;44;15265
262;45;15324
262;46;15337
262;47;15342
262;48;15354
262;49;15359
262;50;15368
262;51;15373
262;52;15386
262;53;15389
262;54;15408
262;55;15416
262;56;15443
262;57;15447
262;58;15452
262;59;15453
262;60;15480
262;61;15490
262;62;15511
262;63;15523
262;64;15553
262;65;15562
263;1;8364
263;2;8808
263;3;9249
263;4;9833
263;5;10178
263;6;10531
263;7;11036
263;8;11554
263;9;11916
263;10;12339
263;11;12740
263;12;13210
263;13;13572
263;14;13599
263;15;13601
263;16;13675
263;17;13699
263;18;14056
263;19;14149
263;20;14175
263;21;14266
263;22;14270
263;23;14321
263;24;14342
263;25;14358
263;26;14743
263;27;14771
263;28;14795
263;29;14799
263;30;14841
263;31;15234
263;32;15247
263;33;15296
263;34;15328
263;35;15345
263;36;15361
263;37;15366
263;38;15382
263;39;15392
263;40;15424
263;41;15441
263;42;15467
263;43;15475
263;44;15512
263;45;15544
263;46;15569
263;47;15572
263;48;15585
264;1;10096
264;2;10147
264;3;10199
264;4;10647
264;5;11160
264;6;11348
264;7;11411
264;8;11884
264;9;12323
264;10;12665
264;11;12739
264;12;12765
264;13;12821
264;14;12852
264;15;13004
264;16;13079
264;17;13432
264;18;13457
264;19;13853
264;20;14137
264;21;14158
264;22;14195
264;23;14237
264;24;14263
264;25;14319
264;26;14357
264;27;14674
264;28;15020
264;29;15087
264;30;15092
264;31;15144
264;32;15225
264;33;15259
264;34;15322
264;35;15331
264;36;15401
264;37;15408
264;38;15467
264;39;15512
264;40;15529
264;41;15546
264;42;15562
264;43;15567
264;44;15585
265;1;11102
265;2;11545
265;3;11846
265;4;12351
265;5;12723
265;6;12768
265;7;13185
265;8;13220
265;9;13246
265;10;13721
265;11;13814
265;12;13873
265;13;14031
265;14;14400
265;15;14403
265;16;14416
265;17;14777
265;18;15250
265;19;15264
265;20;15272
265;21;15289
265;22;15329
265;23;15342
265;24;15377
265;25;15383
265;26;15409
265;27;15442
265;28;15479
265;29;15495
265;30;15534
265;31;15552
265;32;15585
266;1;12481
266;2;12556
266;3;13081
266;4;13489
266;5;14033
266;6;14054
266;7;14075
266;8;14127
266;9;14496
266;10;14525
266;11;14551
266;12;14554
266;13;14556
266;14;14561
266;15;14656
266;16;14658
266;17;14980
266;18;14994
266;19;15031
266;20;15059
266;21;15082
266;22;15143
266;23;15157
266;24;15183
266;25;15214
266;26;15222
266;27;15317
266;28;15338
266;29;15349
266;30;15363
266;31;15392
266;32;15416
266;33;15423
266;34;15439
266;35;15480
266;36;15499
266;37;15520
266;38;15543
266;39;15564
266;40;15585
267;1;9857
267;2;10239
267;3;10265
267;4;10750
267;5;11188
267;6;11225
267;7;11578
267;8;11596
267;9;11613
267;10;12022
267;11;12096
267;12;12126
267;13;12131
267;14;12206
267;15;12225
267;16;12642
267;17;13072
267;18;13164
267;19;13185
267;20;13272
267;21;13764
267;22;14168
267;23;14462
267;24;14537
267;25;14589
267;26;15002
267;27;15028
267;28;15090
267;29;15111
267;30;15122
267;31;15172
267;32;15185
267;33;15228
267;34;15258
267;35;15263
267;36;15276
267;37;15293
267;38;15315
267;39;15366
267;40;15375
267;41;15376
267;42;15403
267;43;15411
267;44;15437
267;45;15456
267;46;15474
267;47;15482
267;48;15505
267;49;15542
267;50;15548
267;51;15566
267;52;15585
268;1;11665
268;2;11751
268;3;12239
268;4;12677
268;5;12752
268;6;12794
268;7;13259
268;8;13291
268;9;13365
268;10;13451
268;11;13638
268;12;13654
268;13;13934
268;14;13953
268;15;13979
268;16;14294
268;17;14341
268;18;14376
268;19;14401
268;20;14871
268;21;15172
268;22;15198
268;23;15240
268;24;15261
268;25;15282
268;26;15284
268;27;15289
268;28;15315
268;29;15334
268;30;15381
268;31;15432
268;32;15438
268;33;15443
268;34;15462
268;35;15479
268;36;15487
268;37;15519
268;38;15538
268;39;15585
269;1;10678
269;2;11049
269;3;11111
269;4;11136
269;5;11367
269;6;11426
269;7;11458
269;8;11910
269;9;12348
269;10;12404
269;11;12670
269;12;13113
269;13;13150
269;14;13452
269;15;13504
269;16;13511
269;17;13529
269;18;13594
269;19;13899
269;20;13920
269;21;13948
269;22;13974
269;23;14001
269;24;14019
269;25;14470
269;26;14903
269;27;14927
269;28;14964
269;29;14995
269;30;15025
269;31;15088
269;32;15105
269;33;15121
269;34;15233
269;35;15236
269;36;15256
269;37;15270
269;38;15312
269;39;15324
269;40;15369
269;41;15390
269;42;15404
269;43;15418
269;44;15428
269;45;15455
269;46;15457
269;47;15502
269;48;15530
269;49;15543
269;50;15562
270;1;11994
270;2;11995
270;3;12520
270;4;12859
270;5;12901
270;6;13374
270;7;13824
270;8;14314
270;9;14366
270;10;14405
270;11;14431
270;12;14447
270;13;14522
270;14;14549
270;15;14574
270;16;14577
270;17;14692
270;18;14729
270;19;14750
270;20;14776
270;21;14802
270;22;14831
270;23;14848
270;24;14853
270;25;14858
270;26;14882
270;27;14901
270;28;14922
270;29;14964
270;30;14990
270;31;15076
270;32;15089
270;33;15094
270;34;15107
270;35;15125
270;36;15171
270;37;15174
270;38;15195
270;39;15527
270;40;15531
270;41;15548
270;42;15566
270;43;15585
271;1;10170
271;2;10675
271;3;10767
271;4;11118
271;5;11156
271;6;11700
271;7;11728
271;8;11737
271;9;12090
271;10;12102
271;11;12119
271;12;12557
271;13;12973
271;14;12990
271;15;13009
271;16;13426
271;17;13899
271;18;14329
271;19;14794
271;20;14862
271;21;14867
271;22;14932
271;23;15232
271;24;15284
271;25;15300
271;26;15336
271;27;15345
271;28;15371
271;29;15376
271;30;15418
271;31;15429
271;32;15474
271;33;15487
271;34;15493
271;35;15520
271;36;15525
271;37;15544
271;38;15585
272;1;11139
272;2;11517
272;3;11870
272;4;11891
272;5;12368
272;6;12729
272;7;12804
272;8;13221
272;9;13268
272;10;13310
272;11;13731
272;12;13748
272;13;14025
272;14;14046
272;15;14065
272;16;14481
272;17;14499
272;18;14566
272;19;14582
272;20;14599
272;21;14614
272;22;14667
272;23;14670
272;24;14965
272;25;14976
272;26;14981
272;27;15010
272;28;15055
272;29;15072
272;30;15158
272;31;15200
272;32;15257
272;33;15277
272;34;15295
272;35;15315
272;36;15328
272;37;15346
272;38;15362
272;39;15365
272;40;15373
272;41;15386
272;42;15411
272;43;15438
272;44;15450
272;45;15468
272;46;15469
272;47;15472
272;48;15491
272;49;15502
272;50;15507
272;51;15526
272;52;15532
272;53;15535
272;54;15553
272;55;15585
273;1;11536
273;2;11961
273;3;12365
273;4;12729
273;5;12742
273;6;12809
273;7;13192
273;8;13217
273;9;13267
273;10;13281
273;11;13323
273;12;13761
273;13;14140
273;14;14502
273;15;14594
273;16;14905
273;17;14919
273;18;14950
273;19;15021
273;20;15063
273;21;15086
273;22;15136
273;23;15152
273;24;15171
273;25;15174
273;26;15184
273;27;15201
273;28;15231
273;29;15317
273;30;15322
273;31;15352
273;32;15356
273;33;15378
273;34;15387
273;35;15412
273;36;15420
273;37;15437
273;38;15463
273;39;15471
273;40;15487
273;41;15522
273;42;15538
273;43;15540
273;44;15548
273;45;15585
274;1;10510
274;2;10536
274;3;10586
274;4;11029
274;5;11034
274;6;11495
274;7;11835
274;8;11842
274;9;11901
274;10;11931
274;11;12021
274;12;12369
274;13;12556
274;14;12901
274;15;12952
274;16;12971
274;17;13027
274;18;13251
274;19;13636
274;20;13677
274;21;13751
274;22;13798
274;23;14153
274;24;14254
274;25;14585
274;26;14599
274;27;14643
274;28;14680
274;29;14692
274;30;14971
274;31;15009
274;32;15016
274;33;15048
274;34;15066
274;35;15091
274;36;15116
274;37;15143
274;38;15206
274;39;15253
274;40;15304
274;41;15331
274;42;15332
274;43;15379
274;44;15394
274;45;15421
274;46;15484
274;47;15489
274;48;15507
274;49;15508
274;50;15549
274;51;15562
275;1;9694
275;2;9702
275;3;10080
275;4;10267
275;5;10290
275;6;10315
275;7;10362
275;8;10830
275;9;11273
275;10;11626
275;11;12101
275;12;12500
275;13;12608
275;14;13060
275;15;13493
275;16;13773
275;17;13997
275;18;14049
275;19;14075
275;20;14080
275;21;14141
275;22;14183
275;23;14234
275;24;14281
275;25;14308
275;26;14563
275;27;14578
275;28;14953
275;29;14970
275;30;14995
275;31;15016
275;32;15032
275;33;15041
275;34;15044
275;35;15069
275;36;15111
275;37;15182
275;38;15199
275;39;15206
275;40;15232
275;41;15291
275;42;15342
275;43;15389
275;44;15407
275;45;15412
275;46;15443
275;47;15452
275;48;15465
275;49;15516
275;50;15529
275;51;15541
275;52;15562
276;1;9786
276;2;10131
276;3;10157
276;4;10587
276;5;10649
276;6;11013
276;7;11050
276;8;11080
276;9;11456
276;10;11921
276;11;12267
276;12;12629
276;13;12680
276;14;12685
276;15;13118
276;16;13623
276;17;14092
276;18;14107
276;19;14178
276;20;14234
276;21;14511
276;22;14547
276;23;14588
276;24;14958
276;25;15035
276;26;15041
276;27;15087
276;28;15127
276;29;15144
276;30;15162
276;31;15167
276;32;15193
276;33;15238
276;34;15263
276;35;15280
276;36;15288
276;37;15293
276;38;15313
276;39;15333
276;40;15350
276;41;15372
276;42;15374
276;43;15393
276;44;15414
276;45;15440
276;46;15477
276;47;15482
276;48;15503
276;49;15504
276;50;15530
276;51;15531
276;52;15548
276;53;15561
277;1;10889
277;2;10948
277;3;11043
277;4;11508
277;5;11533
277;6;11594
277;7;11973
277;8;12002
277;9;12347
277;10;12364
277;11;12761
277;12;12788
277;13;13073
277;14;13129
277;15;13140
277;16;13159
277;17;13225
277;18;13412
277;19;13811
277;20;13816
277;21;13837
277;22;14198
277;23;14249
277;24;14335
277;25;14370
277;26;14764
277;27;14789
277;28;14813
277;29;14844
277;30;14848
277;31;14923
277;32;14955
277;33;15182
277;34;15236
277;35;15266
277;36;15281
277;37;15302
277;38;15312
277;39;15328
277;40;15354
277;41;15407
277;42;15414
277;43;15441
277;44;15450
277;45;15462
277;46;15479
277;47;15480
277;48;15484
277;49;15515
277;50;15528
277;51;15561
277;52;15568
277;53;15585
278;1;10078
278;2;10662
278;3;11015
278;4;11086
278;5;11554
278;6;11607
278;7;11855
278;8;11902
278;9;11953
278;10;11984
278;11;12398
278;12;12431
278;13;12473
278;14;12983
278;15;13344
278;16;13355
278;17;13474
278;18;13488
278;19;13786
278;20;14228
278;21;14294
278;22;14368
278;23;14395
278;24;14425
278;25;14476
278;26;14598
278;27;14609
278;28;14610
278;29;14686
278;30;14733
278;31;14948
278;32;14976
278;33;15009
278;34;15014
278;35;15018
278;36;15020
278;37;15121
278;38;15148
278;39;15174
278;40;15216
278;41;15255
278;42;15257
278;43;15271
278;44;15332
278;45;15349
278;46;15368
278;47;15373
278;48;15377
278;49;15383
278;50;15389
278;51;15408
278;52;15442
278;53;15465
278;54;15486
278;55;15490
278;56;15508
278;57;15512
278;58;15544
278;59;15561
278;60;15585
279;1;11038
279;2;11112
279;3;11393
279;4;11419
279;5;11871
279;6;12058
279;7;12511
279;8;12524
279;9;12541
279;10;12920
279;11;13298
279;12;13605
279;13;13647
279;14;13694
279;15;13726
279;16;13757
279;17;13779
279;18;13795
279;19;13822
279;20;13848
279;21;14088
279;22;14107
279;23;14510
279;24;14596
279;25;14915
279;26;15010
279;27;15027
279;28;15052
279;29;15088
279;30;15125
279;31;15151
279;32;15180
279;33;15191
279;34;15219
279;35;15220
279;36;15227
279;37;15248
279;38;15274
279;39;15314
279;40;15341
279;41;15360
279;42;15377
279;43;15382
279;44;15399
279;45;15422
279;46;15436
279;47;15466
279;48;15468
279;49;15485
279;50;15511
279;51;15519
279;52;15538
279;53;15561
279;54;15585
280;1;10563
280;2;11033
280;3;11452
280;4;11810
280;5;12275
280;6;12462
280;7;12897
280;8;12914
280;9;12933
280;10;13191
280;11;13286
280;12;13725
280;13;13741
280;14;13836
280;15;14139
280;16;14165
280;17;14606
280;18;14644
280;19;14663
280;20;14696
280;21;14797
280;22;14802
280;23;14816
280;24;14832
280;25;14851
280;26;14872
280;27;15259
280;28;15290
280;29;15317
280;30;15333
280;31;15346
280;32;15378
280;33;15402
280;34;15434
280;35;15436
280;36;15452
280;37;15471
280;38;15485
280;39;15502
280;40;15510
280;41;15529
280;42;15540
280;43;15561
281;1;8889
281;2;9377
281;3;9755
281;4;9780
281;5;9822
281;6;10206
281;7;10256
281;8;10635
281;9;10988
281;10;11004
281;11;11289
281;12;11680
281;13;11696
281;14;11713
281;15;12136
281;16;12231
281;17;12273
281;18;12347
281;19;12701
281;20;12714
281;21;12776
281;22;13122
281;23;13234
281;24;13439
281;25;13501
281;26;13915
281;27;13920
281;28;13946
281;29;13998
281;30;14033
281;31;14052
281;32;14103
281;33;14148
281;34;14240
281;35;14249
281;36;14267
281;37;14706
281;38;14732
281;39;14757
281;40;15181
281;41;15194
281;42;15228
281;43;15247
281;44;15261
281;45;15303
281;46;15305
281;47;15307
281;48;15328
281;49;15356
281;50;15367
281;51;15375
281;52;15400
281;53;15427
281;54;15458
281;55;15484
281;56;15502
281;57;15521
281;58;15538
281;59;15561
281;60;15585
282;1;10071
282;2;10110
282;3;10559
282;4;11051
282;5;11396
282;6;11835
282;7;12310
282;8;12688
282;9;13140
282;10;13494
282;11;13520
282;12;13829
282;13;13879
282;14;13991
282;15;14157
282;16;14173
282;17;14235
282;18;14538
282;19;14580
282;20;14965
282;21;15012
282;22;15062
282;23;15083
282;24;15109
282;25;15128
282;26;15130
282;27;15132
282;28;15165
282;29;15190
282;30;15202
282;31;15244
282;32;15286
282;33;15291
282;34;15309
282;35;15329
282;36;15360
282;37;15386
282;38;15407
282;39;15416
282;40;15433
282;41;15435
282;42;15480
282;43;15499
282;44;15532
282;45;15548
282;46;15561
282;47;15562
283;1;12413
283;2;12444
283;3;12880
283;4;12901
283;5;12975
283;6;13280
283;7;13322
283;8;13777
283;9;13806
283;10;13848
283;11;13922
283;12;13973
283;13;14165
283;14;14184
283;15;14252
283;16;14266
283;17;14275
283;18;14304
283;19;14674
283;20;14724
283;21;14789
283;22;14831
283;23;14867
283;24;14879
283;25;14921
283;26;14935
283;27;14940
283;28;15270
283;29;15288
283;30;15301
283;31;15343
283;32;15381
283;33;15423
283;34;15444
283;35;15464
283;36;15485
283;37;15511
283;38;15529
283;39;15547
283;40;15548
283;41;15566
283;42;15585
284;1;10597
284;2;10991
284;3;11501
284;4;11879
284;5;11896
284;6;11898
284;7;12366
284;8;12711
284;9;13073
284;10;13565
284;11;13974
284;12;14019
284;13;14358
284;14;14371
284;15;14384
284;16;14421
284;17;14473
284;18;14559
284;19;14596
284;20;14652
284;21;14697
284;22;14708
284;23;14759
284;24;14764
284;25;14823
284;26;14847
284;27;14906
284;28;14913
284;29;14955
284;30;14957
284;31;14975
284;32;14980
284;33;14985
284;34;15357
284;35;15363
284;36;15373
284;37;15399
284;38;15425
284;39;15438
284;40;15470
284;41;15488
284;42;15494
284;43;15521
284;44;15526
284;45;15544
285;1;10735
285;2;11203
285;3;11220
285;4;11321
285;5;11386
285;6;11806
285;7;12360
285;8;12812
285;9;13188
285;10;13586
285;11;13612
285;12;13975
285;13;14067
285;14;14081
285;15;14082
285;16;14108
285;17;14140
285;18;14171
285;19;14220
285;20;14231
285;21;14273
285;22;14292
285;23;14367
285;24;14394
285;25;14410
285;26;14437
285;27;14439
285;28;14741
285;29;14783
285;30;14842
285;31;14873
285;32;15251
285;33;15316
285;34;15361
285;35;15367
285;36;15399
285;37;15404
285;38;15454
285;39;15471
285;40;15498
285;41;15510
285;42;15524
285;43;15566
285;44;15568
285;45;15585
286;1;11918
286;2;11963
286;3;11994
286;4;12339
286;5;12376
286;6;12451
286;7;12518
286;8;12767
286;9;12809
286;10;13226
286;11;13230
286;12;13281
286;13;13661
286;14;13727
286;15;14165
286;16;14519
286;17;14543
286;18;14629
286;19;14662
286;20;15015
286;21;15041
286;22;15058
286;23;15095
286;24;15103
286;25;15114
286;26;15148
286;27;15223
286;28;15243
286;29;15259
286;30;15318
286;31;15359
286;32;15371
286;33;15384
286;34;15389
286;35;15394
286;36;15420
286;37;15470
286;38;15520
286;39;15539
286;40;15552
286;41;15566
286;42;15585
287;1;9606
287;2;9665
287;3;10135
287;4;10544
287;5;10970
287;6;11249
287;7;11737
287;8;11803
287;9;12255
287;10;12260
287;11;12286
287;12;12678
287;13;12728
287;14;12749
287;15;12800
287;16;13155
287;17;13569
287;18;13737
287;19;13763
287;20;14253
287;21;14258
287;22;14386
287;23;14708
287;24;14986
287;25;15042
287;26;15076
287;27;15098
287;28;15111
287;29;15170
287;30;15232
287;31;15306
287;32;15328
287;33;15373
287;34;15386
287;35;15400
287;36;15447
287;37;15468
287;38;15487
287;39;15494
287;40;15503
287;41;15520
287;42;15525
287;43;15538
287;44;15540
287;45;15566
287;46;15585
288;1;11469
288;2;11894
288;3;12255
288;4;12274
288;5;12652
288;6;12923
288;7;13110
288;8;13145
288;9;13191
288;10;13228
288;11;13621
288;12;13640
288;13;14006
288;14;14031
288;15;14124
288;16;14477
288;17;14522
288;18;14705
288;19;14797
288;20;14835
288;21;14842
288;22;14843
288;23;14869
288;24;14921
288;25;14951
288;26;14967
288;27;15018
288;28;15059
288;29;15118
288;30;15192
288;31;15198
288;32;15228
288;33;15256
288;34;15273
288;35;15274
288;36;15300
288;37;15347
288;38;15398
288;39;15424
288;40;15429
288;41;15447
288;42;15452
288;43;15470
288;44;15489
288;45;15490
288;46;15503
288;47;15520
288;48;15561
289;1;10113
289;2;10523
289;3;10594
289;4;10636
289;5;10728
289;6;11216
289;7;11477
289;8;11952
289;9;12369
289;10;12429
289;11;12450
289;12;12501
289;13;12541
289;14;12911
289;15;13186
289;16;13566
289;17;13592
289;18;13844
289;19;13860
289;20;13931
289;21;13994
289;22;14230
289;23;14263
289;24;14264
289;25;14277
289;26;14319
289;27;14431
289;28;14444
289;29;14539
289;30;14980
289;31;15039
289;32;15104
289;33;15166
289;34;15185
289;35;15196
289;36;15247
289;37;15252
289;38;15304
289;39;15378
289;40;15402
289;41;15418
289;42;15447
289;43;15465
289;44;15470
289;45;15510
289;46;15529
289;47;15553
289;48;15566
289;49;15585
290;1;11019
290;2;11494
290;3;11536
290;4;11956
290;5;12381
290;6;12734
290;7;13165
290;8;13207
290;9;13276
290;10;13288
290;11;13314
290;12;13327
290;13;13340
290;14;13713
290;15;13974
290;16;14033
290;17;14107
290;18;14127
290;19;14348
290;20;14364
290;21;14397
290;22;14418
290;23;14492
290;24;14510
290;25;14571
290;26;14603
290;27;14637
290;28;15101
290;29;15110
290;30;15135
290;31;15156
290;32;15183
290;33;15228
290;34;15261
290;35;15308
290;36;15313
290;37;15359
290;38;15363
290;39;15382
290;40;15405
290;41;15415
290;42;15420
290;43;15434
290;44;15471
290;45;15484
290;46;15500
290;47;15502
290;48;15521
290;49;15538
290;50;15561
290;51;15585
291;1;11930
291;2;12388
291;3;12751
291;4;12816
291;5;13241
291;6;13603
291;7;13617
291;8;13703
291;9;14022
291;10;14083
291;11;14099
291;12;14162
291;13;14179
291;14;14198
291;15;14201
291;16;14257
291;17;14278
291;18;14301
291;19;14745
291;20;14810
291;21;15117
291;22;15130
291;23;15191
291;24;15207
291;25;15221
291;26;15247
291;27;15261
291;28;15269
291;29;15274
291;30;15293
291;31;15306
291;32;15312
291;33;15363
291;34;15382
291;35;15384
291;36;15416
291;37;15500
291;38;15521
291;39;15526
291;40;15544
291;41;15585
292;1;10984
292;2;10986
292;3;11416
292;4;11458
292;5;11570
292;6;11632
292;7;12124
292;8;12380
292;9;12836
292;10;13380
292;11;13848
292;12;14265
292;13;14783
292;14;14857
292;15;14874
292;16;14895
292;17;14951
292;18;14970
292;19;15003
292;20;15054
292;21;15062
292;22;15091
292;23;15150
292;24;15201
292;25;15509
292;26;15535
292;27;15536
292;28;15554
292;29;15567
292;30;15585
293;1;9727
293;2;10072
293;3;10259
293;4;10283
293;5;10796
293;6;10863
293;7;10926
293;8;10959
293;9;11054
293;10;11161
293;11;11613
293;12;12026
293;13;12051
293;14;12088
293;15;12098
293;16;12541
293;17;12958
293;18;12987
293;19;13026
293;20;13039
293;21;13053
293;22;13078
293;23;13415
293;24;13768
293;25;13795
293;26;14234
293;27;14253
293;28;14721
293;29;14807
293;30;14833
293;31;15110
293;32;15196
293;33;15254
293;34;15275
293;35;15300
293;36;15306
293;37;15324
293;38;15361
293;39;15420
293;40;15469
293;41;15493
293;42;15514
293;43;15540
293;44;15585
294;1;10833
294;2;11186
294;3;11713
294;4;12112
294;5;12135
294;6;12532
294;7;12677
294;8;12843
294;9;13223
294;10;13294
294;11;13852
294;12;13947
294;13;13986
294;14;14011
294;15;14038
294;16;14083
294;17;14125
294;18;14181
294;19;14246
294;20;14341
294;21;14437
294;22;14461
294;23;14769
294;24;14796
294;25;15042
294;26;15060
294;27;15107
294;28;15111
294;29;15118
294;30;15169
294;31;15185
294;32;15218
294;33;15268
294;34;15286
294;35;15333
294;36;15396
294;37;15438
294;38;15478
294;39;15490
294;40;15511
294;41;15528
294;42;15542
294;43;15561
295;1;11809
295;2;12097
295;3;12192
295;4;12243
295;5;12588
295;6;12625
295;7;12696
295;8;12759
295;9;12800
295;10;13222
295;11;13617
295;12;14007
295;13;14028
295;14;14071
295;15;14120
295;16;14448
295;17;14462
295;18;14467
295;19;14487
295;20;14588
295;21;14681
295;22;14682
295;23;14703
295;24;14754
295;25;14775
295;26;14804
295;27;14832
295;28;14877
295;29;14940
295;30;14955
295;31;14989
295;32;15031
295;33;15036
295;34;15039
295;35;15056
295;36;15066
295;37;15405
295;38;15428
295;39;15449
295;40;15458
295;41;15463
295;42;15481
295;43;15511
295;44;15514
295;45;15553
295;46;15562
296;1;10162
296;2;10510
296;3;10911
296;4;11416
296;5;11792
296;6;12203
296;7;12231
296;8;12626
296;9;12650
296;10;12724
296;11;12751
296;12;12837
296;13;12862
296;14;12891
296;15;12904
296;16;13329
296;17;13388
296;18;13393
296;19;13411
296;20;13927
296;21;13990
296;22;14154
296;23;14207
296;24;14246
296;25;14306
296;26;14348
296;27;14737
296;28;14806
296;29;14816
296;30;14844
296;31;14863
296;32;14888
296;33;14908
296;34;14921
296;35;14926
296;36;14927
296;37;14964
296;38;14970
296;39;15306
296;40;15333
296;41;15352
296;42;15364
296;43;15382
296;44;15403
296;45;15410
296;46;15415
296;47;15416
296;48;15475
296;49;15513
296;50;15526
296;51;15542
296;52;15561
297;1;10975
297;2;10989
297;3;11406
297;4;11423
297;5;11917
297;6;11922
297;7;12294
297;8;12369
297;9;12728
297;10;12802
297;11;12835
297;12;13180
297;13;13276
297;14;13388
297;15;13415
297;16;13466
297;17;13467
297;18;13884
297;19;14153
297;20;14172
297;21;14189
297;22;14594
297;23;14900
297;24;14942
297;25;15043
297;26;15048
297;27;15102
297;28;15141
297;29;15155
297;30;15186
297;31;15253
297;32;15288
297;33;15315
297;34;15334
297;35;15379
297;36;15406
297;37;15439
297;38;15444
297;39;15486
297;40;15499
297;41;15568
297;42;15585
298;1;10963
298;2;11015
298;3;11458
298;4;11943
298;5;12456
298;6;12487
298;7;12513
298;8;12865
298;9;13270
298;10;13648
298;11;13835
298;12;14239
298;13;14247
298;14;14292
298;15;14310
298;16;14342
298;17;14657
298;18;14673
298;19;14741
298;20;14800
298;21;14806
298;22;14824
298;23;14855
298;24;14858
298;25;14909
298;26;14951
298;27;14965
298;28;14966
298;29;14967
298;30;15029
298;31;15441
298;32;15462
298;33;15483
298;34;15501
298;35;15525
298;36;15542
298;37;15543
298;38;15561
299;1;8969
299;2;9399
299;3;9785
299;4;9859
299;5;10112
299;6;10496
299;7;10533
299;8;10562
299;9;10627
299;10;10653
299;11;11057
299;12;11567
299;13;12072
299;14;12417
299;15;12835
299;16;12843
299;17;13335
299;18;13795
299;19;14205
299;20;14297
299;21;14353
299;22;14721
299;23;14773
299;24;15190
299;25;15264
299;26;15268
299;27;15271
299;28;15282
299;29;15298
299;30;15306
299;31;15332
299;32;15350
299;33;15425
299;34;15441
299;35;15493
299;36;15498
299;37;15524
299;38;15542
299;39;15561
299;40;15568
299;41;15585
300;1;9488
300;2;9980
300;3;10450
300;4;10812
300;5;11070
300;6;11449
300;7;11486
300;8;11531
300;9;11539
300;10;11850
300;11;11945
300;12;12345
300;13;12734
300;14;12740
300;15;13181
300;16;13598
300;17;14103
300;18;14456
300;19;14507
300;20;14535
300;21;14610
300;22;14905
300;23;14937
300;24;14941
300;25;14949
300;26;14975
300;27;15006
300;28;15075
300;29;15106
300;30;15153
300;31;15180
300;32;15188
300;33;15202
300;34;15215
300;35;15220
300;36;15237
300;37;15279
300;38;15284
300;39;15303
300;40;15311
300;41;15324
300;42;15368
300;43;15387
300;44;15473
300;45;15494
300;46;15504
300;47;15521
300;48;15523
300;49;15540
300;50;15543
300;51;15561
301;1;11217
301;2;11761
301;3;12108
301;4;12203
301;5;12575
301;6;12608
301;7;12653
301;8;13091
301;9;13357
301;10;13712
301;11;13840
301;12;13899
301;13;13900
301;14;13986
301;15;14034
301;16;14096
301;17;14109
301;18;14165
301;19;14195
301;20;14608
301;21;14645
301;22;15074
301;23;15126
301;24;15152
301;25;15177
301;26;15190
301;27;15234
301;28;15276
301;29;15318
301;30;15344
301;31;15370
301;32;15383
301;33;15413
301;34;15432
301;35;15439
301;36;15458
301;37;15495
301;38;15522
301;39;15540
301;40;15553
301;41;15566
301;42;15567
301;43;15585
302;1;12033
302;2;12281
302;3;12299
302;4;12316
302;5;12428
302;6;12435
302;7;12490
302;8;12557
302;9;12966
302;10;13223
302;11;13315
302;12;13503
302;13;13511
302;14;13574
302;15;13579
302;16;13603
302;17;14002
302;18;14070
302;19;14086
302;20;14110
302;21;14140
302;22;14175
302;23;14180
302;24;14432
302;25;14498
302;26;14538
302;27;14580
302;28;14604
302;29;14635
302;30;14652
302;31;14747
302;32;14765
302;33;14812
302;34;15163
302;35;15179
302;36;15218
302;37;15220
302;38;15259
302;39;15264
302;40;15272
302;41;15284
302;42;15343
302;43;15348
302;44;15369
302;45;15388
302;46;15395
302;47;15433
302;48;15447
302;49;15498
302;50;15517
302;51;15538
302;52;15543
302;53;15585
303;1;10920
303;2;11015
303;3;11490
303;4;11894
303;5;12375
303;6;12401
303;7;12594
303;8;12646
303;9;12738
303;10;13152
303;11;13604
303;12;13632
303;13;13694
303;14;14095
303;15;14493
303;16;14537
303;17;14587
303;18;14605
303;19;14647
303;20;14675
303;21;14692
303;22;14737
303;23;14763
303;24;14784
303;25;14835
303;26;15151
303;27;15225
303;28;15270
303;29;15292
303;30;15297
303;31;15298
303;32;15304
303;33;15308
303;34;15312
303;35;15354
303;36;15370
303;37;15375
303;38;15401
303;39;15430
303;40;15443
303;41;15460
303;42;15464
303;43;15469
303;44;15511
303;45;15525
303;46;15566
303;47;15585
304;1;11757
304;2;11812
304;3;11886
304;4;12103
304;5;12483
304;6;12756
304;7;13226
304;8;13643
304;9;13648
304;10;13667
304;11;13693
304;12;14028
304;13;14405
304;14;14436
304;15;14476
304;16;14527
304;17;14537
304;18;14946
304;19;15011
304;20;15198
304;21;15211
304;22;15248
304;23;15271
304;24;15277
304;25;15293
304;26;15344
304;27;15377
304;28;15379
304;29;15384
304;30;15409
304;31;15436
304;32;15446
304;33;15450
304;34;15455
304;35;15460
304;36;15477
304;37;15504
304;38;15511
304;39;15513
304;40;15530
304;41;15536
304;42;15553
305;1;10410
305;2;10484
305;3;10489
305;4;10809
305;5;10868
305;6;10943
305;7;10960
305;8;11035
305;9;11415
305;10;11888
305;11;11983
305;12;12058
305;13;12499
305;14;12591
305;15;12944
305;16;13449
305;17;13494
305;18;13986
305;19;14388
305;20;14771
305;21;14797
305;22;15133
305;23;15153
305;24;15200
305;25;15245
305;26;15337
305;27;15367
305;28;15414
305;29;15430
305;30;15447
305;31;15459
305;32;15477
305;33;15481
305;34;15489
305;35;15515
305;36;15534
305;37;15552
305;38;15561
305;39;15585
306;1;10377
306;2;10393
306;3;10755
306;4;10820
306;5;10833
306;6;10890
306;7;11304
306;8;11318
306;9;11793
306;10;11819
306;11;11843
306;12;12239
306;13;12258
306;14;12410
306;15;12461
306;16;12972
306;17;13230
306;18;13331
306;19;13358
306;20;13814
306;21;14257
306;22;14272
306;23;14305
306;24;14313
306;25;14369
306;26;14393
306;27;14414
306;28;14418
306;29;14444
306;30;14816
306;31;15160
306;32;15165
306;33;15240
306;34;15267
306;35;15318
306;36;15332
306;37;15391
306;38;15401
306;39;15405
306;40;15410
306;41;15426
306;42;15452
306;43;15480
306;44;15497
306;45;15513
306;46;15530
306;47;15538
306;48;15553
306;49;15554
306;50;15585
307;1;9760
307;2;10180
307;3;10517
307;4;10549
307;5;10987
307;6;11000
307;7;11387
307;8;11413
307;9;11810
307;10;12262
307;11;12294
307;12;12311
307;13;12696
307;14;13069
307;15;13220
307;16;13247
307;17;13321
307;18;13342
307;19;13379
307;20;13424
307;21;13695
307;22;14020
307;23;14321
307;24;14382
307;25;14408
307;26;14876
307;27;14895
307;28;14930
307;29;14968
307;30;15024
307;31;15040
307;32;15091
307;33;15122
307;34;15191
307;35;15210
307;36;15237
307;37;15253
307;38;15258
307;39;15284
307;40;15310
307;41;15314
307;42;15351
307;43;15366
307;44;15383
307;45;15401
307;46;15414
307;47;15429
307;48;15448
307;49;15481
307;50;15507
307;51;15517
307;52;15534
307;53;15553
307;54;15562
308;1;9571
308;2;9601
308;3;10039
308;4;10350
308;5;10728
308;6;11255
308;7;11306
308;8;11367
308;9;11433
308;10;11488
308;11;11969
308;12;12481
308;13;12899
308;14;12904
308;15;13175
308;16;13191
308;17;13224
308;18;13680
308;19;13732
308;20;13751
308;21;13788
308;22;14126
308;23;14130
308;24;14573
308;25;14586
308;26;14617
308;27;14668
308;28;15106
308;29;15123
308;30;15186
308;31;15201
308;32;15234
308;33;15260
308;34;15265
308;35;15324
308;36;15355
308;37;15359
308;38;15385
308;39;15398
308;40;15400
308;41;15440
308;42;15454
308;43;15456
308;44;15462
308;45;15475
308;46;15492
308;47;15497
308;48;15510
308;49;15520
308;50;15585
309;1;10799
309;2;11143
309;3;11633
309;4;12177
309;5;12272
309;6;12414
309;7;12440
309;8;12482
309;9;12524
309;10;12576
309;11;12595
309;12;12957
309;13;13425
309;14;13520
309;15;13540
309;16;13573
309;17;13837
309;18;13843
309;19;14175
309;20;14250
309;21;14503
309;22;14553
309;23;14930
309;24;14931
309;25;14940
309;26;14946
309;27;14955
309;28;14966
309;29;15013
309;30;15114
309;31;15175
309;32;15189
309;33;15215
309;34;15216
309;35;15268
309;36;15285
309;37;15337
309;38;15341
309;39;15368
309;40;15389
309;41;15438
309;42;15475
309;43;15492
309;44;15508
309;45;15530
309;46;15549
309;47;15562
310;1;11163
310;2;11560
310;3;11602
310;4;12006
310;5;12011
310;6;12447
310;7;12885
310;8;13350
310;9;13767
310;10;14145
310;11;14513
310;12;14569
310;13;14585
310;14;14604
310;15;14654
310;16;15005
310;17;15030
310;18;15077
310;19;15097
310;20;15128
310;21;15140
310;22;15170
310;23;15212
310;24;15227
310;25;15234
310;26;15252
310;27;15261
310;28;15298
310;29;15324
310;30;15356
310;31;15369
310;32;15374
310;33;15392
310;34;15416
310;35;15434
310;36;15449
310;37;15520
310;38;15535
310;39;15561
311;1;9934
311;2;10346
311;3;10397
311;4;10865
311;5;11381
311;6;11886
311;7;11978
311;8;12401
311;9;12818
311;10;12857
311;11;13246
311;12;13321
311;13;13342
311;14;13798
311;15;14239
311;16;14265
311;17;14290
311;18;14770
311;19;14787
311;20;14798
311;21;15178
311;22;15200
311;23;15204
311;24;15208
311;25;15210
311;26;15285
311;27;15297
311;28;15344
311;29;15351
311;30;15379
311;31;15413
311;32;15432
311;33;15449
311;34;15479
311;35;15484
311;36;15504
311;37;15540
311;38;15549
311;39;15562
312;1;12307
312;2;12340
312;3;12706
312;4;13171
312;5;13176
312;6;13195
312;7;13270
312;8;13775
312;9;14133
312;10;14149
312;11;14580
312;12;14636
312;13;14668
312;14;15023
312;15;15049
312;16;15063
312;17;15066
312;18;15098
312;19;15110
312;20;15115
312;21;15132
312;22;15153
312;23;15171
312;24;15187
312;25;15210
312;26;15236
312;27;15281
312;28;15291
312;29;15317
312;30;15344
312;31;15389
312;32;15423
312;33;15441
312;34;15447
312;35;15452
312;36;15465
312;37;15484
312;38;15511
312;39;15517
312;40;15543
312;41;15562
313;1;10876
313;2;11238
313;3;11591
313;4;12063
313;5;12339
313;6;12721
313;7;12816
313;8;12832
313;9;13246
313;10;13302
313;11;13315
313;12;13378
313;13;13397
313;14;13756
313;15;14238
313;16;14256
313;17;14468
313;18;14501
313;19;14520
313;20;14572
313;21;14664
313;22;15018
313;23;15113
313;24;15139
313;25;15150
313;26;15165
313;27;15202
313;28;15221
313;29;15242
313;30;15257
313;31;15289
313;32;15351
313;33;15377
313;34;15403
313;35;15421
313;36;15426
313;37;15445
313;38;15466
313;39;15485
313;40;15494
313;41;15531
313;42;15548
313;43;15561
313;44;15562
314;1;12257
314;2;12488
314;3;12535
314;4;12540
314;5;12615
314;6;12689
314;7;12745
314;8;13258
314;9;13640
314;10;13726
314;11;13752
314;12;13781
314;13;14134
314;14;14140
314;15;14173
314;16;14220
314;17;14246
314;18;14267
314;19;14286
314;20;14583
314;21;14678
314;22;14681
314;23;14696
314;24;14712
314;25;15068
314;26;15092
314;27;15144
314;28;15203
314;29;15208
314;30;15230
314;31;15310
314;32;15322
314;33;15340
314;34;15351
314;35;15377
314;36;15440
314;37;15499
314;38;15509
314;39;15514
314;40;15530
314;41;15548
314;42;15561
315;1;11339
315;2;11440
315;3;11480
315;4;11923
315;5;12320
315;6;12728
315;7;13012
315;8;13031
315;9;13096
315;10;13099
315;11;13158
315;12;13164
315;13;13183
315;14;13710
315;15;14147
315;16;14222
315;17;14259
315;18;14280
315;19;14298
315;20;14301
315;21;14328
315;22;14373
315;23;14394
315;24;14431
315;25;14813
315;26;14826
315;27;14835
315;28;14854
315;29;14895
315;30;14904
315;31;14922
315;32;14954
315;33;14964
315;34;15301
315;35;15325
315;36;15328
315;37;15360
315;38;15419
315;39;15452
315;40;15478
315;41;15497
315;42;15548
315;43;15567
315;44;15585
316;1;11310
316;2;11366
316;3;11723
316;4;11818
316;5;11892
316;6;11898
316;7;11917
316;8;12382
316;9;12660
316;10;12692
316;11;12734
316;12;12773
316;13;12868
316;14;12929
316;15;13368
316;16;13394
316;17;13456
316;18;13465
316;19;13493
316;20;13540
316;21;13732
316;22;13759
316;23;14206
316;24;14253
316;25;14328
316;26;14336
316;27;14792
316;28;15072
316;29;15098
316;30;15116
316;31;15130
316;32;15135
316;33;15160
316;34;15211
316;35;15246
316;36;15270
316;37;15331
316;38;15338
316;39;15359
316;40;15371
316;41;15397
316;42;15418
316;43;15437
316;44;15458
316;45;15471
316;46;15474
316;47;15511
316;48;15535
316;49;15549
316;50;15566
316;51;15585
317;1;8840
317;2;9321
317;3;9690
317;4;9709
317;5;10184
317;6;10537
317;7;10915
317;8;11067
317;9;11162
317;10;11571
317;11;11826
317;12;12249
317;13;12270
317;14;12288
317;15;12351
317;16;12729
317;17;12806
317;18;12880
317;19;12930
317;20;12986
317;21;13454
317;22;13803
317;23;13840
317;24;13864
317;25;13902
317;26;13930
317;27;14251
317;28;14265
317;29;14315
317;30;14336
317;31;14383
317;32;14430
317;33;14542
317;34;14561
317;35;14897
317;36;15023
317;37;15036
317;38;15059
317;39;15084
317;40;15103
317;41;15196
317;42;15215
317;43;15274
317;44;15291
317;45;15331
317;46;15347
317;47;15367
317;48;15379
317;49;15400
317;50;15451
317;51;15493
317;52;15519
317;53;15538
317;54;15564
317;55;15585
318;1;10209
318;2;10260
318;3;10302
318;4;10797
318;5;10871
318;6;10884
318;7;10943
318;8;11274
318;9;11295
318;10;11621
318;11;11640
318;12;11678
318;13;12007
318;14;12427
318;15;12459
318;16;12480
318;17;12985
318;18;13415
318;19;13510
318;20;13875
318;21;13949
318;22;13954
318;23;13970
318;24;13998
318;25;14351
318;26;14389
318;27;14787
318;28;14801
318;29;14822
318;30;14840
318;31;14867
318;32;14893
318;33;14900
318;34;15245
318;35;15253
318;36;15277
318;37;15306
318;38;15317
318;39;15347
318;40;15359
318;41;15401
318;42;15418
318;43;15425
318;44;15458
318;45;15487
318;46;15511
318;47;15529
318;48;15534
318;49;15552
318;50;15561
318;51;15585
319;1;11784
319;2;12328
319;3;12629
319;4;12730
319;5;12752
319;6;13175
319;7;13204
319;8;13611
319;9;14063
319;10;14080
319;11;14146
319;12;14172
319;13;14511
319;14;14925
319;15;15000
319;16;15058
319;17;15076
319;18;15101
319;19;15111
319;20;15122
319;21;15146
319;22;15170
319;23;15203
319;24;15205
319;25;15240
319;26;15247
319;27;15287
319;28;15329
319;29;15348
319;30;15369
319;31;15411
319;32;15416
319;33;15434
319;34;15460
319;35;15465
319;36;15497
319;37;15513
319;38;15530
319;39;15531
319;40;15548
319;41;15564
319;42;15585
320;1;11942
320;2;12192
320;3;12259
320;4;12690
320;5;13069
320;6;13513
320;7;13540
320;8;13954
320;9;14353
320;10;14514
320;11;14570
320;12;14610
320;13;14652
320;14;14671
320;15;14713
320;16;14727
320;17;14744
320;18;14786
320;19;14791
320;20;14828
320;21;15101
320;22;15103
320;23;15105
320;24;15123
320;25;15156
320;26;15162
320;27;15171
320;28;15188
320;29;15207
320;30;15217
320;31;15240
320;32;15261
320;33;15274
320;34;15306
320;35;15340
320;36;15365
320;37;15377
320;38;15382
320;39;15424
320;40;15445
320;41;15463
320;42;15489
320;43;15494
320;44;15526
320;45;15544
320;46;15564
320;47;15568
320;48;15585
321;1;10841
321;2;11333
321;3;11747
321;4;12257
321;5;12268
321;6;12278
321;7;12341
321;8;12725
321;9;12767
321;10;12802
321;11;13193
321;12;13613
321;13;13638
321;14;13654
321;15;13701
321;16;13802
321;17;13914
321;18;14316
321;19;14363
321;20;14603
321;21;14624
321;22;14663
321;23;14695
321;24;15112
321;25;15147
321;26;15175
321;27;15240
321;28;15244
321;29;15277
321;30;15340
321;31;15347
321;32;15353
321;33;15358
321;34;15364
321;35;15387
321;36;15400
321;37;15445
321;38;15455
321;39;15479
321;40;15496
321;41;15552
321;42;15564
321;43;15585
322;1;10507
322;2;10525
322;3;10570
322;4;11062
322;5;11488
322;6;11493
322;7;11552
322;8;11566
322;9;11983
322;10;12015
322;11;12456
322;12;12472
322;13;12783
322;14;12834
322;15;13179
322;16;13211
322;17;13323
322;18;13382
322;19;13385
322;20;13690
322;21;13819
322;22;13926
322;23;13942
322;24;13949
322;25;13962
322;26;14122
322;27;14130
322;28;14189
322;29;14198
322;30;14269
322;31;14311
322;32;14360
322;33;14742
322;34;14822
322;35;14869
322;36;14944
322;37;15148
322;38;15153
322;39;15162
322;40;15183
322;41;15220
322;42;15227
322;43;15253
322;44;15278
322;45;15302
322;46;15334
322;47;15409
322;48;15434
322;49;15451
322;50;15478
322;51;15491
322;52;15517
322;53;15536
322;54;15543
322;55;15562
323;1;13124
323;2;13183
323;3;13543
323;4;13618
323;5;13658
323;6;13970
323;7;13993
323;8;14026
323;9;14047
323;10;14112
323;11;14119
323;12;14214
323;13;14315
323;14;14568
323;15;14586
323;16;14861
323;17;14948
323;18;14973
323;19;15013
323;20;15058
323;21;15065
323;22;15093
323;23;15106
323;24;15120
323;25;15139
323;26;15187
323;27;15199
323;28;15209
323;29;15240
323;30;15271
323;31;15299
323;32;15316
323;33;15383
323;34;15408
323;35;15435
323;36;15445
323;37;15455
323;38;15486
323;39;15553
324;1;10351
324;2;10768
324;3;10810
324;4;11251
324;5;11284
324;6;11647
324;7;11834
324;8;12264
324;9;12714
324;10;12752
324;11;12781
324;12;13246
324;13;13439
324;14;13944
324;15;14056
324;16;14083
324;17;14090
324;18;14580
324;19;14618
324;20;14656
324;21;14768
324;22;15236
324;23;15249
324;24;15299
324;25;15328
324;26;15346
324;27;15375
324;28;15400
324;29;15445
324;30;15478
324;31;15482
324;32;15491
324;33;15508
324;34;15521
324;35;15525
324;36;15540
324;37;15553
325;1;11407
325;2;11917
325;3;11942
325;4;12009
325;5;12388
325;6;12741
325;7;12816
325;8;13225
325;9;13562
325;10;14103
325;11;14130
325;12;14177
325;13;14248
325;14;14281
325;15;14286
325;16;14347
325;17;14379
325;18;14609
325;19;14628
325;20;14670
325;21;14684
325;22;14734
325;23;14749
325;24;15065
325;25;15097
325;26;15103
325;27;15130
325;28;15141
325;29;15160
325;30;15184
325;31;15188
325;32;15197
325;33;15210
325;34;15285
325;35;15291
325;36;15309
325;37;15310
325;38;15327
325;39;15330
325;40;15361
325;41;15387
325;42;15400
325;43;15416
325;44;15435
325;45;15452
325;46;15479
325;47;15505
325;48;15524
325;49;15561
325;50;15566
325;51;15585
326;1;10956
326;2;11429
326;3;11782
326;4;11799
326;5;11846
326;6;12430
326;7;12449
326;8;12467
326;9;12829
326;10;12842
326;11;13383
326;12;13767
326;13;13860
326;14;13867
326;15;13870
326;16;13881
326;17;13921
326;18;13953
326;19;14356
326;20;14417
326;21;14832
326;22;14858
326;23;14911
326;24;14921
326;25;14928
326;26;15250
326;27;15315
326;28;15331
326;29;15344
326;30;15350
326;31;15352
326;32;15380
326;33;15406
326;34;15427
326;35;15432
326;36;15449
326;37;15465
326;38;15466
326;39;15483
326;40;15496
326;41;15497
326;42;15502
326;43;15520
326;44;15528
326;45;15530
326;46;15535
326;47;15561
326;48;15562
327;1;12220
327;2;12251
327;3;12718
327;4;12751
327;5;13104
327;6;13560
327;7;13577
327;8;13651
327;9;14010
327;10;14016
327;11;14557
327;12;14649
327;13;14993
327;14;15047
327;15;15142
327;16;15201
327;17;15202
327;18;15229
327;19;15251
327;20;15258
327;21;15295
327;22;15311
327;23;15324
327;24;15351
327;25;15356
327;26;15401
327;27;15419
327;28;15427
327;29;15441
327;30;15450
327;31;15467
327;32;15493
327;33;15498
327;34;15523
327;35;15540
327;36;15553
327;37;15562
328;1;9272
328;2;9760
328;3;9852
328;4;10290
328;5;10297
328;6;10824
328;7;11250
328;8;11594
328;9;11669
328;10;11688
328;11;11754
328;12;11805
328;13;12173
328;14;12530
328;15;12715
328;16;12728
328;17;12880
328;18;12942
328;19;13293
328;20;13339
328;21;13364
328;22;13400
328;23;13419
328;24;13449
328;25;13561
328;26;13603
328;27;14020
328;28;14049
328;29;14489
328;30;14494
328;31;14796
328;32;14822
328;33;14843
328;34;14858
328;35;14876
328;36;14893
328;37;14967
328;38;15028
328;39;15032
328;40;15065
328;41;15078
328;42;15098
328;43;15119
328;44;15138
328;45;15156
328;46;15169
328;47;15448
328;48;15458
328;49;15472
328;50;15499
328;51;15511
328;52;15513
328;53;15530
328;54;15540
328;55;15553
328;56;15566
328;57;15572
328;58;15585
329;1;12014
329;2;12519
329;3;12542
329;4;12617
329;5;13158
329;6;13572
329;7;13598
329;8;13691
329;9;13792
329;10;13821
329;11;13847
329;12;14214
329;13;14240
329;14;14604
329;15;14637
329;16;14679
329;17;14686
329;18;15056
329;19;15086
329;20;15122
329;21;15170
329;22;15196
329;23;15214
329;24;15273
329;25;15279
329;26;15305
329;27;15337
329;28;15356
329;29;15357
329;30;15394
329;31;15407
329;32;15417
329;33;15440
329;34;15461
329;35;15487
329;36;15521
329;37;15538
329;38;15543
329;39;15585
330;1;10121
330;2;10435
330;3;10858
330;4;10883
330;5;10892
330;6;10932
330;7;10941
330;8;10946
330;9;11038
330;10;11075
330;11;11567
330;12;11731
330;13;12139
330;14;12165
330;15;12585
330;16;12610
330;17;12797
330;18;12856
330;19;12882
330;20;13255
330;21;13271
330;22;13297
330;23;13348
330;24;13682
330;25;13688
330;26;13955
330;27;13992
330;28;14099
330;29;14148
330;30;14188
330;31;14265
330;32;14674
330;33;14703
330;34;14724
330;35;14746
330;36;14778
330;37;14803
330;38;14838
330;39;14950
330;40;14951
330;41;14969
330;42;14995
330;43;15028
330;44;15059
330;45;15085
330;46;15111
330;47;15128
330;48;15140
330;49;15157
330;50;15171
330;51;15189
330;52;15208
330;53;15232
330;54;15520
330;55;15543
330;56;15585
331;1;10588
331;2;11018
331;3;11492
331;4;11803
331;5;11824
331;6;12275
331;7;12719
331;8;12794
331;9;13301
331;10;13627
331;11;13678
331;12;13694
331;13;13713
331;14;13808
331;15;13820
331;16;13845
331;17;13895
331;18;14138
331;19;14164
331;20;14239
331;21;14682
331;22;15150
331;23;15155
331;24;15166
331;25;15177
331;26;15187
331;27;15201
331;28;15218
331;29;15260
331;30;15297
331;31;15306
331;32;15325
331;33;15342
331;34;15405
331;35;15442
331;36;15447
331;37;15458
331;38;15466
331;39;15484
331;40;15497
331;41;15511
331;42;15526
331;43;15527
331;44;15544
332;1;10606
332;2;11074
332;3;11514
332;4;11578
332;5;12008
332;6;12375
332;7;12446
332;8;12914
332;9;13190
332;10;13302
332;11;13718
332;12;13734
332;13;13742
332;14;13775
332;15;14128
332;16;14143
332;17;14549
332;18;14581
332;19;14656
332;20;14680
332;21;15087
332;22;15123
332;23;15170
332;24;15240
332;25;15272
332;26;15277
332;27;15314
332;28;15361
332;29;15378
332;30;15403
332;31;15413
332;32;15418
332;33;15444
332;34;15476
332;35;15492
332;36;15518
332;37;15549
332;38;15568
332;39;15585
333;1;10103
333;2;10129
333;3;10550
333;4;10560
333;5;10622
333;6;10696
333;7;11061
333;8;11082
333;9;11127
333;10;11506
333;11;11903
333;12;12329
333;13;12421
333;14;12766
333;15;12785
333;16;13180
333;17;13181
333;18;13195
333;19;13661
333;20;13696
333;21;14161
333;22;14380
333;23;14828
333;24;14875
333;25;14884
333;26;14895
333;27;14922
333;28;14948
333;29;14987
333;30;15038
333;31;15057
333;32;15099
333;33;15105
333;34;15116
333;35;15158
333;36;15205
333;37;15280
333;38;15301
333;39;15317
333;40;15345
333;41;15353
333;42;15395
333;43;15410
333;44;15436
333;45;15457
333;46;15470
333;47;15533
333;48;15535
333;49;15554
333;50;15568
333;51;15585
334;1;10614
334;2;10936
334;3;11377
334;4;11753
334;5;11780
334;6;11807
334;7;11882
334;8;12350
334;9;12743
334;10;12802
334;11;13241
334;12;13353
334;13;13427
334;14;13467
334;15;13528
334;16;13544
334;17;14014
334;18;14020
334;19;14338
334;20;14412
334;21;14471
334;22;14645
334;23;14720
334;24;14730
334;25;14804
334;26;15210
334;27;15224
334;28;15251
334;29;15316
334;30;15337
334;31;15350
334;32;15351
334;33;15382
334;34;15396
334;35;15439
334;36;15465
334;37;15471
334;38;15484
334;39;15502
334;40;15504
334;41;15517
334;42;15549
334;43;15566
334;44;15585
335;1;11318
335;2;11622
335;3;11753
335;4;11801
335;5;11852
335;6;12220
335;7;12522
335;8;12578
335;9;12671
335;10;13091
335;11;13177
335;12;13637
335;13;13712
335;14;13804
335;15;14185
335;16;14194
335;17;14220
335;18;14249
335;19;14702
335;20;14713
335;21;14718
335;22;14736
335;23;14746
335;24;15192
335;25;15213
335;26;15237
335;27;15254
335;28;15305
335;29;15336
335;30;15359
335;31;15410
335;32;15443
335;33;15450
335;34;15485
335;35;15496
335;36;15513
335;37;15526
335;38;15572
335;39;15585
336;1;9921
336;2;10300
336;3;10395
336;4;10875
336;5;11127
336;6;11568
336;7;11801
336;8;11843
336;9;12197
336;10;12271
336;11;12696
336;12;13184
336;13;13659
336;14;13751
336;15;14112
336;16;14136
336;17;14201
336;18;14260
336;19;14535
336;20;14894
336;21;14897
336;22;14990
336;23;15011
336;24;15023
336;25;15115
336;26;15190
336;27;15235
336;28;15266
336;29;15317
336;30;15329
336;31;15348
336;32;15374
336;33;15379
336;34;15419
336;35;15435
336;36;15437
336;37;15487
336;38;15511
336;39;15525
336;40;15544
337;1;11913
337;2;12294
337;3;12299
337;4;12678
337;5;12711
337;6;13054
337;7;13096
337;8;13548
337;9;13576
337;10;13602
337;11;13665
337;12;13702
337;13;13732
337;14;13900
337;15;13913
337;16;14029
337;17;14124
337;18;14439
337;19;14465
337;20;14782
337;21;14787
337;22;14807
337;23;14825
337;24;14877
337;25;14894
337;26;14950
337;27;15037
337;28;15083
337;29;15125
337;30;15133
337;31;15146
337;32;15217
337;33;15247
337;34;15266
337;35;15307
337;36;15333
337;37;15337
337;38;15341
337;39;15354
337;40;15357
337;41;15381
337;42;15440
337;43;15461
337;44;15474
337;45;15491
337;46;15517
337;47;15524
337;48;15543
337;49;15585
338;1;10033
338;2;10107
338;3;10582
338;4;10600
338;5;11017
338;6;11466
338;7;11819
338;8;12181
338;9;12202
338;10;12219
338;11;12285
338;12;12344
338;13;12814
338;14;12847
338;15;12877
338;16;12938
338;17;13368
338;18;13705
338;19;13717
338;20;13773
338;21;14265
338;22;14307
338;23;14602
338;24;14621
338;25;14710
338;26;15053
338;27;15100
338;28;15135
338;29;15177
338;30;15214
338;31;15224
338;32;15229
338;33;15247
338;34;15252
338;35;15277
338;36;15294
338;37;15380
338;38;15388
338;39;15389
338;40;15434
338;41;15465
338;42;15477
338;43;15498
338;44;15524
338;45;15543
338;46;15585
339;1;9557
339;2;9658
339;3;10075
339;4;10117
339;5;10148
339;6;10586
339;7;10874
339;8;10939
339;9;11407
339;10;11824
339;11;12245
339;12;12735
339;13;13088
339;14;13163
339;15;13193
339;16;13520
339;17;13547
339;18;13946
339;19;14020
339;20;14027
339;21;14069
339;22;14073
339;23;14080
339;24;14101
339;25;14685
339;26;15062
339;27;15080
339;28;15113
339;29;15129
339;30;15147
339;31;15168
339;32;15194
339;33;15204
339;34;15236
339;35;15241
339;36;15251
339;37;15291
339;38;15320
339;39;15360
339;40;15376
339;41;15407
339;42;15412
339;43;15418
339;44;15427
339;45;15444
339;46;15457
339;47;15476
339;48;15492
339;49;15510
339;50;15529
339;51;15562
340;1;11614
340;2;12023
340;3;12042
340;4;12084
340;5;12463
340;6;12476
340;7;12507
340;8;12513
340;9;13002
340;10;13320
340;11;13825
340;12;13867
340;13;13870
340;14;14215
340;15;14262
340;16;14281
340;17;14733
340;18;14763
340;19;14810
340;20;15129
340;21;15198
340;22;15220
340;23;15251
340;24;15267
340;25;15294
340;26;15300
340;27;15326
340;28;15354
340;29;15369
340;30;15411
340;31;15427
340;32;15430
340;33;15435
340;34;15453
340;35;15469
340;36;15488
340;37;15493
340;38;15499
340;39;15585
341;1;11487
341;2;11573
341;3;11648
341;4;12011
341;5;12364
341;6;12390
341;7;12411
341;8;12448
341;9;12485
341;10;12899
341;11;13294
341;12;13310
341;13;13641
341;14;13646
341;15;13688
341;16;13713
341;17;13746
341;18;14126
341;19;14479
341;20;14522
341;21;14532
341;22;14822
341;23;14885
341;24;14911
341;25;14962
341;26;15002
341;27;15076
341;28;15200
341;29;15201
341;30;15220
341;31;15257
341;32;15273
341;33;15285
341;34;15315
341;35;15332
341;36;15358
341;37;15363
341;38;15368
341;39;15393
341;40;15398
341;41;15412
341;42;15425
341;43;15444
341;44;15446
341;45;15483
341;46;15488
341;47;15507
341;48;15520
341;49;15561
341;50;15562
342;1;10148
342;2;10527
342;3;10998
342;4;11418
342;5;11762
342;6;12303
342;7;12741
342;8;12792
342;9;12979
342;10;12995
342;11;13040
342;12;13087
342;13;13510
342;14;13804
342;15;13890
342;16;14395
342;17;14772
342;18;14788
342;19;14814
342;20;14859
342;21;15128
342;22;15179
342;23;15197
342;24;15206
342;25;15232
342;26;15243
342;27;15260
342;28;15297
342;29;15310
342;30;15318
342;31;15336
342;32;15357
342;33;15360
342;34;15364
342;35;15369
342;36;15386
342;37;15407
342;38;15408
342;39;15434
342;40;15444
342;41;15465
342;42;15468
342;43;15479
342;44;15493
342;45;15512
342;46;15520
342;47;15538
342;48;15540
342;49;15585
343;1;9465
343;2;9810
343;3;10260
343;4;10323
343;5;10727
343;6;10757
343;7;11170
343;8;11197
343;9;11667
343;10;11684
343;11;11740
343;12;12245
343;13;12281
343;14;12695
343;15;13048
343;16;13394
343;17;13445
343;18;13457
343;19;13487
343;20;13841
343;21;14292
343;22;14318
343;23;14331
343;24;14647
343;25;14673
343;26;15051
343;27;15137
343;28;15140
343;29;15191
343;30;15203
343;31;15220
343;32;15239
343;33;15264
343;34;15266
343;35;15298
343;36;15345
343;37;15346
343;38;15349
343;39;15380
343;40;15399
343;41;15414
343;42;15432
343;43;15459
343;44;15485
343;45;15494
343;46;15511
343;47;15512
343;48;15524
343;49;15543
343;50;15564
343;51;15585
344;1;11256
344;2;11673
344;3;11724
344;4;12199
344;5;12561
344;6;12613
344;7;12672
344;8;13115
344;9;13540
344;10;14056
344;11;14060
344;12;14071
344;13;14146
344;14;14424
344;15;14483
344;16;14640
344;17;14666
344;18;15077
344;19;15093
344;20;15126
344;21;15128
344;22;15137
344;23;15180
344;24;15196
344;25;15220
344;26;15226
344;27;15285
344;28;15294
344;29;15336
344;30;15349
344;31;15394
344;32;15420
344;33;15451
344;34;15464
344;35;15496
344;36;15529
344;37;15548
344;38;15585
345;1;10429
345;2;10904
345;3;10915
345;4;10965
345;5;11152
345;6;11547
345;7;11592
345;8;11971
345;9;12003
345;10;12508
345;11;12840
345;12;12873
345;13;12901
345;14;12966
345;15;12993
345;16;13307
345;17;13408
345;18;13425
345;19;13467
345;20;13472
345;21;13491
345;22;13510
345;23;13557
345;24;13652
345;25;13673
345;26;14087
345;27;14413
345;28;14430
345;29;14438
345;30;14788
345;31;14835
345;32;14853
345;33;14862
345;34;14899
345;35;14921
345;36;14933
345;37;14946
345;38;14963
345;39;15024
345;40;15408
345;41;15441
345;42;15461
345;43;15466
345;44;15468
345;45;15484
345;46;15497
345;47;15520
345;48;15544
345;49;15585
346;1;10198
346;2;10739
346;3;10766
346;4;11205
346;5;11231
346;6;11699
346;7;12108
346;8;12546
346;9;12796
346;10;12845
346;11;12997
346;12;13023
346;13;13368
346;14;13649
346;15;13688
346;16;13774
346;17;13782
346;18;14088
346;19;14144
346;20;14181
346;21;14611
346;22;14703
346;23;14705
346;24;14721
346;25;14737
346;26;15154
346;27;15174
346;28;15212
346;29;15238
346;30;15313
346;31;15365
346;32;15370
346;33;15379
346;34;15384
346;35;15426
346;36;15443
346;37;15457
346;38;15473
346;39;15483
346;40;15497
346;41;15516
346;42;15522
346;43;15535
346;44;15552
346;45;15566
346;46;15585
347;1;10612
347;2;11064
347;3;11443
347;4;11956
347;5;12370
347;6;12838
347;7;13099
347;8;13185
347;9;13228
347;10;13247
347;11;13260
347;12;13301
347;13;13325
347;14;13570
347;15;13633
347;16;13708
347;17;13988
347;18;14006
347;19;14058
347;20;14526
347;21;14612
347;22;14668
347;23;14970
347;24;15017
347;25;15038
347;26;15080
347;27;15121
347;28;15142
347;29;15182
347;30;15212
347;31;15218
347;32;15224
347;33;15255
347;34;15272
347;35;15311
347;36;15324
347;37;15351
347;38;15368
347;39;15394
347;40;15400
347;41;15451
347;42;15472
347;43;15491
347;44;15538
347;45;15543
347;46;15561
348;1;7921
348;2;8377
348;3;8662
348;4;9137
348;5;9503
348;6;9554
348;7;9580
348;8;9666
348;9;10011
348;10;10038
348;11;10396
348;12;10688
348;13;10693
348;14;11209
348;15;11793
348;16;12169
348;17;12244
348;18;12339
348;19;12820
348;20;12841
348;21;13275
348;22;13763
348;23;13875
348;24;13907
348;25;13963
348;26;13965
348;27;14143
348;28;14536
348;29;14578
348;30;14673
348;31;14740
348;32;14770
348;33;14856
348;34;14860
348;35;14921
348;36;14958
348;37;14983
348;38;14991
348;39;15028
348;40;15031
348;41;15036
348;42;15055
348;43;15068
348;44;15085
348;45;15103
348;46;15520
348;47;15561
348;48;15562
349;1;11732
349;2;11798
349;3;12202
349;4;12277
349;5;12757
349;6;13238
349;7;13277
349;8;13389
349;9;13905
349;10;13933
349;11;13954
349;12;13986
349;13;14416
349;14;14435
349;15;14878
349;16;15274
349;17;15316
349;18;15347
349;19;15366
349;20;15371
349;21;15408
349;22;15425
349;23;15439
349;24;15443
349;25;15462
349;26;15466
349;27;15490
349;28;15508
349;29;15521
349;30;15538
349;31;15545
349;32;15562
350;1;9023
350;2;9073
350;3;9482
350;4;9548
350;5;9577
350;6;9652
350;7;9694
350;8;9780
350;9;10139
350;10;10595
350;11;11179
350;12;11201
350;13;11605
350;14;12057
350;15;12116
350;16;12531
350;17;12972
350;18;12980
350;19;13423
350;20;13442
350;21;13446
350;22;13850
350;23;13892
350;24;14344
350;25;14365
350;26;14750
350;27;14801
350;28;14831
350;29;15086
350;30;15135
350;31;15259
350;32;15264
350;33;15275
350;34;15292
350;35;15301
350;36;15343
350;37;15348
350;38;15366
350;39;15406
350;40;15429
350;41;15456
350;42;15475
350;43;15489
350;44;15508
350;45;15521
350;46;15562
351;1;10963
351;2;11413
351;3;11450
351;4;11920
351;5;11941
351;6;12235
351;7;12254
351;8;12641
351;9;12667
351;10;12955
351;11;13298
351;12;13372
351;13;13377
351;14;13709
351;15;13742
351;16;13805
351;17;13830
351;18;14223
351;19;14624
351;20;14645
351;21;14678
351;22;14688
351;23;14702
351;24;14721
351;25;14746
351;26;14747
351;27;14766
351;28;14795
351;29;14840
351;30;14841
351;31;14855
351;32;14865
351;33;14915
351;34;14936
351;35;14987
351;36;14992
351;37;14993
351;38;15043
351;39;15070
351;40;15075
351;41;15101
351;42;15127
351;43;15146
351;44;15187
351;45;15199
351;46;15213
351;47;15232
351;48;15543
351;49;15554
351;50;15564
351;51;15585
352;1;12897
352;2;12989
352;3;13008
352;4;13036
352;5;13390
352;6;13794
352;7;13841
352;8;13899
352;9;13969
352;10;13974
352;11;14195
352;12;14254
352;13;14280
352;14;14301
352;15;14305
352;16;14366
352;17;14403
352;18;14416
352;19;14463
352;20;14484
352;21;14944
352;22;14970
352;23;14983
352;24;14987
352;25;15000
352;26;15016
352;27;15017
352;28;15068
352;29;15073
352;30;15074
352;31;15105
352;32;15124
352;33;15147
352;34;15553
352;35;15562
353;1;11510
353;2;12015
353;3;12086
353;4;12431
353;5;12456
353;6;12818
353;7;13217
353;8;13626
353;9;13701
353;10;13767
353;11;14201
353;12;14580
353;13;14639
353;14;14677
353;15;14966
353;16;14996
353;17;15091
353;18;15122
353;19;15168
353;20;15174
353;21;15237
353;22;15240
353;23;15249
353;24;15288
353;25;15311
353;26;15336
353;27;15360
353;28;15392
353;29;15419
353;30;15427
353;31;15453
353;32;15464
353;33;15510
353;34;15548
353;35;15572
353;36;15585
354;1;11634
354;2;11709
354;3;11801
354;4;11913
354;5;12210
354;6;12627
354;7;12693
354;8;13192
354;9;13635
354;10;13654
354;11;14159
354;12;14185
354;13;14647
354;14;14673
354;15;14992
354;16;15006
354;17;15101
354;18;15196
354;19;15228
354;20;15265
354;21;15327
354;22;15386
354;23;15417
354;24;15441
354;25;15460
354;26;15472
354;27;15490
354;28;15492
354;29;15511
354;30;15512
354;31;15543
354;32;15585
355;1;11305
355;2;11605
355;3;11667
355;4;12140
355;5;12493
355;6;12873
355;7;12892
355;8;13309
355;9;13384
355;10;13747
355;11;13789
355;12;13814
355;13;13856
355;14;13873
355;15;13886
355;16;13961
355;17;14267
355;18;14297
355;19;14881
355;20;15305
355;21;15324
355;22;15335
355;23;15368
355;24;15369
355;25;15387
355;26;15403
355;27;15420
355;28;15460
355;29;15470
355;30;15503
355;31;15508
355;32;15525
355;33;15551
355;34;15554
355;35;15567
355;36;15585
356;1;10193
356;2;10627
356;3;10814
356;4;11304
356;5;11404
356;6;11446
356;7;11502
356;8;11983
356;9;12011
356;10;12295
356;11;12390
356;12;12813
356;13;13158
356;14;13185
356;15;13493
356;16;13522
356;17;13527
356;18;13644
356;19;13998
356;20;14043
356;21;14060
356;22;14090
356;23;14104
356;24;14146
356;25;14197
356;26;14535
356;27;14628
356;28;14691
356;29;14709
356;30;14754
356;31;14780
356;32;14801
356;33;14940
356;34;14966
356;35;14969
356;36;15040
356;37;15063
356;38;15073
356;39;15075
356;40;15108
356;41;15153
356;42;15159
356;43;15201
356;44;15218
356;45;15224
356;46;15250
356;47;15263
356;48;15268
356;49;15300
356;50;15337
356;51;15356
356;52;15418
356;53;15435
356;54;15452
356;55;15468
356;56;15494
356;57;15501
356;58;15515
356;59;15520
356;60;15538
356;61;15545
356;62;15562
357;1;11029
357;2;11074
357;3;11427
357;4;11870
357;5;11941
357;6;12340
357;7;12399
357;8;12426
357;9;12843
357;10;13183
357;11;13421
357;12;13522
357;13;13550
357;14;13929
357;15;13950
357;16;13976
357;17;14352
357;18;14402
357;19;14447
357;20;14634
357;21;14658
357;22;14717
357;23;14791
357;24;14807
357;25;14812
357;26;14826
357;27;15143
357;28;15148
357;29;15199
357;30;15218
357;31;15260
357;32;15319
357;33;15337
357;34;15381
357;35;15394
357;36;15404
357;37;15439
357;38;15463
357;39;15488
357;40;15504
357;41;15536
357;42;15554
357;43;15585
358;1;9611
358;2;9974
358;3;10492
358;4;10584
358;5;10978
358;6;11037
358;7;11498
358;8;11525
358;9;11600
358;10;12105
358;11;12118
358;12;12125
358;13;12415
358;14;12461
358;15;12486
358;16;12885
358;17;13237
358;18;13680
358;19;13721
358;20;14033
358;21;14456
358;22;14557
358;23;14559
358;24;14588
358;25;15080
358;26;15093
358;27;15107
358;28;15117
358;29;15127
358;30;15140
358;31;15149
358;32;15177
358;33;15196
358;34;15227
358;35;15229
358;36;15255
358;37;15273
358;38;15335
358;39;15377
358;40;15396
358;41;15429
358;42;15452
358;43;15465
358;44;15495
358;45;15512
358;46;15534
358;47;15553
358;48;15562
359;1;8937
359;2;9427
359;3;9443
359;4;9451
359;5;9868
359;6;10135
359;7;10449
359;8;10542
359;9;10941
359;10;10977
359;11;10994
359;12;11297
359;13;11359
359;14;11452
359;15;11777
359;16;11791
359;17;12243
359;18;12329
359;19;12767
359;20;12773
359;21;13092
359;22;13139
359;23;13168
359;24;13639
359;25;13992
359;26;14087
359;27;14103
359;28;14195
359;29;14225
359;30;14285
359;31;14306
359;32;14551
359;33;14556
359;34;14569
359;35;14595
359;36;14658
359;37;14697
359;38;14704
359;39;14715
359;40;14753
359;41;14812
359;42;14830
359;43;15241
359;44;15257
359;45;15309
359;46;15322
359;47;15423
359;48;15482
359;49;15501
359;50;15509
359;51;15540
359;52;15553
359;53;15566
359;54;15585
360;1;8779
360;2;9231
360;3;9631
360;4;9976
360;5;10051
360;6;10414
360;7;10818
360;8;11204
360;9;11316
360;10;11629
360;11;11721
360;12;12048
360;13;12080
360;14;12108
360;15;12152
360;16;12202
360;17;12704
360;18;12912
360;19;12917
360;20;12936
360;21;13426
360;22;13454
360;23;13609
360;24;13635
360;25;13691
360;26;14026
360;27;14033
360;28;14107
360;29;14125
360;30;14217
360;31;14249
360;32;14335
360;33;14362
360;34;14747
360;35;14814
360;36;14889
360;37;14904
360;38;15321
360;39;15331
360;40;15360
360;41;15379
360;42;15397
360;43;15418
360;44;15429
360;45;15448
360;46;15453
360;47;15512
360;48;15520
360;49;15538
360;50;15553
360;51;15585
361;1;10342
361;2;10869
361;3;10911
361;4;11355
361;5;11447
361;6;11466
361;7;11525
361;8;12038
361;9;12457
361;10;12822
361;11;13310
361;12;13723
361;13;13761
361;14;13779
361;15;13874
361;16;14206
361;17;14232
361;18;14259
361;19;14764
361;20;15156
361;21;15213
361;22;15242
361;23;15253
361;24;15269
361;25;15278
361;26;15320
361;27;15365
361;28;15392
361;29;15401
361;30;15404
361;31;15413
361;32;15427
361;33;15448
361;34;15493
361;35;15530
361;36;15538
361;37;15553
361;38;15566
361;39;15567
361;40;15568
361;41;15585
362;1;11599
362;2;12025
362;3;12493
362;4;12892
362;5;13254
362;6;13329
362;7;13785
362;8;14247
362;9;14303
362;10;14328
362;11;14423
362;12;14685
362;13;14722
362;14;14769
362;15;14814
362;16;15147
362;17;15222
362;18;15239
362;19;15265
362;20;15288
362;21;15317
362;22;15319
362;23;15370
362;24;15394
362;25;15420
362;26;15422
362;27;15440
362;28;15453
362;29;15490
362;30;15503
362;31;15540
362;32;15553
362;33;15562
363;1;10620
363;2;10657
363;3;10975
363;4;11519
363;5;11988
363;6;12063
363;7;12515
363;8;12540
363;9;12611
363;10;12916
363;11;12961
363;12;13207
363;13;13223
363;14;13250
363;15;13265
363;16;13570
363;17;13682
363;18;13737
363;19;13756
363;20;13803
363;21;13832
363;22;14234
363;23;14329
363;24;14334
363;25;14518
363;26;14569
363;27;14698
363;28;14722
363;29;14738
363;30;15128
363;31;15190
363;32;15216
363;33;15218
363;34;15220
363;35;15235
363;36;15261
363;37;15310
363;38;15327
363;39;15364
363;40;15383
363;41;15388
363;42;15392
363;43;15410
363;44;15411
363;45;15424
363;46;15430
363;47;15467
363;48;15472
363;49;15487
363;50;15543
363;51;15561
364;1;10121
364;2;10665
364;3;11049
364;4;11411
364;5;11846
364;6;12334
364;7;12712
364;8;12786
364;9;13259
364;10;13262
364;11;13304
364;12;13760
364;13;13771
364;14;14108
364;15;14202
364;16;14619
364;17;14655
364;18;14673
364;19;14961
364;20;14968
364;21;15013
364;22;15019
364;23;15040
364;24;15057
364;25;15083
364;26;15146
364;27;15164
364;28;15165
364;29;15176
364;30;15235
364;31;15270
364;32;15277
364;33;15307
364;34;15325
364;35;15352
364;36;15360
364;37;15381
364;38;15423
364;39;15444
364;40;15463
364;41;15514
364;42;15530
364;43;15562
365;1;11960
365;2;12425
365;3;12499
365;4;12775
365;5;12868
365;6;13360
365;7;13572
365;8;13866
365;9;13917
365;10;14012
365;11;14061
365;12;14087
365;13;14116
365;14;14153
365;15;14469
365;16;14502
365;17;14506
365;18;14545
365;19;14564
365;20;14615
365;21;14963
365;22;14968
365;23;14993
365;24;15038
365;25;15109
365;26;15134
365;27;15146
365;28;15162
365;29;15165
365;30;15191
365;31;15196
365;32;15247
365;33;15274
365;34;15286
365;35;15289
365;36;15354
365;37;15381
365;38;15391
365;39;15417
365;40;15436
365;41;15463
365;42;15482
365;43;15502
365;44;15515
365;45;15517
365;46;15549
365;47;15566
365;48;15572
365;49;15585
366;1;11534
366;2;11566
366;3;11658
366;4;12084
366;5;12510
366;6;12571
366;7;12588
366;8;13029
366;9;13035
366;10;13061
366;11;13080
366;12;13085
366;13;13127
366;14;13130
366;15;13177
366;16;13230
366;17;13246
366;18;13264
366;19;13301
366;20;13330
366;21;13346
366;22;13769
366;23;14095
366;24;14112
366;25;14164
366;26;14178
366;27;14559
366;28;14585
366;29;14603
366;30;14622
366;31;14635
366;32;15040
366;33;15100
366;34;15126
366;35;15131
366;36;15155
366;37;15162
366;38;15175
366;39;15226
366;40;15268
366;41;15287
366;42;15338
366;43;15354
366;44;15361
366;45;15401
366;46;15406
366;47;15416
366;48;15435
366;49;15440
366;50;15448
366;51;15466
366;52;15508
366;53;15525
366;54;15544
366;55;15585
367;1;10459
367;2;10486
367;3;10533
367;4;10953
367;5;11232
367;6;11724
367;7;11761
367;8;12226
367;9;12623
367;10;13136
367;11;13602
367;12;13663
367;13;13755
367;14;14130
367;15;14167
367;16;14652
367;17;14681
367;18;14718
367;19;14813
367;20;14815
367;21;14832
367;22;15220
367;23;15226
367;24;15228
367;25;15243
367;26;15282
367;27;15374
367;28;15399
367;29;15406
367;30;15448
367;31;15465
367;32;15469
367;33;15495
367;34;15521
367;35;15539
367;36;15552
367;37;15568
367;38;15585
368;1;10148
368;2;10535
368;3;10865
368;4;10897
368;5;11464
368;6;11481
368;7;11816
368;8;12095
368;9;12515
368;10;13033
368;11;13067
368;12;13141
368;13;13174
368;14;13201
368;15;13473
368;16;13479
368;17;13496
368;18;13521
368;19;13596
368;20;14061
368;21;14073
368;22;14427
368;23;14466
368;24;14505
368;25;14597
368;26;14914
368;27;14938
368;28;15009
368;29;15039
368;30;15086
368;31;15145
368;32;15160
368;33;15213
368;34;15229
368;35;15232
368;36;15261
368;37;15275
368;38;15329
368;39;15338
368;40;15365
368;41;15392
368;42;15423
368;43;15453
368;44;15485
368;45;15511
368;46;15537
368;47;15553
368;48;15566
368;49;15585
369;1;11261
369;2;11288
369;3;11634
369;4;11658
369;5;11721
369;6;11751
369;7;11825
369;8;11838
369;9;12266
369;10;12490
369;11;12516
369;12;12561
369;13;12574
369;14;12949
369;15;12954
369;16;13479
369;17;13944
369;18;14240
369;19;14639
369;20;14705
369;21;14733
369;22;14807
369;23;14871
369;24;14890
369;25;14965
369;26;14978
369;27;15009
369;28;15095
369;29;15113
369;30;15117
369;31;15146
369;32;15167
369;33;15172
369;34;15173
369;35;15194
369;36;15262
369;37;15327
369;38;15332
369;39;15335
369;40;15352
369;41;15359
369;42;15385
369;43;15422
369;44;15443
369;45;15461
369;46;15503
369;47;15506
369;48;15519
369;49;15561
369;50;15562
370;1;9079
370;2;9110
370;3;9463
370;4;9938
370;5;9962
370;6;10503
370;7;10849
370;8;11295
370;9;11342
370;10;11416
370;11;11868
370;12;11933
370;13;11972
370;14;12371
370;15;12410
370;16;12446
370;17;12868
370;18;12870
370;19;12891
370;20;12908
370;21;13376
370;22;13660
370;23;14069
370;24;14087
370;25;14143
370;26;14185
370;27;14204
370;28;14271
370;29;14601
370;30;14644
370;31;15055
370;32;15076
370;33;15095
370;34;15181
370;35;15183
370;36;15185
370;37;15189
370;38;15206
370;39;15232
370;40;15235
370;41;15252
370;42;15271
370;43;15318
370;44;15341
370;45;15345
370;46;15355
370;47;15374
370;48;15378
370;49;15391
370;50;15394
370;51;15397
370;52;15411
370;53;15448
370;54;15465
370;55;15502
370;56;15526
370;57;15527
370;58;15538
370;59;15585
371;1;9995
371;2;10418
371;3;10819
371;4;11216
371;5;11243
371;6;11733
371;7;11800
371;8;11802
371;9;12189
371;10;12284
371;11;12752
371;12;13135
371;13;13227
371;14;13754
371;15;13768
371;16;13917
371;17;14029
371;18;14143
371;19;14204
371;20;14247
371;21;14524
371;22;14550
371;23;14587
371;24;14612
371;25;14629
371;26;14649
371;27;14673
371;28;14785
371;29;14849
371;30;14876
371;31;14902
371;32;14923
371;33;15289
371;34;15340
371;35;15370
371;36;15389
371;37;15431
371;38;15463
371;39;15480
371;40;15488
371;41;15514
371;42;15530
371;43;15552
371;44;15585
372;1;10246
372;2;10652
372;3;10676
372;4;10702
372;5;10854
372;6;11142
372;7;11530
372;8;11995
372;9;12468
372;10;12813
372;11;12839
372;12;13283
372;13;13354
372;14;13413
372;15;13448
372;16;13453
372;17;13849
372;18;14241
372;19;14316
372;20;14551
372;21;14577
372;22;14689
372;23;14720
372;24;14725
372;25;14767
372;26;14969
372;27;15001
372;28;15028
372;29;15075
372;30;15150
372;31;15158
372;32;15165
372;33;15167
372;34;15191
372;35;15233
372;36;15259
372;37;15264
372;38;15268
372;39;15284
372;40;15358
372;41;15413
372;42;15415
372;43;15447
372;44;15465
372;45;15489
372;46;15530
372;47;15535
372;48;15585
373;1;10374
373;2;10890
373;3;10937
373;4;10945
373;5;11324
373;6;11677
373;7;12035
373;8;12050
373;9;12449
373;10;12860
373;11;13341
373;12;13738
373;13;13755
373;14;13779
373;15;13818
373;16;13824
373;17;13868
373;18;13872
373;19;13943
373;20;14282
373;21;14648
373;22;14698
373;23;14702
373;24;14794
373;25;14820
373;26;14840
373;27;14873
373;28;14914
373;29;14925
373;30;14999
373;31;15315
373;32;15322
373;33;15327
373;34;15332
373;35;15353
373;36;15378
373;37;15387
373;38;15398
373;39;15408
373;40;15440
373;41;15453
373;42;15470
373;43;15481
373;44;15526
373;45;15553
374;1;11117
374;2;11192
374;3;11257
374;4;11518
374;5;11539
374;6;11590
374;7;11632
374;8;12073
374;9;12444
374;10;12495
374;11;12570
374;12;12612
374;13;12636
374;14;13016
374;15;13040
374;16;13115
374;17;13186
374;18;13204
374;19;13220
374;20;13562
374;21;13924
374;22;14347
374;23;14389
374;24;14835
374;25;14860
374;26;15345
374;27;15362
374;28;15393
374;29;15394
374;30;15405
374;31;15418
374;32;15444
374;33;15453
374;34;15490
374;35;15498
374;36;15516
374;37;15533
374;38;15552
374;39;15566
374;40;15568
374;41;15585
375;1;12472
375;2;12485
375;3;12830
375;4;13298
375;5;13327
375;6;13514
375;7;13764
375;8;13827
375;9;13866
375;10;13925
375;11;13931
375;12;14347
375;13;14372
375;14;14697
375;15;14721
375;16;14738
375;17;14764
375;18;14778
375;19;14794
375;20;14820
375;21;14844
375;22;14884
375;23;14910
375;24;14947
375;25;14971
375;26;15000
375;27;15061
375;28;15090
375;29;15120
375;30;15194
375;31;15225
375;32;15251
375;33;15273
375;34;15298
375;35;15314
375;36;15341
375;37;15355
375;38;15365
375;39;15386
375;40;15403
375;41;15408
375;42;15417
375;43;15433
375;44;15457
375;45;15476
375;46;15493
375;47;15511
375;48;15530
375;49;15549
375;50;15562
376;1;10045
376;2;10066
376;3;10071
376;4;10423
376;5;10575
376;6;10989
376;7;11007
376;8;11102
376;9;11525
376;10;11567
376;11;11653
376;12;11671
376;13;12091
376;14;12406
376;15;12859
376;16;12876
376;17;13180
376;18;13581
376;19;13597
376;20;13623
376;21;13934
376;22;13960
376;23;14080
376;24;14087
376;25;14129
376;26;14625
376;27;14971
376;28;15046
376;29;15063
376;30;15087
376;31;15110
376;32;15128
376;33;15144
376;34;15196
376;35;15215
376;36;15283
376;37;15291
376;38;15317
376;39;15334
376;40;15351
376;41;15367
376;42;15387
376;43;15398
376;44;15412
376;45;15425
376;46;15451
376;47;15470
376;48;15475
376;49;15501
376;50;15507
376;51;15508
376;52;15549
376;53;15562
377;1;9998
377;2;10418
377;3;10829
377;4;10941
377;5;11252
377;6;11280
377;7;11563
377;8;11583
377;9;11735
377;10;12097
377;11;12488
377;12;12956
377;13;12984
377;14;13045
377;15;13070
377;16;13083
377;17;13116
377;18;13586
377;19;13616
377;20;13969
377;21;14000
377;22;14059
377;23;14499
377;24;14519
377;25;14655
377;26;14676
377;27;14723
377;28;14755
377;29;14799
377;30;14809
377;31;14841
377;32;14872
377;33;14888
377;34;14902
377;35;14933
377;36;14972
377;37;14980
377;38;14994
377;39;15044
377;40;15070
377;41;15075
377;42;15093
377;43;15398
377;44;15460
377;45;15478
377;46;15511
377;47;15515
377;48;15548
377;49;15561
378;1;11002
378;2;11419
378;3;11772
378;4;11799
378;5;12110
378;6;12600
378;7;12656
378;8;12730
378;9;12789
378;10;13200
378;11;13226
378;12;13604
378;13;13646
378;14;13648
378;15;13665
378;16;13667
378;17;14126
378;18;14238
378;19;14260
378;20;14285
378;21;14380
378;22;14395
378;23;14451
378;24;14782
378;25;14833
378;26;15044
378;27;15198
378;28;15206
378;29;15256
378;30;15270
378;31;15286
378;32;15305
378;33;15332
378;34;15358
378;35;15366
378;36;15392
378;37;15409
378;38;15444
378;39;15481
378;40;15502
378;41;15514
378;42;15535
378;43;15561
378;44;15585
379;1;9682
379;2;10035
379;3;10375
379;4;10426
379;5;10501
379;6;10509
379;7;10575
379;8;10979
379;9;11447
379;10;11750
379;11;12166
379;12;12261
379;13;12735
379;14;12827
379;15;12852
379;16;13322
379;17;13327
379;18;13775
379;19;13789
379;20;13807
379;21;13860
379;22;13869
379;23;14167
379;24;14495
379;25;14512
379;26;14539
379;27;14586
379;28;15061
379;29;15103
379;30;15131
379;31;15162
379;32;15164
379;33;15183
379;34;15184
379;35;15235
379;36;15252
379;37;15279
379;38;15284
379;39;15292
379;40;15308
379;41;15330
379;42;15360
379;43;15371
379;44;15398
379;45;15417
379;46;15429
379;47;15459
379;48;15468
379;49;15487
379;50;15508
379;51;15521
379;52;15546
379;53;15562
380;1;12240
380;2;12585
380;3;12646
380;4;13114
380;5;13650
380;6;14072
380;7;14102
380;8;14176
380;9;14197
380;10;14614
380;11;14647
380;12;14664
380;13;15117
380;14;15131
380;15;15155
380;16;15214
380;17;15219
380;18;15266
380;19;15282
380;20;15322
380;21;15348
380;22;15399
380;23;15420
380;24;15425
380;25;15431
380;26;15498
380;27;15535
380;28;15548
380;29;15585
381;1;9089
381;2;9537
381;3;9899
381;4;9909
381;5;10326
381;6;10774
381;7;11190
381;8;11342
381;9;11379
381;10;11405
381;11;11822
381;12;11841
381;13;12382
381;14;12821
381;15;13354
381;16;13379
381;17;13412
381;18;13507
381;19;13832
381;20;13856
381;21;13883
381;22;13885
381;23;14234
381;24;14563
381;25;14655
381;26;14710
381;27;14714
381;28;14815
381;29;14827
381;30;14877
381;31;14883
381;32;14928
381;33;14945
381;34;14956
381;35;14961
381;36;14986
381;37;15026
381;38;15036
381;39;15085
381;40;15141
381;41;15151
381;42;15155
381;43;15467
381;44;15478
381;45;15497
381;46;15538
381;47;15553
381;48;15554
381;49;15568
381;50;15585
382;1;9469
382;2;9496
382;3;9870
382;4;9881
382;5;9908
382;6;9927
382;7;9987
382;8;10013
382;9;10038
382;10;10504
382;11;10544
382;12;11057
382;13;11078
382;14;11334
382;15;11759
382;16;11782
382;17;11800
382;18;12179
382;19;12254
382;20;12268
382;21;12689
382;22;13014
382;23;13034
382;24;13499
382;25;13517
382;26;13612
382;27;13799
382;28;13804
382;29;13810
382;30;13976
382;31;14105
382;32;14166
382;33;14179
382;34;14504
382;35;14510
382;36;14915
382;37;14921
382;38;15013
382;39;15055
382;40;15078
382;41;15097
382;42;15115
382;43;15156
382;44;15181
382;45;15185
382;46;15190
382;47;15201
382;48;15222
382;49;15225
382;50;15263
382;51;15267
382;52;15284
382;53;15295
382;54;15313
382;55;15315
382;56;15334
382;57;15339
382;58;15368
382;59;15389
382;60;15402
382;61;15461
382;62;15487
382;63;15511
382;64;15552
382;65;15585
383;1;9658
383;2;9750
383;3;10129
383;4;10204
383;5;10229
383;6;10303
383;7;10747
383;8;11092
383;9;11471
383;10;11540
383;11;11991
383;12;12447
383;13;12851
383;14;12926
383;15;13394
383;16;13400
383;17;13403
383;18;13454
383;19;13468
383;20;13503
383;21;13824
383;22;13869
383;23;13890
383;24;14312
383;25;14373
383;26;14403
383;27;14462
383;28;14816
383;29;14902
383;30;14926
383;31;15192
383;32;15211
383;33;15237
383;34;15269
383;35;15283
383;36;15325
383;37;15343
383;38;15365
383;39;15374
383;40;15375
383;41;15388
383;42;15409
383;43;15446
383;44;15474
383;45;15495
383;46;15496
383;47;15526
383;48;15531
383;49;15549
383;50;15566
383;51;15585
384;1;8181
384;2;8722
384;3;8769
384;4;9186
384;5;9611
384;6;10096
384;7;10191
384;8;10544
384;9;11049
384;10;11402
384;11;11494
384;12;11537
384;13;11611
384;14;12082
384;15;12141
384;16;12165
384;17;12248
384;18;12635
384;19;13087
384;20;13134
384;21;13155
384;22;13187
384;23;13238
384;24;13548
384;25;13623
384;26;13670
384;27;14015
384;28;14394
384;29;14411
384;30;14506
384;31;14522
384;32;14793
384;33;14867
384;34;14883
384;35;15321
384;36;15342
384;37;15392
384;38;15418
384;39;15460
384;40;15477
384;41;15492
384;42;15509
384;43;15528
384;44;15542
384;45;15561
384;46;15566
384;47;15585
385;1;10343
385;2;10495
385;3;10537
385;4;11002
385;5;11327
385;6;11779
385;7;12079
385;8;12105
385;9;12161
385;10;12203
385;11;12211
385;12;12240
385;13;12606
385;14;12986
385;15;13014
385;16;13504
385;17;13525
385;18;13599
385;19;13909
385;20;13942
385;21;13946
385;22;13969
385;23;14004
385;24;14061
385;25;14096
385;26;14139
385;27;14186
385;28;14257
385;29;14294
385;30;14647
385;31;14689
385;32;14706
385;33;14772
385;34;15093
385;35;15107
385;36;15202
385;37;15229
385;38;15231
385;39;15276
385;40;15283
385;41;15321
385;42;15339
385;43;15356
385;44;15382
385;45;15387
385;46;15392
385;47;15411
385;48;15433
385;49;15452
385;50;15478
385;51;15486
385;52;15528
385;53;15544
385;54;15561
386;1;11134
386;2;11551
386;3;11577
386;4;11939
386;5;11965
386;6;12318
386;7;12731
386;8;12805
386;9;13235
386;10;13286
386;11;13631
386;12;13686
386;13;13707
386;14;13712
386;15;14109
386;16;14354
386;17;14541
386;18;14926
386;19;14968
386;20;15043
386;21;15108
386;22;15182
386;23;15185
386;24;15224
386;25;15243
386;26;15264
386;27;15276
386;28;15306
386;29;15334
386;30;15341
386;31;15355
386;32;15374
386;33;15433
386;34;15452
386;35;15454
386;36;15463
386;37;15484
386;38;15504
386;39;15521
386;40;15562
387;1;8887
387;2;8913
387;3;8918
387;4;9423
387;5;9820
387;6;9871
387;7;10302
387;8;10341
387;9;10816
387;10;11242
387;11;11269
387;12;11516
387;13;11869
387;14;12310
387;15;12314
387;16;12450
387;17;12918
387;18;12948
387;19;13247
387;20;13717
387;21;13745
387;22;14136
387;23;14202
387;24;14261
387;25;14298
387;26;14393
387;27;14435
387;28;14688
387;29;15001
387;30;15045
387;31;15068
387;32;15110
387;33;15143
387;34;15152
387;35;15219
387;36;15239
387;37;15256
387;38;15270
387;39;15291
387;40;15316
387;41;15343
387;42;15362
387;43;15364
387;44;15396
387;45;15422
387;46;15436
387;47;15455
387;48;15492
387;49;15516
387;50;15549
387;51;15554
387;52;15562
387;53;15567
387;54;15585
388;1;12271
388;2;12423
388;3;12485
388;4;12953
388;5;12969
388;6;13444
388;7;13465
388;8;13539
388;9;13545
388;10;13911
388;11;13958
388;12;14275
388;13;14292
388;14;14306
388;15;14564
388;16;14638
388;17;14664
388;18;14685
388;19;14689
388;20;14704
388;21;14717
388;22;14777
388;23;15032
388;24;15083
388;25;15109
388;26;15126
388;27;15134
388;28;15159
388;29;15189
388;30;15236
388;31;15295
388;32;15328
388;33;15339
388;34;15358
388;35;15359
388;36;15403
388;37;15409
388;38;15422
388;39;15446
388;40;15479
388;41;15505
388;42;15524
388;43;15529
388;44;15548
388;45;15569
388;46;15585
389;1;12097
389;2;12501
389;3;12517
389;4;12544
389;5;12923
389;6;12955
389;7;13033
389;8;13456
389;9;13503
389;10;13535
389;11;13836
389;12;13853
389;13;13954
389;14;13980
389;15;14036
389;16;14048
389;17;14465
389;18;14539
389;19;14827
389;20;14857
389;21;14950
389;22;14997
389;23;15021
389;24;15037
389;25;15039
389;26;15081
389;27;15094
389;28;15119
389;29;15231
389;30;15248
389;31;15283
389;32;15285
389;33;15311
389;34;15315
389;35;15321
389;36;15330
389;37;15381
389;38;15392
389;39;15411
389;40;15443
389;41;15467
389;42;15481
389;43;15484
389;44;15488
389;45;15505
389;46;15534
389;47;15552
389;48;15566
389;49;15568
389;50;15585
390;1;10120
390;2;10412
390;3;10599
390;4;10618
390;5;10639
390;6;10664
390;7;11017
390;8;11036
390;9;11078
390;10;11128
390;11;11644
390;12;12086
390;13;12437
390;14;12799
390;15;12849
390;16;12924
390;17;12951
390;18;13348
390;19;13353
390;20;13722
390;21;14169
390;22;14204
390;23;14230
390;24;14519
390;25;14554
390;26;14587
390;27;14623
390;28;14681
390;29;14685
390;30;14941
390;31;14991
390;32;15018
390;33;15025
390;34;15126
390;35;15173
390;36;15238
390;37;15271
390;38;15288
390;39;15291
390;40;15312
390;41;15324
390;42;15341
390;43;15344
390;44;15370
390;45;15389
390;46;15429
390;47;15455
390;48;15469
390;49;15488
390;50;15493
390;51;15535
390;52;15572
390;53;15585
391;1;8207
391;2;8672
391;3;8698
391;4;9060
391;5;9576
391;6;9920
391;7;9946
391;8;10398
391;9;10438
391;10;10906
391;11;11280
391;12;11681
391;13;11737
391;14;11758
391;15;12210
391;16;12255
391;17;12285
391;18;12673
391;19;12991
391;20;13005
391;21;13260
391;22;13634
391;23;13695
391;24;13727
391;25;13801
391;26;14154
391;27;14217
391;28;14242
391;29;14260
391;30;14735
391;31;14784
391;32;14821
391;33;14873
391;34;14882
391;35;14895
391;36;15209
391;37;15256
391;38;15272
391;39;15297
391;40;15314
391;41;15389
391;42;15401
391;43;15404
391;44;15463
391;45;15485
391;46;15511
391;47;15516
391;48;15553
391;49;15572
391;50;15585
392;1;10890
392;2;11252
392;3;11276
392;4;11661
392;5;12096
392;6;12115
392;7;12227
392;8;12565
392;9;12928
392;10;12933
392;11;12978
392;12;13034
392;13;13047
392;14;13054
392;15;13091
392;16;13559
392;17;14038
392;18;14068
392;19;14332
392;20;14391
392;21;14438
392;22;14695
392;23;14762
392;24;14821
392;25;14884
392;26;15195
392;27;15242
392;28;15271
392;29;15357
392;30;15373
392;31;15405
392;32;15426
392;33;15448
392;34;15453
392;35;15462
392;36;15467
392;37;15493
392;38;15525
392;39;15544
392;40;15549
392;41;15568
392;42;15585
393;1;9645
393;2;9668
393;3;10067
393;4;10534
393;5;10586
393;6;10985
393;7;11464
393;8;11974
393;9;12333
393;10;12808
393;11;12871
393;12;12910
393;13;13423
393;14;13802
393;15;13819
393;16;14129
393;17;14185
393;18;14628
393;19;14632
393;20;14637
393;21;14654
393;22;15084
393;23;15146
393;24;15181
393;25;15211
393;26;15239
393;27;15251
393;28;15273
393;29;15332
393;30;15363
393;31;15410
393;32;15423
393;33;15449
393;34;15459
393;35;15469
393;36;15496
393;37;15502
393;38;15525
393;39;15538
393;40;15540
393;41;15553
393;42;15562
394;1;12153
394;2;12236
394;3;12659
394;4;12952
394;5;12983
394;6;13458
394;7;13484
394;8;13538
394;9;13977
394;10;14235
394;11;14267
394;12;14269
394;13;14309
394;14;14587
394;15;14878
394;16;14908
394;17;14937
394;18;14948
394;19;14970
394;20;15021
394;21;15036
394;22;15062
394;23;15090
394;24;15106
394;25;15123
394;26;15168
394;27;15215
394;28;15217
394;29;15264
394;30;15268
394;31;15331
394;32;15383
394;33;15425
394;34;15511
394;35;15530
394;36;15548
394;37;15568
394;38;15585
395;1;9963
395;2;10438
395;3;10861
395;4;10893
395;5;10912
395;6;11326
395;7;11698
395;8;12239
395;9;12255
395;10;12693
395;11;12709
395;12;12784
395;13;12810
395;14;12857
395;15;12860
395;16;13130
395;17;13154
395;18;13246
395;19;13595
395;20;13678
395;21;13723
395;22;13733
395;23;13738
395;24;13792
395;25;13813
395;26;13850
395;27;14089
395;28;14126
395;29;14710
395;30;15077
395;31;15099
395;32;15141
395;33;15146
395;34;15183
395;35;15240
395;36;15250
395;37;15302
395;38;15315
395;39;15328
395;40;15354
395;41;15391
395;42;15393
395;43;15402
395;44;15403
395;45;15433
395;46;15451
395;47;15452
395;48;15457
395;49;15476
395;50;15497
395;51;15520
395;52;15525
395;53;15544
395;54;15585
396;1;11058
396;2;11436
396;3;11909
396;4;12061
396;5;12135
396;6;12480
396;7;12879
396;8;12898
396;9;12915
396;10;13007
396;11;13061
396;12;13273
396;13;13531
396;14;13557
396;15;14032
396;16;14441
396;17;14493
396;18;14520
396;19;14555
396;20;14619
396;21;14646
396;22;14654
396;23;14673
396;24;15054
396;25;15065
396;26;15102
396;27;15129
396;28;15166
396;29;15182
396;30;15195
396;31;15200
396;32;15222
396;33;15273
396;34;15293
396;35;15309
396;36;15356
396;37;15391
396;38;15392
396;39;15401
396;40;15422
396;41;15432
396;42;15436
396;43;15462
396;44;15475
396;45;15483
396;46;15511
396;47;15518
396;48;15531
396;49;15549
396;50;15566
396;51;15585
397;1;10958
397;2;11379
397;3;11818
397;4;11849
397;5;12341
397;6;12400
397;7;12426
397;8;12911
397;9;13262
397;10;13588
397;11;14036
397;12;14062
397;13;14157
397;14;14197
397;15;14272
397;16;14289
397;17;14381
397;18;14398
397;19;14403
397;20;14429
397;21;14692
397;22;14734
397;23;14776
397;24;14809
397;25;14817
397;26;15210
397;27;15273
397;28;15295
397;29;15325
397;30;15352
397;31;15363
397;32;15400
397;33;15407
397;34;15449
397;35;15468
397;36;15473
397;37;15497
397;38;15502
397;39;15552
397;40;15585
398;1;12231
398;2;12522
398;3;12554
398;4;12980
398;5;13376
398;6;13783
398;7;13791
398;8;14061
398;9;14066
398;10;14079
398;11;14488
398;12;14520
398;13;14562
398;14;14595
398;15;14612
398;16;14704
398;17;14733
398;18;14760
398;19;14778
398;20;14787
398;21;14801
398;22;14813
398;23;14818
398;24;14863
398;25;14890
398;26;14906
398;27;14923
398;28;14950
398;29;14962
398;30;14975
398;31;14979
398;32;15038
398;33;15057
398;34;15063
398;35;15068
398;36;15485
398;37;15504
398;38;15511
398;39;15515
398;40;15526
398;41;15543
398;42;15585
399;1;9193
399;2;9619
399;3;9999
399;4;10422
399;5;10534
399;6;10605
399;7;10925
399;8;11339
399;9;11381
399;10;11457
399;11;11469
399;12;11772
399;13;12163
399;14;12182
399;15;12196
399;16;12207
399;17;12430
399;18;12457
399;19;12516
399;20;12536
399;21;12628
399;22;13069
399;23;13537
399;24;13566
399;25;13879
399;26;13906
399;27;13925
399;28;13992
399;29;14009
399;30;14044
399;31;14336
399;32;14360
399;33;14386
399;34;14716
399;35;14817
399;36;14843
399;37;14864
399;38;14880
399;39;14947
399;40;14989
399;41;15063
399;42;15092
399;43;15154
399;44;15158
399;45;15209
399;46;15228
399;47;15262
399;48;15279
399;49;15291
399;50;15351
399;51;15372
399;52;15390
399;53;15395
399;54;15421
399;55;15437
399;56;15484
399;57;15489
399;58;15514
399;59;15531
399;60;15544
399;61;15585
400;1;10355
400;2;10384
400;3;10782
400;4;11160
400;5;11199
400;6;11252
400;7;11315
400;8;11738
400;9;12088
400;10;12672
400;11;12744
400;12;12777
400;13;12824
400;14;12850
400;15;12895
400;16;13226
400;17;13244
400;18;13262
400;19;13661
400;20;14043
400;21;14117
400;22;14134
400;23;14171
400;24;14211
400;25;14591
400;26;14599
400;27;14601
400;28;14639
400;29;14666
400;30;14751
400;31;14767
400;32;14809
400;33;14854
400;34;14929
400;35;14959
400;36;14964
400;37;14969
400;38;14981
400;39;15259
400;40;15265
400;41;15270
400;42;15286
400;43;15305
400;44;15306
400;45;15318
400;46;15347
400;47;15378
400;48;15385
400;49;15436
400;50;15462
400;51;15509
400;52;15568
400;53;15585
401;1;12894
401;2;12964
401;3;13434
401;4;13476
401;5;13662
401;6;13685
401;7;13764
401;8;14230
401;9;14651
401;10;15067
401;11;15091
401;12;15157
401;13;15188
401;14;15263
401;15;15266
401;16;15296
401;17;15301
401;18;15319
401;19;15335
401;20;15380
401;21;15383
401;22;15396
401;23;15426
401;24;15434
401;25;15450
401;26;15489
401;27;15502
401;28;15536
401;29;15553
401;30;15566
401;31;15585
402;1;10349
402;2;10405
402;3;10421
402;4;10439
402;5;10792
402;6;10888
402;7;10890
402;8;11328
402;9;11370
402;10;11375
402;11;11772
402;12;12171
402;13;12246
402;14;12277
402;15;12634
402;16;12792
402;17;12884
402;18;12936
402;19;13281
402;20;13515
402;21;13532
402;22;13633
402;23;13728
402;24;13835
402;25;13896
402;26;13991
402;27;14300
402;28;14344
402;29;14761
402;30;14787
402;31;14838
402;32;15098
402;33;15119
402;34;15138
402;35;15147
402;36;15185
402;37;15192
402;38;15254
402;39;15271
402;40;15283
402;41;15339
402;42;15406
402;43;15439
402;44;15452
402;45;15453
402;46;15458
402;47;15460
402;48;15479
402;49;15484
402;50;15526
402;51;15551
402;52;15567
402;53;15585
403;1;11756
403;2;12136
403;3;12579
403;4;12590
403;5;13031
403;6;13068
403;7;13103
403;8;13128
403;9;13160
403;10;13186
403;11;13224
403;12;13250
403;13;13266
403;14;13306
403;15;13358
403;16;13417
403;17;13442
403;18;13795
403;19;14153
403;20;14161
403;21;14187
403;22;14652
403;23;14657
403;24;14724
403;25;14749
403;26;15068
403;27;15089
403;28;15124
403;29;15126
403;30;15140
403;31;15173
403;32;15222
403;33;15248
403;34;15265
403;35;15332
403;36;15358
403;37;15372
403;38;15391
403;39;15433
403;40;15450
403;41;15474
403;42;15487
403;43;15492
403;44;15519
403;45;15534
403;46;15566
403;47;15568
403;48;15585
404;1;9824
404;2;10307
404;3;10685
404;4;11163
404;5;11560
404;6;11672
404;7;11692
404;8;12045
404;9;12407
404;10;12877
404;11;13229
404;12;13688
404;13;13707
404;14;14060
404;15;14087
404;16;14153
404;17;14176
404;18;14587
404;19;14605
404;20;15055
404;21;15072
404;22;15116
404;23;15129
404;24;15137
404;25;15190
404;26;15253
404;27;15316
404;28;15325
404;29;15360
404;30;15386
404;31;15416
404;32;15429
404;33;15443
404;34;15480
404;35;15493
404;36;15512
404;37;15521
404;38;15526
404;39;15544
404;40;15585
405;1;10351
405;2;10714
405;3;11131
405;4;11179
405;5;11706
405;6;12054
405;7;12421
405;8;12496
405;9;12546
405;10;12560
405;11;12623
405;12;12684
405;13;12779
405;14;13085
405;15;13479
405;16;13949
405;17;14050
405;18;14080
405;19;14624
405;20;14661
405;21;15126
405;22;15140
405;23;15214
405;24;15246
405;25;15262
405;26;15281
405;27;15329
405;28;15357
405;29;15375
405;30;15383
405;31;15442
405;32;15465
405;33;15470
405;34;15481
405;35;15482
405;36;15494
405;37;15511
405;38;15529
405;39;15540
405;40;15553
405;41;15562
405;42;15567
405;43;15585
406;1;10753
406;2;11063
406;3;11138
406;4;11157
406;5;11484
406;6;11881
406;7;12234
406;8;12329
406;9;12398
406;10;12432
406;11;12458
406;12;12719
406;13;13090
406;14;13531
406;15;13545
406;16;13564
406;17;14018
406;18;14069
406;19;14101
406;20;14117
406;21;14635
406;22;14645
406;23;14930
406;24;14993
406;25;15079
406;26;15088
406;27;15139
406;28;15150
406;29;15160
406;30;15186
406;31;15245
406;32;15295
406;33;15316
406;34;15341
406;35;15345
406;36;15404
406;37;15417
406;38;15449
406;39;15468
406;40;15485
406;41;15504
406;42;15522
406;43;15527
406;44;15534
406;45;15548
406;46;15566
406;47;15585
407;1;11423
407;2;11776
407;3;12173
407;4;12646
407;5;12673
407;6;12738
407;7;12754
407;8;13118
407;9;13213
407;10;13262
407;11;13587
407;12;13635
407;13;14066
407;14;14116
407;15;14153
407;16;14556
407;17;14598
407;18;15052
407;19;15078
407;20;15111
407;21;15131
407;22;15206
407;23;15292
407;24;15306
407;25;15323
407;26;15348
407;27;15367
407;28;15388
407;29;15415
407;30;15432
407;31;15440
407;32;15481
407;33;15498
407;34;15519
407;35;15522
407;36;15534
407;37;15567
407;38;15585
408;1;10422
408;2;10517
408;3;10934
408;4;11354
408;5;11806
408;6;11832
408;7;12275
408;8;12341
408;9;12694
408;10;13015
408;11;13127
408;12;13136
408;13;13155
408;14;13181
408;15;13186
408;16;13187
408;17;13622
408;18;13723
408;19;14198
408;20;14252
408;21;14255
408;22;14314
408;23;14375
408;24;14400
408;25;14413
408;26;14724
408;27;14740
408;28;14758
408;29;14785
408;30;14791
408;31;15218
408;32;15277
408;33;15310
408;34;15359
408;35;15369
408;36;15386
408;37;15393
408;38;15425
408;39;15455
408;40;15464
408;41;15469
408;42;15471
408;43;15480
408;44;15501
408;45;15515
408;46;15520
408;47;15543
408;48;15561
408;49;15585
409;1;12695
409;2;12711
409;3;13295
409;4;13682
409;5;14092
409;6;14187
409;7;14203
409;8;14602
409;9;14663
409;10;15101
409;11;15122
409;12;15149
409;13;15200
409;14;15207
409;15;15212
409;16;15232
409;17;15248
409;18;15335
409;19;15361
409;20;15362
409;21;15376
409;22;15381
409;23;15406
409;24;15461
409;25;15482
409;26;15495
409;27;15537
409;28;15553
409;29;15572
409;30;15585
410;1;10704
410;2;10722
410;3;11000
410;4;11095
410;5;11608
410;6;11869
410;7;12453
410;8;12870
410;9;12900
410;10;13380
410;11;13551
410;12;13568
410;13;13643
410;14;13733
410;15;13752
410;16;13820
410;17;13833
410;18;13846
410;19;14231
410;20;14263
410;21;14288
410;22;14291
410;23;14312
410;24;14711
410;25;14742
410;26;14788
410;27;15220
410;28;15230
410;29;15235
410;30;15236
410;31;15258
410;32;15295
410;33;15325
410;34;15330
410;35;15356
410;36;15392
410;37;15416
410;38;15490
410;39;15504
410;40;15535
410;41;15566
410;42;15585
411;1;13098
411;2;13104
411;3;13129
411;4;13152
411;5;13693
411;6;13719
411;7;13762
411;8;13836
411;9;14178
411;10;14290
411;11;14316
411;12;14629
411;13;14671
411;14;14699
411;15;14962
411;16;14999
411;17;15186
411;18;15260
411;19;15282
411;20;15303
411;21;15305
411;22;15357
411;23;15386
411;24;15451
411;25;15461
411;26;15503
411;27;15508
411;28;15527
411;29;15531
411;30;15548
411;31;15561
412;1;11068
412;2;11508
412;3;12024
412;4;12339
412;5;12381
412;6;12808
412;7;12850
412;8;12858
412;9;13180
412;10;13254
412;11;13692
412;12;13698
412;13;14031
412;14;14064
412;15;14569
412;16;14585
412;17;14610
412;18;14661
412;19;14703
412;20;14708
412;21;14733
412;22;14755
412;23;14975
412;24;15022
412;25;15049
412;26;15141
412;27;15183
412;28;15201
412;29;15248
412;30;15306
412;31;15321
412;32;15371
412;33;15405
412;34;15422
412;35;15441
412;36;15469
412;37;15500
412;38;15521
412;39;15547
412;40;15566
412;41;15585
413;1;12112
413;2;12186
413;3;12225
413;4;12276
413;5;12656
413;6;12748
413;7;12754
413;8;13130
413;9;13132
413;10;13158
413;11;13183
413;12;13212
413;13;13230
413;14;13417
413;15;13445
413;16;13456
413;17;13834
413;18;14092
413;19;14347
413;20;14414
413;21;14468
413;22;14563
413;23;14584
413;24;14602
413;25;14629
413;26;14642
413;27;15027
413;28;15032
413;29;15081
413;30;15155
413;31;15170
413;32;15179
413;33;15192
413;34;15219
413;35;15240
413;36;15266
413;37;15276
413;38;15282
413;39;15306
413;40;15320
413;41;15348
413;42;15363
413;43;15382
413;44;15424
413;45;15445
413;46;15448
413;47;15461
413;48;15487
413;49;15501
413;50;15542
413;51;15543
413;52;15562
414;1;8890
414;2;9342
414;3;9666
414;4;9741
414;5;10138
414;6;10517
414;7;10567
414;8;10593
414;9;11073
414;10;11089
414;11;11154
414;12;11249
414;13;11730
414;14;12257
414;15;12648
414;16;13018
414;17;13042
414;18;13082
414;19;13126
414;20;13131
414;21;13148
414;22;13406
414;23;13438
414;24;13730
414;25;13732
414;26;13827
414;27;14057
414;28;14062
414;29;14079
414;30;14081
414;31;14118
414;32;14160
414;33;14312
414;34;14335
414;35;14356
414;36;14407
414;37;14697
414;38;14792
414;39;15047
414;40;15159
414;41;15217
414;42;15222
414;43;15240
414;44;15295
414;45;15312
414;46;15407
414;47;15444
414;48;15481
414;49;15495
414;50;15521
414;51;15534
414;52;15535
414;53;15562
415;1;10344
415;2;10787
415;3;10824
415;4;10891
415;5;11305
415;6;11775
415;7;11870
415;8;11886
415;9;11986
415;10;12078
415;11;12120
415;12;12517
415;13;12916
415;14;13253
415;15;13673
415;16;13720
415;17;14186
415;18;14212
415;19;14523
415;20;14558
415;21;14573
415;22;14576
415;23;14854
415;24;14891
415;25;14921
415;26;14946
415;27;14974
415;28;14979
415;29;14989
415;30;15045
415;31;15050
415;32;15058
415;33;15084
415;34;15095
415;35;15133
415;36;15168
415;37;15185
415;38;15227
415;39;15254
415;40;15277
415;41;15305
415;42;15347
415;43;15362
415;44;15387
415;45;15401
415;46;15422
415;47;15424
415;48;15450
415;49;15457
415;50;15475
415;51;15494
415;52;15502
415;53;15520
415;54;15539
415;55;15553
415;56;15554
415;57;15572
415;58;15585
416;1;9204
416;2;9645
416;3;10081
416;4;10132
416;5;10571
416;6;10964
416;7;11428
416;8;11454
416;9;11898
416;10;11935
416;11;11961
416;12;12324
416;13;12340
416;14;12821
416;15;13008
416;16;13059
416;17;13133
416;18;13234
416;19;13528
416;20;13579
416;21;13603
416;22;13631
416;23;14027
416;24;14036
416;25;14421
416;26;14437
416;27;14456
416;28;14468
416;29;14499
416;30;14500
416;31;14526
416;32;14566
416;33;14641
416;34;14673
416;35;14679
416;36;14730
416;37;14742
416;38;14760
416;39;14781
416;40;14805
416;41;14831
416;42;14859
416;43;15329
416;44;15362
416;45;15375
416;46;15449
416;47;15481
416;48;15512
416;49;15544
416;50;15567
416;51;15585
417;1;12276
417;2;12587
417;3;12646
417;4;12674
417;5;12700
417;6;12751
417;7;13148
417;8;13226
417;9;13584
417;10;13624
417;11;13639
417;12;13641
417;13;13674
417;14;13692
417;15;14001
417;16;14406
417;17;14422
417;18;14459
417;19;14474
417;20;14506
417;21;14972
417;22;14993
417;23;15040
417;24;15099
417;25;15146
417;26;15165
417;27;15183
417;28;15275
417;29;15284
417;30;15289
417;31;15336
417;32;15363
417;33;15375
417;34;15388
417;35;15412
417;36;15431
417;37;15450
417;38;15482
417;39;15568
417;40;15585
418;1;10871
418;2;11158
418;3;11555
418;4;11742
418;5;11773
418;6;12135
418;7;12160
418;8;12188
418;9;12228
418;10;12693
418;11;12788
418;12;13242
418;13;13617
418;14;13680
418;15;13699
418;16;13843
418;17;14318
418;18;14360
418;19;14385
418;20;14386
418;21;14437
418;22;14496
418;23;14538
418;24;14588
418;25;14925
418;26;14930
418;27;14938
418;28;14959
418;29;15001
418;30;15029
418;31;15044
418;32;15068
418;33;15100
418;34;15127
418;35;15153
418;36;15174
418;37;15190
418;38;15232
418;39;15258
418;40;15294
418;41;15313
418;42;15339
418;43;15374
418;44;15401
418;45;15406
418;46;15427
418;47;15435
418;48;15443
418;49;15455
418;50;15458
418;51;15491
418;52;15538
418;53;15553
418;54;15585
419;1;9295
419;2;9674
419;3;9739
419;4;10255
419;5;10768
419;6;10941
419;7;11392
419;8;11777
419;9;11953
419;10;11984
419;11;11998
419;12;12371
419;13;12428
419;14;12486
419;15;12883
419;16;12895
419;17;13420
419;18;13467
419;19;13553
419;20;13713
419;21;13739
419;22;13754
419;23;13764
419;24;13785
419;25;14017
419;26;14038
419;27;14040
419;28;14103
419;29;14546
419;30;14557
419;31;14631
419;32;14678
419;33;14790
419;34;14816
419;35;14846
419;36;14905
419;37;14932
419;38;14937
419;39;15301
419;40;15360
419;41;15375
419;42;15380
419;43;15389
419;44;15436
419;45;15462
419;46;15480
419;47;15499
419;48;15511
419;49;15516
419;50;15527
419;51;15553
419;52;15572
419;53;15585
420;1;11481
420;2;11860
420;3;12335
420;4;12402
420;5;12477
420;6;12773
420;7;13225
420;8;13267
420;9;13293
420;10;13806
420;11;14180
420;12;14209
420;13;14555
420;14;14578
420;15;14614
420;16;14640
420;17;14642
420;18;14649
420;19;14687
420;20;14720
420;21;14725
420;22;14776
420;23;14871
420;24;14885
420;25;14889
420;26;14896
420;27;15249
420;28;15267
420;29;15269
420;30;15328
420;31;15344
420;32;15361
420;33;15373
420;34;15378
420;35;15396
420;36;15429
420;37;15448
420;38;15453
420;39;15465
420;40;15489
420;41;15534
420;42;15544
420;43;15561
420;44;15562
421;1;10034
421;2;10379
421;3;10852
421;4;11365
421;5;11846
421;6;12314
421;7;12328
421;8;12729
421;9;12755
421;10;12772
421;11;12814
421;12;13266
421;13;13296
421;14;13357
421;15;13845
421;16;14178
421;17;14252
421;18;14273
421;19;14307
421;20;14317
421;21;14318
421;22;14750
421;23;15069
421;24;15111
421;25;15156
421;26;15188
421;27;15204
421;28;15218
421;29;15235
421;30;15238
421;31;15258
421;32;15317
421;33;15318
421;34;15326
421;35;15344
421;36;15380
421;37;15439
421;38;15456
421;39;15475
421;40;15561
422;1;10518
422;2;10967
422;3;11408
422;4;11595
422;5;11621
422;6;11633
422;7;11700
422;8;11733
422;9;12132
422;10;12472
422;11;12819
422;12;12884
422;13;12949
422;14;13020
422;15;13460
422;16;13877
422;17;13936
422;18;14011
422;19;14028
422;20;14070
422;21;14521
422;22;14523
422;23;14942
422;24;14956
422;25;14975
422;26;14999
422;27;15037
422;28;15053
422;29;15072
422;30;15330
422;31;15382
422;32;15477
422;33;15507
422;34;15512
422;35;15543
422;36;15562
423;1;12008
423;2;12033
423;3;12427
423;4;12432
423;5;12867
423;6;13220
423;7;13243
423;8;13275
423;9;13763
423;10;13786
423;11;13945
423;12;14298
423;13;14317
423;14;14844
423;15;14859
423;16;14876
423;17;14904
423;18;14946
423;19;14948
423;20;14990
423;21;15037
423;22;15053
423;23;15223
423;24;15228
423;25;15231
423;26;15251
423;27;15264
423;28;15281
423;29;15307
423;30;15352
423;31;15379
423;32;15394
423;33;15410
423;34;15441
423;35;15454
423;36;15481
423;37;15491
423;38;15526
423;39;15585
424;1;8775
424;2;9288
424;3;9776
424;4;9851
424;5;10268
424;6;10296
424;7;10705
424;8;11140
424;9;11206
424;10;11393
424;11;11755
424;12;12240
424;13;12308
424;14;12370
424;15;12827
424;16;12843
424;17;12853
424;18;12882
424;19;13176
424;20;13701
424;21;14118
424;22;14581
424;23;14607
424;24;14632
424;25;14718
424;26;14976
424;27;14986
424;28;15018
424;29;15044
424;30;15095
424;31;15155
424;32;15161
424;33;15165
424;34;15178
424;35;15204
424;36;15231
424;37;15260
424;38;15279
424;39;15303
424;40;15305
424;41;15335
424;42;15368
424;43;15377
424;44;15403
424;45;15405
424;46;15435
424;47;15462
424;48;15467
424;49;15472
424;50;15512
424;51;15529
424;52;15562
425;1;9602
425;2;9618
425;3;9971
425;4;10496
425;5;10875
425;6;10946
425;7;10972
425;8;11424
425;9;11894
425;10;12291
425;11;12316
425;12;12346
425;13;12351
425;14;12376
425;15;12397
425;16;12444
425;17;12803
425;18;13136
425;19;13222
425;20;13281
425;21;13328
425;22;13420
425;23;13850
425;24;14335
425;25;14757
425;26;15058
425;27;15172
425;28;15185
425;29;15280
425;30;15304
425;31;15339
425;32;15381
425;33;15407
425;34;15431
425;35;15443
425;36;15490
425;37;15504
425;38;15531
425;39;15549
425;40;15566
425;41;15568
425;42;15569
425;43;15585
426;1;10238
426;2;10706
426;3;10967
426;4;11282
426;5;11645
426;6;11684
426;7;11716
426;8;12260
426;9;12311
426;10;12763
426;11;13079
426;12;13165
426;13;13202
426;14;13258
426;15;13636
426;16;13663
426;17;13758
426;18;13779
426;19;13783
426;20;14093
426;21;14146
426;22;14548
426;23;14569
426;24;14588
426;25;14607
426;26;14613
426;27;14657
426;28;14683
426;29;14702
426;30;14735
426;31;14760
426;32;14786
426;33;15085
426;34;15092
426;35;15139
426;36;15149
426;37;15163
426;38;15168
426;39;15195
426;40;15266
426;41;15270
426;42;15288
426;43;15359
426;44;15362
426;45;15404
426;46;15409
426;47;15420
426;48;15423
426;49;15458
426;50;15483
426;51;15487
426;52;15504
426;53;15522
426;54;15530
426;55;15548
426;56;15585
427;1;11407
427;2;11824
427;3;12180
427;4;12204
427;5;12717
427;6;12756
427;7;12783
427;8;13264
427;9;13309
427;10;13360
427;11;13697
427;12;13771
427;13;14122
427;14;14129
427;15;14537
427;16;14569
427;17;14925
427;18;14942
427;19;14958
427;20;15033
427;21;15096
427;22;15138
427;23;15164
427;24;15169
427;25;15195
427;26;15218
427;27;15258
427;28;15310
427;29;15352
427;30;15374
427;31;15393
427;32;15409
427;33;15412
427;34;15433
427;35;15459
427;36;15475
427;37;15480
427;38;15483
427;39;15539
427;40;15553
427;41;15566
427;42;15585
428;1;10962
428;2;11278
428;3;11373
428;4;11740
428;5;12167
428;6;12190
428;7;12584
428;8;12675
428;9;13089
428;10;13599
428;11;14113
428;12;14160
428;13;14226
428;14;14630
428;15;14634
428;16;14671
428;17;15104
428;18;15139
428;19;15181
428;20;15190
428;21;15199
428;22;15222
428;23;15268
428;24;15271
428;25;15286
428;26;15303
428;27;15316
428;28;15332
428;29;15343
428;30;15344
428;31;15354
428;32;15368
428;33;15371
428;34;15388
428;35;15417
428;36;15435
428;37;15465
428;38;15470
428;39;15485
428;40;15497
428;41;15514
428;42;15522
428;43;15525
428;44;15546
428;45;15562
429;1;10590
429;2;10889
429;3;11327
429;4;11815
429;5;11890
429;6;12358
429;7;12680
429;8;13121
429;9;13153
429;10;13669
429;11;13696
429;12;13722
429;13;13765
429;14;14306
429;15;14348
429;16;14712
429;17;14787
429;18;14850
429;19;14915
429;20;15267
429;21;15286
429;22;15321
429;23;15339
429;24;15372
429;25;15375
429;26;15392
429;27;15439
429;28;15457
429;29;15462
429;30;15472
429;31;15485
429;32;15491
429;33;15512
429;34;15521
429;35;15529
429;36;15553
429;37;15566
429;38;15585
430;1;9287
430;2;9305
430;3;9685
430;4;10166
430;5;10264
430;6;10681
430;7;10776
430;8;11060
430;9;11066
430;10;11083
430;11;11144
430;12;11589
430;13;11622
430;14;12000
430;15;12050
430;16;12069
430;17;12104
430;18;12111
430;19;12195
430;20;12203
430;21;12704
430;22;13160
430;23;13192
430;24;13216
430;25;13652
430;26;13677
430;27;14094
430;28;14124
430;29;14129
430;30;14281
430;31;14307
430;32;14349
430;33;14435
430;34;14444
430;35;14461
430;36;14736
430;37;14743
430;38;14824
430;39;14883
430;40;15099
430;41;15120
430;42;15137
430;43;15151
430;44;15213
430;45;15243
430;46;15294
430;47;15321
430;48;15353
430;49;15393
430;50;15400
430;51;15405
430;52;15442
430;53;15473
430;54;15492
430;55;15497
430;56;15510
430;57;15528
430;58;15542
430;59;15561
430;60;15562
431;1;10116
431;2;10166
431;3;10636
431;4;11152
431;5;11514
431;6;11549
431;7;12041
431;8;12495
431;9;12647
431;10;13090
431;11;13117
431;12;13138
431;13;13230
431;14;13526
431;15;13849
431;16;14114
431;17;14131
431;18;14165
431;19;14190
431;20;14264
431;21;14283
431;22;14289
431;23;14322
431;24;14335
431;25;14339
431;26;14348
431;27;14365
431;28;14412
431;29;14459
431;30;14460
431;31;14479
431;32;14541
431;33;14570
431;34;14590
431;35;14602
431;36;14962
431;37;15367
431;38;15391
431;39;15414
431;40;15419
431;41;15430
431;42;15447
431;43;15454
431;44;15496
431;45;15503
431;46;15516
431;47;15543
431;48;15562
432;1;11450
432;2;11466
432;3;11505
432;4;11537
432;5;11882
432;6;11945
432;7;12304
432;8;12371
432;9;12411
432;10;12448
432;11;12622
432;12;13087
432;13;13600
432;14;13642
432;15;13734
432;16;13793
432;17;14093
432;18;14134
432;19;14193
432;20;14610
432;21;14685
432;22;14737
432;23;14750
432;24;14769
432;25;15126
432;26;15145
432;27;15171
432;28;15187
432;29;15248
432;30;15274
432;31;15279
432;32;15336
432;33;15384
432;34;15410
432;35;15427
432;36;15432
432;37;15437
432;38;15451
432;39;15458
432;40;15463
432;41;15481
432;42;15483
432;43;15516
432;44;15521
432;45;15539
432;46;15552
432;47;15566
432;48;15567
432;49;15585
433;1;10316
433;2;10751
433;3;10777
433;4;11229
433;5;11699
433;6;11773
433;7;12241
433;8;12721
433;9;12748
433;10;13280
433;11;13306
433;12;13323
433;13;13775
433;14;14183
433;15;14220
433;16;14222
433;17;14459
433;18;14510
433;19;14523
433;20;14570
433;21;14610
433;22;14628
433;23;14658
433;24;14683
433;25;14718
433;26;14724
433;27;14751
433;28;14752
433;29;14777
433;30;14804
433;31;14823
433;32;14849
433;33;14854
433;34;15197
433;35;15214
433;36;15232
433;37;15262
433;38;15280
433;39;15327
433;40;15333
433;41;15337
433;42;15351
433;43;15354
433;44;15410
433;45;15411
433;46;15425
433;47;15444
433;48;15461
433;49;15467
433;50;15493
433;51;15499
433;52;15512
433;53;15521
433;54;15562
434;1;10301
434;2;10753
434;3;11098
434;4;11143
434;5;11172
434;6;11210
434;7;11285
434;8;11634
434;9;12102
434;10;12254
434;11;12655
434;12;13173
434;13;13499
434;14;13541
434;15;13567
434;16;13599
434;17;13641
434;18;13708
434;19;14065
434;20;14084
434;21;14101
434;22;14106
434;23;14131
434;24;14166
434;25;14606
434;26;14654
434;27;14755
434;28;14776
434;29;15160
434;30;15174
434;31;15209
434;32;15236
434;33;15239
434;34;15265
434;35;15295
434;36;15321
434;37;15396
434;38;15422
434;39;15467
434;40;15510
434;41;15526
434;42;15566
434;43;15585
435;1;10869
435;2;10909
435;3;11352
435;4;11791
435;5;12307
435;6;12678
435;7;12695
435;8;13144
435;9;13200
435;10;13251
435;11;13630
435;12;13654
435;13;13841
435;14;13880
435;15;13886
435;16;14286
435;17;14323
435;18;14349
435;19;14424
435;20;14841
435;21;14881
435;22;14898
435;23;15190
435;24;15192
435;25;15251
435;26;15256
435;27;15324
435;28;15330
435;29;15355
435;30;15360
435;31;15379
435;32;15400
435;33;15420
435;34;15433
435;35;15478
435;36;15492
435;37;15505
435;38;15519
435;39;15524
435;40;15542
435;41;15543
435;42;15561
435;43;15562
436;1;12362
436;2;12392
436;3;12770
436;4;12792
436;5;13209
436;6;13249
436;7;13436
436;8;13461
436;9;13496
436;10;13914
436;11;13954
436;12;13977
436;13;14391
436;14;14396
436;15;14788
436;16;15123
436;17;15170
436;18;15187
436;19;15206
436;20;15215
436;21;15229
436;22;15230
436;23;15275
436;24;15302
436;25;15313
436;26;15330
436;27;15334
436;28;15420
436;29;15479
436;30;15485
436;31;15512
436;32;15515
436;33;15541
436;34;15562
437;1;10220
437;2;10695
437;3;11048
437;4;11069
437;5;11127
437;6;11384
437;7;11421
437;8;11766
437;9;12103
437;10;12555
437;11;12584
437;12;13027
437;13;13048
437;14;13066
437;15;13158
437;16;13233
437;17;13665
437;18;13682
437;19;13687
437;20;13713
437;21;13865
437;22;13900
437;23;13926
437;24;14186
437;25;14211
437;26;14312
437;27;14641
437;28;14660
437;29;14666
437;30;14729
437;31;14731
437;32;14758
437;33;14782
437;34;14804
437;35;14841
437;36;14863
437;37;14883
437;38;14928
437;39;15336
437;40;15418
437;41;15434
437;42;15447
437;43;15462
437;44;15489
437;45;15497
437;46;15538
437;47;15540
437;48;15585
438;1;10671
438;2;10759
438;3;10776
438;4;10821
438;5;11222
438;6;11251
438;7;11298
438;8;11323
438;9;11677
438;10;11743
438;11;11761
438;12;11806
438;13;12179
438;14;12200
438;15;12224
438;16;12281
438;17;12356
438;18;12797
438;19;13289
438;20;13345
438;21;13370
438;22;13723
438;23;13790
438;24;14073
438;25;14147
438;26;14231
438;27;14268
438;28;14296
438;29;14358
438;30;14839
438;31;14881
438;32;15249
438;33;15313
438;34;15334
438;35;15340
438;36;15341
438;37;15346
438;38;15402
438;39;15449
438;40;15561
439;1;9149
439;2;9186
439;3;9641
439;4;9986
439;5;10049
439;6;10370
439;7;10875
439;8;11459
439;9;11929
439;10;12194
439;11;12269
439;12;12292
439;13;12384
439;14;12385
439;15;12390
439;16;12807
439;17;12826
439;18;13314
439;19;13400
439;20;13440
439;21;13466
439;22;13541
439;23;13798
439;24;13848
439;25;14273
439;26;14674
439;27;14728
439;28;14823
439;29;15186
439;30;15191
439;31;15238
439;32;15257
439;33;15283
439;34;15300
439;35;15338
439;36;15389
439;37;15454
439;38;15473
439;39;15477
439;40;15482
439;41;15494
439;42;15515
439;43;15520
439;44;15522
439;45;15538
439;46;15561
439;47;15585
440;1;10953
440;2;10979
440;3;11009
440;4;11322
440;5;11675
440;6;11687
440;7;12041
440;8;12493
440;9;12889
440;10;13268
440;11;13305
440;12;13748
440;13;13793
440;14;13795
440;15;13811
440;16;14127
440;17;14154
440;18;14194
440;19;14245
440;20;14271
440;21;14287
440;22;14288
440;23;14374
440;24;14709
440;25;14728
440;26;14735
440;27;14765
440;28;14776
440;29;14779
440;30;14782
440;31;15120
440;32;15152
440;33;15191
440;34;15253
440;35;15279
440;36;15291
440;37;15293
440;38;15302
440;39;15361
440;40;15401
440;41;15406
440;42;15448
440;43;15495
440;44;15498
440;45;15524
440;46;15529
440;47;15548
440;48;15567
440;49;15585
441;1;8506
441;2;8903
441;3;9265
441;4;9674
441;5;9716
441;6;9811
441;7;10256
441;8;10614
441;9;11040
441;10;11122
441;11;11500
441;12;11885
441;13;11898
441;14;12318
441;15;12681
441;16;13109
441;17;13123
441;18;13540
441;19;14084
441;20;14112
441;21;14133
441;22;14491
441;23;14518
441;24;14960
441;25;14973
441;26;15013
441;27;15074
441;28;15088
441;29;15169
441;30;15197
441;31;15207
441;32;15230
441;33;15275
441;34;15289
441;35;15307
441;36;15317
441;37;15344
441;38;15373
441;39;15398
441;40;15419
441;41;15421
441;42;15456
441;43;15457
441;44;15474
441;45;15507
441;46;15520
441;47;15544
441;48;15561
442;1;11263
442;2;11734
442;3;11809
442;4;11836
442;5;11841
442;6;11866
442;7;12347
442;8;12839
442;9;12870
442;10;13249
442;11;13632
442;12;14157
442;13;14176
442;14;14268
442;15;14310
442;16;14669
442;17;14724
442;18;15082
442;19;15101
442;20;15114
442;21;15132
442;22;15194
442;23;15197
442;24;15247
442;25;15274
442;26;15289
442;27;15305
442;28;15342
442;29;15359
442;30;15364
442;31;15365
442;32;15410
442;33;15427
442;34;15488
442;35;15507
442;36;15508
442;37;15549
442;38;15562
443;1;11426
443;2;11867
443;3;12408
443;4;12924
443;5;13394
443;6;13670
443;7;13729
443;8;13774
443;9;13881
443;10;13956
443;11;13991
443;12;14004
443;13;14299
443;14;14341
443;15;14383
443;16;14445
443;17;14731
443;18;14732
443;19;14794
443;20;14868
443;21;14897
443;22;14959
443;23;15248
443;24;15274
443;25;15277
443;26;15349
443;27;15382
443;28;15432
443;29;15473
443;30;15510
443;31;15516
443;32;15548
443;33;15566
443;34;15567
443;35;15585
444;1;11177
444;2;11213
444;3;11651
444;4;12032
444;5;12385
444;6;12771
444;7;12883
444;8;13245
444;9;13735
444;10;13766
444;11;13833
444;12;13875
444;13;14350
444;14;14474
444;15;14513
444;16;14572
444;17;14614
444;18;14709
444;19;15119
444;20;15158
444;21;15168
444;22;15189
444;23;15221
444;24;15292
444;25;15318
444;26;15344
444;27;15369
444;28;15411
444;29;15438
444;30;15459
444;31;15460
444;32;15484
444;33;15495
444;34;15500
444;35;15502
444;36;15552
444;37;15566
444;38;15585
445;1;10352
445;2;10417
445;3;10885
445;4;11358
445;5;11369
445;6;11861
445;7;11956
445;8;12015
445;9;12378
445;10;12386
445;11;12838
445;12;12873
445;13;13238
445;14;13636
445;15;13748
445;16;14126
445;17;14218
445;18;14549
445;19;14570
445;20;15011
445;21;15037
445;22;15063
445;23;15128
445;24;15171
445;25;15189
445;26;15198
445;27;15214
445;28;15267
445;29;15276
445;30;15321
445;31;15358
445;32;15399
445;33;15407
445;34;15429
445;35;15479
445;36;15500
445;37;15513
445;38;15522
445;39;15535
445;40;15561
445;41;15569
445;42;15585
446;1;10348
446;2;10399
446;3;10887
446;4;10913
446;5;11141
446;6;11165
446;7;11191
446;8;11489
446;9;11508
446;10;11886
446;11;11961
446;12;11982
446;13;12447
446;14;12740
446;15;13197
446;16;13722
446;17;13754
446;18;13783
446;19;13876
446;20;14236
446;21;14261
446;22;14324
446;23;14345
446;24;14729
446;25;15029
446;26;15048
446;27;15076
446;28;15162
446;29;15175
446;30;15191
446;31;15266
446;32;15284
446;33;15289
446;34;15290
446;35;15295
446;36;15298
446;37;15350
446;38;15367
446;39;15409
446;40;15418
446;41;15469
446;42;15470
446;43;15491
446;44;15507
446;45;15524
446;46;15561
447;1;9641
447;2;10109
447;3;10119
447;4;10498
447;5;11023
447;6;11541
447;7;11570
447;8;11899
447;9;12051
447;10;12449
447;11;12500
447;12;12532
447;13;12624
447;14;12669
447;15;12740
447;16;13093
447;17;13118
447;18;13416
447;19;13788
447;20;13900
447;21;13921
447;22;14208
447;23;14232
447;24;14327
447;25;14343
447;26;14368
447;27;14395
447;28;14401
447;29;14427
447;30;14749
447;31;14774
447;32;14790
447;33;14885
447;34;14895
447;35;14914
447;36;14939
447;37;15344
447;38;15363
447;39;15392
447;40;15419
447;41;15445
447;42;15472
447;43;15504
447;44;15535
447;45;15553
447;46;15572
447;47;15585
448;1;11428
448;2;11523
448;3;11729
448;4;11764
448;5;12282
448;6;12612
448;7;13028
448;8;13462
448;9;13920
448;10;13944
448;11;13961
448;12;14053
448;13;14078
448;14;14450
448;15;14845
448;16;14868
448;17;14889
448;18;14954
448;19;14996
448;20;15013
448;21;15032
448;22;15045
448;23;15101
448;24;15171
448;25;15222
448;26;15243
448;27;15285
448;28;15287
448;29;15304
448;30;15330
448;31;15356
448;32;15361
448;33;15362
448;34;15391
448;35;15409
448;36;15428
448;37;15454
448;38;15480
448;39;15520
448;40;15539
448;41;15572
448;42;15585
449;1;12033
449;2;12294
449;3;12336
449;4;12750
449;5;12801
449;6;12913
449;7;13354
449;8;13401
449;9;13418
449;10;13442
449;11;13473
449;12;13747
449;13;13789
449;14;13863
449;15;14154
449;16;14672
449;17;14693
449;18;15092
449;19;15127
449;20;15161
449;21;15178
449;22;15264
449;23;15282
449;24;15319
449;25;15382
449;26;15411
449;27;15419
449;28;15438
449;29;15446
449;30;15449
449;31;15482
449;32;15503
449;33;15511
449;34;15512
449;35;15530
449;36;15540
449;37;15553
450;1;11700
450;2;12192
450;3;12702
450;4;12749
450;5;13120
450;6;13149
450;7;13184
450;8;13560
450;9;13602
450;10;13677
450;11;14097
450;12;14114
450;13;14165
450;14;14598
450;15;14635
450;16;14682
450;17;14689
450;18;14702
450;19;14737
450;20;15040
450;21;15115
450;22;15157
450;23;15170
450;24;15191
450;25;15208
450;26;15214
450;27;15245
450;28;15254
450;29;15268
450;30;15290
450;31;15325
450;32;15331
450;33;15335
450;34;15359
450;35;15385
450;36;15402
450;37;15408
450;38;15445
450;39;15471
450;40;15476
450;41;15521
450;42;15547
450;43;15566
450;44;15585
451;1;10246
451;2;10347
451;3;10374
451;4;10826
451;5;11311
451;6;11773
451;7;11804
451;8;11833
451;9;11847
451;10;12322
451;11;12738
451;12;13091
451;13;13116
451;14;13190
451;15;13439
451;16;13456
451;17;13482
451;18;13521
451;19;13546
451;20;13963
451;21;13976
451;22;14163
451;23;14565
451;24;14583
451;25;14592
451;26;14622
451;27;15061
451;28;15094
451;29;15110
451;30;15121
451;31;15126
451;32;15140
451;33;15182
451;34;15217
451;35;15242
451;36;15259
451;37;15299
451;38;15303
451;39;15305
451;40;15333
451;41;15352
451;42;15369
451;43;15382
451;44;15422
451;45;15426
451;46;15451
451;47;15456
451;48;15493
451;49;15503
451;50;15506
451;51;15536
451;52;15545
451;53;15562
452;1;11176
452;2;11701
452;3;11766
452;4;12175
452;5;12534
452;6;12977
452;7;13340
452;8;13357
452;9;13638
452;10;13713
452;11;13730
452;12;13755
452;13;13782
452;14;14161
452;15;14203
452;16;14219
452;17;14562
452;18;14954
452;19;15029
452;20;15042
452;21;15060
452;22;15089
452;23;15095
452;24;15116
452;25;15175
452;26;15183
452;27;15184
452;28;15226
452;29;15271
452;30;15297
452;31;15308
452;32;15350
452;33;15371
452;34;15404
452;35;15407
452;36;15458
452;37;15500
452;38;15515
452;39;15531
452;40;15544
452;41;15585
453;1;10440
453;2;10854
453;3;11319
453;4;11698
453;5;11717
453;6;11746
453;7;12145
453;8;12170
453;9;12662
453;10;12754
453;11;13259
453;12;13536
453;13;13563
453;14;13889
453;15;14363
453;16;14400
453;17;14816
453;18;14837
453;19;14949
453;20;14953
453;21;15018
453;22;15019
453;23;15050
453;24;15082
453;25;15111
453;26;15272
453;27;15285
453;28;15303
453;29;15335
453;30;15336
453;31;15360
453;32;15400
453;33;15417
453;34;15431
453;35;15444
453;36;15470
453;37;15507
453;38;15548
453;39;15561
454;1;10996
454;2;11351
454;3;11795
454;4;12225
454;5;12631
454;6;13122
454;7;13146
454;8;13173
454;9;13233
454;10;13325
454;11;13345
454;12;13679
454;13;14061
454;14;14087
454;15;14092
454;16;14118
454;17;14457
454;18;14522
454;19;14608
454;20;14653
454;21;14682
454;22;14777
454;23;14797
454;24;14834
454;25;14855
454;26;14860
454;27;14863
454;28;14871
454;29;14901
454;30;14902
454;31;14937
454;32;14984
454;33;15011
454;34;15053
454;35;15124
454;36;15541
454;37;15554
454;38;15585
455;1;9637
455;2;9654
455;3;10178
455;4;10602
455;5;11040
455;6;11447
455;7;11508
455;8;11899
455;9;11962
455;10;11988
455;11;12405
455;12;12798
455;13;13223
455;14;13551
455;15;13626
455;16;13721
455;17;13737
455;18;13823
455;19;13874
455;20;13895
455;21;14264
455;22;14286
455;23;14625
455;24;14884
455;25;14996
455;26;15015
455;27;15057
455;28;15070
455;29;15105
455;30;15166
455;31;15185
455;32;15202
455;33;15249
455;34;15261
455;35;15298
455;36;15323
455;37;15340
455;38;15382
455;39;15413
455;40;15436
455;41;15452
455;42;15460
455;43;15519
455;44;15534
455;45;15566
455;46;15585
456;1;10481
456;2;10556
456;3;10809
456;4;11189
456;5;11194
456;6;11686
456;7;11714
456;8;12050
456;9;12373
456;10;12402
456;11;12699
456;12;12762
456;13;12765
456;14;12784
456;15;12789
456;16;13168
456;17;13186
456;18;13212
456;19;13536
456;20;13586
456;21;14074
456;22;14491
456;23;14968
456;24;14985
456;25;15012
456;26;15016
456;27;15049
456;28;15065
456;29;15066
456;30;15074
456;31;15089
456;32;15136
456;33;15140
456;34;15170
456;35;15201
456;36;15226
456;37;15232
456;38;15253
456;39;15258
456;40;15277
456;41;15335
456;42;15359
456;43;15386
456;44;15389
456;45;15390
456;46;15399
456;47;15404
456;48;15434
456;49;15459
456;50;15485
456;51;15509
456;52;15510
456;53;15511
456;54;15535
456;55;15538
456;56;15567
456;57;15585
457;1;11180
457;2;11621
457;3;11954
457;4;11959
457;5;11989
457;6;12383
457;7;12762
457;8;12767
457;9;12818
457;10;12844
457;11;12909
457;12;12935
457;13;12975
457;14;13002
457;15;13028
457;16;13445
457;17;13825
457;18;13996
457;19;14082
457;20;14101
457;21;14288
457;22;14296
457;23;14308
457;24;14606
457;25;15012
457;26;15036
457;27;15041
457;28;15088
457;29;15155
457;30;15217
457;31;15234
457;32;15276
457;33;15308
457;34;15317
457;35;15343
457;36;15361
457;37;15382
457;38;15432
457;39;15474
457;40;15475
457;41;15484
457;42;15521
457;43;15562
458;1;11265
458;2;11280
458;3;11740
458;4;12209
458;5;12258
458;6;12344
458;7;12857
458;8;12883
458;9;13152
458;10;13165
458;11;13178
458;12;13279
458;13;13287
458;14;13640
458;15;13659
458;16;14122
458;17;14127
458;18;14136
458;19;14166
458;20;14515
458;21;15031
458;22;15091
458;23;15105
458;24;15138
458;25;15145
458;26;15146
458;27;15171
458;28;15236
458;29;15299
458;30;15344
458;31;15365
458;32;15375
458;33;15391
458;34;15403
458;35;15434
458;36;15463
458;37;15471
458;38;15488
458;39;15518
458;40;15549
458;41;15553
459;1;12132
459;2;12494
459;3;12528
459;4;12578
459;5;12603
459;6;13002
459;7;13416
459;8;13737
459;9;14160
459;10;14421
459;11;14440
459;12;14451
459;13;14543
459;14;15011
459;15;15031
459;16;15035
459;17;15061
459;18;15126
459;19;15147
459;20;15171
459;21;15187
459;22;15249
459;23;15285
459;24;15288
459;25;15307
459;26;15311
459;27;15316
459;28;15337
459;29;15347
459;30;15349
459;31;15354
459;32;15367
459;33;15379
459;34;15409
459;35;15425
459;36;15439
459;37;15460
459;38;15469
459;39;15488
459;40;15502
459;41;15529
459;42;15532
459;43;15543
459;44;15562
460;1;10241
460;2;10272
460;3;10300
460;4;10768
460;5;11206
460;6;11259
460;7;11285
460;8;11702
460;9;12119
460;10;12536
460;11;12970
460;12;13349
460;13;13790
460;14;14168
460;15;14182
460;16;14498
460;17;14515
460;18;14555
460;19;14580
460;20;14622
460;21;14645
460;22;14658
460;23;14662
460;24;14681
460;25;14700
460;26;15104
460;27;15146
460;28;15191
460;29;15207
460;30;15233
460;31;15260
460;32;15311
460;33;15313
460;34;15318
460;35;15320
460;36;15321
460;37;15368
460;38;15394
460;39;15415
460;40;15441
460;41;15446
460;42;15453
460;43;15479
460;44;15514
460;45;15519
460;46;15540
460;47;15585
461;1;9979
461;2;10332
461;3;10602
461;4;11099
461;5;11185
461;6;11668
461;7;11695
461;8;12000
461;9;12042
461;10;12336
461;11;12366
461;12;12833
461;13;12852
461;14;12947
461;15;13039
461;16;13061
461;17;13124
461;18;13149
461;19;13205
461;20;13598
461;21;13627
461;22;13890
461;23;13906
461;24;13961
461;25;14204
461;26;14224
461;27;14231
461;28;14259
461;29;14277
461;30;14363
461;31;14370
461;32;14396
461;33;14470
461;34;14483
461;35;14558
461;36;14579
461;37;14584
461;38;15001
461;39;15027
461;40;15063
461;41;15089
461;42;15127
461;43;15190
461;44;15193
461;45;15198
461;46;15235
461;47;15259
461;48;15296
461;49;15299
461;50;15346
461;51;15360
461;52;15414
461;53;15425
461;54;15433
461;55;15452
461;56;15477
461;57;15493
461;58;15504
461;59;15520
461;60;15552
461;61;15566
461;62;15585
462;1;11128
462;2;11220
462;3;11654
462;4;11673
462;5;11748
462;6;12179
462;7;12230
462;8;12251
462;9;12513
462;10;12548
462;11;12579
462;12;12919
462;13;13384
462;14;13426
462;15;13757
462;16;14039
462;17;14507
462;18;14552
462;19;14617
462;20;14669
462;21;14744
462;22;14760
462;23;14823
462;24;14857
462;25;14908
462;26;14909
462;27;14949
462;28;14966
462;29;14985
462;30;14991
462;31;15017
462;32;15037
462;33;15038
462;34;15070
462;35;15102
462;36;15410
462;37;15502
462;38;15519
462;39;15538
462;40;15543
462;41;15572
462;42;15585
463;1;11531
463;2;11841
463;3;12310
463;4;12384
463;5;12421
463;6;12801
463;7;12836
463;8;13214
463;9;13242
463;10;13707
463;11;13711
463;12;14006
463;13;14072
463;14;14163
463;15;14168
463;16;14227
463;17;14254
463;18;14372
463;19;14461
463;20;14556
463;21;14607
463;22;14702
463;23;14728
463;24;14801
463;25;14831
463;26;14835
463;27;14854
463;28;14886
463;29;14898
463;30;14950
463;31;14969
463;32;14995
463;33;15020
463;34;15051
463;35;15098
463;36;15110
463;37;15131
463;38;15529
463;39;15548
463;40;15561
464;1;9787
464;2;9805
464;3;10273
464;4;10748
464;5;11223
464;6;11603
464;7;11645
464;8;12113
464;9;12601
464;10;12638
464;11;12976
464;12;12984
464;13;13351
464;14;13821
464;15;13847
464;16;13884
464;17;13889
464;18;13981
464;19;14237
464;20;14598
464;21;14616
464;22;14651
464;23;15029
464;24;15046
464;25;15121
464;26;15162
464;27;15210
464;28;15251
464;29;15276
464;30;15297
464;31;15356
464;32;15361
464;33;15377
464;34;15393
464;35;15412
464;36;15418
464;37;15433
464;38;15438
464;39;15452
464;40;15457
464;41;15473
464;42;15475
464;43;15492
464;44;15502
464;45;15519
464;46;15549
464;47;15562
465;1;10419
465;2;10904
465;3;11321
465;4;11383
465;5;11419
465;6;11440
465;7;11514
465;8;11825
465;9;11852
465;10;11878
465;11;11892
465;12;12176
465;13;12608
465;14;12907
465;15;12975
465;16;13034
465;17;13051
465;18;13394
465;19;13773
465;20;13836
465;21;14304
465;22;14349
465;23;14368
465;24;14463
465;25;14488
465;26;14504
465;27;14537
465;28;14542
465;29;14608
465;30;14611
465;31;14656
465;32;14667
465;33;14688
465;34;14701
465;35;14705
465;36;14718
465;37;15193
465;38;15196
465;39;15199
465;40;15206
465;41;15227
465;42;15240
465;43;15277
465;44;15282
465;45;15307
465;46;15320
465;47;15347
465;48;15348
465;49;15407
465;50;15419
465;51;15435
465;52;15454
465;53;15480
465;54;15485
465;55;15497
465;56;15511
465;57;15524
465;58;15530
465;59;15542
465;60;15561
466;1;10706
466;2;11084
466;3;11115
466;4;11450
466;5;11524
466;6;11916
466;7;12072
466;8;12098
466;9;12129
466;10;12200
466;11;12578
466;12;12744
466;13;12820
466;14;12825
466;15;12899
466;16;12950
466;17;12995
466;18;13398
466;19;13440
466;20;13451
466;21;13751
466;22;14175
466;23;14605
466;24;14628
466;25;14914
466;26;14977
466;27;15002
466;28;15094
466;29;15108
466;30;15126
466;31;15145
466;32;15155
466;33;15190
466;34;15210
466;35;15266
466;36;15297
466;37;15358
466;38;15363
466;39;15368
466;40;15410
466;41;15423
466;42;15440
466;43;15465
466;44;15491
466;45;15496
466;46;15500
466;47;15518
466;48;15534
466;49;15567
466;50;15585
467;1;9920
467;2;9953
467;3;10089
467;4;10570
467;5;10615
467;6;11032
467;7;11363
467;8;11389
467;9;11734
467;10;11747
467;11;11798
467;12;12252
467;13;12273
467;14;12302
467;15;12650
467;16;12687
467;17;13116
467;18;13462
467;19;13906
467;20;14015
467;21;14050
467;22;14092
467;23;14178
467;24;14224
467;25;14274
467;26;14307
467;27;14332
467;28;14379
467;29;14734
467;30;14808
467;31;15077
467;32;15108
467;33;15125
467;34;15237
467;35;15255
467;36;15272
467;37;15277
467;38;15283
467;39;15349
467;40;15368
467;41;15390
467;42;15398
467;43;15416
467;44;15446
467;45;15460
467;46;15505
467;47;15519
467;48;15521
467;49;15538
467;50;15561
467;51;15566
467;52;15585
468;1;10254
468;2;10607
468;3;11087
468;4;11114
468;5;11139
468;6;11580
468;7;11692
468;8;11718
468;9;11987
468;10;12024
468;11;12403
468;12;12454
468;13;12964
468;14;13370
468;15;13624
468;16;13642
468;17;14083
468;18;14175
468;19;14482
468;20;14533
468;21;14559
468;22;14586
468;23;14600
468;24;14610
468;25;14650
468;26;14663
468;27;14985
468;28;15027
468;29;15056
468;30;15084
468;31;15100
468;32;15135
468;33;15183
468;34;15184
468;35;15255
468;36;15280
468;37;15298
468;38;15300
468;39;15345
468;40;15385
468;41;15411
468;42;15425
468;43;15458
468;44;15471
468;45;15508
468;46;15538
468;47;15561
468;48;15585
469;1;12800
469;2;13241
469;3;13319
469;4;13370
469;5;13407
469;6;13991
469;7;14017
469;8;14036
469;9;14057
469;10;14309
469;11;14350
469;12;14365
469;13;14386
469;14;14700
469;15;15141
469;16;15160
469;17;15234
469;18;15293
469;19;15295
469;20;15328
469;21;15346
469;22;15374
469;23;15406
469;24;15427
469;25;15472
469;26;15503
469;27;15519
469;28;15537
469;29;15553
469;30;15566
469;31;15585
470;1;11435
470;2;11910
470;3;12272
470;4;12293
470;5;12321
470;6;12639
470;7;12706
470;8;12748
470;9;13142
470;10;13217
470;11;13632
470;12;13727
470;13;14105
470;14;14544
470;15;14859
470;16;14884
470;17;14919
470;18;14938
470;19;14940
470;20;14999
470;21;15032
470;22;15052
470;23;15099
470;24;15101
470;25;15141
470;26;15142
470;27;15151
470;28;15177
470;29;15178
470;30;15220
470;31;15243
470;32;15265
470;33;15270
470;34;15296
470;35;15307
470;36;15333
470;37;15351
470;38;15378
470;39;15402
470;40;15409
470;41;15430
470;42;15442
470;43;15447
470;44;15461
470;45;15479
470;46;15498
470;47;15511
470;48;15525
470;49;15544
470;50;15561
471;1;11424
471;2;11475
471;3;11522
471;4;11582
471;5;11844
471;6;11861
471;7;12233
471;8;12257
471;9;12409
471;10;12843
471;11;13181
471;12;13223
471;13;13318
471;14;13350
471;15;13392
471;16;13800
471;17;14086
471;18;14178
471;19;14475
471;20;14540
471;21;14573
471;22;14589
471;23;14606
471;24;14609
471;25;14646
471;26;14688
471;27;14727
471;28;14753
471;29;14758
471;30;14800
471;31;15128
471;32;15202
471;33;15222
471;34;15281
471;35;15286
471;36;15338
471;37;15364
471;38;15431
471;39;15433
471;40;15435
471;41;15468
471;42;15495
471;43;15508
471;44;15538
471;45;15562
472;1;10640
472;2;11063
472;3;11105
472;4;11131
472;5;11161
472;6;11506
472;7;11880
472;8;12300
472;9;12805
472;10;12824
472;11;12880
472;12;12901
472;13;12968
472;14;13420
472;15;13446
472;16;13479
472;17;13860
472;18;14225
472;19;14300
472;20;14721
472;21;14747
472;22;14784
472;23;14826
472;24;14916
472;25;14932
472;26;14979
472;27;14984
472;28;14990
472;29;14998
472;30;15011
472;31;15029
472;32;15039
472;33;15070
472;34;15117
472;35;15144
472;36;15561
473;1;12450
473;2;12492
473;3;12537
473;4;12941
473;5;13454
473;6;13738
473;7;14206
473;8;14211
473;9;14625
473;10;14644
473;11;14711
473;12;14725
473;13;15050
473;14;15060
473;15;15091
473;16;15121
473;17;15152
473;18;15161
473;19;15195
473;20;15212
473;21;15240
473;22;15254
473;23;15284
473;24;15285
473;25;15299
473;26;15328
473;27;15360
473;28;15407
473;29;15437
473;30;15455
473;31;15464
473;32;15483
473;33;15484
473;34;15498
473;35;15503
473;36;15506
473;37;15548
473;38;15567
473;39;15585
474;1;11389
474;2;11420
474;3;11434
474;4;11794
474;5;12233
474;6;12677
474;7;12694
474;8;12755
474;9;13068
474;10;13085
474;11;13535
474;12;13545
474;13;13571
474;14;13630
474;15;13695
474;16;13896
474;17;13917
474;18;14009
474;19;14012
474;20;14045
474;21;14112
474;22;14135
474;23;14186
474;24;14211
474;25;14232
474;26;14252
474;27;14294
474;28;14365
474;29;14394
474;30;14412
474;31;14444
474;32;14461
474;33;14475
474;34;14828
474;35;15120
474;36;15138
474;37;15180
474;38;15212
474;39;15307
474;40;15379
474;41;15389
474;42;15397
474;43;15409
474;44;15428
474;45;15441
474;46;15446
474;47;15464
474;48;15469
474;49;15502
474;50;15510
474;51;15519
474;52;15540
474;53;15542
474;54;15561
474;55;15562
475;1;10134
475;2;10590
475;3;10685
475;4;11175
475;5;11685
475;6;11704
475;7;11790
475;8;11830
475;9;12196
475;10;12247
475;11;12606
475;12;12999
475;13;13347
475;14;13790
475;15;13864
475;16;13869
475;17;13944
475;18;14222
475;19;14273
475;20;14291
475;21;14318
475;22;14343
475;23;14565
475;24;14624
475;25;15078
475;26;15173
475;27;15192
475;28;15293
475;29;15319
475;30;15334
475;31;15353
475;32;15360
475;33;15380
475;34;15386
475;35;15412
475;36;15447
475;37;15460
475;38;15505
475;39;15524
475;40;15548
475;41;15585
476;1;10065
476;2;10533
476;3;10847
476;4;11112
476;5;11117
476;6;11593
476;7;11668
476;8;11742
476;9;12326
476;10;12661
476;11;12680
476;12;12697
476;13;12723
476;14;13140
476;15;13162
476;16;13654
476;17;13717
476;18;13776
476;19;14208
476;20;14303
476;21;14771
476;22;14774
476;23;14787
476;24;14791
476;25;14836
476;26;15066
476;27;15095
476;28;15170
476;29;15190
476;30;15211
476;31;15229
476;32;15242
476;33;15317
476;34;15323
476;35;15375
476;36;15380
476;37;15422
476;38;15430
476;39;15448
476;40;15481
476;41;15510
476;42;15526
476;43;15546
476;44;15567
476;45;15585
477;1;11248
477;2;11253
477;3;11691
477;4;11717
477;5;12222
477;6;12297
477;7;12329
477;8;12854
477;9;13341
477;10;13758
477;11;13789
477;12;14219
477;13;14311
477;14;14353
477;15;14388
477;16;14399
477;17;14778
477;18;15142
477;19;15160
477;20;15166
477;21;15190
477;22;15203
477;23;15250
477;24;15311
477;25;15350
477;26;15390
477;27;15408
477;28;15413
477;29;15432
477;30;15445
477;31;15477
477;32;15494
477;33;15520
477;34;15552
477;35;15568
477;36;15585
478;1;8836
478;2;9279
478;3;9863
478;4;9942
478;5;10009
478;6;10427
478;7;10932
478;8;11331
478;9;11359
478;10;11630
478;11;11975
478;12;12049
478;13;12196
478;14;12263
478;15;12788
478;16;12859
478;17;12877
478;18;12892
478;19;13302
478;20;13661
478;21;14100
478;22;14447
478;23;14466
478;24;14491
478;25;14985
478;26;15011
478;27;15016
478;28;15019
478;29;15035
478;30;15037
478;31;15039
478;32;15060
478;33;15087
478;34;15122
478;35;15139
478;36;15176
478;37;15195
478;38;15220
478;39;15244
478;40;15261
478;41;15313
478;42;15318
478;43;15355
478;44;15360
478;45;15391
478;46;15413
478;47;15428
478;48;15442
478;49;15455
478;50;15463
478;51;15473
478;52;15489
478;53;15521
478;54;15532
478;55;15548
478;56;15569
478;57;15585
479;1;10116
479;2;10178
479;3;10229
479;4;10292
479;5;10730
479;6;10761
479;7;10811
479;8;10885
479;9;10908
479;10;10996
479;11;11013
479;12;11392
479;13;11861
479;14;12212
479;15;12254
479;16;12671
479;17;12683
479;18;13103
479;19;13446
479;20;13521
479;21;13723
479;22;14139
479;23;14492
479;24;14604
479;25;14705
479;26;14731
479;27;14736
479;28;14754
479;29;14793
479;30;14822
479;31;14838
479;32;15069
479;33;15078
479;34;15091
479;35;15112
479;36;15177
479;37;15219
479;38;15229
479;39;15233
479;40;15247
479;41;15266
479;42;15317
479;43;15333
479;44;15354
479;45;15359
479;46;15380
479;47;15422
479;48;15433
479;49;15448
479;50;15467
479;51;15493
479;52;15500
479;53;15526
479;54;15543
479;55;15561
479;56;15562
480;1;10547
480;2;10926
480;3;11364
480;4;11399
480;5;11834
480;6;11848
480;7;12205
480;8;12538
480;9;12597
480;10;12618
480;11;13123
480;12;13522
480;13;13572
480;14;13603
480;15;13927
480;16;13929
480;17;14024
480;18;14036
480;19;14066
480;20;14092
480;21;14158
480;22;14177
480;23;14218
480;24;14259
480;25;14294
480;26;14342
480;27;14348
480;28;14375
480;29;14429
480;30;14458
480;31;14470
480;32;14533
480;33;14608
480;34;14666
480;35;14680
480;36;15012
480;37;15029
480;38;15047
480;39;15065
480;40;15102
480;41;15399
480;42;15408
480;43;15434
480;44;15464
480;45;15481
480;46;15500
480;47;15515
480;48;15532
480;49;15556
480;50;15569
480;51;15572
480;52;15585
481;1;10298
481;2;10405
481;3;10784
481;4;11269
481;5;11787
481;6;11974
481;7;11993
481;8;12356
481;9;12779
481;10;12784
481;11;13276
481;12;13302
481;13;13321
481;14;13789
481;15;13821
481;16;13880
481;17;14269
481;18;14295
481;19;14300
481;20;14322
481;21;14392
481;22;14421
481;23;14434
481;24;14438
481;25;14470
481;26;14497
481;27;14511
481;28;14532
481;29;14544
481;30;14548
481;31;14573
481;32;14578
481;33;14584
481;34;14617
481;35;14638
481;36;14643
481;37;15042
481;38;15045
481;39;15050
481;40;15062
481;41;15089
481;42;15341
481;43;15377
481;44;15383
481;45;15435
481;46;15440
481;47;15453
481;48;15494
481;49;15501
481;50;15520
481;51;15525
481;52;15543
481;53;15544
481;54;15561
481;55;15562
482;1;11588
482;2;12029
482;3;12130
482;4;12622
482;5;13060
482;6;13477
482;7;13551
482;8;13580
482;9;13962
482;10;14001
482;11;14290
482;12;14325
482;13;14852
482;14;14869
482;15;14963
482;16;15003
482;17;15009
482;18;15026
482;19;15047
482;20;15055
482;21;15090
482;22;15109
482;23;15132
482;24;15147
482;25;15168
482;26;15181
482;27;15478
482;28;15496
482;29;15529
482;30;15566
482;31;15585
483;1;9359
483;2;9886
483;3;10470
483;4;10834
483;5;11101
483;6;11253
483;7;11285
483;8;11380
483;9;11383
483;10;11662
483;11;12136
483;12;12169
483;13;12201
483;14;12220
483;15;12573
483;16;12668
483;17;12763
483;18;13307
483;19;13619
483;20;13652
483;21;13682
483;22;13709
483;23;13743
483;24;14175
483;25;14188
483;26;14249
483;27;14542
483;28;14568
483;29;14898
483;30;14907
483;31;15002
483;32;15097
483;33;15115
483;34;15160
483;35;15202
483;36;15204
483;37;15207
483;38;15225
483;39;15246
483;40;15272
483;41;15297
483;42;15311
483;43;15333
483;44;15338
483;45;15354
483;46;15370
483;47;15383
483;48;15385
483;49;15397
483;50;15439
483;51;15458
483;52;15461
483;53;15479
483;54;15492
483;55;15497
483;56;15502
483;57;15527
483;58;15537
483;59;15553
484;1;9215
484;2;9243
484;3;9280
484;4;9755
484;5;10081
484;6;10173
484;7;10232
484;8;10258
484;9;10576
484;10;10603
484;11;10665
484;12;11209
484;13;11652
484;14;12144
484;15;12165
484;16;12510
484;17;12542
484;18;12919
484;19;12930
484;20;12967
484;21;13324
484;22;13700
484;23;13766
484;24;13811
484;25;13858
484;26;14322
484;27;14344
484;28;14614
484;29;14628
484;30;14655
484;31;14676
484;32;14717
484;33;14736
484;34;14746
484;35;14764
484;36;14803
484;37;14848
484;38;14907
484;39;14916
484;40;15202
484;41;15210
484;42;15243
484;43;15268
484;44;15276
484;45;15323
484;46;15341
484;47;15368
484;48;15370
484;49;15375
484;50;15391
484;51;15420
484;52;15435
484;53;15447
484;54;15473
484;55;15490
484;56;15503
484;57;15507
484;58;15521
484;59;15540
484;60;15553
484;61;15562
485;1;11069
485;2;11466
485;3;11886
485;4;11931
485;5;12207
485;6;12212
485;7;12562
485;8;12966
485;9;13360
485;10;13719
485;11;13805
485;12;13830
485;13;13836
485;14;13852
485;15;14010
485;16;14060
485;17;14123
485;18;14514
485;19;14539
485;20;14551
485;21;14571
485;22;14663
485;23;14740
485;24;14768
485;25;15141
485;26;15143
485;27;15148
485;28;15169
485;29;15188
485;30;15249
485;31;15267
485;32;15273
485;33;15298
485;34;15318
485;35;15319
485;36;15321
485;37;15330
485;38;15366
485;39;15383
485;40;15388
485;41;15408
485;42;15439
485;43;15473
485;44;15491
485;45;15510
485;46;15524
485;47;15542
485;48;15561
485;49;15562
486;1;10565
486;2;10607
486;3;10608
486;4;11076
486;5;11228
486;6;11565
486;7;11590
486;8;11623
486;9;11976
486;10;12355
486;11;12380
486;12;12776
486;13;12842
486;14;12873
486;15;12902
486;16;12923
486;17;12942
486;18;13322
486;19;13699
486;20;14174
486;21;14236
486;22;14240
486;23;14282
486;24;14625
486;25;14667
486;26;14724
486;27;14776
486;28;14824
486;29;15102
486;30;15131
486;31;15165
486;32;15189
486;33;15210
486;34;15257
486;35;15274
486;36;15333
486;37;15364
486;38;15367
486;39;15375
486;40;15396
486;41;15447
486;42;15457
486;43;15490
486;44;15509
486;45;15522
486;46;15538
486;47;15541
486;48;15562
486;49;15567
486;50;15585
487;1;10336
487;2;10775
487;3;11189
487;4;11617
487;5;12085
487;6;12373
487;7;12429
487;8;12461
487;9;12474
487;10;12819
487;11;13218
487;12;13235
487;13;13644
487;14;13736
487;15;13748
487;16;13843
487;17;13869
487;18;13875
487;19;13911
487;20;13953
487;21;14377
487;22;14442
487;23;14769
487;24;14792
487;25;15209
487;26;15234
487;27;15265
487;28;15289
487;29;15292
487;30;15299
487;31;15316
487;32;15358
487;33;15385
487;34;15404
487;35;15428
487;36;15433
487;37;15451
487;38;15488
487;39;15507
487;40;15520
487;41;15521
487;42;15562
488;1;13139
488;2;13459
488;3;13478
488;4;13877
488;5;13969
488;6;14020
488;7;14115
488;8;14166
488;9;14203
488;10;14695
488;11;14755
488;12;14936
488;13;14937
488;14;14962
488;15;14964
488;16;15023
488;17;15098
488;18;15103
488;19;15115
488;20;15128
488;21;15147
488;22;15155
488;23;15230
488;24;15283
488;25;15304
488;26;15306
488;27;15323
488;28;15333
488;29;15355
488;30;15368
488;31;15394
488;32;15398
488;33;15428
488;34;15438
488;35;15455
488;36;15471
488;37;15482
488;38;15508
488;39;15521
488;40;15562
489;1;11466
489;2;11487
489;3;11513
489;4;11555
489;5;11902
489;6;12260
489;7;12335
489;8;12669
489;9;12743
489;10;12818
489;11;13248
489;12;13268
489;13;13318
489;14;13685
489;15;13722
489;16;14190
489;17;14240
489;18;14653
489;19;14668
489;20;14669
489;21;14693
489;22;14779
489;23;15188
489;24;15194
489;25;15197
489;26;15210
489;27;15228
489;28;15258
489;29;15305
489;30;15318
489;31;15344
489;32;15351
489;33;15364
489;34;15374
489;35;15409
489;36;15414
489;37;15440
489;38;15459
489;39;15485
489;40;15509
489;41;15526
489;42;15543
489;43;15552
489;44;15568
489;45;15585
490;1;8461
490;2;8475
490;3;8790
490;4;8807
490;5;8825
490;6;9216
490;7;9234
490;8;9699
490;9;10278
490;10;10631
490;11;10636
490;12;11088
490;13;11441
490;14;11820
490;15;11846
490;16;11859
490;17;11910
490;18;12378
490;19;12683
490;20;13126
490;21;13147
490;22;13540
490;23;13566
490;24;13618
490;25;13639
490;26;13984
490;27;14058
490;28;14184
490;29;14216
490;30;14494
490;31;14499
490;32;14525
490;33;14559
490;34;14579
490;35;14618
490;36;14636
490;37;14642
490;38;14675
490;39;15030
490;40;15063
490;41;15115
490;42;15151
490;43;15165
490;44;15197
490;45;15210
490;46;15277
490;47;15309
490;48;15335
490;49;15401
490;50;15410
490;51;15429
490;52;15452
490;53;15538
490;54;15553
490;55;15585
491;1;10370
491;2;10397
491;3;10913
491;4;11256
491;5;11596
491;6;11622
491;7;11985
491;8;12027
491;9;12053
491;10;12078
491;11;12110
491;12;12122
491;13;12587
491;14;12612
491;15;13028
491;16;13496
491;17;13528
491;18;13958
491;19;14050
491;20;14125
491;21;14167
491;22;14185
491;23;14259
491;24;14622
491;25;14627
491;26;14646
491;27;14649
491;28;14660
491;29;14676
491;30;14681
491;31;14698
491;32;14712
491;33;14718
491;34;14742
491;35;14773
491;36;14790
491;37;14830
491;38;14834
491;39;15064
491;40;15154
491;41;15172
491;42;15205
491;43;15215
491;44;15282
491;45;15284
491;46;15331
491;47;15350
491;48;15359
491;49;15367
491;50;15392
491;51;15425
491;52;15457
491;53;15476
491;54;15489
491;55;15507
491;56;15548
491;57;15561
491;58;15562
492;1;9276
492;2;9714
492;3;10206
492;4;10243
492;5;10671
492;6;10905
492;7;10947
492;8;11212
492;9;11244
492;10;11685
492;11;11751
492;12;11760
492;13;11807
492;14;12299
492;15;12318
492;16;12831
492;17;12926
492;18;13201
492;19;13597
492;20;13614
492;21;13647
492;22;13678
492;23;13703
492;24;13738
492;25;13756
492;26;13815
492;27;13876
492;28;13882
492;29;13937
492;30;14282
492;31;14348
492;32;14395
492;33;14672
492;34;14733
492;35;14765
492;36;14784
492;37;14825
492;38;14846
492;39;14860
492;40;14893
492;41;14935
492;42;14944
492;43;14945
492;44;14992
492;45;14999
492;46;15015
492;47;15421
492;48;15432
492;49;15477
492;50;15483
492;51;15498
492;52;15504
492;53;15517
492;54;15522
492;55;15532
492;56;15548
492;57;15566
492;58;15585
493;1;11215
493;2;11503
493;3;11596
493;4;11968
493;5;12361
493;6;12778
493;7;13195
493;8;13535
493;9;13900
493;10;13961
493;11;13982
493;12;14029
493;13;14104
493;14;14452
493;15;14468
493;16;14482
493;17;14499
493;18;14551
493;19;14570
493;20;14621
493;21;14647
493;22;14678
493;23;14720
493;24;14765
493;25;15114
493;26;15119
493;27;15170
493;28;15230
493;29;15246
493;30;15249
493;31;15275
493;32;15296
493;33;15315
493;34;15365
493;35;15410
493;36;15466
493;37;15469
493;38;15482
493;39;15499
493;40;15544
494;1;9926
494;2;10288
494;3;10350
494;4;10831
494;5;10906
494;6;10932
494;7;11006
494;8;11392
494;9;11442
494;10;11507
494;11;11512
494;12;11934
494;13;11939
494;14;11958
494;15;12433
494;16;12751
494;17;12814
494;18;13149
494;19;13548
494;20;13623
494;21;14054
494;22;14099
494;23;14132
494;24;14188
494;25;14254
494;26;14268
494;27;14626
494;28;14663
494;29;14680
494;30;14689
494;31;14702
494;32;14777
494;33;14819
494;34;14861
494;35;14883
494;36;14911
494;37;14997
494;38;15013
494;39;15039
494;40;15049
494;41;15086
494;42;15113
494;43;15126
494;44;15156
494;45;15434
494;46;15484
494;47;15511
494;48;15562
495;1;11272
495;2;11314
495;3;11426
495;4;11779
495;5;12104
495;6;12539
495;7;12579
495;8;12628
495;9;12652
495;10;13196
495;11;13321
495;12;13801
495;13;13828
495;14;13902
495;15;13988
495;16;14227
495;17;14228
495;18;14248
495;19;14265
495;20;14271
495;21;14300
495;22;14367
495;23;14441
495;24;14838
495;25;14843
495;26;14880
495;27;14922
495;28;14940
495;29;14953
495;30;15306
495;31;15307
495;32;15326
495;33;15401
495;34;15422
495;35;15430
495;36;15456
495;37;15461
495;38;15480
495;39;15487
495;40;15512
495;41;15538
495;42;15585
496;1;10854
496;2;10902
496;3;11427
496;4;11519
496;5;11561
496;6;11995
496;7;12032
496;8;12385
496;9;12799
496;10;13096
496;11;13418
496;12;13423
496;13;13440
496;14;13482
496;15;13920
496;16;14405
496;17;14419
496;18;14862
496;19;14892
496;20;14910
496;21;14913
496;22;14935
496;23;14939
496;24;14965
496;25;14984
496;26;15013
496;27;15038
496;28;15054
496;29;15064
496;30;15106
496;31;15132
496;32;15184
496;33;15186
496;34;15205
496;35;15252
496;36;15299
496;37;15311
496;38;15397
496;39;15417
496;40;15421
496;41;15447
496;42;15461
496;43;15480
496;44;15499
496;45;15512
496;46;15521
496;47;15562
497;1;9522
497;2;9557
497;3;9968
497;4;9997
497;5;10462
497;6;10891
497;7;10956
497;8;11394
497;9;11409
497;10;11430
497;11;11847
497;12;12363
497;13;12741
497;14;13237
497;15;13678
497;16;14203
497;17;14228
497;18;14516
497;19;14563
497;20;14603
497;21;14624
497;22;14671
497;23;14687
497;24;14698
497;25;15166
497;26;15195
497;27;15201
497;28;15203
497;29;15206
497;30;15212
497;31;15239
497;32;15265
497;33;15294
497;34;15320
497;35;15353
497;36;15388
497;37;15409
497;38;15439
497;39;15463
497;40;15476
497;41;15502
497;42;15507
497;43;15526
497;44;15527
497;45;15544
497;46;15585
498;1;10927
498;2;10978
498;3;11333
498;4;11709
498;5;12161
498;6;12509
498;7;12556
498;8;12598
498;9;12635
498;10;12665
498;11;13104
498;12;13130
498;13;13205
498;14;13466
498;15;13653
498;16;14031
498;17;14060
498;18;14092
498;19;14122
498;20;14663
498;21;14689
498;22;14703
498;23;14743
498;24;14829
498;25;15132
498;26;15198
498;27;15231
498;28;15249
498;29;15253
498;30;15279
498;31;15284
498;32;15299
498;33;15317
498;34;15367
498;35;15376
498;36;15383
498;37;15426
498;38;15456
498;39;15469
498;40;15486
498;41;15491
498;42;15507
498;43;15526
498;44;15534
498;45;15566
498;46;15585
499;1;9892
499;2;9931
499;3;9963
499;4;10316
499;5;10378
499;6;10425
499;7;10940
499;8;10943
499;9;11381
499;10;11759
499;11;11809
499;12;11840
499;13;11899
499;14;12335
499;15;12564
499;16;12893
499;17;12938
499;18;12965
499;19;13386
499;20;13439
499;21;13458
499;22;13899
499;23;13915
499;24;13989
499;25;14026
499;26;14084
499;27;14572
499;28;14577
499;29;14642
499;30;14658
499;31;14939
499;32;14970
499;33;14984
499;34;15026
499;35;15178
499;36;15182
499;37;15201
499;38;15313
499;39;15348
499;40;15349
499;41;15399
499;42;15405
499;43;15452
499;44;15458
499;45;15474
499;46;15500
499;47;15505
499;48;15524
499;49;15553
499;50;15566
499;51;15572
499;52;15585
500;1;9403
500;2;9846
500;3;10362
500;4;10379
500;5;10394
500;6;10756
500;7;10769
500;8;10864
500;9;10906
500;10;10932
500;11;11277
500;12;11340
500;13;11396
500;14;11583
500;15;12101
500;16;12187
500;17;12494
500;18;12854
500;19;13238
500;20;13305
500;21;13310
500;22;13405
500;23;13497
500;24;13936
500;25;13950
500;26;14272
500;27;14660
500;28;14676
500;29;14710
500;30;14734
500;31;14739
500;32;14771
500;33;14832
500;34;14874
500;35;14900
500;36;14929
500;37;14976
500;38;15393
500;39;15410
500;40;15434
500;41;15443
500;42;15448
500;43;15465
500;44;15515
500;45;15533
500;46;15552
500;47;15564
500;48;15585
501;1;10917
501;2;11444
501;3;11536
501;4;11555
501;5;11900
501;6;12280
501;7;12793
501;8;12798
501;9;13263
501;10;13578
501;11;13989
501;12;14342
501;13;14347
501;14;14372
501;15;14398
501;16;14457
501;17;14532
501;18;14931
501;19;15026
501;20;15077
501;21;15082
501;22;15087
501;23;15098
501;24;15114
501;25;15135
501;26;15155
501;27;15156
501;28;15206
501;29;15246
501;30;15267
501;31;15293
501;32;15326
501;33;15377
501;34;15393
501;35;15400
501;36;15432
501;37;15459
501;38;15485
501;39;15511
501;40;15524
501;41;15566
501;42;15585
502;1;10351
502;2;10663
502;3;10682
502;4;11096
502;5;11126
502;6;11152
502;7;11166
502;8;11528
502;9;11782
502;10;12143
502;11;12607
502;12;12672
502;13;12693
502;14;13163
502;15;13198
502;16;13290
502;17;13356
502;18;13696
502;19;13759
502;20;13764
502;21;13769
502;22;13777
502;23;13822
502;24;14145
502;25;14178
502;26;14440
502;27;14510
502;28;14531
502;29;14556
502;30;14622
502;31;14708
502;32;14733
502;33;14742
502;34;14789
502;35;14808
502;36;14828
502;37;14833
502;38;14846
502;39;14864
502;40;14880
502;41;14894
502;42;14895
502;43;14935
502;44;14940
502;45;14949
502;46;14970
502;47;14977
502;48;14979
502;49;15321
502;50;15396
502;51;15401
502;52;15427
502;53;15469
502;54;15494
502;55;15517
502;56;15522
502;57;15548
502;58;15569
502;59;15585
503;1;9649
503;2;9723
503;3;10166
503;4;10610
503;5;10662
503;6;10680
503;7;11100
503;8;11119
503;9;11528
503;10;11542
503;11;11904
503;12;11971
503;13;12021
503;14;12289
503;15;12320
503;16;12362
503;17;12415
503;18;12434
503;19;12785
503;20;12822
503;21;13195
503;22;13624
503;23;13719
503;24;14003
503;25;14074
503;26;14133
503;27;14158
503;28;14194
503;29;14510
503;30;14528
503;31;14594
503;32;14922
503;33;14942
503;34;14972
503;35;15009
503;36;15051
503;37;15063
503;38;15076
503;39;15095
503;40;15149
503;41;15176
503;42;15181
503;43;15206
503;44;15233
503;45;15292
503;46;15329
503;47;15342
503;48;15368
503;49;15381
503;50;15406
503;51;15437
503;52;15453
503;53;15464
503;54;15467
503;55;15481
503;56;15488
503;57;15512
503;58;15544
504;1;8161
504;2;8520
504;3;8985
504;4;9021
504;5;9087
504;6;9425
504;7;9778
504;8;9818
504;9;10235
504;10;10678
504;11;10710
504;12;11084
504;13;11149
504;14;11528
504;15;11549
504;16;11610
504;17;12007
504;18;12406
504;19;12465
504;20;12507
504;21;12544
504;22;12610
504;23;12655
504;24;12750
504;25;13076
504;26;13081
504;27;13123
504;28;13160
504;29;13187
504;30;13406
504;31;13855
504;32;14163
504;33;14214
504;34;14247
504;35;14456
504;36;14493
504;37;14556
504;38;14566
504;39;14584
504;40;14642
504;41;14684
504;42;14714
504;43;14716
504;44;14772
504;45;14797
504;46;15190
504;47;15232
504;48;15252
504;49;15303
504;50;15350
504;51;15362
504;52;15400
504;53;15427
504;54;15440
504;55;15459
504;56;15465
504;57;15482
504;58;15490
504;59;15516
504;60;15543
504;61;15562
505;1;11945
505;2;12435
505;3;12905
505;4;12952
505;5;12960
505;6;13002
505;7;13405
505;8;13426
505;9;13868
505;10;14293
505;11;14621
505;12;14653
505;13;14718
505;14;14726
505;15;14743
505;16;15137
505;17;15153
505;18;15170
505;19;15202
505;20;15209
505;21;15221
505;22;15239
505;23;15302
505;24;15327
505;25;15364
505;26;15389
505;27;15397
505;28;15424
505;29;15475
505;30;15488
505;31;15515
505;32;15520
505;33;15521
505;34;15539
505;35;15551
505;36;15554
505;37;15572
505;38;15585
506;1;11338
506;2;11343
506;3;11681
506;4;11992
506;5;12084
506;6;12374
506;7;12392
506;8;12467
506;9;12796
506;10;12812
506;11;13226
506;12;13557
506;13;13589
506;14;13951
506;15;14004
506;16;14036
506;17;14068
506;18;14077
506;19;14169
506;20;14184
506;21;14240
506;22;14243
506;23;14267
506;24;14349
506;25;14394
506;26;14693
506;27;14730
506;28;14760
506;29;14777
506;30;14800
506;31;15115
506;32;15118
506;33;15184
506;34;15295
506;35;15296
506;36;15315
506;37;15325
506;38;15351
506;39;15405
506;40;15428
506;41;15440
506;42;15450
506;43;15454
506;44;15471
506;45;15473
506;46;15490
506;47;15494
506;48;15507
506;49;15528
506;50;15542
506;51;15561
506;52;15562
507;1;10062
507;2;10081
507;3;10156
507;4;10181
507;5;10217
507;6;10591
507;7;10914
507;8;11293
507;9;11809
507;10;12261
507;11;12356
507;12;12781
507;13;13246
507;14;13773
507;15;14166
507;16;14447
507;17;14503
507;18;14577
507;19;14587
507;20;14637
507;21;14670
507;22;14883
507;23;14894
507;24;14907
507;25;14952
507;26;14991
507;27;15010
507;28;15031
507;29;15048
507;30;15071
507;31;15115
507;32;15149
507;33;15186
507;34;15248
507;35;15293
507;36;15345
507;37;15360
507;38;15387
507;39;15413
507;40;15422
507;41;15427
507;42;15448
507;43;15453
507;44;15474
507;45;15479
507;46;15497
507;47;15516
507;48;15529
507;49;15553
507;50;15562
508;1;9092
508;2;9108
508;3;9134
508;4;9453
508;5;9548
508;6;9888
508;7;9896
508;8;9997
508;9;10427
508;10;10831
508;11;11299
508;12;11711
508;13;11803
508;14;11813
508;15;11827
508;16;11887
508;17;11973
508;18;12429
508;19;12461
508;20;12475
508;21;12850
508;22;12945
508;23;12947
508;24;13332
508;25;13357
508;26;13389
508;27;13846
508;28;13853
508;29;14262
508;30;14288
508;31;14789
508;32;15141
508;33;15156
508;34;15186
508;35;15199
508;36;15236
508;37;15295
508;38;15311
508;39;15338
508;40;15349
508;41;15435
508;42;15456
508;43;15473
508;44;15499
508;45;15525
508;46;15544
508;47;15585
509;1;9861
509;2;10183
509;3;10258
509;4;10743
509;5;11024
509;6;11386
509;7;11423
509;8;11448
509;9;11475
509;10;11620
509;11;11636
509;12;12116
509;13;12520
509;14;12834
509;15;12848
509;16;12887
509;17;12912
509;18;12919
509;19;12975
509;20;12990
509;21;13005
509;22;13031
509;23;13351
509;24;13377
509;25;13816
509;26;13843
509;27;13858
509;28;13874
509;29;13967
509;30;13972
509;31;13993
509;32;14059
509;33;14312
509;34;14750
509;35;14767
509;36;14862
509;37;14880
509;38;15254
509;39;15260
509;40;15297
509;41;15322
509;42;15338
509;43;15358
509;44;15371
509;45;15377
509;46;15403
509;47;15420
509;48;15439
509;49;15452
509;50;15460
509;51;15486
509;52;15507
509;53;15533
509;54;15552
509;55;15569
509;56;15585
510;1;9508
510;2;9558
510;3;10011
510;4;10427
510;5;10831
510;6;10839
510;7;11287
510;8;11346
510;9;11802
510;10;12275
510;11;12349
510;12;12355
510;13;12392
510;14;12484
510;15;12510
510;16;12572
510;17;13034
510;18;13120
510;19;13145
510;20;13166
510;21;13660
510;22;13675
510;23;13717
510;24;13970
510;25;13987
510;26;14079
510;27;14398
510;28;14790
510;29;14817
510;30;14864
510;31;14897
510;32;14902
510;33;15236
510;34;15273
510;35;15340
510;36;15350
510;37;15355
510;38;15385
510;39;15394
510;40;15441
510;41;15454
510;42;15460
510;43;15461
510;44;15513
510;45;15531
510;46;15537
510;47;15554
510;48;15572
510;49;15585
511;1;12399
511;2;12819
511;3;13198
511;4;13551
511;5;13556
511;6;14028
511;7;14054
511;8;14108
511;9;14159
511;10;14206
511;11;14211
511;12;14578
511;13;14615
511;14;14632
511;15;14665
511;16;14683
511;17;14691
511;18;15053
511;19;15112
511;20;15154
511;21;15255
511;22;15274
511;23;15300
511;24;15329
511;25;15349
511;26;15373
511;27;15380
511;28;15399
511;29;15455
511;30;15468
511;31;15490
511;32;15503
511;33;15507
511;34;15520
511;35;15561
511;36;15562
512;1;11455
512;2;11907
512;3;12321
512;4;12640
512;5;12715
512;6;12762
512;7;13136
512;8;13392
512;9;13752
512;10;13793
512;11;13809
512;12;14172
512;13;14178
512;14;14237
512;15;14684
512;16;14726
512;17;14758
512;18;14784
512;19;14809
512;20;14825
512;21;14882
512;22;14929
512;23;14972
512;24;15070
512;25;15075
512;26;15093
512;27;15117
512;28;15131
512;29;15346
512;30;15434
512;31;15439
512;32;15452
512;33;15463
512;34;15484
512;35;15515
512;36;15552
512;37;15585
513;1;8624
513;2;8977
513;3;8998
513;4;9185
513;5;9252
513;6;9687
513;7;10065
513;8;10590
513;9;10969
513;10;11011
513;11;11408
513;12;11825
513;13;12160
513;14;12181
513;15;12293
513;16;12763
513;17;12828
513;18;13296
513;19;13766
513;20;13826
513;21;13843
513;22;13888
513;23;13963
513;24;14341
513;25;14694
513;26;14699
513;27;14761
513;28;14762
513;29;14766
513;30;14772
513;31;14841
513;32;14900
513;33;15236
513;34;15288
513;35;15293
513;36;15335
513;37;15360
513;38;15385
513;39;15395
513;40;15412
513;41;15417
513;42;15443
513;43;15490
513;44;15509
513;45;15519
513;46;15535
513;47;15572
513;48;15585
514;1;11132
514;2;11600
514;3;12048
514;4;12465
514;5;12470
514;6;12875
514;7;13201
514;8;13234
514;9;13276
514;10;13550
514;11;13555
514;12;13562
514;13;14146
514;14;14205
514;15;14210
514;16;14284
514;17;14331
514;18;14360
514;19;14411
514;20;14470
514;21;14921
514;22;14922
514;23;14945
514;24;14977
514;25;14998
514;26;15002
514;27;15047
514;28;15089
514;29;15116
514;30;15133
514;31;15145
514;32;15158
514;33;15190
514;34;15511
514;35;15529
514;36;15561
514;37;15585
515;1;10891
515;2;11316
515;3;11470
515;4;11521
515;5;11962
515;6;12245
515;7;12270
515;8;12337
515;9;12343
515;10;12747
515;11;13215
515;12;13310
515;13;13339
515;14;13767
515;15;13785
515;16;13832
515;17;13857
515;18;13918
515;19;14236
515;20;14262
515;21;14703
515;22;14768
515;23;14805
515;24;15300
515;25;15395
515;26;15430
515;27;15441
515;28;15462
515;29;15495
515;30;15526
515;31;15535
515;32;15552
515;33;15553
515;34;15585
516;1;8380
516;2;8907
516;3;9252
516;4;9271
516;5;9653
516;6;10138
516;7;10618
516;8;10669
516;9;10711
516;10;10746
516;11;11145
516;12;11573
516;13;11946
516;14;11959
516;15;11978
516;16;12004
516;17;12548
516;18;12971
516;19;13008
516;20;13441
516;21;13458
516;22;13874
516;23;14220
516;24;14475
516;25;14483
516;26;14528
516;27;14532
516;28;14557
516;29;14606
516;30;14637
516;31;14676
516;32;14702
516;33;14776
516;34;14800
516;35;14824
516;36;15154
516;37;15182
516;38;15185
516;39;15187
516;40;15191
516;41;15208
516;42;15233
516;43;15234
516;44;15267
516;45;15285
516;46;15360
516;47;15393
516;48;15409
516;49;15427
516;50;15439
516;51;15460
516;52;15463
516;53;15482
516;54;15490
516;55;15535
516;56;15554
516;57;15585
517;1;9564
517;2;9676
517;3;10260
517;4;10770
517;5;10789
517;6;11204
517;7;11299
517;8;11305
517;9;11345
517;10;11729
517;11;12202
517;12;12207
517;13;12549
517;14;12979
517;15;13364
517;16;13736
517;17;13757
517;18;13759
517;19;13760
517;20;14228
517;21;14684
517;22;14742
517;23;14759
517;24;14854
517;25;15078
517;26;15098
517;27;15120
517;28;15131
517;29;15168
517;30;15227
517;31;15287
517;32;15306
517;33;15312
517;34;15320
517;35;15343
517;36;15368
517;37;15372
517;38;15387
517;39;15413
517;40;15440
517;41;15472
517;42;15477
517;43;15479
517;44;15498
517;45;15511
517;46;15518
517;47;15523
517;48;15555
517;49;15572
517;50;15585
518;1;10099
518;2;10477
518;3;10915
518;4;11459
518;5;11554
518;6;11568
518;7;11601
518;8;11627
518;9;11989
518;10;12024
518;11;12085
518;12;12483
518;13;12670
518;14;13100
518;15;13159
518;16;13564
518;17;13907
518;18;14268
518;19;14284
518;20;14359
518;21;14436
518;22;14454
518;23;14516
518;24;14542
518;25;14561
518;26;14894
518;27;14905
518;28;15243
518;29;15269
518;30;15274
518;31;15281
518;32;15307
518;33;15310
518;34;15369
518;35;15383
518;36;15397
518;37;15398
518;38;15403
518;39;15406
518;40;15413
518;41;15426
518;42;15457
518;43;15473
518;44;15490
518;45;15494
518;46;15527
518;47;15532
518;48;15553
518;49;15562
519;1;11736
519;2;12159
519;3;12175
519;4;12640
519;5;12994
519;6;13036
519;7;13097
519;8;13585
519;9;13601
519;10;13622
519;11;13673
519;12;13710
519;13;13718
519;14;13731
519;15;13750
519;16;13776
519;17;14172
519;18;14518
519;19;14569
519;20;14599
519;21;14613
519;22;14800
519;23;14845
519;24;14863
519;25;14881
519;26;14919
519;27;14933
519;28;14950
519;29;15008
519;30;15016
519;31;15035
519;32;15060
519;33;15371
519;34;15413
519;35;15444
519;36;15495
519;37;15522
519;38;15538
519;39;15543
519;40;15561
520;1;12500
520;2;12542
520;3;12554
520;4;12559
520;5;12601
520;6;12629
520;7;12650
520;8;12692
520;9;12943
520;10;13342
520;11;13369
520;12;13395
520;13;13432
520;14;13435
520;15;13506
520;16;13532
520;17;13548
520;18;13567
520;19;13573
520;20;13635
520;21;13993
520;22;14019
520;23;14085
520;24;14103
520;25;14177
520;26;14652
520;27;14673
520;28;14691
520;29;15040
520;30;15114
520;31;15145
520;32;15152
520;33;15171
520;34;15218
520;35;15263
520;36;15282
520;37;15289
520;38;15301
520;39;15324
520;40;15371
520;41;15395
520;42;15404
520;43;15409
520;44;15435
520;45;15456
520;46;15493
520;47;15535
520;48;15572
520;49;15585
521;1;11100
521;2;11565
521;3;11570
521;4;11591
521;5;11600
521;6;11739
521;7;12158
521;8;12631
521;9;12659
521;10;12685
521;11;12706
521;12;13046
521;13;13073
521;14;13234
521;15;13242
521;16;13627
521;17;14078
521;18;14115
521;19;14132
521;20;14133
521;21;14234
521;22;14689
521;23;14734
521;24;14750
521;25;14785
521;26;14812
521;27;14868
521;28;14907
521;29;14920
521;30;14950
521;31;15250
521;32;15292
521;33;15311
521;34;15314
521;35;15351
521;36;15367
521;37;15406
521;38;15427
521;39;15430
521;40;15435
521;41;15454
521;42;15475
521;43;15501
521;44;15506
521;45;15520
521;46;15538
521;47;15540
521;48;15552
521;49;15566
521;50;15585
522;1;10525
522;2;10990
522;3;11421
522;4;11452
522;5;11468
522;6;11855
522;7;12285
522;8;12614
522;9;13071
522;10;13166
522;11;13208
522;12;13236
522;13;13273
522;14;13682
522;15;13777
522;16;13802
522;17;14132
522;18;14360
522;19;14399
522;20;14420
522;21;14431
522;22;14468
522;23;14526
522;24;14551
522;25;14851
522;26;14868
522;27;14877
522;28;14914
522;29;14988
522;30;15063
522;31;15084
522;32;15159
522;33;15166
522;34;15169
522;35;15214
522;36;15221
522;37;15266
522;38;15280
522;39;15289
522;40;15310
522;41;15317
522;42;15325
522;43;15342
522;44;15355
522;45;15366
522;46;15369
522;47;15411
522;48;15444
522;49;15454
522;50;15467
522;51;15500
522;52;15521
522;53;15526
522;54;15531
522;55;15544
522;56;15585
523;1;10884
523;2;11394
523;3;11759
523;4;11776
523;5;11794
523;6;11855
523;7;11910
523;8;12002
523;9;12093
523;10;12156
523;11;12251
523;12;12643
523;13;12693
523;14;13015
523;15;13533
523;16;13575
523;17;13676
523;18;14157
523;19;14519
523;20;14538
523;21;14589
523;22;14593
523;23;14685
523;24;14687
523;25;14741
523;26;14749
523;27;15063
523;28;15079
523;29;15083
523;30;15130
523;31;15136
523;32;15178
523;33;15188
523;34;15205
523;35;15226
523;36;15247
523;37;15252
523;38;15254
523;39;15301
523;40;15320
523;41;15339
523;42;15352
523;43;15357
523;44;15362
523;45;15423
523;46;15470
523;47;15488
523;48;15493
523;49;15521
523;50;15526
523;51;15544
523;52;15585
524;1;10665
524;2;11003
524;3;11402
524;4;11799
524;5;11844
524;6;11939
524;7;12377
524;8;12797
524;9;12802
524;10;12819
524;11;13245
524;12;13280
524;13;13514
524;14;13529
524;15;13580
524;16;14048
524;17;14122
524;18;14167
524;19;14642
524;20;14717
524;21;14744
524;22;15260
524;23;15285
524;24;15286
524;25;15305
524;26;15310
524;27;15338
524;28;15343
524;29;15364
524;30;15411
524;31;15469
524;32;15486
524;33;15514
524;34;15540
524;35;15561
524;36;15562
525;1;10860
525;2;11277
525;3;11304
525;4;11329
525;5;11703
525;6;11890
525;7;11920
525;8;12284
525;9;12308
525;10;12724
525;11;12742
525;12;12789
525;13;13206
525;14;13583
525;15;13608
525;16;13650
525;17;14088
525;18;14340
525;19;14341
525;20;14400
525;21;14427
525;22;14498
525;23;14533
525;24;14607
525;25;14702
525;26;14730
525;27;14767
525;28;14788
525;29;14835
525;30;14854
525;31;14877
525;32;14883
525;33;14911
525;34;14928
525;35;14946
525;36;14963
525;37;15058
525;38;15085
525;39;15130
525;40;15151
525;41;15486
525;42;15504
525;43;15516
525;44;15535
525;45;15572
525;46;15585
526;1;10140
526;2;10537
526;3;11022
526;4;11527
526;5;11598
526;6;11944
526;7;11948
526;8;12007
526;9;12387
526;10;12707
526;11;13089
526;12;13184
526;13;13203
526;14;13269
526;15;13303
526;16;13714
526;17;14047
526;18;14055
526;19;14073
526;20;14078
526;21;14097
526;22;14572
526;23;14591
526;24;14724
526;25;14982
526;26;15009
526;27;15043
526;28;15080
526;29;15088
526;30;15106
526;31;15148
526;32;15165
526;33;15221
526;34;15247
526;35;15281
526;36;15300
526;37;15333
526;38;15356
526;39;15382
526;40;15395
526;41;15407
526;42;15424
526;43;15439
526;44;15461
526;45;15506
526;46;15511
526;47;15530
526;48;15543
526;49;15561
526;50;15562
527;1;8382
527;2;8872
527;3;8889
527;4;9248
527;5;9262
527;6;9679
527;7;9842
527;8;9861
527;9;9871
527;10;10330
527;11;10359
527;12;10824
527;13;11169
527;14;11537
527;15;11850
527;16;11887
527;17;12317
527;18;12410
527;19;12912
527;20;13099
527;21;13448
527;22;13462
527;23;13468
527;24;13495
527;25;13537
527;26;13563
527;27;13960
527;28;13987
527;29;14286
527;30;14381
527;31;14856
527;32;14903
527;33;14916
527;34;14965
527;35;14990
527;36;15008
527;37;15015
527;38;15039
527;39;15056
527;40;15082
527;41;15092
527;42;15120
527;43;15131
527;44;15152
527;45;15180
527;46;15209
527;47;15268
527;48;15284
527;49;15302
527;50;15316
527;51;15335
527;52;15343
527;53;15360
527;54;15375
527;55;15396
527;56;15430
527;57;15446
527;58;15488
527;59;15512
527;60;15549
527;61;15566
527;62;15585
528;1;10122
528;2;10127
528;3;10194
528;4;10230
528;5;10269
528;6;10642
528;7;10794
528;8;11232
528;9;11608
528;10;11700
528;11;12099
528;12;12411
528;13;12474
528;14;12501
528;15;12718
528;16;13223
528;17;13708
528;18;13763
528;19;13811
528;20;13853
528;21;13862
528;22;13948
528;23;13976
528;24;13998
528;25;14259
528;26;14556
528;27;14657
528;28;14669
528;29;14686
528;30;15073
528;31;15116
528;32;15179
528;33;15218
528;34;15222
528;35;15233
528;36;15238
528;37;15269
528;38;15271
528;39;15280
528;40;15298
528;41;15311
528;42;15327
528;43;15358
528;44;15409
528;45;15428
528;46;15470
528;47;15481
528;48;15494
528;49;15514
528;50;15553
529;1;11192
529;2;11736
529;3;11744
529;4;11775
529;5;12114
529;6;12301
529;7;12342
529;8;12766
529;9;12792
529;10;12853
529;11;12895
529;12;13413
529;13;13848
529;14;14161
529;15;14180
529;16;14588
529;17;14680
529;18;15058
529;19;15085
529;20;15090
529;21;15124
529;22;15210
529;23;15261
529;24;15277
529;25;15288
529;26;15309
529;27;15361
529;28;15390
529;29;15392
529;30;15408
529;31;15429
529;32;15431
529;33;15457
529;34;15497
529;35;15521
529;36;15543
529;37;15562
530;1;10615
530;2;10628
530;3;10720
530;4;10738
530;5;10755
530;6;11223
530;7;11248
530;8;11285
530;9;11626
530;10;11631
530;11;12048
530;12;12115
530;13;12632
530;14;12661
530;15;12674
530;16;12725
530;17;12799
530;18;12800
530;19;13244
530;20;13484
530;21;13543
530;22;13922
530;23;13923
530;24;14343
530;25;14372
530;26;14409
530;27;14414
530;28;14416
530;29;14799
530;30;14807
530;31;14833
530;32;15125
530;33;15137
530;34;15154
530;35;15161
530;36;15179
530;37;15216
530;38;15263
530;39;15289
530;40;15307
530;41;15331
530;42;15340
530;43;15369
530;44;15388
530;45;15451
530;46;15458
530;47;15468
530;48;15469
530;49;15486
530;50;15519
530;51;15538
530;52;15543
530;53;15561
530;54;15562
531;1;11217
531;2;11369
531;3;11705
531;4;12289
531;5;12341
531;6;12406
531;7;12847
531;8;13195
531;9;13261
531;10;13609
531;11;13653
531;12;13666
531;13;13697
531;14;14059
531;15;14096
531;16;14151
531;17;14502
531;18;14577
531;19;14802
531;20;14847
531;21;14852
531;22;14926
531;23;14945
531;24;14962
531;25;15008
531;26;15026
531;27;15036
531;28;15062
531;29;15104
531;30;15107
531;31;15111
531;32;15142
531;33;15168
531;34;15192
531;35;15213
531;36;15229
531;37;15246
531;38;15267
531;39;15294
531;40;15313
531;41;15330
531;42;15356
531;43;15393
531;44;15424
531;45;15440
531;46;15455
531;47;15472
531;48;15502
531;49;15521
531;50;15562
532;1;13446
532;2;13866
532;3;13899
532;4;13973
532;5;14015
532;6;14019
532;7;14084
532;8;14253
532;9;14282
532;10;14382
532;11;14545
532;12;14592
532;13;14897
532;14;15084
532;15;15110
532;16;15124
532;17;15161
532;18;15201
532;19;15252
532;20;15299
532;21;15323
532;22;15325
532;23;15343
532;24;15347
532;25;15371
532;26;15396
532;27;15412
532;28;15420
532;29;15437
532;30;15450
532;31;15455
532;32;15476
532;33;15492
532;34;15511
532;35;15552
532;36;15568
532;37;15585
533;1;9693
533;2;9728
533;3;10169
533;4;10578
533;5;10609
533;6;11013
533;7;11501
533;8;11917
533;9;12262
533;10;12596
533;11;12670
533;12;12671
533;13;12690
533;14;13158
533;15;13578
533;16;13641
533;17;14023
533;18;14065
533;19;14520
533;20;14538
533;21;14564
533;22;14904
533;23;14929
533;24;15004
533;25;15048
533;26;15096
533;27;15141
533;28;15148
533;29;15163
533;30;15181
533;31;15233
533;32;15250
533;33;15267
533;34;15273
533;35;15288
533;36;15312
533;37;15317
533;38;15319
533;39;15340
533;40;15391
533;41;15404
533;42;15463
533;43;15468
533;44;15471
533;45;15506
533;46;15543
533;47;15567
533;48;15585
534;1;10889
534;2;11405
534;3;11500
534;4;11845
534;5;12213
534;6;12238
534;7;12339
534;8;12756
534;9;12789
534;10;13111
534;11;13130
534;12;13225
534;13;13254
534;14;13279
534;15;13743
534;16;14099
534;17;14441
534;18;14542
534;19;14617
534;20;14649
534;21;14668
534;22;14733
534;23;14759
534;24;15156
534;25;15215
534;26;15246
534;27;15248
534;28;15264
534;29;15289
534;30;15300
534;31;15312
534;32;15331
534;33;15337
534;34;15388
534;35;15399
534;36;15474
534;37;15500
534;38;15526
534;39;15561
534;40;15585
535;1;11935
535;2;12352
535;3;12394
535;4;12412
535;5;12428
535;6;12460
535;7;12759
535;8;13027
535;9;13044
535;10;13422
535;11;13464
535;12;13816
535;13;14306
535;14;14391
535;15;14440
535;16;14467
535;17;14491
535;18;14500
535;19;14515
535;20;14557
535;21;14649
535;22;14651
535;23;15040
535;24;15077
535;25;15096
535;26;15113
535;27;15155
535;28;15167
535;29;15218
535;30;15237
535;31;15253
535;32;15267
535;33;15288
535;34;15292
535;35;15313
535;36;15371
535;37;15376
535;38;15421
535;39;15463
535;40;15471
535;41;15488
535;42;15505
535;43;15506
535;44;15534
535;45;15549
535;46;15566
535;47;15572
535;48;15585
536;1;11047
536;2;11052
536;3;11450
536;4;11814
536;5;11851
536;6;11906
536;7;11943
536;8;12044
536;9;12396
536;10;12441
536;11;12502
536;12;12846
536;13;13305
536;14;13397
536;15;13418
536;16;13508
536;17;13894
536;18;14257
536;19;14614
536;20;14651
536;21;14680
536;22;14685
536;23;14748
536;24;14771
536;25;14849
536;26;14854
536;27;14879
536;28;14899
536;29;14915
536;30;14942
536;31;14968
536;32;14972
536;33;14975
536;34;14994
536;35;15003
536;36;15356
536;37;15377
536;38;15403
536;39;15430
536;40;15435
536;41;15453
536;42;15458
536;43;15468
536;44;15484
536;45;15489
536;46;15507
536;47;15520
536;48;15561
536;49;15562
537;1;10737
537;2;11250
537;3;11325
537;4;11705
537;5;11800
537;6;12270
537;7;12362
537;8;12707
537;9;12826
537;10;13149
537;11;13499
537;12;13530
537;13;13565
537;14;13617
537;15;14107
537;16;14182
537;17;14482
537;18;14541
537;19;14554
537;20;14893
537;21;14895
537;22;14941
537;23;14944
537;24;14968
537;25;15010
537;26;15016
537;27;15032
537;28;15111
537;29;15122
537;30;15173
537;31;15248
537;32;15323
537;33;15335
537;34;15380
537;35;15385
537;36;15452
537;37;15462
537;38;15499
537;39;15516
537;40;15525
537;41;15542
537;42;15548
537;43;15561
537;44;15562
538;1;10152
538;2;10569
538;3;10590
538;4;11055
538;5;11085
538;6;11136
538;7;11663
538;8;12042
538;9;12523
538;10;12548
538;11;12882
538;12;13281
538;13;13376
538;14;13418
538;15;13471
538;16;13516
538;17;13548
538;18;13834
538;19;13908
538;20;13955
538;21;14399
538;22;14406
538;23;14588
538;24;14940
538;25;14948
538;26;14993
538;27;15105
538;28;15130
538;29;15163
538;30;15168
538;31;15184
538;32;15210
538;33;15231
538;34;15277
538;35;15288
538;36;15317
538;37;15336
538;38;15351
538;39;15393
538;40;15407
538;41;15421
538;42;15453
538;43;15480
538;44;15499
538;45;15512
538;46;15517
538;47;15535
538;48;15554
538;49;15564
538;50;15585
539;1;11902
539;2;12383
539;3;12737
539;4;13082
539;5;13565
539;6;13612
539;7;13641
539;8;13880
539;9;13897
539;10;13938
539;11;14033
539;12;14057
539;13;14075
539;14;14120
539;15;14157
539;16;14463
539;17;14488
539;18;14827
539;19;14864
539;20;14866
539;21;14875
539;22;14897
539;23;14922
539;24;14964
539;25;15050
539;26;15057
539;27;15102
539;28;15150
539;29;15179
539;30;15196
539;31;15247
539;32;15251
539;33;15280
539;34;15293
539;35;15295
539;36;15301
539;37;15318
539;38;15348
539;39;15378
539;40;15423
539;41;15426
539;42;15444
539;43;15470
539;44;15474
539;45;15503
539;46;15517
539;47;15522
539;48;15549
539;49;15562
540;1;9965
540;2;10470
540;3;10537
540;4;10600
540;5;10910
540;6;11263
540;7;11284
540;8;11315
540;9;11375
540;10;11734
540;11;12150
540;12;12568
540;13;12639
540;14;12660
540;15;12665
540;16;13103
540;17;13157
540;18;13170
540;19;13175
540;20;13446
540;21;13505
540;22;13515
540;23;13872
540;24;13923
540;25;14420
540;26;14512
540;27;14607
540;28;15080
540;29;15132
540;30;15207
540;31;15242
540;32;15287
540;33;15306
540;34;15351
540;35;15396
540;36;15416
540;37;15423
540;38;15468
540;39;15485
540;40;15511
540;41;15527
540;42;15553
540;43;15566
540;44;15568
540;45;15585
541;1;10309
541;2;10314
541;3;10501
541;4;10515
541;5;10541
541;6;10997
541;7;11316
541;8;11711
541;9;12115
541;10;12120
541;11;12633
541;12;12684
541;13;13110
541;14;13136
541;15;13561
541;16;13580
541;17;13983
541;18;14187
541;19;14195
541;20;14522
541;21;14623
541;22;14625
541;23;14627
541;24;14649
541;25;14694
541;26;14714
541;27;14770
541;28;14997
541;29;15038
541;30;15067
541;31;15094
541;32;15116
541;33;15167
541;34;15182
541;35;15196
541;36;15201
541;37;15237
541;38;15253
541;39;15298
541;40;15357
541;41;15393
541;42;15395
541;43;15412
541;44;15439
541;45;15454
541;46;15480
541;47;15493
541;48;15511
541;49;15512
541;50;15543
541;51;15561
541;52;15562
542;1;9932
542;2;10352
542;3;10844
542;4;10862
542;5;11380
542;6;11709
542;7;12182
542;8;12224
542;9;12320
542;10;12825
542;11;12872
542;12;13360
542;13;13764
542;14;14280
542;15;14676
542;16;15004
542;17;15048
542;18;15052
542;19;15099
542;20;15129
542;21;15153
542;22;15169
542;23;15175
542;24;15240
542;25;15256
542;26;15261
542;27;15306
542;28;15322
542;29;15348
542;30;15353
542;31;15371
542;32;15388
542;33;15396
542;34;15401
542;35;15420
542;36;15462
542;37;15474
542;38;15475
542;39;15493
542;40;15513
542;41;15525
542;42;15544
542;43;15585
543;1;9504
543;2;9857
543;3;10384
543;4;10814
543;5;11240
543;6;11720
543;7;12131
543;8;12148
543;9;12552
543;10;12578
543;11;12993
543;12;13012
543;13;13104
543;14;13483
543;15;13548
543;16;13598
543;17;14046
543;18;14072
543;19;14147
543;20;14492
543;21;14801
543;22;14827
543;23;14843
543;24;14873
543;25;14892
543;26;14939
543;27;14957
543;28;15049
543;29;15094
543;30;15101
543;31;15111
543;32;15153
543;33;15175
543;34;15194
543;35;15199
543;36;15255
543;37;15271
543;38;15311
543;39;15321
543;40;15330
543;41;15342
543;42;15393
543;43;15435
543;44;15461
543;45;15482
543;46;15508
543;47;15521
543;48;15562
544;1;11254
544;2;11275
544;3;11695
544;4;11714
544;5;12189
544;6;12773
544;7;12798
544;8;12835
544;9;13252
544;10;13614
544;11;13647
544;12;13786
544;13;14122
544;14;14500
544;15;14542
544;16;14547
544;17;14589
544;18;14663
544;19;14692
544;20;14757
544;21;15197
544;22;15214
544;23;15236
544;24;15261
544;25;15303
544;26;15330
544;27;15363
544;28;15372
544;29;15374
544;30;15383
544;31;15393
544;32;15412
544;33;15450
544;34;15485
544;35;15502
544;36;15507
544;37;15525
544;38;15541
544;39;15554
544;40;15567
544;41;15585
545;1;10514
545;2;10609
545;3;11059
545;4;11437
545;5;11472
545;6;11539
545;7;11543
545;8;12026
545;9;12371
545;10;12397
545;11;12416
545;12;12792
545;13;12855
545;14;12880
545;15;12925
545;16;12984
545;17;13284
545;18;13309
545;19;13384
545;20;13401
545;21;13425
545;22;13877
545;23;14174
545;24;14583
545;25;14604
545;26;14644
545;27;14655
545;28;14691
545;29;15055
545;30;15085
545;31;15092
545;32;15137
545;33;15150
545;34;15176
545;35;15214
545;36;15242
545;37;15258
545;38;15272
545;39;15314
545;40;15318
545;41;15339
545;42;15362
545;43;15388
545;44;15407
545;45;15424
545;46;15444
545;47;15449
545;48;15470
545;49;15484
545;50;15489
545;51;15516
545;52;15540
545;53;15572
545;54;15585
546;1;10692
546;2;11122
546;3;11364
546;4;11750
546;5;11773
546;6;11805
546;7;12222
546;8;12253
546;9;12694
546;10;13126
546;11;13129
546;12;13145
546;13;13208
546;14;13233
546;15;13308
546;16;13333
546;17;13359
546;18;13660
546;19;13691
546;20;13756
546;21;14098
546;22;14135
546;23;14161
546;24;14182
546;25;14253
546;26;14270
546;27;14639
546;28;14660
546;29;14702
546;30;14720
546;31;15120
546;32;15146
546;33;15173
546;34;15175
546;35;15193
546;36;15203
546;37;15217
546;38;15237
546;39;15263
546;40;15284
546;41;15319
546;42;15344
546;43;15355
546;44;15360
546;45;15361
546;46;15378
546;47;15394
546;48;15411
546;49;15420
546;50;15424
546;51;15437
546;52;15443
546;53;15469
546;54;15488
546;55;15493
546;56;15511
546;57;15544
547;1;10909
547;2;11398
547;3;11454
547;4;11880
547;5;11896
547;6;11947
547;7;12300
547;8;12699
547;9;12774
547;10;12886
547;11;13342
547;12;13641
547;13;13712
547;14;14065
547;15;14455
547;16;14458
547;17;14826
547;18;14885
547;19;14922
547;20;14953
547;21;14962
547;22;15029
547;23;15054
547;24;15075
547;25;15082
547;26;15157
547;27;15204
547;28;15226
547;29;15231
547;30;15234
547;31;15266
547;32;15303
547;33;15304
547;34;15325
547;35;15370
547;36;15417
547;37;15439
547;38;15465
547;39;15492
547;40;15529
547;41;15542
547;42;15561
548;1;11332
548;2;11784
548;3;12146
548;4;12193
548;5;12198
548;6;12216
548;7;12248
548;8;12269
548;9;12737
548;10;12745
548;11;12795
548;12;12846
548;13;12851
548;14;13156
548;15;13570
548;16;13588
548;17;13607
548;18;13768
548;19;13785
548;20;13812
548;21;14304
548;22;14309
548;23;14659
548;24;14718
548;25;14744
548;26;14803
548;27;14830
548;28;14836
548;29;14873
548;30;14892
548;31;14922
548;32;14949
548;33;14967
548;34;15275
548;35;15293
548;36;15335
548;37;15380
548;38;15425
548;39;15438
548;40;15439
548;41;15458
548;42;15459
548;43;15476
548;44;15492
548;45;15505
548;46;15519
548;47;15524
548;48;15538
548;49;15543
548;50;15561
548;51;15562
549;1;9882
549;2;9977
549;3;10431
549;4;10543
549;5;10594
549;6;10611
549;7;11031
549;8;11483
549;9;11509
549;10;11943
549;11;11984
549;12;12404
549;13;12456
549;14;12531
549;15;12911
549;16;13368
549;17;13431
549;18;13440
549;19;13793
549;20;14130
549;21;14159
549;22;14189
549;23;14240
549;24;14277
549;25;14628
549;26;14660
549;27;15149
549;28;15190
549;29;15235
549;30;15259
549;31;15262
549;32;15287
549;33;15307
549;34;15326
549;35;15342
549;36;15379
549;37;15392
549;38;15416
549;39;15442
549;40;15493
549;41;15552
549;42;15566
549;43;15585
550;1;9806
550;2;10151
550;3;10183
550;4;10557
550;5;10919
550;6;11272
550;7;11298
550;8;11754
550;9;12166
550;10;12208
550;11;12222
550;12;12667
550;13;12693
550;14;12765
550;15;12789
550;16;13232
550;17;13267
550;18;13660
550;19;13670
550;20;13673
550;21;13748
550;22;14216
550;23;14243
550;24;14253
550;25;14315
550;26;14702
550;27;14715
550;28;14765
550;29;15153
550;30;15159
550;31;15225
550;32;15320
550;33;15362
550;34;15367
550;35;15370
550;36;15389
550;37;15402
550;38;15447
550;39;15448
550;40;15457
550;41;15483
550;42;15499
550;43;15516
550;44;15529
550;45;15548
550;46;15568
550;47;15585
551;1;12015
551;2;12471
551;3;12524
551;4;12878
551;5;13321
551;6;13791
551;7;13810
551;8;14190
551;9;14589
551;10;14631
551;11;15030
551;12;15066
551;13;15098
551;14;15133
551;15;15219
551;16;15229
551;17;15248
551;18;15278
551;19;15286
551;20;15328
551;21;15373
551;22;15390
551;23;15397
551;24;15434
551;25;15453
551;26;15455
551;27;15474
551;28;15500
551;29;15526
551;30;15544
551;31;15567
551;32;15585
552;1;8506
552;2;8885
552;3;9303
552;4;9311
552;5;9423
552;6;9441
552;7;9905
552;8;10416
552;9;10815
552;10;10832
552;11;11172
552;12;11525
552;13;11949
552;14;12000
552;15;12059
552;16;12540
552;17;12591
552;18;12605
552;19;12967
552;20;13419
552;21;13447
552;22;13801
552;23;14217
552;24;14238
552;25;14288
552;26;14333
552;27;14336
552;28;14359
552;29;14370
552;30;14749
552;31;14756
552;32;14793
552;33;14817
552;34;14843
552;35;15204
552;36;15224
552;37;15250
552;38;15269
552;39;15370
552;40;15383
552;41;15393
552;42;15452
552;43;15456
552;44;15483
552;45;15504
552;46;15508
552;47;15513
552;48;15531
552;49;15544
552;50;15548
552;51;15585
553;1;9700
553;2;9721
553;3;10177
553;4;10202
553;5;10484
553;6;10735
553;7;11279
553;8;11767
553;9;11809
553;10;11904
553;11;11949
553;12;12044
553;13;12061
553;14;12153
553;15;12601
553;16;12971
553;17;13382
553;18;13421
553;19;13773
553;20;14081
553;21;14097
553;22;14168
553;23;14215
553;24;14267
553;25;14309
553;26;14360
553;27;14607
553;28;14929
553;29;14946
553;30;14991
553;31;15016
553;32;15058
553;33;15144
553;34;15170
553;35;15219
553;36;15243
553;37;15248
553;38;15275
553;39;15291
553;40;15309
553;41;15316
553;42;15363
553;43;15365
553;44;15398
553;45;15415
553;46;15419
553;47;15445
553;48;15450
553;49;15466
553;50;15487
553;51;15504
553;52;15525
553;53;15532
553;54;15567
553;55;15569
553;56;15585
554;1;11648
554;2;12116
554;3;12414
554;4;12831
554;5;12863
554;6;12919
554;7;12962
554;8;13004
554;9;13466
554;10;13728
554;11;13744
554;12;14232
554;13;14344
554;14;14385
554;15;14603
554;16;14643
554;17;14663
554;18;14666
554;19;14761
554;20;14770
554;21;14788
554;22;14791
554;23;14806
554;24;14871
554;25;15124
554;26;15190
554;27;15192
554;28;15193
554;29;15285
554;30;15317
554;31;15351
554;32;15367
554;33;15376
554;34;15392
554;35;15401
554;36;15427
554;37;15432
554;38;15437
554;39;15443
554;40;15448
554;41;15459
554;42;15492
554;43;15508
554;44;15538
554;45;15553
554;46;15585
555;1;10214
555;2;10670
555;3;11145
555;4;11166
555;5;11178
555;6;11544
555;7;11574
555;8;11611
555;9;11635
555;10;11919
555;11;12005
555;12;12347
555;13;12398
555;14;12510
555;15;12547
555;16;13009
555;17;13084
555;18;13121
555;19;13573
555;20;13589
555;21;13942
555;22;14434
555;23;14738
555;24;14764
555;25;14790
555;26;14822
555;27;14869
555;28;14876
555;29;15111
555;30;15179
555;31;15180
555;32;15225
555;33;15255
555;34;15274
555;35;15297
555;36;15313
555;37;15332
555;38;15356
555;39;15362
555;40;15369
555;41;15387
555;42;15403
555;43;15429
555;44;15445
555;45;15448
555;46;15465
555;47;15475
555;48;15507
555;49;15531
555;50;15544
555;51;15585
556;1;12122
556;2;12515
556;3;12890
556;4;12925
556;5;13284
556;6;13385
556;7;13789
556;8;13804
556;9;13899
556;10;13934
556;11;14009
556;12;14051
556;13;14132
556;14;14179
556;15;14197
556;16;14483
556;17;14798
556;18;14799
556;19;14817
556;20;14843
556;21;14848
556;22;14890
556;23;14917
556;24;15275
556;25;15294
556;26;15314
556;27;15353
556;28;15372
556;29;15404
556;30;15411
556;31;15427
556;32;15444
556;33;15456
556;34;15507
556;35;15526
556;36;15544
556;37;15585
557;1;10303
557;2;10728
557;3;10993
557;4;11023
557;5;11368
557;6;11520
557;7;11838
557;8;12217
557;9;12248
557;10;12740
557;11;13054
557;12;13080
557;13;13532
557;14;13556
557;15;13587
557;16;13638
557;17;14018
557;18;14057
557;19;14088
557;20;14180
557;21;14197
557;22;14665
557;23;14760
557;24;14811
557;25;14823
557;26;14827
557;27;15177
557;28;15201
557;29;15245
557;30;15265
557;31;15286
557;32;15333
557;33;15359
557;34;15376
557;35;15382
557;36;15393
557;37;15409
557;38;15460
557;39;15469
557;40;15490
557;41;15509
557;42;15526
557;43;15544
557;44;15585
558;1;10733
558;2;11317
558;3;11617
558;4;12075
558;5;12101
558;6;12122
558;7;12148
558;8;12190
558;9;12552
558;10;12577
558;11;12985
558;12;13402
558;13;13477
558;14;13514
558;15;13570
558;16;13607
558;17;13612
558;18;13649
558;19;14046
558;20;14134
558;21;14395
558;22;14427
558;23;14494
558;24;14541
558;25;14558
558;26;14564
558;27;14639
558;28;14658
558;29;14708
558;30;14942
558;31;14950
558;32;15009
558;33;15018
558;34;15074
558;35;15111
558;36;15186
558;37;15191
558;38;15201
558;39;15222
558;40;15234
558;41;15273
558;42;15313
558;43;15330
558;44;15340
558;45;15366
558;46;15377
558;47;15395
558;48;15418
558;49;15423
558;50;15431
558;51;15448
558;52;15485
558;53;15511
558;54;15529
558;55;15530
558;56;15548
558;57;15561
558;58;15562
559;1;6836
559;2;6864
559;3;7356
559;4;7841
559;5;7860
559;6;8250
559;7;8693
559;8;9060
559;9;9496
559;10;9522
559;11;9945
559;12;10262
559;13;10676
559;14;11055
559;15;11340
559;16;11345
559;17;11393
559;18;11414
559;19;11435
559;20;11521
559;21;11545
559;22;11621
559;23;12064
559;24;12101
559;25;12194
559;26;12199
559;27;12215
559;28;12220
559;29;12712
559;30;12737
559;31;13090
559;32;13137
559;33;13156
559;34;13215
559;35;13645
559;36;13665
559;37;14026
559;38;14120
559;39;14180
559;40;14247
559;41;14260
559;42;14295
559;43;14334
559;44;14804
559;45;14844
559;46;15198
559;47;15203
559;48;15266
559;49;15283
559;50;15291
559;51;15301
559;52;15326
559;53;15351
559;54;15381
559;55;15394
559;56;15415
559;57;15432
559;58;15446
559;59;15454
559;60;15462
559;61;15479
559;62;15512
559;63;15517
559;64;15521
559;65;15538
559;66;15553
559;67;15585
560;1;11951
560;2;11968
560;3;11986
560;4;12442
560;5;12872
560;6;13217
560;7;13801
560;8;14033
560;9;14066
560;10;14541
560;11;14567
560;12;14662
560;13;14716
560;14;14952
560;15;15139
560;16;15175
560;17;15206
560;18;15238
560;19;15241
560;20;15273
560;21;15277
560;22;15302
560;23;15307
560;24;15308
560;25;15334
560;26;15351
560;27;15391
560;28;15410
560;29;15469
560;30;15473
560;31;15515
560;32;15531
560;33;15544
561;1;12021
561;2;12048
561;3;12526
561;4;12904
561;5;12999
561;6;13058
561;7;13077
561;8;13103
561;9;13425
561;10;13456
561;11;13478
561;12;13520
561;13;13551
561;14;13577
561;15;13909
561;16;13935
561;17;14036
561;18;14110
561;19;14140
561;20;14166
561;21;14176
561;22;14556
561;23;14570
561;24;14644
561;25;14999
561;26;15019
561;27;15044
561;28;15077
561;29;15091
561;30;15140
561;31;15201
561;32;15212
561;33;15241
561;34;15342
561;35;15382
561;36;15394
561;37;15405
561;38;15432
561;39;15453
561;40;15455
561;41;15461
561;42;15475
561;43;15492
561;44;15497
561;45;15505
561;46;15524
561;47;15541
561;48;15572
561;49;15585
562;1;9919
562;2;10463
562;3;10862
562;4;10881
562;5;11386
562;6;11765
562;7;12143
562;8;12556
562;9;12906
562;10;12986
562;11;13012
562;12;13038
562;13;13059
562;14;13551
562;15;13624
562;16;13626
562;17;13642
562;18;13999
562;19;14015
562;20;14048
562;21;14500
562;22;14507
562;23;14582
562;24;14592
562;25;14912
562;26;14954
562;27;15005
562;28;15024
562;29;15048
562;30;15073
562;31;15081
562;32;15098
562;33;15131
562;34;15168
562;35;15199
562;36;15220
562;37;15228
562;38;15231
562;39;15276
562;40;15287
562;41;15314
562;42;15351
562;43;15370
562;44;15394
562;45;15425
562;46;15453
562;47;15470
562;48;15486
562;49;15517
562;50;15530
562;51;15535
562;52;15567
562;53;15585
563;1;9542
563;2;10058
563;3;10411
563;4;10807
563;5;10899
563;6;11417
563;7;11434
563;8;11860
563;9;11879
563;10;11921
563;11;11988
563;12;12405
563;13;12419
563;14;12887
563;15;12908
563;16;13261
563;17;13286
563;18;13323
563;19;13349
563;20;13670
563;21;14095
563;22;14126
563;23;14631
563;24;14682
563;25;14757
563;26;15214
563;27;15231
563;28;15255
563;29;15274
563;30;15309
563;31;15351
563;32;15365
563;33;15392
563;34;15451
563;35;15462
563;36;15488
563;37;15493
563;38;15497
563;39;15504
563;40;15506
563;41;15519
563;42;15528
563;43;15549
563;44;15566
563;45;15585
564;1;11515
564;2;11932
564;3;11937
564;4;11962
564;5;12340
564;6;12625
564;7;12654
564;8;13013
564;9;13039
564;10;13114
564;11;13556
564;12;13582
564;13;13608
564;14;13669
564;15;13686
564;16;14159
564;17;14179
564;18;14194
564;19;14241
564;20;14593
564;21;14675
564;22;14705
564;23;14717
564;24;14718
564;25;14908
564;26;14941
564;27;15006
564;28;15072
564;29;15081
564;30;15193
564;31;15214
564;32;15256
564;33;15298
564;34;15316
564;35;15331
564;36;15373
564;37;15374
564;38;15405
564;39;15414
564;40;15431
564;41;15436
564;42;15454
564;43;15480
564;44;15497
564;45;15538
564;46;15553
564;47;15585
565;1;10652
565;2;11030
565;3;11046
565;4;11463
565;5;11505
565;6;11566
565;7;11661
565;8;12014
565;9;12376
565;10;12786
565;11;12845
565;12;12920
565;13;13015
565;14;13047
565;15;13072
565;16;13112
565;17;13435
565;18;13456
565;19;13491
565;20;13988
565;21;14009
565;22;14474
565;23;14488
565;24;14799
565;25;14836
565;26;14838
565;27;15281
565;28;15323
565;29;15363
565;30;15414
565;31;15461
565;32;15474
565;33;15493
565;34;15529
565;35;15548
565;36;15585
566;1;9462
566;2;9493
566;3;10020
566;4;10401
566;5;10840
566;6;11350
566;7;11401
566;8;11419
566;9;11514
566;10;11581
566;11;12056
566;12;12348
566;13;12720
566;14;13109
566;15;13557
566;16;13587
566;17;13611
566;18;13640
566;19;13947
566;20;13966
566;21;14013
566;22;14079
566;23;14191
566;24;14212
566;25;14257
566;26;14610
566;27;14672
566;28;14696
566;29;14771
566;30;15133
566;31;15151
566;32;15177
566;33;15194
566;34;15245
566;35;15282
566;36;15306
566;37;15348
566;38;15379
566;39;15406
566;40;15424
566;41;15468
566;42;15529
566;43;15546
566;44;15562
567;1;10958
567;2;11237
567;3;11389
567;4;11460
567;5;11853
567;6;11869
567;7;12154
567;8;12182
567;9;12224
567;10;12689
567;11;13063
567;12;13122
567;13;13498
567;14;13504
567;15;13569
567;16;13661
567;17;13708
567;18;13745
567;19;14101
567;20;14146
567;21;14504
567;22;14887
567;23;14913
567;24;14938
567;25;14959
567;26;15308
567;27;15358
567;28;15375
567;29;15404
567;30;15430
567;31;15449
567;32;15491
567;33;15505
567;34;15521
567;35;15534
567;36;15553
568;1;11139
568;2;11657
568;3;11749
568;4;12033
568;5;12378
568;6;12688
568;7;13129
568;8;13153
568;9;13159
568;10;13461
568;11;13536
568;12;13753
568;13;13779
568;14;13804
568;15;13869
568;16;13906
568;17;13937
568;18;14359
568;19;14373
568;20;14560
568;21;14617
568;22;14872
568;23;14902
568;24;14929
568;25;14973
568;26;14978
568;27;14995
568;28;15066
568;29;15094
568;30;15103
568;31;15122
568;32;15173
568;33;15256
568;34;15302
568;35;15331
568;36;15347
568;37;15360
568;38;15374
568;39;15388
568;40;15391
568;41;15399
568;42;15404
568;43;15409
568;44;15432
568;45;15451
568;46;15460
568;47;15469
568;48;15487
568;49;15490
568;50;15503
568;51;15566
568;52;15585
569;1;10641
569;2;10793
569;3;11112
569;4;11604
569;5;11949
569;6;12136
569;7;12413
569;8;12830
569;9;12861
569;10;13122
569;11;13187
569;12;13214
569;13;13277
569;14;13288
569;15;13314
569;16;13667
569;17;13854
569;18;14209
569;19;14257
569;20;14271
569;21;14703
569;22;14753
569;23;14779
569;24;14806
569;25;14826
569;26;14838
569;27;14855
569;28;14880
569;29;14891
569;30;14910
569;31;15167
569;32;15177
569;33;15196
569;34;15222
569;35;15315
569;36;15334
569;37;15359
569;38;15386
569;39;15418
569;40;15422
569;41;15435
569;42;15440
569;43;15472
569;44;15484
569;45;15493
569;46;15530
569;47;15535
569;48;15548
569;49;15562
570;1;11280
570;2;11331
570;3;11406
570;4;11803
570;5;11842
570;6;12327
570;7;12362
570;8;12752
570;9;12799
570;10;12825
570;11;12852
570;12;12895
570;13;13315
570;14;13331
570;15;13356
570;16;13564
570;17;13590
570;18;13608
570;19;13795
570;20;13870
570;21;13876
570;22;13907
570;23;14100
570;24;14142
570;25;14559
570;26;14564
570;27;14585
570;28;14588
570;29;15031
570;30;15076
570;31;15092
570;32;15120
570;33;15164
570;34;15206
570;35;15237
570;36;15267
570;37;15283
570;38;15315
570;39;15324
570;40;15375
570;41;15394
570;42;15407
570;43;15433
570;44;15438
570;45;15462
570;46;15479
570;47;15511
570;48;15542
570;49;15561
570;50;15567
570;51;15569
570;52;15585
571;1;11088
571;2;11152
571;3;11505
571;4;11510
571;5;11903
571;6;12384
571;7;12688
571;8;12747
571;9;12794
571;10;12820
571;11;13154
571;12;13629
571;13;13704
571;14;13739
571;15;13795
571;16;13890
571;17;13909
571;18;13923
571;19;14303
571;20;14350
571;21;14397
571;22;14402
571;23;14740
571;24;15149
571;25;15224
571;26;15270
571;27;15301
571;28;15327
571;29;15333
571;30;15336
571;31;15341
571;32;15392
571;33;15434
571;34;15453
571;35;15485
571;36;15509
571;37;15541
571;38;15554
571;39;15564
571;40;15585
572;1;10162
572;2;10579
572;3;11049
572;4;11633
572;5;12008
572;6;12422
572;7;12821
572;8;12866
572;9;13219
572;10;13320
572;11;13702
572;12;13721
572;13;13746
572;14;13771
572;15;14090
572;16;14107
572;17;14219
572;18;14278
572;19;14662
572;20;14678
572;21;14755
572;22;14758
572;23;14760
572;24;14779
572;25;14782
572;26;14805
572;27;14816
572;28;15124
572;29;15169
572;30;15221
572;31;15238
572;32;15264
572;33;15290
572;34;15344
572;35;15353
572;36;15369
572;37;15370
572;38;15389
572;39;15452
572;40;15482
572;41;15494
572;42;15502
572;43;15519
572;44;15524
572;45;15538
572;46;15543
572;47;15585
573;1;10139
573;2;10518
573;3;10943
573;4;10995
573;5;11042
573;6;11075
573;7;11560
573;8;11572
573;9;11577
573;10;11930
573;11;12264
573;12;12306
573;13;12322
573;14;12724
573;15;12761
573;16;12862
573;17;13266
573;18;13692
573;19;13717
573;20;13730
573;21;13749
573;22;14217
573;23;14236
573;24;14254
573;25;14727
573;26;14747
573;27;14791
573;28;14821
573;29;15238
573;30;15285
573;31;15304
573;32;15305
573;33;15315
573;34;15341
573;35;15370
573;36;15394
573;37;15397
573;38;15406
573;39;15427
573;40;15438
573;41;15443
573;42;15454
573;43;15455
573;44;15463
573;45;15484
573;46;15494
573;47;15510
573;48;15529
573;49;15561
574;1;12759
574;2;13303
574;3;13819
574;4;14256
574;5;14263
574;6;14305
574;7;14326
574;8;14357
574;9;14389
574;10;14436
574;11;14692
574;12;15016
574;13;15019
574;14;15026
574;15;15045
574;16;15086
574;17;15087
574;18;15089
574;19;15121
574;20;15150
574;21;15192
574;22;15225
574;23;15241
574;24;15291
574;25;15403
574;26;15411
574;27;15435
574;28;15452
574;29;15484
574;30;15508
574;31;15529
574;32;15548
574;33;15553
574;34;15585
575;1;10195
575;2;10552
575;3;10573
575;4;10647
575;5;11127
575;6;11586
575;7;11651
575;8;11693
575;9;12132
575;10;12580
575;11;13043
575;12;13085
575;13;13123
575;14;13215
575;15;13227
575;16;13469
575;17;13535
575;18;13549
575;19;13568
575;20;13720
575;21;13749
575;22;14050
575;23;14080
575;24;14368
575;25;14435
575;26;14494
575;27;14520
575;28;14869
575;29;14902
575;30;14920
575;31;14966
575;32;14991
575;33;15010
575;34;15031
575;35;15039
575;36;15109
575;37;15154
575;38;15164
575;39;15174
575;40;15195
575;41;15247
575;42;15263
575;43;15268
575;44;15301
575;45;15324
575;46;15329
575;47;15371
575;48;15390
575;49;15392
575;50;15397
575;51;15402
575;52;15412
575;53;15429
575;54;15434
575;55;15445
575;56;15497
575;57;15502
575;58;15503
575;59;15522
575;60;15535
575;61;15540
575;62;15561
575;63;15562
576;1;12446
576;2;12849
576;3;13186
576;4;13221
576;5;13247
576;6;13279
576;7;13536
576;8;13555
576;9;13966
576;10;14067
576;11;14476
576;12;14498
576;13;14572
576;14;14609
576;15;14639
576;16;14681
576;17;14683
576;18;14699
576;19;14725
576;20;14726
576;21;14729
576;22;14739
576;23;14773
576;24;14834
576;25;14886
576;26;14891
576;27;14914
576;28;14959
576;29;14973
576;30;14986
576;31;15013
576;32;15037
576;33;15069
576;34;15086
576;35;15346
576;36;15364
576;37;15397
576;38;15472
576;39;15480
576;40;15506
576;41;15522
576;42;15540
576;43;15566
576;44;15568
576;45;15585
577;1;10120
577;2;10141
577;3;10550
577;4;10904
577;5;11283
577;6;11316
577;7;11742
577;8;12085
577;9;12393
577;10;12755
577;11;13266
577;12;13323
577;13;13384
577;14;13834
577;15;14203
577;16;14254
577;17;14285
577;18;14307
577;19;14345
577;20;14437
577;21;14459
577;22;14471
577;23;14476
577;24;14847
577;25;14863
577;26;14889
577;27;14905
577;28;14930
577;29;14962
577;30;14990
577;31;15025
577;32;15042
577;33;15061
577;34;15108
577;35;15132
577;36;15188
577;37;15200
577;38;15247
577;39;15322
577;40;15384
577;41;15405
577;42;15436
577;43;15448
577;44;15457
577;45;15464
577;46;15467
577;47;15477
577;48;15507
577;49;15531
577;50;15532
577;51;15553
577;52;15585
578;1;10760
578;2;10779
578;3;11214
578;4;11240
578;5;11633
578;6;12050
578;7;12090
578;8;12135
578;9;12514
578;10;12682
578;11;13099
578;12;13563
578;13;13593
578;14;13612
578;15;13974
578;16;13983
578;17;14021
578;18;14040
578;19;14354
578;20;14383
578;21;14476
578;22;14685
578;23;14718
578;24;14813
578;25;14865
578;26;14875
578;27;14880
578;28;14890
578;29;14902
578;30;14943
578;31;14969
578;32;14988
578;33;15039
578;34;15092
578;35;15124
578;36;15133
578;37;15159
578;38;15325
578;39;15355
578;40;15373
578;41;15412
578;42;15433
578;43;15452
578;44;15463
578;45;15476
578;46;15509
578;47;15522
578;48;15538
578;49;15543
578;50;15561
578;51;15562
579;1;12565
579;2;12660
579;3;12702
579;4;12703
579;5;13123
579;6;13551
579;7;13622
579;8;13640
579;9;13677
579;10;13744
579;11;14000
579;12;14061
579;13;14120
579;14;14511
579;15;14548
579;16;14946
579;17;14986
579;18;15011
579;19;15097
579;20;15124
579;21;15138
579;22;15199
579;23;15216
579;24;15223
579;25;15234
579;26;15261
579;27;15279
579;28;15315
579;29;15320
579;30;15335
579;31;15343
579;32;15369
579;33;15390
579;34;15396
579;35;15459
579;36;15485
579;37;15490
579;38;15504
579;39;15509
579;40;15527
579;41;15540
579;42;15553
580;1;9982
580;2;10431
580;3;10855
580;4;10861
580;5;11254
580;6;11319
580;7;11638
580;8;11908
580;9;11971
580;10;12066
580;11;12131
580;12;12601
580;13;12919
580;14;13350
580;15;13800
580;16;13826
580;17;13863
580;18;13891
580;19;14396
580;20;14403
580;21;14419
580;22;14446
580;23;14459
580;24;14468
580;25;14831
580;26;14873
580;27;14892
580;28;15079
580;29;15138
580;30;15163
580;31;15202
580;32;15227
580;33;15305
580;34;15323
580;35;15339
580;36;15370
580;37;15381
580;38;15384
580;39;15394
580;40;15396
580;41;15422
580;42;15449
580;43;15461
580;44;15487
580;45;15506
580;46;15525
580;47;15538
580;48;15543
580;49;15561
580;50;15562
581;1;10116
581;2;10660
581;3;10734
581;4;10785
581;5;11197
581;6;11665
581;7;12082
581;8;12129
581;9;12155
581;10;12247
581;11;12765
581;12;12797
581;13;12844
581;14;13279
581;15;13292
581;16;13556
581;17;13627
581;18;13654
581;19;13687
581;20;13713
581;21;13991
581;22;14062
581;23;14121
581;24;14273
581;25;14368
581;26;14427
581;27;14862
581;28;15173
581;29;15265
581;30;15307
581;31;15308
581;32;15343
581;33;15346
581;34;15388
581;35;15408
581;36;15434
581;37;15448
581;38;15461
581;39;15475
581;40;15494
581;41;15521
581;42;15552
581;43;15569
581;44;15585
582;1;10616
582;2;11200
582;3;11511
582;4;11891
582;5;12305
582;6;12326
582;7;12796
582;8;12841
582;9;12916
582;10;13400
582;11;13426
582;12;13431
582;13;13482
582;14;13498
582;15;13973
582;16;14326
582;17;14400
582;18;14424
582;19;14912
582;20;15156
582;21;15169
582;22;15200
582;23;15259
582;24;15274
582;25;15315
582;26;15362
582;27;15380
582;28;15399
582;29;15450
582;30;15477
582;31;15508
582;32;15549
582;33;15562
583;1;11042
583;2;11325
583;3;11692
583;4;11804
583;5;12272
583;6;12771
583;7;13171
583;8;13245
583;9;13562
583;10;13856
583;11;13880
583;12;13897
583;13;13898
583;14;14251
583;15;14288
583;16;14347
583;17;14368
583;18;14833
583;19;14901
583;20;14920
583;21;14971
583;22;15063
583;23;15158
583;24;15218
583;25;15227
583;26;15253
583;27;15286
583;28;15347
583;29;15398
583;30;15411
583;31;15419
583;32;15450
583;33;15477
583;34;15482
583;35;15529
583;36;15548
583;37;15552
583;38;15585
584;1;11140
584;2;11621
584;3;12025
584;4;12609
584;5;12622
584;6;12635
584;7;12978
584;8;12991
584;9;13461
584;10;13974
584;11;14005
584;12;14018
584;13;14069
584;14;14101
584;15;14141
584;16;14174
584;17;14179
584;18;14244
584;19;14265
584;20;14586
584;21;14596
584;22;14613
584;23;14650
584;24;14950
584;25;15020
584;26;15038
584;27;15100
584;28;15137
584;29;15196
584;30;15223
584;31;15240
584;32;15244
584;33;15256
584;34;15275
584;35;15312
584;36;15343
584;37;15385
584;38;15390
584;39;15391
584;40;15442
584;41;15492
584;42;15511
584;43;15544
584;44;15561
584;45;15562
585;1;11767
585;2;12240
585;3;12291
585;4;12305
585;5;12725
585;6;13177
585;7;13203
585;8;13526
585;9;13575
585;10;13581
585;11;13603
585;12;13628
585;13;13663
585;14;13684
585;15;13746
585;16;13772
585;17;14194
585;18;14506
585;19;14551
585;20;14559
585;21;14583
585;22;14613
585;23;14687
585;24;14706
585;25;14733
585;26;14792
585;27;14806
585;28;14832
585;29;14879
585;30;14929
585;31;14936
585;32;14944
585;33;15253
585;34;15270
585;35;15289
585;36;15299
585;37;15336
585;38;15362
585;39;15417
585;40;15436
585;41;15455
585;42;15476
585;43;15493
585;44;15507
585;45;15521
585;46;15534
585;47;15536
585;48;15553
585;49;15562
586;1;9702
586;2;9723
586;3;10122
586;4;10164
586;5;10553
586;6;11038
586;7;11062
586;8;11620
586;9;11994
586;10;12417
586;11;12469
586;12;12543
586;13;13033
586;14;13402
586;15;13661
586;16;14152
586;17;14215
586;18;14266
586;19;14292
586;20;14760
586;21;14947
586;22;15059
586;23;15104
586;24;15109
586;25;15135
586;26;15149
586;27;15168
586;28;15217
586;29;15246
586;30;15273
586;31;15299
586;32;15322
586;33;15334
586;34;15379
586;35;15389
586;36;15436
586;37;15438
586;38;15445
586;39;15482
586;40;15495
586;41;15526
586;42;15544
586;43;15585
587;1;10663
587;2;11155
587;3;11668
587;4;12160
587;5;12187
587;6;12630
587;7;12649
587;8;12681
587;9;12755
587;10;12760
587;11;12781
587;12;12826
587;13;12921
587;14;13344
587;15;13652
587;16;14113
587;17;14138
587;18;14443
587;19;14474
587;20;14507
587;21;14521
587;22;14950
587;23;15009
587;24;15041
587;25;15046
587;26;15052
587;27;15084
587;28;15155
587;29;15185
587;30;15192
587;31;15195
587;32;15220
587;33;15252
587;34;15254
587;35;15259
587;36;15286
587;37;15289
587;38;15315
587;39;15325
587;40;15342
587;41;15366
587;42;15411
587;43;15429
587;44;15453
587;45;15467
587;46;15472
587;47;15498
587;48;15516
587;49;15518
587;50;15531
587;51;15548
587;52;15567
587;53;15585
588;1;9363
588;2;9433
588;3;9504
588;4;9937
588;5;9970
588;6;10443
588;7;10473
588;8;10885
588;9;11302
588;10;11318
588;11;11505
588;12;11858
588;13;12203
588;14;12261
588;15;12802
588;16;12834
588;17;12859
588;18;12906
588;19;12927
588;20;12953
588;21;13287
588;22;13343
588;23;13848
588;24;13865
588;25;14163
588;26;14205
588;27;14261
588;28;14302
588;29;14347
588;30;14373
588;31;14386
588;32;14398
588;33;14431
588;34;14435
588;35;14440
588;36;14479
588;37;14893
588;38;14905
588;39;14906
588;40;14964
588;41;15286
588;42;15381
588;43;15386
588;44;15389
588;45;15404
588;46;15417
588;47;15434
588;48;15466
588;49;15484
588;50;15505
588;51;15524
588;52;15561
589;1;11123
589;2;11567
589;3;11609
589;4;11840
589;5;11902
589;6;11994
589;7;12347
589;8;12817
589;9;12846
589;10;13199
589;11;13255
589;12;13300
589;13;13816
589;14;13849
589;15;14177
589;16;14461
589;17;14523
589;18;14540
589;19;14561
589;20;14569
589;21;14962
589;22;15013
589;23;15053
589;24;15154
589;25;15219
589;26;15235
589;27;15271
589;28;15321
589;29;15363
589;30;15415
589;31;15422
589;32;15433
589;33;15452
589;34;15471
589;35;15497
589;36;15521
589;37;15524
589;38;15529
589;39;15538
589;40;15543
589;41;15561
590;1;10043
590;2;10105
590;3;10132
590;4;10600
590;5;10712
590;6;11112
590;7;11550
590;8;11601
590;9;11964
590;10;12461
590;11;12488
590;12;12973
590;13;13284
590;14;13288
590;15;13705
590;16;13800
590;17;13812
590;18;14268
590;19;14285
590;20;14301
590;21;14681
590;22;14683
590;23;14702
590;24;14721
590;25;14738
590;26;14764
590;27;14781
590;28;14828
590;29;15290
590;30;15300
590;31;15326
590;32;15331
590;33;15394
590;34;15413
590;35;15447
590;36;15469
590;37;15511
590;38;15539
590;39;15572
590;40;15585
591;1;10294
591;2;10737
591;3;10779
591;4;11124
591;5;11198
591;6;11228
591;7;11684
591;8;12100
591;9;12566
591;10;12592
591;11;12971
591;12;13034
591;13;13060
591;14;13116
591;15;13144
591;16;13537
591;17;13848
591;18;13895
591;19;14363
591;20;14380
591;21;14386
591;22;14431
591;23;14463
591;24;14482
591;25;14857
591;26;14878
591;27;14894
591;28;14919
591;29;14947
591;30;14973
591;31;14978
591;32;14992
591;33;15053
591;34;15076
591;35;15203
591;36;15233
591;37;15253
591;38;15274
591;39;15293
591;40;15298
591;41;15324
591;42;15339
591;43;15364
591;44;15450
591;45;15455
591;46;15456
591;47;15461
591;48;15488
591;49;15489
591;50;15508
591;51;15538
591;52;15561
591;53;15585
592;1;10432
592;2;10449
592;3;10863
592;4;11306
592;5;11727
592;6;11743
592;7;11779
592;8;11805
592;9;11917
592;10;11980
592;11;12375
592;12;12417
592;13;12975
592;14;13450
592;15;13876
592;16;13893
592;17;13912
592;18;13924
592;19;13931
592;20;14399
592;21;14437
592;22;14473
592;23;14854
592;24;14885
592;25;15241
592;26;15353
592;27;15386
592;28;15412
592;29;15416
592;30;15453
592;31;15465
592;32;15485
592;33;15503
592;34;15512
592;35;15538
592;36;15553
592;37;15585
593;1;13272
593;2;13309
593;3;13814
593;4;13831
593;5;13841
593;6;13953
593;7;14048
593;8;14066
593;9;14141
593;10;14157
593;11;14170
593;12;14495
593;13;14512
593;14;14544
593;15;14549
593;16;14554
593;17;14947
593;18;14953
593;19;14958
593;20;15375
593;21;15401
593;22;15415
593;23;15420
593;24;15436
593;25;15445
593;26;15470
593;27;15489
593;28;15498
593;29;15515
593;30;15522
593;31;15548
593;32;15552
593;33;15567
593;34;15585
594;1;12117
594;2;12495
594;3;12960
594;4;13052
594;5;13111
594;6;13185
594;7;13190
594;8;13230
594;9;13291
594;10;13386
594;11;13472
594;12;13845
594;13;13865
594;14;14333
594;15;14767
594;16;14985
594;17;15040
594;18;15053
594;19;15057
594;20;15085
594;21;15131
594;22;15135
594;23;15166
594;24;15193
594;25;15194
594;26;15219
594;27;15221
594;28;15248
594;29;15260
594;30;15287
594;31;15306
594;32;15332
594;33;15353
594;34;15379
594;35;15392
594;36;15409
594;37;15410
594;38;15429
594;39;15462
594;40;15492
594;41;15496
594;42;15510
594;43;15529
594;44;15538
594;45;15543
594;46;15561
595;1;10734
595;2;10766
595;3;11145
595;4;11635
595;5;11677
595;6;11728
595;7;12200
595;8;12295
595;9;12324
595;10;12366
595;11;12809
595;12;12844
595;13;13271
595;14;13346
595;15;13713
595;16;13724
595;17;14088
595;18;14094
595;19;14472
595;20;14500
595;21;14537
595;22;14814
595;23;14865
595;24;14881
595;25;14952
595;26;14983
595;27;14998
595;28;15064
595;29;15115
595;30;15127
595;31;15153
595;32;15245
595;33;15274
595;34;15311
595;35;15330
595;36;15343
595;37;15356
595;38;15358
595;39;15371
595;40;15430
595;41;15438
595;42;15443
595;43;15477
595;44;15508
595;45;15525
595;46;15567
595;47;15585
596;1;9514
596;2;9615
596;3;9973
596;4;10024
596;5;10061
596;6;10478
596;7;10884
596;8;11298
596;9;11322
596;10;11675
596;11;11689
596;12;11823
596;13;11850
596;14;11876
596;15;12266
596;16;12296
596;17;12301
596;18;12320
596;19;12334
596;20;12799
596;21;13218
596;22;13239
596;23;13755
596;24;14299
596;25;14336
596;26;14373
596;27;14674
596;28;14712
596;29;14777
596;30;15109
596;31;15195
596;32;15206
596;33;15219
596;34;15260
596;35;15267
596;36;15297
596;37;15303
596;38;15316
596;39;15335
596;40;15356
596;41;15369
596;42;15434
596;43;15453
596;44;15471
596;45;15488
596;46;15512
596;47;15544
596;48;15566
596;49;15585
597;1;11286
597;2;11333
597;3;11352
597;4;11394
597;5;11421
597;6;11885
597;7;12353
597;8;12371
597;9;12836
597;10;12867
597;11;13342
597;12;13354
597;13;13782
597;14;14149
597;15;14181
597;16;14198
597;17;14208
597;18;14267
597;19;14293
597;20;14297
597;21;14359
597;22;14373
597;23;14391
597;24;14676
597;25;15114
597;26;15164
597;27;15187
597;28;15206
597;29;15231
597;30;15232
597;31;15307
597;32;15328
597;33;15347
597;34;15376
597;35;15394
597;36;15427
597;37;15448
597;38;15451
597;39;15464
597;40;15483
597;41;15501
597;42;15520
597;43;15544
598;1;10779
598;2;10784
598;3;11227
598;4;11301
598;5;11321
598;6;11826
598;7;11831
598;8;12230
598;9;12802
598;10;13265
598;11;13624
598;12;13691
598;13;13723
598;14;13758
598;15;13787
598;16;13827
598;17;14146
598;18;14485
598;19;14580
598;20;14596
598;21;14617
598;22;14692
598;23;14751
598;24;14826
598;25;14831
598;26;14862
598;27;14913
598;28;14931
598;29;14941
598;30;15004
598;31;15046
598;32;15430
598;33;15456
598;34;15494
598;35;15515
598;36;15548
598;37;15561
598;38;15562
599;1;8416
599;2;8466
599;3;8846
599;4;9245
599;5;9662
599;6;10147
599;7;10174
599;8;10191
599;9;10200
599;10;10624
599;11;10699
599;12;11108
599;13;11126
599;14;11365
599;15;11424
599;16;11929
599;17;12307
599;18;12656
599;19;12675
599;20;12749
599;21;13217
599;22;13637
599;23;13682
599;24;14121
599;25;14142
599;26;14179
599;27;14271
599;28;14550
599;29;14645
599;30;14671
599;31;14700
599;32;15141
599;33;15152
599;34;15155
599;35;15189
599;36;15190
599;37;15192
599;38;15217
599;39;15243
599;40;15259
599;41;15291
599;42;15336
599;43;15341
599;44;15368
599;45;15410
599;46;15432
599;47;15435
599;48;15451
599;49;15479
599;50;15496
599;51;15514
599;52;15548
600;1;11032
600;2;11537
600;3;12002
600;4;12019
600;5;12046
600;6;12488
600;7;12507
600;8;12581
600;9;12951
600;10;12964
600;11;13303
600;12;13656
600;13;13751
600;14;13795
600;15;13881
600;16;14182
600;17;14526
600;18;14585
600;19;15023
600;20;15086
600;21;15157
600;22;15176
600;23;15251
600;24;15290
600;25;15301
600;26;15304
600;27;15317
600;28;15325
600;29;15376
600;30;15406
600;31;15422
600;32;15439
600;33;15458
600;34;15471
600;35;15477
600;36;15481
600;37;15484
600;38;15507
600;39;15534
600;40;15553
600;41;15562
601;1;11119
601;2;11144
601;3;11536
601;4;11549
601;5;11596
601;6;11647
601;7;11982
601;8;12045
601;9;12077
601;10;12091
601;11;12453
601;12;12827
601;13;13190
601;14;13543
601;15;13594
601;16;13644
601;17;13651
601;18;13693
601;19;13735
601;20;14128
601;21;14530
601;22;14546
601;23;14565
601;24;14918
601;25;14923
601;26;14935
601;27;14982
601;28;15014
601;29;15019
601;30;15040
601;31;15051
601;32;15075
601;33;15088
601;34;15105
601;35;15164
601;36;15182
601;37;15187
601;38;15189
601;39;15236
601;40;15258
601;41;15272
601;42;15283
601;43;15310
601;44;15317
601;45;15338
601;46;15375
601;47;15398
601;48;15425
601;49;15449
601;50;15468
601;51;15487
601;52;15518
601;53;15535
601;54;15556
601;55;15569
601;56;15585
602;1;10626
602;2;11023
602;3;11438
602;4;11928
602;5;11930
602;6;11977
602;7;12028
602;8;12049
602;9;12458
602;10;12463
602;11;12468
602;12;12498
602;13;12559
602;14;13040
602;15;13106
602;16;13485
602;17;13810
602;18;13884
602;19;14188
602;20;14427
602;21;14429
602;22;14437
602;23;14484
602;24;14510
602;25;14552
602;26;14584
602;27;14610
602;28;14668
602;29;15084
602;30;15106
602;31;15131
602;32;15140
602;33;15150
602;34;15152
602;35;15160
602;36;15174
602;37;15200
602;38;15226
602;39;15254
602;40;15316
602;41;15353
602;42;15374
602;43;15406
602;44;15425
602;45;15449
602;46;15480
602;47;15521
602;48;15534
602;49;15567
602;50;15568
602;51;15585
603;1;9941
603;2;10416
603;3;10833
603;4;11126
603;5;11631
603;6;11698
603;7;11984
603;8;12076
603;9;12118
603;10;12213
603;11;12508
603;12;12526
603;13;12549
603;14;12921
603;15;13364
603;16;13387
603;17;13462
603;18;13536
603;19;13552
603;20;13603
603;21;13645
603;22;13939
603;23;13997
603;24;14024
603;25;14029
603;26;14048
603;27;14391
603;28;14859
603;29;14934
603;30;14936
603;31;14948
603;32;14999
603;33;15066
603;34;15102
603;35;15108
603;36;15128
603;37;15130
603;38;15189
603;39;15220
603;40;15247
603;41;15267
603;42;15288
603;43;15330
603;44;15349
603;45;15369
603;46;15396
603;47;15412
603;48;15415
603;49;15432
603;50;15474
603;51;15479
603;52;15511
603;53;15519
603;54;15532
603;55;15548
603;56;15585
604;1;11385
604;2;11466
604;3;11503
604;4;11920
604;5;12296
604;6;12741
604;7;12757
604;8;13046
604;9;13139
604;10;13210
604;11;13794
604;12;13815
604;13;13847
604;14;14097
604;15;14163
604;16;14486
604;17;14504
604;18;14558
604;19;14563
604;20;14565
604;21;14571
604;22;14929
604;23;14966
604;24;14975
604;25;14977
604;26;15069
604;27;15083
604;28;15108
604;29;15183
604;30;15191
604;31;15197
604;32;15211
604;33;15252
604;34;15276
604;35;15326
604;36;15352
604;37;15384
604;38;15416
604;39;15435
604;40;15440
604;41;15464
604;42;15514
604;43;15540
604;44;15585
605;1;10324
605;2;10361
605;3;10804
605;4;10809
605;5;11171
605;6;11627
605;7;12102
605;8;12479
605;9;12571
605;10;12995
605;11;13032
605;12;13407
605;13;13816
605;14;13846
605;15;13867
605;16;13904
605;17;13914
605;18;14009
605;19;14069
605;20;14070
605;21;14095
605;22;14120
605;23;14183
605;24;14202
605;25;14519
605;26;14578
605;27;14910
605;28;15022
605;29;15063
605;30;15118
605;31;15133
605;32;15191
605;33;15198
605;34;15211
605;35;15240
605;36;15244
605;37;15269
605;38;15276
605;39;15309
605;40;15334
605;41;15374
605;42;15411
605;43;15442
605;44;15466
605;45;15513
605;46;15540
605;47;15566
605;48;15568
605;49;15585
606;1;10170
606;2;10640
606;3;11088
606;4;11604
606;5;12122
606;6;12521
606;7;12580
606;8;12654
606;9;13000
606;10;13025
606;11;13332
606;12;13361
606;13;13374
606;14;13401
606;15;13480
606;16;13632
606;17;13691
606;18;13765
606;19;14002
606;20;14254
606;21;14267
606;22;14280
606;23;14305
606;24;14321
606;25;14334
606;26;14733
606;27;14748
606;28;15115
606;29;15169
606;30;15202
606;31;15234
606;32;15244
606;33;15270
606;34;15307
606;35;15326
606;36;15377
606;37;15380
606;38;15384
606;39;15403
606;40;15429
606;41;15462
606;42;15467
606;43;15480
606;44;15507
606;45;15512
606;46;15536
606;47;15562
607;1;10649
607;2;11069
607;3;11395
607;4;11852
607;5;11882
607;6;11887
607;7;11905
607;8;11926
607;9;11973
607;10;12517
607;11;12541
607;12;13003
607;13;13095
607;14;13114
607;15;13476
607;16;13804
607;17;14157
607;18;14577
607;19;14603
607;20;14645
607;21;14666
607;22;14675
607;23;15098
607;24;15110
607;25;15119
607;26;15130
607;27;15198
607;28;15219
607;29;15245
607;30;15264
607;31;15289
607;32;15298
607;33;15330
607;34;15363
607;35;15400
607;36;15406
607;37;15432
607;38;15458
607;39;15463
607;40;15482
607;41;15504
607;42;15506
607;43;15554
607;44;15572
607;45;15585
608;1;9881
608;2;9948
608;3;10311
608;4;10331
608;5;10366
608;6;10405
608;7;10431
608;8;10447
608;9;10867
608;10;11383
608;11;11408
608;12;11733
608;13;11828
608;14;11847
608;15;11889
608;16;12359
608;17;12373
608;18;12420
608;19;12607
608;20;12632
608;21;12950
608;22;13435
608;23;13466
608;24;13623
608;25;13642
608;26;14029
608;27;14344
608;28;14360
608;29;14393
608;30;14405
608;31;14418
608;32;14692
608;33;14729
608;34;14754
608;35;15112
608;36;15149
608;37;15169
608;38;15209
608;39;15236
608;40;15241
608;41;15267
608;42;15296
608;43;15299
608;44;15350
608;45;15361
608;46;15393
608;47;15398
608;48;15415
608;49;15452
608;50;15466
608;51;15480
608;52;15506
608;53;15511
608;54;15553
608;55;15566
608;56;15572
608;57;15585
609;1;11443
609;2;11968
609;3;11994
609;4;12339
609;5;12368
609;6;12381
609;7;12389
609;8;12394
609;9;12886
609;10;12945
609;11;12966
609;12;13409
609;13;13460
609;14;13987
609;15;14492
609;16;14539
609;17;14772
609;18;14828
609;19;14873
609;20;14924
609;21;14969
609;22;14977
609;23;14995
609;24;15009
609;25;15039
609;26;15423
609;27;15437
609;28;15456
609;29;15462
609;30;15471
609;31;15481
609;32;15514
609;33;15515
609;34;15541
609;35;15553
609;36;15562
610;1;9075
610;2;9096
610;3;9147
610;4;9717
610;5;10026
610;6;10101
610;7;10117
610;8;10203
610;9;10582
610;10;10822
610;11;11177
610;12;11203
610;13;11224
610;14;11271
610;15;11789
610;16;12106
610;17;12537
610;18;12549
610;19;12578
610;20;12931
610;21;13043
610;22;13075
610;23;13580
610;24;13967
610;25;13982
610;26;14022
610;27;14069
610;28;14093
610;29;14280
610;30;14497
610;31;14831
610;32;14962
610;33;15023
610;34;15037
610;35;15077
610;36;15117
610;37;15124
610;38;15145
610;39;15149
610;40;15154
610;41;15179
610;42;15180
610;43;15185
610;44;15222
610;45;15248
610;46;15299
610;47;15317
610;48;15326
610;49;15342
610;50;15345
610;51;15347
610;52;15369
610;53;15428
610;54;15437
610;55;15464
610;56;15483
610;57;15500
610;58;15516
610;59;15561
611;1;10197
611;2;10642
611;3;10647
611;4;11026
611;5;11044
611;6;11077
611;7;11114
611;8;11531
611;9;11536
611;10;11921
611;11;12193
611;12;12453
611;13;12514
611;14;12530
611;15;12580
611;16;12605
611;17;12622
611;18;12892
611;19;12993
611;20;13047
611;21;13106
611;22;13539
611;23;13595
611;24;13654
611;25;13675
611;26;13827
611;27;14228
611;28;14244
611;29;14660
611;30;14735
611;31;14742
611;32;14792
611;33;15070
611;34;15133
611;35;15219
611;36;15236
611;37;15255
611;38;15269
611;39;15274
611;40;15289
611;41;15313
611;42;15338
611;43;15353
611;44;15404
611;45;15407
611;46;15439
611;47;15452
611;48;15485
611;49;15535
611;50;15561
611;51;15585
612;1;9387
612;2;9812
612;3;9878
612;4;10223
612;5;10750
612;6;10781
612;7;10826
612;8;10852
612;9;11258
612;10;11277
612;11;11790
612;12;11823
612;13;12205
612;14;12280
612;15;12745
612;16;12770
612;17;12797
612;18;13227
612;19;13260
612;20;13305
612;21;13652
612;22;13688
612;23;13713
612;24;13755
612;25;13774
612;26;14058
612;27;14079
612;28;14105
612;29;14505
612;30;14554
612;31;14646
612;32;14725
612;33;15110
612;34;15222
612;35;15288
612;36;15290
612;37;15307
612;38;15354
612;39;15396
612;40;15423
612;41;15450
612;42;15452
612;43;15463
612;44;15477
612;45;15512
612;46;15529
612;47;15548
612;48;15566
612;49;15585
613;1;12399
613;2;12864
613;3;12899
613;4;12965
613;5;13007
613;6;13360
613;7;13592
613;8;13667
613;9;13976
613;10;13994
613;11;14040
613;12;14077
613;13;14119
613;14;14152
613;15;14226
613;16;14312
613;17;14678
613;18;14682
613;19;14700
613;20;14717
613;21;14719
613;22;14766
613;23;15143
613;24;15169
613;25;15194
613;26;15245
613;27;15276
613;28;15326
613;29;15357
613;30;15378
613;31;15381
613;32;15407
613;33;15420
613;34;15436
613;35;15464
613;36;15483
613;37;15496
613;38;15529
613;39;15544
613;40;15568
613;41;15585
614;1;10714
614;2;10774
614;3;11178
614;4;11577
614;5;11861
614;6;11887
614;7;11934
614;8;12369
614;9;12861
614;10;13342
614;11;13530
614;12;13631
614;13;13636
614;14;13823
614;15;14348
614;16;14366
614;17;14433
614;18;14716
614;19;14748
614;20;15056
614;21;15175
614;22;15206
614;23;15251
614;24;15270
614;25;15291
614;26;15321
614;27;15327
614;28;15332
614;29;15357
614;30;15372
614;31;15393
614;32;15424
614;33;15455
614;34;15476
614;35;15493
614;36;15519
614;37;15535
614;38;15567
614;39;15585
615;1;10820
615;2;11165
615;3;11178
615;4;11719
615;5;11746
615;6;11793
615;7;11798
615;8;12239
615;9;12314
615;10;12738
615;11;13243
615;12;13264
615;13;13317
615;14;13376
615;15;13410
615;16;13426
615;17;13485
615;18;13533
615;19;13538
615;20;13993
615;21;14355
615;22;14683
615;23;14684
615;24;14716
615;25;14736
615;26;14757
615;27;14781
615;28;15181
615;29;15207
615;30;15219
615;31;15224
615;32;15275
615;33;15291
615;34;15333
615;35;15349
615;36;15364
615;37;15385
615;38;15388
615;39;15392
615;40;15423
615;41;15439
615;42;15476
615;43;15489
615;44;15508
615;45;15540
615;46;15547
615;47;15566
615;48;15585
616;1;8957
616;2;9407
616;3;9801
616;4;10154
616;5;10646
616;6;11025
616;7;11058
616;8;11085
616;9;11144
616;10;11609
616;11;11695
616;12;11742
616;13;12063
616;14;12604
616;15;12620
616;16;12695
616;17;12754
616;18;12826
616;19;13211
616;20;13263
616;21;13319
616;22;13358
616;23;13444
616;24;13446
616;25;13487
616;26;13746
616;27;14106
616;28;14148
616;29;14153
616;30;14212
616;31;14717
616;32;14740
616;33;14745
616;34;14761
616;35;14762
616;36;14793
616;37;14797
616;38;14811
616;39;14858
616;40;15226
616;41;15231
616;42;15278
616;43;15304
616;44;15335
616;45;15401
616;46;15427
616;47;15446
616;48;15450
616;49;15464
616;50;15469
616;51;15485
616;52;15508
616;53;15521
616;54;15534
616;55;15553
616;56;15562
617;1;11663
617;2;12133
617;3;12632
617;4;12919
617;5;12927
617;6;13001
617;7;13060
617;8;13529
617;9;13939
617;10;13967
617;11;14009
617;12;14074
617;13;14088
617;14;14107
617;15;14185
617;16;14597
617;17;15010
617;18;15047
617;19;15062
617;20;15078
617;21;15345
617;22;15429
617;23;15453
617;24;15457
617;25;15468
617;26;15495
617;27;15516
617;28;15530
617;29;15543
617;30;15548
617;31;15566
617;32;15585
618;1;10862
618;2;11324
618;3;11356
618;4;11401
618;5;11668
618;6;11694
618;7;11699
618;8;11736
618;9;11807
618;10;11829
618;11;11864
618;12;12332
618;13;12382
618;14;12424
618;15;12844
618;16;12870
618;17;13313
618;18;13783
618;19;14253
618;20;14738
618;21;14757
618;22;14774
618;23;14779
618;24;14816
618;25;14875
618;26;14902
618;27;14907
618;28;14921
618;29;15267
618;30;15330
618;31;15379
618;32;15442
618;33;15450
618;34;15466
618;35;15479
618;36;15526
618;37;15542
618;38;15566
618;39;15585
619;1;11528
619;2;11891
619;3;12308
619;4;12818
619;5;13136
619;6;13149
619;7;13443
619;8;13460
619;9;13522
619;10;13597
619;11;13914
619;12;14225
619;13;14241
619;14;14279
619;15;14374
619;16;14646
619;17;14678
619;18;14703
619;19;14766
619;20;14873
619;21;14935
619;22;14995
619;23;15044
619;24;15063
619;25;15068
619;26;15084
619;27;15132
619;28;15233
619;29;15254
619;30;15270
619;31;15302
619;32;15339
619;33;15344
619;34;15451
619;35;15464
619;36;15469
619;37;15487
619;38;15528
619;39;15542
619;40;15561
619;41;15562
620;1;10455
620;2;10506
620;3;10524
620;4;10550
620;5;10966
620;6;11439
620;7;11920
620;8;11936
620;9;11995
620;10;12005
620;11;12542
620;12;12978
620;13;13030
620;14;13045
620;15;13422
620;16;13427
620;17;13760
620;18;13786
620;19;13837
620;20;14233
620;21;14248
620;22;14274
620;23;14653
620;24;14678
620;25;14735
620;26;14747
620;27;14764
620;28;14830
620;29;14857
620;30;14908
620;31;15272
620;32;15276
620;33;15283
620;34;15319
620;35;15345
620;36;15366
620;37;15376
620;38;15397
620;39;15406
620;40;15411
620;41;15431
620;42;15457
620;43;15498
620;44;15530
620;45;15543
620;46;15548
620;47;15553
620;48;15568
620;49;15585
621;1;11833
621;2;11852
621;3;12331
621;4;12404
621;5;12455
621;6;12914
621;7;13273
621;8;13332
621;9;13357
621;10;13376
621;11;13423
621;12;13866
621;13;13885
621;14;13944
621;15;13973
621;16;14316
621;17;14414
621;18;14441
621;19;14451
621;20;14501
621;21;14795
621;22;15092
621;23;15100
621;24;15118
621;25;15143
621;26;15144
621;27;15145
621;28;15170
621;29;15218
621;30;15285
621;31;15286
621;32;15307
621;33;15369
621;34;15404
621;35;15425
621;36;15448
621;37;15475
621;38;15512
621;39;15538
621;40;15543
621;41;15561
621;42;15562
622;1;11096
622;2;11556
622;3;11619
622;4;11921
622;5;12338
622;6;12364
622;7;12719
622;8;12793
622;9;12812
622;10;13057
622;11;13102
622;12;13149
622;13;13154
622;14;13246
622;15;13311
622;16;13338
622;17;13759
622;18;13764
622;19;13791
622;20;13801
622;21;13827
622;22;13879
622;23;13914
622;24;13924
622;25;13971
622;26;13990
622;27;14368
622;28;14389
622;29;14398
622;30;14403
622;31;14678
622;32;14714
622;33;14826
622;34;14838
622;35;14930
622;36;15005
622;37;15288
622;38;15299
622;39;15316
622;40;15319
622;41;15321
622;42;15325
622;43;15346
622;44;15352
622;45;15368
622;46;15381
622;47;15408
622;48;15425
622;49;15444
622;50;15461
622;51;15465
622;52;15482
622;53;15538
622;54;15545
622;55;15562
623;1;10479
623;2;10899
623;3;11389
623;4;11757
623;5;12227
623;6;12266
623;7;12606
623;8;12641
623;9;13055
623;10;13130
623;11;13460
623;12;13585
623;13;13911
623;14;13916
623;15;13948
623;16;13999
623;17;14467
623;18;14505
623;19;14520
623;20;14585
623;21;14597
623;22;14612
623;23;14657
623;24;14864
623;25;14870
623;26;14933
623;27;14972
623;28;14998
623;29;15019
623;30;15206
623;31;15220
623;32;15261
623;33;15300
623;34;15309
623;35;15318
623;36;15346
623;37;15372
623;38;15389
623;39;15403
623;40;15405
623;41;15417
623;42;15464
623;43;15485
623;44;15488
623;45;15491
623;46;15496
623;47;15522
623;48;15540
623;49;15572
623;50;15585
624;1;8331
624;2;8432
624;3;8865
624;4;8939
624;5;9318
624;6;9823
624;7;9837
624;8;9842
624;9;10281
624;10;10733
624;11;10755
624;12;11175
624;13;11554
624;14;11580
624;15;12076
624;16;12532
624;17;12606
624;18;12620
624;19;12633
624;20;13177
624;21;13488
624;22;13863
624;23;13954
624;24;14005
624;25;14419
624;26;14658
624;27;15099
624;28;15136
624;29;15190
624;30;15235
624;31;15270
624;32;15315
624;33;15389
624;34;15391
624;35;15418
624;36;15449
624;37;15457
624;38;15473
624;39;15494
624;40;15512
624;41;15544
624;42;15561
624;43;15566
624;44;15585
625;1;9913
625;2;10497
625;3;11007
625;4;11475
625;5;11863
625;6;12222
625;7;12536
625;8;12566
625;9;13059
625;10;13152
625;11;13176
625;12;13187
625;13;13222
625;14;13544
625;15;13603
625;16;13677
625;17;13684
625;18;14172
625;19;14203
625;20;14293
625;21;14324
625;22;14705
625;23;14721
625;24;14732
625;25;14774
625;26;14782
625;27;14799
625;28;14978
625;29;15037
625;30;15129
625;31;15163
625;32;15187
625;33;15192
625;34;15251
625;35;15269
625;36;15308
625;37;15313
625;38;15340
625;39;15347
625;40;15349
625;41;15365
625;42;15397
625;43;15430
625;44;15447
625;45;15463
625;46;15484
625;47;15503
625;48;15514
625;49;15529
625;50;15534
625;51;15553
625;52;15585
626;1;11068
626;2;11129
626;3;11188
626;4;11207
626;5;11680
626;6;12025
626;7;12137
626;8;12490
626;9;12904
626;10;12918
626;11;13209
626;12;13714
626;13;14067
626;14;14099
626;15;14154
626;16;14173
626;17;14197
626;18;14252
626;19;14327
626;20;14345
626;21;14368
626;22;14426
626;23;14759
626;24;15259
626;25;15262
626;26;15304
626;27;15328
626;28;15363
626;29;15394
626;30;15436
626;31;15449
626;32;15463
626;33;15472
626;34;15543
626;35;15566
626;36;15569
626;37;15585
627;1;9990
627;2;10352
627;3;10438
627;4;10443
627;5;10630
627;6;10725
627;7;11109
627;8;11636
627;9;11697
627;10;11998
627;11;12399
627;12;12869
627;13;13204
627;14;13249
627;15;13660
627;16;13672
627;17;13724
627;18;14075
627;19;14079
627;20;14131
627;21;14164
627;22;14180
627;23;14491
627;24;14553
627;25;14579
627;26;14580
627;27;14900
627;28;14974
627;29;15000
627;30;15036
627;31;15062
627;32;15121
627;33;15160
627;34;15163
627;35;15179
627;36;15202
627;37;15251
627;38;15253
627;39;15314
627;40;15323
627;41;15352
627;42;15354
627;43;15399
627;44;15416
627;45;15442
627;46;15443
627;47;15456
627;48;15497
627;49;15530
627;50;15548
627;51;15561
628;1;9185
628;2;9190
628;3;9204
628;4;9672
628;5;9995
628;6;10374
628;7;10849
628;8;11304
628;9;11322
628;10;11396
628;11;11864
628;12;12286
628;13;12791
628;14;12820
628;15;12865
628;16;13235
628;17;13239
628;18;13284
628;19;13289
628;20;13317
628;21;13522
628;22;13920
628;23;13957
628;24;14052
628;25;14111
628;26;14132
628;27;14151
628;28;14572
628;29;14598
628;30;14640
628;31;14691
628;32;14783
628;33;14802
628;34;14825
628;35;14849
628;36;15169
628;37;15216
628;38;15221
628;39;15246
628;40;15252
628;41;15265
628;42;15278
628;43;15298
628;44;15324
628;45;15359
628;46;15380
628;47;15397
628;48;15416
628;49;15421
628;50;15447
628;51;15452
628;52;15478
628;53;15510
628;54;15529
628;55;15533
628;56;15566
628;57;15585
629;1;11325
629;2;11360
629;3;11876
629;4;12290
629;5;12295
629;6;12482
629;7;12487
629;8;12820
629;9;13226
629;10;13256
629;11;13288
629;12;13465
629;13;13493
629;14;13533
629;15;13625
629;16;13660
629;17;13755
629;18;13780
629;19;13804
629;20;14014
629;21;14033
629;22;14361
629;23;14499
629;24;14764
629;25;14824
629;26;14887
629;27;14913
629;28;14941
629;29;14946
629;30;14961
629;31;14980
629;32;15027
629;33;15048
629;34;15087
629;35;15089
629;36;15107
629;37;15128
629;38;15130
629;39;15151
629;40;15186
629;41;15188
629;42;15203
629;43;15205
629;44;15223
629;45;15228
629;46;15266
629;47;15285
629;48;15356
629;49;15360
629;50;15381
629;51;15407
629;52;15433
629;53;15474
629;54;15505
629;55;15530
629;56;15549
629;57;15568
629;58;15585
630;1;12753
630;2;12795
630;3;12800
630;4;12826
630;5;12856
630;6;12888
630;7;12930
630;8;12961
630;9;12980
630;10;13421
630;11;13426
630;12;13892
630;13;13921
630;14;14313
630;15;14360
630;16;14387
630;17;14438
630;18;14765
630;19;15061
630;20;15063
630;21;15200
630;22;15259
630;23;15312
630;24;15379
630;25;15416
630;26;15440
630;27;15457
630;28;15462
630;29;15504
630;30;15522
630;31;15535
630;32;15542
630;33;15547
630;34;15552
630;35;15564
630;36;15585
631;1;12362
631;2;12779
631;3;13199
631;4;13268
631;5;13305
631;6;13379
631;7;13405
631;8;13837
631;9;14137
631;10;14154
631;11;14173
631;12;14187
631;13;14692
631;14;14723
631;15;14809
631;16;14822
631;17;15175
631;18;15177
631;19;15216
631;20;15263
631;21;15291
631;22;15330
631;23;15359
631;24;15380
631;25;15432
631;26;15474
631;27;15492
631;28;15511
631;29;15520
631;30;15538
631;31;15553
631;32;15585
632;1;9971
632;2;10441
632;3;10473
632;4;10478
632;5;10921
632;6;11266
632;7;11308
632;8;11783
632;9;11801
632;10;11867
632;11;11886
632;12;12371
632;13;12635
632;14;12727
632;15;12764
632;16;12804
632;17;12828
632;18;13341
632;19;13356
632;20;13373
632;21;13409
632;22;13819
632;23;13861
632;24;14193
632;25;14294
632;26;14565
632;27;14612
632;28;14632
632;29;14691
632;30;14701
632;31;14743
632;32;14762
632;33;15132
632;34;15133
632;35;15166
632;36;15198
632;37;15284
632;38;15310
632;39;15327
632;40;15333
632;41;15337
632;42;15348
632;43;15393
632;44;15405
632;45;15444
632;46;15473
632;47;15491
632;48;15507
632;49;15510
632;50;15534
632;51;15566
632;52;15585
633;1;9614
633;2;10039
633;3;10531
633;4;11072
633;5;11515
633;6;11924
633;7;12330
633;8;12386
633;9;12449
633;10;12475
633;11;12837
633;12;12869
633;13;12908
633;14;13295
633;15;13297
633;16;13330
633;17;13422
633;18;13682
633;19;13687
633;20;13710
633;21;13731
633;22;14122
633;23;14140
633;24;14158
633;25;14184
633;26;14493
633;27;14544
633;28;14575
633;29;14592
633;30;14631
633;31;14648
633;32;14690
633;33;15058
633;34;15120
633;35;15127
633;36;15170
633;37;15195
633;38;15237
633;39;15262
633;40;15283
633;41;15284
633;42;15289
633;43;15294
633;44;15300
633;45;15326
633;46;15347
633;47;15433
633;48;15466
633;49;15471
633;50;15473
633;51;15489
633;52;15511
633;53;15530
633;54;15538
633;55;15561
633;56;15585
634;1;12064
634;2;12443
634;3;12959
634;4;13372
634;5;13377
634;6;13402
634;7;13781
634;8;14180
634;9;14207
634;10;14218
634;11;14284
634;12;14710
634;13;14726
634;14;14756
634;15;14777
634;16;15103
634;17;15147
634;18;15166
634;19;15192
634;20;15224
634;21;15250
634;22;15271
634;23;15304
634;24;15330
634;25;15351
634;26;15355
634;27;15362
634;28;15379
634;29;15412
634;30;15463
634;31;15476
634;32;15502
634;33;15504
634;34;15521
634;35;15562
635;1;8249
635;2;8754
635;3;8772
635;4;8793
635;5;9050
635;6;9442
635;7;9890
635;8;9965
635;9;9990
635;10;10353
635;11;10733
635;12;10828
635;13;10879
635;14;11232
635;15;11663
635;16;11681
635;17;11755
635;18;11782
635;19;11800
635;20;12145
635;21;12163
635;22;12234
635;23;12757
635;24;12774
635;25;12825
635;26;12867
635;27;12902
635;28;13307
635;29;13336
635;30;13777
635;31;13793
635;32;13824
635;33;14243
635;34;14244
635;35;14315
635;36;14350
635;37;14672
635;38;14938
635;39;14985
635;40;15022
635;41;15097
635;42;15115
635;43;15116
635;44;15150
635;45;15178
635;46;15237
635;47;15242
635;48;15295
635;49;15321
635;50;15326
635;51;15385
635;52;15436
635;53;15440
635;54;15480
635;55;15506
635;56;15530
635;57;15540
635;58;15552
635;59;15561
635;60;15585
636;1;10409
636;2;10449
636;3;10601
636;4;11077
636;5;11091
636;6;11346
636;7;11851
636;8;11867
636;9;11898
636;10;11922
636;11;11974
636;12;12459
636;13;12480
636;14;12801
636;15;13231
636;16;13233
636;17;13250
636;18;13794
636;19;13839
636;20;14331
636;21;14341
636;22;14397
636;23;14430
636;24;14433
636;25;14438
636;26;14513
636;27;14541
636;28;14802
636;29;14849
636;30;14870
636;31;15224
636;32;15263
636;33;15295
636;34;15311
636;35;15335
636;36;15361
636;37;15366
636;38;15404
636;39;15425
636;40;15450
636;41;15467
636;42;15468
636;43;15487
636;44;15504
636;45;15530
636;46;15548
636;47;15561
637;1;9797
637;2;10241
637;3;10293
637;4;10798
637;5;11286
637;6;11291
637;7;11341
637;8;11805
637;9;11821
637;10;11842
637;11;11908
637;12;11913
637;13;12422
637;14;12891
637;15;12966
637;16;13078
637;17;13173
637;18;13178
637;19;13229
637;20;13274
637;21;13634
637;22;13648
637;23;13880
637;24;13901
637;25;13952
637;26;14015
637;27;14329
637;28;14590
637;29;14615
637;30;14686
637;31;14714
637;32;14724
637;33;14794
637;34;14815
637;35;14839
637;36;14853
637;37;14871
637;38;14919
637;39;14958
637;40;14990
637;41;15010
637;42;15019
637;43;15023
637;44;15036
637;45;15378
637;46;15381
637;47;15394
637;48;15399
637;49;15413
637;50;15415
637;51;15452
637;52;15462
637;53;15468
637;54;15479
637;55;15510
637;56;15516
637;57;15530
637;58;15540
637;59;15549
637;60;15553
638;1;11332
638;2;11805
638;3;12304
638;4;12378
638;5;12405
638;6;12423
638;7;12430
638;8;12783
638;9;12839
638;10;12873
638;11;12902
638;12;13271
638;13;13321
638;14;13746
638;15;13858
638;16;14112
638;17;14138
638;18;14149
638;19;14179
638;20;14192
638;21;14686
638;22;14744
638;23;14795
638;24;14819
638;25;14873
638;26;14948
638;27;15023
638;28;15051
638;29;15287
638;30;15360
638;31;15377
638;32;15382
638;33;15387
638;34;15401
638;35;15405
638;36;15424
638;37;15429
638;38;15438
638;39;15462
638;40;15504
638;41;15506
638;42;15511
638;43;15561
638;44;15566
638;45;15585
639;1;11781
639;2;11808
639;3;12276
639;4;12744
639;5;12763
639;6;13255
639;7;13293
639;8;13628
639;9;14021
639;10;14026
639;11;14127
639;12;14153
639;13;14175
639;14;14555
639;15;14584
639;16;14610
639;17;14705
639;18;14733
639;19;14792
639;20;14834
639;21;14885
639;22;14893
639;23;14925
639;24;15158
639;25;15163
639;26;15195
639;27;15254
639;28;15266
639;29;15283
639;30;15301
639;31;15312
639;32;15317
639;33;15354
639;34;15369
639;35;15404
639;36;15415
639;37;15441
639;38;15449
639;39;15466
639;40;15471
639;41;15508
639;42;15521
639;43;15529
639;44;15542
639;45;15544
639;46;15561
640;1;12431
640;2;12506
640;3;12551
640;4;12643
640;5;13041
640;6;13516
640;7;13518
640;8;13938
640;9;13950
640;10;13982
640;11;13984
640;12;13989
640;13;14016
640;14;14023
640;15;14461
640;16;14755
640;17;14772
640;18;14788
640;19;15108
640;20;15127
640;21;15178
640;22;15199
640;23;15210
640;24;15255
640;25;15269
640;26;15295
640;27;15301
640;28;15352
640;29;15377
640;30;15390
640;31;15409
640;32;15433
640;33;15457
640;34;15459
640;35;15504
640;36;15509
640;37;15523
640;38;15549
640;39;15566
640;40;15585
641;1;12414
641;2;12924
641;3;13019
641;4;13282
641;5;13709
641;6;13710
641;7;14095
641;8;14115
641;9;14147
641;10;14239
641;11;14638
641;12;14654
641;13;15052
641;14;15083
641;15;15153
641;16;15195
641;17;15245
641;18;15266
641;19;15317
641;20;15342
641;21;15369
641;22;15395
641;23;15447
641;24;15463
641;25;15470
641;26;15475
641;27;15489
641;28;15506
641;29;15511
641;30;15561
641;31;15562
642;1;9797
642;2;10142
642;3;10609
642;4;10610
642;5;10684
642;6;10711
642;7;11161
642;8;11236
642;9;11564
642;10;11978
642;11;12000
642;12;12416
642;13;12468
642;14;12514
642;15;12883
642;16;13242
642;17;13260
642;18;13323
642;19;13343
642;20;13355
642;21;13394
642;22;13453
642;23;13472
642;24;13733
642;25;13775
642;26;13792
642;27;13866
642;28;13952
642;29;14017
642;30;14361
642;31;14382
642;32;14720
642;33;14794
642;34;14800
642;35;14821
642;36;15157
642;37;15216
642;38;15235
642;39;15243
642;40;15295
642;41;15308
642;42;15313
642;43;15329
642;44;15338
642;45;15364
642;46;15396
642;47;15408
642;48;15413
642;49;15415
642;50;15436
642;51;15450
642;52;15463
642;53;15506
642;54;15519
642;55;15521
642;56;15547
642;57;15566
642;58;15585
643;1;9991
643;2;10355
643;3;10417
643;4;10459
643;5;10911
643;6;11438
643;7;11459
643;8;11554
643;9;12035
643;10;12372
643;11;12731
643;12;13219
643;13;13256
643;14;13538
643;15;13555
643;16;13582
643;17;13617
643;18;14056
643;19;14368
643;20;14400
643;21;14461
643;22;14523
643;23;14551
643;24;14610
643;25;14623
643;26;14724
643;27;14766
643;28;15091
643;29;15138
643;30;15155
643;31;15180
643;32;15212
643;33;15221
643;34;15229
643;35;15256
643;36;15285
643;37;15304
643;38;15326
643;39;15343
643;40;15348
643;41;15371
643;42;15383
643;43;15386
643;44;15394
643;45;15404
643;46;15424
643;47;15434
643;48;15436
643;49;15473
643;50;15482
643;51;15500
643;52;15519
643;53;15538
643;54;15561
643;55;15566
643;56;15567
643;57;15585
644;1;11356
644;2;11431
644;3;11751
644;4;12140
644;5;12147
644;6;12172
644;7;12206
644;8;12238
644;9;12490
644;10;12516
644;11;12534
644;12;12565
644;13;12902
644;14;12923
644;15;12998
644;16;13022
644;17;13439
644;18;13481
644;19;13548
644;20;13600
644;21;13990
644;22;14402
644;23;14488
644;24;14537
644;25;14562
644;26;14600
644;27;14616
644;28;14658
644;29;14674
644;30;14996
644;31;15015
644;32;15089
644;33;15102
644;34;15145
644;35;15163
644;36;15193
644;37;15205
644;38;15223
644;39;15250
644;40;15277
644;41;15369
644;42;15386
644;43;15402
644;44;15423
644;45;15428
644;46;15454
644;47;15461
644;48;15475
644;49;15501
644;50;15519
644;51;15521
644;52;15538
644;53;15553
644;54;15554
644;55;15566
644;56;15585
645;1;10106
645;2;10414
645;3;10853
645;4;10893
645;5;10902
645;6;11427
645;7;11831
645;8;12254
645;9;12320
645;10;12394
645;11;12399
645;12;12794
645;13;13150
645;14;13556
645;15;13956
645;16;13983
645;17;13999
645;18;14394
645;19;14436
645;20;14467
645;21;14542
645;22;14553
645;23;14562
645;24;15049
645;25;15068
645;26;15115
645;27;15227
645;28;15235
645;29;15286
645;30;15312
645;31;15331
645;32;15373
645;33;15415
645;34;15462
645;35;15529
645;36;15548
645;37;15567
645;38;15585
646;1;10563
646;2;10927
646;3;11341
646;4;11868
646;5;11881
646;6;11894
646;7;12386
646;8;12904
646;9;12905
646;10;12910
646;11;13002
646;12;13029
646;13;13362
646;14;13379
646;15;13887
646;16;13920
646;17;13933
646;18;14316
646;19;14340
646;20;14347
646;21;14364
646;22;14383
646;23;14443
646;24;14495
646;25;14575
646;26;14580
646;27;14596
646;28;14638
646;29;14664
646;30;14672
646;31;14719
646;32;14724
646;33;14740
646;34;14970
646;35;15059
646;36;15317
646;37;15320
646;38;15379
646;39;15393
646;40;15412
646;41;15417
646;42;15442
646;43;15470
646;44;15499
646;45;15530
646;46;15549
647;1;9751
647;2;9863
647;3;10187
647;4;10279
647;5;10607
647;6;10944
647;7;11387
647;8;11903
647;9;12421
647;10;12820
647;11;12846
647;12;13326
647;13;13749
647;14;13777
647;15;14032
647;16;14083
647;17;14178
647;18;14220
647;19;14287
647;20;14318
647;21;14355
647;22;14707
647;23;14723
647;24;15102
647;25;15136
647;26;15162
647;27;15174
647;28;15184
647;29;15243
647;30;15299
647;31;15346
647;32;15384
647;33;15426
647;34;15443
647;35;15485
647;36;15490
647;37;15508
647;38;15521
647;39;15542
647;40;15561
648;1;11985
648;2;12424
648;3;12452
648;4;12471
648;5;13012
648;6;13410
648;7;13484
648;8;13514
648;9;13545
648;10;13620
648;11;13633
648;12;13678
648;13;13698
648;14;13757
648;15;14110
648;16;14499
648;17;14956
648;18;15015
648;19;15127
648;20;15174
648;21;15200
648;22;15211
648;23;15253
648;24;15266
648;25;15271
648;26;15284
648;27;15309
648;28;15340
648;29;15366
648;30;15388
648;31;15409
648;32;15461
648;33;15478
648;34;15490
648;35;15492
648;36;15511
648;37;15538
648;38;15562
649;1;9175
649;2;9234
649;3;9631
649;4;10101
649;5;10159
649;6;10178
649;7;10270
649;8;10296
649;9;10649
649;10;11193
649;11;11544
649;12;11600
649;13;11959
649;14;12321
649;15;12730
649;16;12791
649;17;13259
649;18;13290
649;19;13325
649;20;13749
649;21;13785
649;22;13856
649;23;14155
649;24;14195
649;25;14221
649;26;14226
649;27;14546
649;28;14963
649;29;14980
649;30;15045
649;31;15077
649;32;15122
649;33;15208
649;34;15219
649;35;15273
649;36;15320
649;37;15341
649;38;15360
649;39;15365
649;40;15383
649;41;15409
649;42;15442
649;43;15489
649;44;15507
649;45;15520
649;46;15521
649;47;15562
650;1;10476
650;2;10794
650;3;10815
650;4;10846
650;5;10921
650;6;11326
650;7;11796
650;8;12228
650;9;12273
650;10;12738
650;11;12754
650;12;13150
650;13;13163
650;14;13189
650;15;13252
650;16;13255
650;17;13442
650;18;13517
650;19;13532
650;20;13962
650;21;14249
650;22;14267
650;23;14291
650;24;14690
650;25;14946
650;26;14948
650;27;14974
650;28;15016
650;29;15078
650;30;15170
650;31;15209
650;32;15238
650;33;15283
650;34;15300
650;35;15412
650;36;15431
650;37;15433
650;38;15438
650;39;15457
650;40;15465
650;41;15483
650;42;15501
650;43;15520
650;44;15521
650;45;15545
650;46;15562
651;1;11063
651;2;11079
651;3;11597
651;4;11602
651;5;11922
651;6;12390
651;7;12465
651;8;12868
651;9;13267
651;10;13362
651;11;13404
651;12;13425
651;13;13484
651;14;13535
651;15;13991
651;16;14334
651;17;14650
651;18;14665
651;19;14675
651;20;14939
651;21;15010
651;22;15071
651;23;15113
651;24;15132
651;25;15153
651;26;15215
651;27;15276
651;28;15323
651;29;15348
651;30;15361
651;31;15370
651;32;15387
651;33;15415
651;34;15442
651;35;15461
651;36;15487
651;37;15506
651;38;15543
651;39;15561
652;1;11286
652;2;11303
652;3;11771
652;4;12150
652;5;12581
652;6;12642
652;7;12720
652;8;12728
652;9;13026
652;10;13379
652;11;13384
652;12;13968
652;13;14120
652;14;14147
652;15;14160
652;16;14526
652;17;14565
652;18;14631
652;19;14662
652;20;14721
652;21;14740
652;22;14791
652;23;14835
652;24;14853
652;25;14865
652;26;14881
652;27;14882
652;28;14901
652;29;15233
652;30;15254
652;31;15280
652;32;15306
652;33;15311
652;34;15315
652;35;15401
652;36;15434
652;37;15438
652;38;15473
652;39;15490
652;40;15498
652;41;15499
652;42;15525
652;43;15543
652;44;15561
653;1;10106
653;2;10132
653;3;10227
653;4;10672
653;5;11237
653;6;11718
653;7;11731
653;8;11738
653;9;11789
653;10;11792
653;11;12310
653;12;12334
653;13;12365
653;14;12808
653;15;13238
653;16;13706
653;17;14134
653;18;14179
653;19;14578
653;20;14841
653;21;14862
653;22;15055
653;23;15058
653;24;15076
653;25;15089
653;26;15105
653;27;15179
653;28;15198
653;29;15212
653;30;15217
653;31;15224
653;32;15231
653;33;15257
653;34;15296
653;35;15300
653;36;15308
653;37;15352
653;38;15389
653;39;15431
653;40;15457
653;41;15462
653;42;15466
653;43;15470
653;44;15496
653;45;15513
653;46;15534
653;47;15553
653;48;15562
654;1;10602
654;2;11070
654;3;11432
654;4;11811
654;5;11863
654;6;11876
654;7;11935
654;8;11972
654;9;12047
654;10;12073
654;11;12124
654;12;12580
654;13;12928
654;14;12933
654;15;12958
654;16;12974
654;17;13394
654;18;13718
654;19;13948
654;20;13965
654;21;14057
654;22;14118
654;23;14163
654;24;14238
654;25;14713
654;26;14825
654;27;14887
654;28;14908
654;29;15225
654;30;15258
654;31;15277
654;32;15301
654;33;15303
654;34;15335
654;35;15361
654;36;15380
654;37;15406
654;38;15416
654;39;15417
654;40;15426
654;41;15447
654;42;15452
654;43;15470
654;44;15483
654;45;15509
654;46;15530
654;47;15534
654;48;15561
655;1;11127
655;2;11711
655;3;11736
655;4;11762
655;5;12062
655;6;12478
655;7;12497
655;8;12504
655;9;12969
655;10;13309
655;11;13631
655;12;13655
655;13;13714
655;14;13748
655;15;13775
655;16;13794
655;17;13815
655;18;13880
655;19;13919
655;20;14180
655;21;14213
655;22;14226
655;23;14277
655;24;14369
655;25;14707
655;26;14733
655;27;14760
655;28;14819
655;29;15130
655;30;15139
655;31;15148
655;32;15167
655;33;15187
655;34;15228
655;35;15246
655;36;15253
655;37;15304
655;38;15320
655;39;15321
655;40;15324
655;41;15366
655;42;15383
655;43;15416
655;44;15423
655;45;15446
655;46;15448
655;47;15465
655;48;15509
655;49;15518
655;50;15535
655;51;15572
655;52;15585
656;1;11199
656;2;11552
656;3;11589
656;4;11605
656;5;11638
656;6;12106
656;7;12132
656;8;12158
656;9;12171
656;10;12222
656;11;12559
656;12;12917
656;13;12935
656;14;13294
656;15;13299
656;16;13350
656;17;13400
656;18;13410
656;19;13437
656;20;13857
656;21;13910
656;22;13923
656;23;14309
656;24;14356
656;25;14381
656;26;14386
656;27;14779
656;28;15193
656;29;15230
656;30;15231
656;31;15250
656;32;15267
656;33;15272
656;34;15281
656;35;15302
656;36;15319
656;37;15335
656;38;15354
656;39;15371
656;40;15439
656;41;15444
656;42;15470
656;43;15488
656;44;15512
656;45;15513
656;46;15544
656;47;15585
657;1;11990
657;2;12013
657;3;12494
657;4;12501
657;5;12538
657;6;12955
657;7;13162
657;8;13204
657;9;13249
657;10;13298
657;11;13373
657;12;13399
657;13;13758
657;14;14041
657;15;14136
657;16;14146
657;17;14212
657;18;14596
657;19;14617
657;20;14647
657;21;15088
657;22;15093
657;23;15114
657;24;15122
657;25;15208
657;26;15238
657;27;15240
657;28;15246
657;29;15272
657;30;15308
657;31;15312
657;32;15317
657;33;15330
657;34;15344
657;35;15347
657;36;15368
657;37;15386
657;38;15403
657;39;15459
657;40;15520
657;41;15561
657;42;15562
658;1;12191
658;2;12613
658;3;12644
658;4;12927
658;5;12946
658;6;13421
658;7;13484
658;8;13565
658;9;13604
658;10;13791
658;11;13807
658;12;14183
658;13;14258
658;14;14461
658;15;14490
658;16;14516
658;17;14972
658;18;14985
658;19;15022
658;20;15049
658;21;15100
658;22;15114
658;23;15188
658;24;15220
658;25;15222
658;26;15236
658;27;15238
658;28;15246
658;29;15298
658;30;15318
658;31;15339
658;32;15371
658;33;15402
658;34;15432
658;35;15456
658;36;15475
658;37;15487
658;38;15508
658;39;15549
658;40;15562
659;1;12567
659;2;12594
659;3;12937
659;4;12963
659;5;12998
659;6;13284
659;7;13379
659;8;13847
659;9;13852
659;10;14205
659;11;14552
659;12;14900
659;13;14927
659;14;14944
659;15;14949
659;16;14975
659;17;14992
659;18;15005
659;19;15021
659;20;15063
659;21;15100
659;22;15132
659;23;15177
659;24;15184
659;25;15193
659;26;15212
659;27;15217
659;28;15236
659;29;15247
659;30;15253
659;31;15258
659;32;15286
659;33;15311
659;34;15337
659;35;15350
659;36;15367
659;37;15373
659;38;15376
659;39;15390
659;40;15409
659;41;15414
659;42;15440
659;43;15461
659;44;15498
659;45;15519
659;46;15540
659;47;15553
659;48;15566
659;49;15568
659;50;15585
660;1;11293
660;2;11646
660;3;11656
660;4;12009
660;5;12060
660;6;12459
660;7;12554
660;8;12573
660;9;12648
660;10;12660
660;11;12917
660;12;12954
660;13;12997
660;14;13363
660;15;13694
660;16;13712
660;17;13764
660;18;13776
660;19;13818
660;20;13827
660;21;13886
660;22;13936
660;23;13999
660;24;14319
660;25;14378
660;26;14437
660;27;14451
660;28;14510
660;29;14550
660;30;14873
660;31;15287
660;32;15306
660;33;15335
660;34;15353
660;35;15372
660;36;15398
660;37;15411
660;38;15438
660;39;15464
660;40;15469
660;41;15484
660;42;15489
660;43;15502
660;44;15521
660;45;15538
660;46;15543
660;47;15569
660;48;15585
661;1;11017
661;2;11050
661;3;11464
661;4;11890
661;5;11906
661;6;12386
661;7;12448
661;8;12928
661;9;13446
661;10;13748
661;11;13799
661;12;14130
661;13;14154
661;14;14165
661;15;14181
661;16;14246
661;17;14272
661;18;14296
661;19;14327
661;20;14358
661;21;14397
661;22;14730
661;23;14756
661;24;14851
661;25;14864
661;26;14887
661;27;14925
661;28;14946
661;29;14957
661;30;14959
661;31;15028
661;32;15417
661;33;15436
661;34;15461
661;35;15488
661;36;15502
661;37;15543
661;38;15548
661;39;15566
661;40;15585
662;1;11998
662;2;12450
662;3;12473
662;4;12738
662;5;13074
662;6;13541
662;7;13992
662;8;13997
662;9;14058
662;10;14097
662;11;14209
662;12;14239
662;13;14281
662;14;14307
662;15;14339
662;16;14765
662;17;14802
662;18;14807
662;19;14827
662;20;15196
662;21;15201
662;22;15276
662;23;15295
662;24;15298
662;25;15324
662;26;15382
662;27;15407
662;28;15412
662;29;15475
662;30;15478
662;31;15502
662;32;15539
662;33;15552
662;34;15566
662;35;15568
662;36;15585
663;1;9985
663;2;10037
663;3;10053
663;4;10077
663;5;10413
663;6;10432
663;7;10855
663;8;11298
663;9;11623
663;10;11673
663;11;11765
663;12;12190
663;13;12302
663;14;12720
663;15;12795
663;16;12809
663;17;12827
663;18;13309
663;19;13717
663;20;14075
663;21;14079
663;22;14116
663;23;14190
663;24;14488
663;25;14501
663;26;14576
663;27;14647
663;28;14726
663;29;14789
663;30;15174
663;31;15193
663;32;15225
663;33;15235
663;34;15249
663;35;15263
663;36;15278
663;37;15294
663;38;15356
663;39;15381
663;40;15391
663;41;15410
663;42;15424
663;43;15441
663;44;15446
663;45;15452
663;46;15453
663;47;15490
663;48;15511
663;49;15512
663;50;15530
663;51;15540
663;52;15548
663;53;15561
664;1;11964
664;2;12381
664;3;12413
664;4;12709
664;5;13161
664;6;13501
664;7;13535
664;8;13586
664;9;13821
664;10;13884
664;11;13943
664;12;14280
664;13;14310
664;14;14405
664;15;14467
664;16;14908
664;17;14935
664;18;14966
664;19;15058
664;20;15063
664;21;15080
664;22;15102
664;23;15130
664;24;15164
664;25;15165
664;26;15181
664;27;15235
664;28;15303
664;29;15330
664;30;15344
664;31;15348
664;32;15381
664;33;15386
664;34;15389
664;35;15405
664;36;15442
664;37;15456
664;38;15462
664;39;15477
664;40;15478
664;41;15491
664;42;15502
664;43;15526
664;44;15544
664;45;15585
665;1;10935
665;2;11400
665;3;11870
665;4;12212
665;5;12238
665;6;12486
665;7;12547
665;8;12572
665;9;12664
665;10;12724
665;11;12790
665;12;12806
665;13;13184
665;14;13517
665;15;13562
665;16;13932
665;17;13942
665;18;14005
665;19;14473
665;20;14546
665;21;14593
665;22;14598
665;23;14951
665;24;15041
665;25;15055
665;26;15069
665;27;15113
665;28;15146
665;29;15167
665;30;15184
665;31;15226
665;32;15239
665;33;15264
665;34;15288
665;35;15299
665;36;15323
665;37;15349
665;38;15365
665;39;15416
665;40;15475
665;41;15503
665;42;15516
665;43;15530
665;44;15533
665;45;15550
665;46;15556
665;47;15569
665;48;15585
666;1;10456
666;2;10515
666;3;10753
666;4;11129
666;5;11172
666;6;11615
666;7;11881
666;8;11898
666;9;11948
666;10;12274
666;11;12320
666;12;12371
666;13;12397
666;14;12463
666;15;12482
666;16;12872
666;17;13289
666;18;13319
666;19;13336
666;20;13361
666;21;13731
666;22;13762
666;23;13780
666;24;14045
666;25;14570
666;26;14595
666;27;14616
666;28;14672
666;29;14691
666;30;14733
666;31;14750
666;32;15099
666;33;15119
666;34;15136
666;35;15145
666;36;15190
666;37;15220
666;38;15286
666;39;15314
666;40;15321
666;41;15334
666;42;15360
666;43;15389
666;44;15391
666;45;15417
666;46;15436
666;47;15461
666;48;15478
666;49;15520
666;50;15540
666;51;15553
666;52;15585
667;1;11348
667;2;11728
667;3;11787
667;4;12239
667;5;12744
667;6;12766
667;7;12811
667;8;12826
667;9;13243
667;10;13280
667;11;13694
667;12;14114
667;13;14594
667;14;14915
667;15;14943
667;16;15036
667;17;15062
667;18;15100
667;19;15108
667;20;15161
667;21;15180
667;22;15212
667;23;15236
667;24;15262
667;25;15283
667;26;15320
667;27;15341
667;28;15363
667;29;15386
667;30;15404
667;31;15436
667;32;15449
667;33;15465
667;34;15472
667;35;15485
667;36;15504
667;37;15521
667;38;15538
667;39;15545
667;40;15562
668;1;9103
668;2;9513
668;3;9542
668;4;9977
668;5;10458
668;6;10533
668;7;10554
668;8;10628
668;9;10659
668;10;11039
668;11;11084
668;12;11514
668;13;11540
668;14;11599
668;15;12026
668;16;12030
668;17;12500
668;18;12853
668;19;13333
668;20;13678
668;21;13753
668;22;13940
668;23;14383
668;24;14740
668;25;14826
668;26;15122
668;27;15125
668;28;15138
668;29;15163
668;30;15184
668;31;15223
668;32;15242
668;33;15284
668;34;15314
668;35;15323
668;36;15360
668;37;15412
668;38;15429
668;39;15448
668;40;15462
668;41;15467
668;42;15493
668;43;15512
668;44;15521
668;45;15562
669;1;10782
669;2;10845
669;3;11286
669;4;11756
669;5;12118
669;6;12506
669;7;12926
669;8;13204
669;9;13289
669;10;13348
669;11;13770
669;12;13815
669;13;13836
669;14;14185
669;15;14271
669;16;14676
669;17;14760
669;18;15058
669;19;15090
669;20;15104
669;21;15109
669;22;15183
669;23;15202
669;24;15218
669;25;15229
669;26;15237
669;27;15241
669;28;15276
669;29;15327
669;30;15369
669;31;15404
669;32;15418
669;33;15432
669;34;15460
669;35;15489
669;36;15491
669;37;15528
669;38;15545
669;39;15566
669;40;15585
670;1;11020
670;2;11373
670;3;11485
670;4;11577
670;5;11935
670;6;11956
670;7;11975
670;8;12070
670;9;12375
670;10;12400
670;11;12495
670;12;12514
670;13;12544
670;14;12895
670;15;13330
670;16;13357
670;17;13375
670;18;13860
670;19;14181
670;20;14246
670;21;14270
670;22;14645
670;23;14662
670;24;14695
670;25;14701
670;26;14786
670;27;15025
670;28;15027
670;29;15117
670;30;15148
670;31;15157
670;32;15182
670;33;15229
670;34;15240
670;35;15258
670;36;15264
670;37;15288
670;38;15307
670;39;15338
670;40;15349
670;41;15368
670;42;15393
670;43;15428
670;44;15455
670;45;15460
670;46;15481
670;47;15507
670;48;15520
670;49;15534
670;50;15561
671;1;12379
671;2;12897
671;3;13154
671;4;13223
671;5;13297
671;6;13849
671;7;14322
671;8;14676
671;9;14683
671;10;14993
671;11;15006
671;12;15023
671;13;15030
671;14;15051
671;15;15098
671;16;15118
671;17;15150
671;18;15163
671;19;15174
671;20;15249
671;21;15254
671;22;15280
671;23;15301
671;24;15322
671;25;15334
671;26;15376
671;27;15389
671;28;15391
671;29;15396
671;30;15447
671;31;15475
671;32;15492
671;33;15507
671;34;15520
671;35;15534
671;36;15553
671;37;15562
672;1;11066
672;2;11465
672;3;11551
672;4;11607
672;5;11628
672;6;12106
672;7;12123
672;8;12452
672;9;12527
672;10;12553
672;11;12967
672;12;13170
672;13;13549
672;14;13624
672;15;13698
672;16;13793
672;17;14141
672;18;14146
672;19;14175
672;20;14512
672;21;14537
672;22;14601
672;23;14788
672;24;14838
672;25;14867
672;26;15117
672;27;15164
672;28;15187
672;29;15214
672;30;15219
672;31;15240
672;32;15252
672;33;15262
672;34;15281
672;35;15299
672;36;15316
672;37;15326
672;38;15354
672;39;15356
672;40;15378
672;41;15383
672;42;15400
672;43;15408
672;44;15435
672;45;15456
672;46;15493
672;47;15510
672;48;15511
672;49;15525
672;50;15544
672;51;15561
673;1;9829
673;2;9855
673;3;10254
673;4;10674
673;5;11052
673;6;11544
673;7;11575
673;8;11670
673;9;12157
673;10;12175
673;11;12431
673;12;12467
673;13;12877
673;14;12951
673;15;13026
673;16;13031
673;17;13429
673;18;13689
673;19;13764
673;20;13823
673;21;13841
673;22;14279
673;23;14607
673;24;14661
673;25;14720
673;26;14726
673;27;14800
673;28;15253
673;29;15283
673;30;15288
673;31;15309
673;32;15336
673;33;15362
673;34;15388
673;35;15400
673;36;15430
673;37;15436
673;38;15449
673;39;15468
673;40;15498
673;41;15503
673;42;15540
673;43;15553
673;44;15562
674;1;9894
674;2;10256
674;3;10269
674;4;10744
674;5;11161
674;6;11211
674;7;11263
674;8;11733
674;9;11780
674;10;12288
674;11;12338
674;12;12691
674;13;12717
674;14;13209
674;15;13561
674;16;13625
674;17;13649
674;18;13709
674;19;13739
674;20;14087
674;21;14399
674;22;14458
674;23;14479
674;24;14492
674;25;14503
674;26;14988
674;27;15083
674;28;15117
674;29;15179
674;30;15210
674;31;15236
674;32;15252
674;33;15291
674;34;15366
674;35;15372
674;36;15380
674;37;15384
674;38;15413
674;39;15478
674;40;15480
674;41;15494
674;42;15497
674;43;15530
674;44;15535
674;45;15585
675;1;10986
675;2;11079
675;3;11100
675;4;11174
675;5;11205
675;6;11219
675;7;11598
675;8;11659
675;9;12012
675;10;12399
675;11;12443
675;12;12744
675;13;13097
675;14;13144
675;15;13688
675;16;14060
675;17;14576
675;18;14646
675;19;14671
675;20;14701
675;21;14764
675;22;14766
675;23;14793
675;24;14823
675;25;15197
675;26;15237
675;27;15268
675;28;15290
675;29;15296
675;30;15340
675;31;15367
675;32;15432
675;33;15448
675;34;15475
675;35;15496
675;36;15517
675;37;15543
675;38;15562
676;1;10063
676;2;10504
676;3;10522
676;4;11014
676;5;11031
676;6;11541
676;7;12033
676;8;12062
676;9;12482
676;10;12508
676;11;12854
676;12;12887
676;13;12982
676;14;13361
676;15;13592
676;16;13663
676;17;13671
676;18;13697
676;19;13737
676;20;13811
676;21;14188
676;22;14204
676;23;14421
676;24;14483
676;25;14530
676;26;14593
676;27;14610
676;28;14659
676;29;14664
676;30;14669
676;31;14688
676;32;14727
676;33;14729
676;34;15087
676;35;15121
676;36;15135
676;37;15152
676;38;15183
676;39;15186
676;40;15232
676;41;15245
676;42;15274
676;43;15306
676;44;15315
676;45;15316
676;46;15365
676;47;15412
676;48;15428
676;49;15453
676;50;15454
676;51;15491
676;52;15498
676;53;15543
676;54;15567
676;55;15585
677;1;12601
677;2;12662
677;3;12724
677;4;12741
677;5;13127
677;6;13138
677;7;13464
677;8;13515
677;9;13705
677;10;14050
677;11;14506
677;12;14602
677;13;14628
677;14;14639
677;15;14658
677;16;15016
677;17;15045
677;18;15052
677;19;15099
677;20;15136
677;21;15163
677;22;15193
677;23;15223
677;24;15242
677;25;15265
677;26;15316
677;27;15347
677;28;15354
677;29;15412
677;30;15413
677;31;15425
677;32;15442
677;33;15454
677;34;15475
677;35;15480
677;36;15498
677;37;15521
677;38;15539
677;39;15552
677;40;15566
677;41;15585
678;1;9197
678;2;9226
678;3;9285
678;4;9359
678;5;9738
678;6;10083
678;7;10097
678;8;10572
678;9;10885
678;10;10904
678;11;10979
678;12;10992
678;13;11576
678;14;12075
678;15;12120
678;16;12153
678;17;12618
678;18;12982
678;19;13219
678;20;13305
678;21;13400
678;22;13627
678;23;13651
678;24;14149
678;25;14543
678;26;14569
678;27;14654
678;28;14694
678;29;14699
678;30;14724
678;31;14741
678;32;14787
678;33;14838
678;34;14901
678;35;15339
678;36;15355
678;37;15364
678;38;15377
678;39;15422
678;40;15449
678;41;15466
678;42;15484
678;43;15494
678;44;15536
678;45;15552
678;46;15585
679;1;12289
679;2;12336
679;3;12341
679;4;12357
679;5;12383
679;6;12867
679;7;12923
679;8;12984
679;9;13043
679;10;13332
679;11;13367
679;12;13388
679;13;13644
679;14;13656
679;15;13675
679;16;13734
679;17;13739
679;18;14136
679;19;14210
679;20;14249
679;21;14268
679;22;14318
679;23;14656
679;24;14698
679;25;14735
679;26;15152
679;27;15178
679;28;15230
679;29;15259
679;30;15263
679;31;15305
679;32;15352
679;33;15378
679;34;15396
679;35;15420
679;36;15441
679;37;15445
679;38;15478
679;39;15504
679;40;15521
679;41;15540
679;42;15543
679;43;15561
680;1;9089
680;2;9570
680;3;10026
680;4;10456
680;5;10836
680;6;11304
680;7;11360
680;8;11740
680;9;12118
680;10;12155
680;11;12226
680;12;12321
680;13;12700
680;14;13053
680;15;13398
680;16;13463
680;17;13851
680;18;14290
680;19;14571
680;20;14634
680;21;14650
680;22;15115
680;23;15190
680;24;15235
680;25;15249
680;26;15275
680;27;15305
680;28;15306
680;29;15307
680;30;15308
680;31;15348
680;32;15350
680;33;15359
680;34;15365
680;35;15374
680;36;15376
680;37;15429
680;38;15433
680;39;15457
680;40;15475
680;41;15492
680;42;15495
680;43;15544
680;44;15585
681;1;12271
681;2;12688
681;3;12740
681;4;12758
681;5;12784
681;6;12859
681;7;12880
681;8;12906
681;9;13018
681;10;13485
681;11;14029
681;12;14294
681;13;14670
681;14;15023
681;15;15035
681;16;15038
681;17;15079
681;18;15125
681;19;15143
681;20;15164
681;21;15183
681;22;15235
681;23;15310
681;24;15321
681;25;15387
681;26;15413
681;27;15425
681;28;15443
681;29;15448
681;30;15453
681;31;15504
681;32;15530
681;33;15543
681;34;15585
682;1;12696
682;2;12947
682;3;12965
682;4;12988
682;5;13063
682;6;13122
682;7;13561
682;8;13636
682;9;13639
682;10;13965
682;11;13986
682;12;14003
682;13;14508
682;14;14527
682;15;14534
682;16;14609
682;17;14625
682;18;14649
682;19;14686
682;20;14745
682;21;14784
682;22;14843
682;23;14987
682;24;15029
682;25;15066
682;26;15140
682;27;15209
682;28;15214
682;29;15246
682;30;15309
682;31;15333
682;32;15359
682;33;15375
682;34;15408
682;35;15425
682;36;15444
682;37;15467
682;38;15529
682;39;15553
682;40;15566
682;41;15585
683;1;10378
683;2;10771
683;3;10800
683;4;11261
683;5;11786
683;6;11837
683;7;12257
683;8;12294
683;9;12710
683;10;13127
683;11;13148
683;12;13499
683;13;13974
683;14;14000
683;15;14057
683;16;14076
683;17;14514
683;18;14829
683;19;14866
683;20;14879
683;21;14948
683;22;14955
683;23;14963
683;24;15014
683;25;15035
683;26;15061
683;27;15100
683;28;15105
683;29;15123
683;30;15149
683;31;15196
683;32;15235
683;33;15249
683;34;15257
683;35;15274
683;36;15281
683;37;15297
683;38;15302
683;39;15305
683;40;15355
683;41;15392
683;42;15424
683;43;15443
683;44;15470
683;45;15494
683;46;15509
683;47;15525
683;48;15528
683;49;15544
684;1;11156
684;2;11389
684;3;11973
684;4;12008
684;5;12387
684;6;12706
684;7;12818
684;8;12858
684;9;13189
684;10;13275
684;11;13317
684;12;13378
684;13;13741
684;14;13762
684;15;14087
684;16;14449
684;17;14465
684;18;14483
684;19;14795
684;20;14826
684;21;14847
684;22;14881
684;23;14940
684;24;14945
684;25;15004
684;26;15070
684;27;15075
684;28;15079
684;29;15121
684;30;15128
684;31;15143
684;32;15169
684;33;15199
684;34;15264
684;35;15280
684;36;15282
684;37;15306
684;38;15319
684;39;15336
684;40;15339
684;41;15371
684;42;15389
684;43;15390
684;44;15396
684;45;15422
684;46;15441
684;47;15472
684;48;15497
684;49;15511
684;50;15542
684;51;15561
684;52;15566
684;53;15585
685;1;11526
685;2;11713
685;3;12130
685;4;12568
685;5;12913
685;6;13258
685;7;13267
685;8;13298
685;9;13384
685;10;13663
685;11;13708
685;12;13749
685;13;14123
685;14;14144
685;15;14538
685;16;14543
685;17;14550
685;18;14618
685;19;14660
685;20;14678
685;21;14697
685;22;14723
685;23;15028
685;24;15034
685;25;15051
685;26;15102
685;27;15120
685;28;15141
685;29;15152
685;30;15179
685;31;15221
685;32;15243
685;33;15248
685;34;15267
685;35;15324
685;36;15327
685;37;15350
685;38;15383
685;39;15402
685;40;15429
685;41;15455
685;42;15483
685;43;15496
685;44;15509
685;45;15535
685;46;15553
685;47;15562
686;1;9337
686;2;9772
686;3;10151
686;4;10188
686;5;10640
686;6;10985
686;7;11006
686;8;11011
686;9;11056
686;10;11074
686;11;11512
686;12;11942
686;13;12358
686;14;12423
686;15;12915
686;16;12960
686;17;12975
686;18;13002
686;19;13285
686;20;13653
686;21;13704
686;22;14127
686;23;14144
686;24;14564
686;25;14600
686;26;14651
686;27;14704
686;28;14714
686;29;14746
686;30;15143
686;31;15166
686;32;15169
686;33;15193
686;34;15243
686;35;15253
686;36;15267
686;37;15299
686;38;15338
686;39;15359
686;40;15369
686;41;15373
686;42;15386
686;43;15396
686;44;15405
686;45;15456
686;46;15462
686;47;15488
686;48;15504
686;49;15509
686;50;15527
686;51;15544
686;52;15585
687;1;10073
687;2;10589
687;3;10942
687;4;10971
687;5;11393
687;6;11419
687;7;11894
687;8;12317
687;9;12696
687;10;12729
687;11;13146
687;12;13185
687;13;13203
687;14;13268
687;15;13629
687;16;14008
687;17;14076
687;18;14103
687;19;14549
687;20;14579
687;21;14596
687;22;14917
687;23;15086
687;24;15097
687;25;15144
687;26;15165
687;27;15168
687;28;15219
687;29;15230
687;30;15256
687;31;15274
687;32;15291
687;33;15296
687;34;15298
687;35;15300
687;36;15326
687;37;15327
687;38;15328
687;39;15352
687;40;15417
687;41;15434
687;42;15469
687;43;15496
687;44;15513
687;45;15516
687;46;15517
687;47;15536
687;48;15562
687;49;15567
687;50;15585
688;1;12620
688;2;12625
688;3;12915
688;4;12942
688;5;12979
688;6;13026
688;7;13467
688;8;13579
688;9;13630
688;10;13680
688;11;13706
688;12;13765
688;13;14349
688;14;14391
688;15;14668
688;16;14697
688;17;14971
688;18;15092
688;19;15095
688;20;15169
688;21;15211
688;22;15218
688;23;15224
688;24;15279
688;25;15316
688;26;15351
688;27;15355
688;28;15376
688;29;15402
688;30;15421
688;31;15434
688;32;15460
688;33;15484
688;34;15494
688;35;15511
688;36;15538
688;37;15561
688;38;15585
689;1;11131
689;2;11223
689;3;11677
689;4;12169
689;5;12462
689;6;12890
689;7;12916
689;8;12933
689;9;13389
689;10;13407
689;11;13948
689;12;14022
689;13;14027
689;14;14031
689;15;14094
689;16;14120
689;17;14511
689;18;14842
689;19;14879
689;20;14883
689;21;14975
689;22;15012
689;23;15074
689;24;15140
689;25;15160
689;26;15202
689;27;15251
689;28;15268
689;29;15327
689;30;15353
689;31;15358
689;32;15380
689;33;15388
689;34;15393
689;35;15403
689;36;15414
689;37;15430
689;38;15438
689;39;15439
689;40;15442
689;41;15458
689;42;15495
689;43;15526
689;44;15543
689;45;15568
689;46;15585
690;1;11268
690;2;11599
690;3;11674
690;4;11705
690;5;11762
690;6;12141
690;7;12566
690;8;12888
690;9;13415
690;10;13440
690;11;13896
690;12;13917
690;13;13972
690;14;14042
690;15;14092
690;16;14173
690;17;14204
690;18;14271
690;19;14337
690;20;14384
690;21;14433
690;22;14475
690;23;14492
690;24;14890
690;25;15056
690;26;15075
690;27;15088
690;28;15380
690;29;15385
690;30;15446
690;31;15471
690;32;15497
690;33;15534
690;34;15535
690;35;15553
691;1;11318
691;2;11380
691;3;11385
691;4;11824
691;5;12137
691;6;12563
691;7;13076
691;8;13090
691;9;13533
691;10;13584
691;11;13640
691;12;13677
691;13;13905
691;14;13964
691;15;14326
691;16;14356
691;17;14377
691;18;14401
691;19;14440
691;20;14761
691;21;14794
691;22;15102
691;23;15132
691;24;15148
691;25;15172
691;26;15243
691;27;15269
691;28;15304
691;29;15309
691;30;15328
691;31;15360
691;32;15380
691;33;15393
691;34;15419
691;35;15427
691;36;15428
691;37;15459
691;38;15467
691;39;15472
691;40;15490
691;41;15503
691;42;15518
691;43;15535
691;44;15554
691;45;15567
691;46;15585
692;1;10636
692;2;10748
692;3;11011
692;4;11053
692;5;11377
692;6;11380
692;7;11807
692;8;12224
692;9;12316
692;10;12375
692;11;12709
692;12;13088
692;13;13127
692;14;13239
692;15;13253
692;16;13268
692;17;13285
692;18;13313
692;19;13360
692;20;13455
692;21;13869
692;22;14221
692;23;14226
692;24;14540
692;25;14633
692;26;14637
692;27;14676
692;28;14694
692;29;14736
692;30;14737
692;31;15160
692;32;15222
692;33;15238
692;34;15252
692;35;15271
692;36;15274
692;37;15316
692;38;15324
692;39;15356
692;40;15358
692;41;15380
692;42;15420
692;43;15446
692;44;15451
692;45;15469
692;46;15493
692;47;15525
692;48;15544
692;49;15585
693;1;10710
693;2;11033
693;3;11378
693;4;11403
693;5;11498
693;6;11709
693;7;11736
693;8;12145
693;9;12526
693;10;12551
693;11;12965
693;12;13450
693;13;13466
693;14;13492
693;15;13518
693;16;13604
693;17;14006
693;18;14446
693;19;14517
693;20;14534
693;21;14553
693;22;14560
693;23;14563
693;24;14564
693;25;14930
693;26;14961
693;27;14975
693;28;15026
693;29;15138
693;30;15181
693;31;15196
693;32;15222
693;33;15258
693;34;15303
693;35;15320
693;36;15345
693;37;15347
693;38;15366
693;39;15394
693;40;15408
693;41;15437
693;42;15479
693;43;15489
693;44;15522
693;45;15543
693;46;15585
694;1;11456
694;2;11908
694;3;11953
694;4;12397
694;5;12941
694;6;12960
694;7;13318
694;8;13717
694;9;13733
694;10;13740
694;11;13826
694;12;13877
694;13;14393
694;14;14398
694;15;14423
694;16;14429
694;17;14455
694;18;14827
694;19;14902
694;20;14941
694;21;14960
694;22;15306
694;23;15332
694;24;15344
694;25;15417
694;26;15448
694;27;15474
694;28;15475
694;29;15532
694;30;15534
694;31;15551
694;32;15569
694;33;15585
695;1;12303
695;2;12308
695;3;12701
695;4;12775
695;5;13194
695;6;13517
695;7;13947
695;8;13980
695;9;14038
695;10;14112
695;11;14201
695;12;14618
695;13;14644
695;14;14963
695;15;14984
695;16;15054
695;17;15091
695;18;15149
695;19;15170
695;20;15199
695;21;15258
695;22;15267
695;23;15284
695;24;15306
695;25;15314
695;26;15319
695;27;15322
695;28;15348
695;29;15359
695;30;15391
695;31;15423
695;32;15434
695;33;15451
695;34;15477
695;35;15479
695;36;15516
695;37;15543
695;38;15548
695;39;15566
695;40;15572
695;41;15585
696;1;10347
696;2;10872
696;3;11315
696;4;11828
696;5;11852
696;6;11913
696;7;12309
696;8;12819
696;9;12971
696;10;13008
696;11;13447
696;12;13946
696;13;14018
696;14;14272
696;15;14311
696;16;14373
696;17;14701
696;18;14720
696;19;14738
696;20;14755
696;21;14757
696;22;14770
696;23;14801
696;24;14804
696;25;14830
696;26;14832
696;27;14874
696;28;14926
696;29;15301
696;30;15321
696;31;15354
696;32;15371
696;33;15413
696;34;15432
696;35;15446
696;36;15483
696;37;15490
696;38;15495
696;39;15529
696;40;15540
696;41;15552
696;42;15564
696;43;15572
696;44;15585
697;1;10854
697;2;10879
697;3;11237
697;4;11261
697;5;11770
697;6;12208
697;7;12235
697;8;12634
697;9;12746
697;10;13259
697;11;13657
697;12;13836
697;13;13878
697;14;13904
697;15;13948
697;16;13965
697;17;14007
697;18;14108
697;19;14155
697;20;14183
697;21;14257
697;22;14661
697;23;14682
697;24;14703
697;25;14711
697;26;14812
697;27;14813
697;28;14824
697;29;14829
697;30;14855
697;31;15177
697;32;15180
697;33;15194
697;34;15209
697;35;15235
697;36;15282
697;37;15343
697;38;15353
697;39;15398
697;40;15411
697;41;15473
697;42;15478
697;43;15511
697;44;15520
697;45;15539
697;46;15552
697;47;15566
697;48;15585
698;1;11655
698;2;11701
698;3;12058
698;4;12642
698;5;13087
698;6;13100
698;7;13442
698;8;13777
698;9;14263
698;10;14314
698;11;14319
698;12;14360
698;13;14803
698;14;14878
698;15;14883
698;16;14957
698;17;15004
698;18;15033
698;19;15075
698;20;15117
698;21;15138
698;22;15169
698;23;15236
698;24;15241
698;25;15243
698;26;15271
698;27;15284
698;28;15344
698;29;15369
698;30;15396
698;31;15423
698;32;15427
698;33;15432
698;34;15451
698;35;15468
698;36;15482
698;37;15519
698;38;15524
698;39;15566
698;40;15585
699;1;8308
699;2;8653
699;3;9158
699;4;9648
699;5;10158
699;6;10514
699;7;10587
699;8;10847
699;9;10852
699;10;10908
699;11;10983
699;12;11002
699;13;11467
699;14;11844
699;15;12261
699;16;12699
699;17;13137
699;18;13157
699;19;13638
699;20;13678
699;21;13697
699;22;13711
699;23;13769
699;24;13828
699;25;14257
699;26;14700
699;27;14717
699;28;14730
699;29;14748
699;30;14791
699;31;14812
699;32;15284
699;33;15311
699;34;15350
699;35;15355
699;36;15386
699;37;15412
699;38;15459
699;39;15485
699;40;15504
699;41;15514
699;42;15530
699;43;15548
699;44;15561
700;1;10692
700;2;10734
700;3;10829
700;4;10866
700;5;11173
700;6;11206
700;7;11585
700;8;11677
700;9;12002
700;10;12047
700;11;12103
700;12;12133
700;13;12581
700;14;12875
700;15;12886
700;16;13190
700;17;13216
700;18;13309
700;19;13853
700;20;13854
700;21;13868
700;22;14229
700;23;14248
700;24;14251
700;25;14265
700;26;14302
700;27;14326
700;28;14385
700;29;14396
700;30;14437
700;31;14466
700;32;14497
700;33;14500
700;34;14918
700;35;14923
700;36;14970
700;37;14991
700;38;15017
700;39;15370
700;40;15403
700;41;15407
700;42;15409
700;43;15428
700;44;15433
700;45;15483
700;46;15524
700;47;15540
700;48;15561
700;49;15562
701;1;10522
701;2;11106
701;3;11562
701;4;11880
701;5;11911
701;6;12267
701;7;12759
701;8;12765
701;9;13145
701;10;13211
701;11;13214
701;12;13246
701;13;13341
701;14;13392
701;15;13423
701;16;13771
701;17;13792
701;18;14126
701;19;14152
701;20;14179
701;21;14197
701;22;14544
701;23;14586
701;24;14672
701;25;15137
701;26;15157
701;27;15170
701;28;15172
701;29;15214
701;30;15231
701;31;15266
701;32;15267
701;33;15286
701;34;15313
701;35;15331
701;36;15342
701;37;15383
701;38;15393
701;39;15403
701;40;15430
701;41;15446
701;42;15472
701;43;15489
701;44;15497
701;45;15520
701;46;15525
701;47;15527
701;48;15544
701;49;15585
702;1;11045
702;2;11488
702;3;11897
702;4;12327
702;5;12343
702;6;12775
702;7;12803
702;8;13344
702;9;13384
702;10;13760
702;11;13796
702;12;13843
702;13;13875
702;14;14202
702;15;14314
702;16;14341
702;17;14882
702;18;14935
702;19;14941
702;20;14962
702;21;14981
702;22;15351
702;23;15398
702;24;15435
702;25;15461
702;26;15474
702;27;15488
702;28;15525
702;29;15530
702;30;15531
702;31;15548
703;1;10438
703;2;10943
703;3;11527
703;4;11801
703;5;11913
703;6;11987
703;7;12332
703;8;12383
703;9;12824
703;10;12850
703;11;12897
703;12;13155
703;13;13467
703;14;13927
703;15;13959
703;16;14051
703;17;14346
703;18;14367
703;19;14383
703;20;14402
703;21;14421
703;22;14442
703;23;14496
703;24;14557
703;25;14862
703;26;14870
703;27;14903
703;28;14935
703;29;14968
703;30;15209
703;31;15230
703;32;15239
703;33;15252
703;34;15278
703;35;15303
703;36;15319
703;37;15324
703;38;15354
703;39;15366
703;40;15383
703;41;15399
703;42;15441
703;43;15446
703;44;15459
703;45;15477
703;46;15491
703;47;15507
703;48;15519
703;49;15529
703;50;15540
703;51;15561
704;1;11562
704;2;12056
704;3;12112
704;4;12529
704;5;12923
704;6;12942
704;7;13341
704;8;13369
704;9;13395
704;10;13713
704;11;13717
704;12;14123
704;13;14440
704;14;14473
704;15;14507
704;16;14582
704;17;14669
704;18;14714
704;19;14732
704;20;14749
704;21;14776
704;22;14781
704;23;14805
704;24;14813
704;25;15097
704;26;15189
704;27;15240
704;28;15259
704;29;15272
704;30;15302
704;31;15335
704;32;15354
704;33;15396
704;34;15412
704;35;15414
704;36;15415
704;37;15446
704;38;15464
704;39;15471
704;40;15481
704;41;15497
704;42;15502
704;43;15521
704;44;15562
705;1;10874
705;2;10933
705;3;10984
705;4;11307
705;5;11337
705;6;11812
705;7;12325
705;8;12740
705;9;12779
705;10;12823
705;11;12855
705;12;13164
705;13;13211
705;14;13241
705;15;13336
705;16;13377
705;17;13756
705;18;14134
705;19;14151
705;20;14502
705;21;14576
705;22;15032
705;23;15051
705;24;15089
705;25;15140
705;26;15182
705;27;15188
705;28;15208
705;29;15225
705;30;15251
705;31;15304
705;32;15323
705;33;15341
705;34;15368
705;35;15419
705;36;15424
705;37;15445
705;38;15472
705;39;15498
705;40;15535
705;41;15540
705;42;15585
706;1;10414
706;2;10792
706;3;11308
706;4;11746
706;5;12189
706;6;12301
706;7;12362
706;8;12787
706;9;13222
706;10;13317
706;11;13346
706;12;13364
706;13;13415
706;14;13799
706;15;14219
706;16;14668
706;17;15195
706;18;15228
706;19;15244
706;20;15336
706;21;15363
706;22;15383
706;23;15390
706;24;15425
706;25;15484
706;26;15507
706;27;15524
706;28;15543
706;29;15585
707;1;11977
707;2;12069
707;3;12447
707;4;12506
707;5;12553
707;6;12595
707;7;12608
707;8;12675
707;9;13001
707;10;13506
707;11;13592
707;12;13603
707;13;13962
707;14;14008
707;15;14050
707;16;14526
707;17;14713
707;18;14725
707;19;14746
707;20;14799
707;21;14820
707;22;14876
707;23;14908
707;24;14954
707;25;14981
707;26;15305
707;27;15366
707;28;15395
707;29;15418
707;30;15444
707;31;15482
707;32;15508
707;33;15520
707;34;15533
707;35;15552
707;36;15566
707;37;15568
707;38;15585
708;1;10168
708;2;10210
708;3;10302
708;4;10366
708;5;10884
708;6;11288
708;7;11389
708;8;11875
708;9;12254
708;10;12283
708;11;12494
708;12;12545
708;13;12620
708;14;12636
708;15;13104
708;16;13109
708;17;13135
708;18;13213
708;19;13268
708;20;13608
708;21;13709
708;22;13758
708;23;14214
708;24;14644
708;25;14689
708;26;14721
708;27;14745
708;28;14747
708;29;14768
708;30;14827
708;31;14843
708;32;14845
708;33;14872
708;34;14917
708;35;14936
708;36;15235
708;37;15247
708;38;15279
708;39;15292
708;40;15336
708;41;15355
708;42;15362
708;43;15386
708;44;15391
708;45;15412
708;46;15453
708;47;15456
708;48;15461
708;49;15488
708;50;15505
708;51;15529
708;52;15549
708;53;15566
708;54;15585
709;1;11351
709;2;11839
709;3;12383
709;4;12413
709;5;12758
709;6;12853
709;7;13229
709;8;13294
709;9;13642
709;10;13703
709;11;13729
709;12;13752
709;13;14163
709;14;14182
709;15;14205
709;16;14238
709;17;14297
709;18;14530
709;19;14589
709;20;14614
709;21;14642
709;22;14669
709;23;14690
709;24;14695
709;25;14727
709;26;14741
709;27;14788
709;28;14818
709;29;14860
709;30;14911
709;31;14916
709;32;15316
709;33;15343
709;34;15351
709;35;15377
709;36;15396
709;37;15422
709;38;15481
709;39;15499
709;40;15511
709;41;15525
709;42;15544
709;43;15553
709;44;15585
710;1;11202
710;2;11658
710;3;12073
710;4;12168
710;5;12254
710;6;12677
710;7;13019
710;8;13304
710;9;13767
710;10;13819
710;11;13840
710;12;14269
710;13;14289
710;14;14291
710;15;14403
710;16;14445
710;17;14519
710;18;14889
710;19;14981
710;20;15032
710;21;15100
710;22;15102
710;23;15121
710;24;15180
710;25;15217
710;26;15249
710;27;15263
710;28;15310
710;29;15382
710;30;15403
710;31;15422
710;32;15435
710;33;15452
710;34;15468
710;35;15486
710;36;15497
710;37;15502
710;38;15561
710;39;15585
711;1;11211
711;2;11659
711;3;11675
711;4;12052
711;5;12365
711;6;12617
711;7;12959
711;8;12960
711;9;12998
711;10;13063
711;11;13175
711;12;13309
711;13;13639
711;14;13684
711;15;14134
711;16;14155
711;17;14197
711;18;14223
711;19;14453
711;20;14496
711;21;14569
711;22;14625
711;23;14666
711;24;14681
711;25;14700
711;26;14737
711;27;14752
711;28;14787
711;29;14812
711;30;14817
711;31;14831
711;32;14849
711;33;15222
711;34;15239
711;35;15278
711;36;15297
711;37;15314
711;38;15333
711;39;15337
711;40;15364
711;41;15381
711;42;15386
711;43;15416
711;44;15463
711;45;15468
711;46;15489
711;47;15499
711;48;15502
711;49;15520
711;50;15561
712;1;9250
712;2;9715
712;3;10129
712;4;10536
712;5;10953
712;6;11048
712;7;11111
712;8;11588
712;9;11619
712;10;11635
712;11;11949
712;12;12041
712;13;12092
712;14;12118
712;15;12153
712;16;12680
712;17;13025
712;18;13060
712;19;13548
712;20;13562
712;21;13896
712;22;13913
712;23;13920
712;24;14198
712;25;14263
712;26;14344
712;27;14349
712;28;14375
712;29;14379
712;30;14383
712;31;14425
712;32;14697
712;33;14749
712;34;14770
712;35;14782
712;36;14829
712;37;14862
712;38;15244
712;39;15259
712;40;15354
712;41;15366
712;42;15389
712;43;15405
712;44;15470
712;45;15485
712;46;15491
712;47;15508
712;48;15541
712;49;15554
712;50;15585
713;1;10352
713;2;10825
713;3;11241
713;4;11671
713;5;11688
713;6;11707
713;7;12199
713;8;12478
713;9;12938
713;10;13428
713;11;13871
713;12;13916
713;13;14168
713;14;14186
713;15;14539
713;16;14910
713;17;14938
713;18;14942
713;19;14972
713;20;15004
713;21;15021
713;22;15037
713;23;15111
713;24;15132
713;25;15160
713;26;15174
713;27;15190
713;28;15216
713;29;15308
713;30;15394
713;31;15424
713;32;15448
713;33;15495
713;34;15540
713;35;15572
713;36;15585
714;1;11610
714;2;12009
714;3;12028
714;4;12541
714;5;12878
714;6;12920
714;7;13330
714;8;13395
714;9;13911
714;10;13921
714;11;13980
714;12;13990
714;13;14085
714;14;14400
714;15;14406
714;16;14443
714;17;14490
714;18;14514
714;19;14910
714;20;14912
714;21;14944
714;22;14963
714;23;14978
714;24;14992
714;25;15008
714;26;15015
714;27;15028
714;28;15060
714;29;15065
714;30;15092
714;31;15093
714;32;15112
714;33;15158
714;34;15183
714;35;15189
714;36;15208
714;37;15259
714;38;15308
714;39;15367
714;40;15386
714;41;15405
714;42;15468
714;43;15477
714;44;15494
714;45;15498
714;46;15515
714;47;15528
714;48;15544
715;1;12720
715;2;13185
715;3;13473
715;4;13505
715;5;13858
715;6;13888
715;7;13922
715;8;13947
715;9;14042
715;10;14056
715;11;14119
715;12;14532
715;13;14549
715;14;14763
715;15;14774
715;16;14869
715;17;15173
715;18;15212
715;19;15254
715;20;15255
715;21;15291
715;22;15310
715;23;15365
715;24;15417
715;25;15421
715;26;15438
715;27;15451
715;28;15470
715;29;15473
715;30;15503
715;31;15527
715;32;15553
715;33;15567
715;34;15585
716;1;9797
716;2;10293
716;3;10671
716;4;11151
716;5;11669
716;6;11700
716;7;11989
716;8;12007
716;9;12102
716;10;12445
716;11;12495
716;12;12561
716;13;13031
716;14;13384
716;15;13401
716;16;13758
716;17;14147
716;18;14172
716;19;14173
716;20;14454
716;21;14875
716;22;14878
716;23;14945
716;24;14978
716;25;14983
716;26;14989
716;27;15010
716;28;15077
716;29;15087
716;30;15132
716;31;15174
716;32;15176
716;33;15209
716;34;15230
716;35;15257
716;36;15281
716;37;15312
716;38;15359
716;39;15410
716;40;15423
716;41;15455
716;42;15466
716;43;15472
716;44;15493
716;45;15530
716;46;15543
716;47;15548
716;48;15566
716;49;15585
717;1;12613
717;2;12966
717;3;12984
717;4;13401
717;5;13415
717;6;13880
717;7;14396
717;8;14776
717;9;14951
717;10;15086
717;11;15091
717;12;15114
717;13;15115
717;14;15152
717;15;15179
717;16;15184
717;17;15185
717;18;15187
717;19;15196
717;20;15209
717;21;15222
717;22;15235
717;23;15248
717;24;15275
717;25;15308
717;26;15334
717;27;15409
717;28;15427
717;29;15444
717;30;15463
717;31;15474
717;32;15501
717;33;15522
717;34;15527
717;35;15543
717;36;15561
717;37;15562
718;1;10468
718;2;10496
718;3;10832
718;4;11249
718;5;11270
718;6;11311
718;7;11727
718;8;11914
718;9;12015
718;10;12057
718;11;12087
718;12;12491
718;13;12930
718;14;13289
718;15;13770
718;16;13796
718;17;13807
718;18;13881
718;19;13898
718;20;14323
718;21;14347
718;22;14374
718;23;14391
718;24;14794
718;25;14845
718;26;14878
718;27;14883
718;28;15144
718;29;15184
718;30;15210
718;31;15238
718;32;15324
718;33;15326
718;34;15327
718;35;15343
718;36;15348
718;37;15365
718;38;15377
718;39;15412
718;40;15463
718;41;15476
718;42;15513
718;43;15544
719;1;11397
719;2;11742
719;3;12099
719;4;12133
719;5;12636
719;6;12691
719;7;13008
719;8;13405
719;9;13491
719;10;13512
719;11;13546
719;12;13618
719;13;13650
719;14;13692
719;15;13734
719;16;13747
719;17;13759
719;18;14140
719;19;14232
719;20;14265
719;21;14321
719;22;14346
719;23;14581
719;24;14600
719;25;14627
719;26;14910
719;27;14996
719;28;15001
719;29;15183
719;30;15219
719;31;15278
719;32;15320
719;33;15380
719;34;15381
719;35;15425
719;36;15442
719;37;15472
719;38;15491
719;39;15509
719;40;15522
719;41;15553
720;1;8623
720;2;8665
720;3;9017
720;4;9509
720;5;10053
720;6;10566
720;7;10603
720;8;10629
720;9;11070
720;10;11089
720;11;11181
720;12;11482
720;13;11917
720;14;11934
720;15;11969
720;16;12373
720;17;12420
720;18;12784
720;19;12826
720;20;13240
720;21;13745
720;22;13879
720;23;14187
720;24;14213
720;25;14240
720;26;14305
720;27;14343
720;28;14362
720;29;14401
720;30;14720
720;31;14794
720;32;14823
720;33;14838
720;34;14857
720;35;14886
720;36;15205
720;37;15229
720;38;15270
720;39;15333
720;40;15362
720;41;15380
720;42;15393
720;43;15438
720;44;15473
720;45;15498
720;46;15517
720;47;15529
720;48;15540
720;49;15548
720;50;15552
720;51;15585
721;1;8388
721;2;8880
721;3;9301
721;4;9662
721;5;9679
721;6;10206
721;7;10281
721;8;10332
721;9;10425
721;10;10890
721;11;11415
721;12;11900
721;13;11951
721;14;11993
721;15;12394
721;16;12747
721;17;13108
721;18;13425
721;19;13850
721;20;13854
721;21;14308
721;22;14329
721;23;14613
721;24;14627
721;25;14659
721;26;15053
721;27;15148
721;28;15174
721;29;15216
721;30;15235
721;31;15248
721;32;15260
721;33;15272
721;34;15302
721;35;15327
721;36;15340
721;37;15367
721;38;15432
721;39;15455
721;40;15476
721;41;15498
721;42;15499
721;43;15523
721;44;15524
721;45;15536
721;46;15554
721;47;15572
721;48;15585
722;1;10103
722;2;10198
722;3;10208
722;4;10638
722;5;10685
722;6;11038
722;7;11530
722;8;11551
722;9;11891
722;10;12296
722;11;12359
722;12;12386
722;13;12445
722;14;12906
722;15;12998
722;16;13418
722;17;13883
722;18;13925
722;19;14278
722;20;14328
722;21;14689
722;22;14728
722;23;14795
722;24;14822
722;25;14841
722;26;14854
722;27;14881
722;28;14918
722;29;14936
722;30;14961
722;31;14988
722;32;14992
722;33;15014
722;34;15023
722;35;15027
722;36;15059
722;37;15370
722;38;15390
722;39;15435
722;40;15436
722;41;15453
722;42;15479
722;43;15484
722;44;15490
722;45;15525
722;46;15543
722;47;15561
722;48;15562
723;1;10867
723;2;10959
723;3;11001
723;4;11375
723;5;11774
723;6;11799
723;7;12216
723;8;12256
723;9;12348
723;10;12371
723;11;12457
723;12;12844
723;13;13139
723;14;13158
723;15;13448
723;16;13543
723;17;13888
723;18;13981
723;19;13985
723;20;14381
723;21;14457
723;22;14469
723;23;14528
723;24;14549
723;25;14967
723;26;15012
723;27;15018
723;28;15069
723;29;15143
723;30;15185
723;31;15187
723;32;15234
723;33;15260
723;34;15269
723;35;15316
723;36;15342
723;37;15356
723;38;15365
723;39;15389
723;40;15436
723;41;15461
723;42;15502
723;43;15529
723;44;15531
723;45;15548
723;46;15585
724;1;8215
724;2;8257
724;3;8773
724;4;8868
724;5;9298
724;6;9842
724;7;10221
724;8;10550
724;9;10566
724;10;10579
724;11;10606
724;12;11031
724;13;11385
724;14;11895
724;15;12312
724;16;12690
724;17;12699
724;18;12734
724;19;12995
724;20;13028
724;21;13475
724;22;13538
724;23;13571
724;24;14087
724;25;14103
724;26;14132
724;27;14170
724;28;14262
724;29;14709
724;30;14726
724;31;14740
724;32;15181
724;33;15223
724;34;15268
724;35;15277
724;36;15291
724;37;15356
724;38;15415
724;39;15431
724;40;15452
724;41;15483
724;42;15502
724;43;15535
724;44;15539
724;45;15572
724;46;15585
725;1;11951
725;2;12046
725;3;12359
725;4;12839
725;5;13177
725;6;13633
725;7;13675
725;8;13740
725;9;13753
725;10;13769
725;11;14240
725;12;14303
725;13;14350
725;14;14395
725;15;14624
725;16;14633
725;17;14698
725;18;14706
725;19;15023
725;20;15040
725;21;15053
725;22;15062
725;23;15142
725;24;15167
725;25;15199
725;26;15204
725;27;15208
725;28;15245
725;29;15290
725;30;15319
725;31;15322
725;32;15331
725;33;15336
725;34;15352
725;35;15354
725;36;15376
725;37;15421
725;38;15426
725;39;15461
725;40;15478
725;41;15495
725;42;15504
725;43;15549
725;44;15562
726;1;10388
726;2;10901
726;3;11280
726;4;11748
726;5;11783
726;6;12106
726;7;12122
726;8;12519
726;9;12524
726;10;12538
726;11;12578
726;12;12620
726;13;12625
726;14;13094
726;15;13599
726;16;13631
726;17;13665
726;18;14133
726;19;14192
726;20;14515
726;21;14526
726;22;14529
726;23;14548
726;24;14555
726;25;14606
726;26;14646
726;27;14667
726;28;14696
726;29;14721
726;30;15114
726;31;15133
726;32;15160
726;33;15219
726;34;15240
726;35;15245
726;36;15287
726;37;15321
726;38;15363
726;39;15368
726;40;15392
726;41;15423
726;42;15428
726;43;15437
726;44;15455
726;45;15463
726;46;15480
726;47;15498
726;48;15524
726;49;15528
726;50;15544
726;51;15561
726;52;15562
727;1;11121
727;2;11517
727;3;11960
727;4;12035
727;5;12398
727;6;12798
727;7;13159
727;8;13664
727;9;13668
727;10;13684
727;11;13757
727;12;13832
727;13;14180
727;14;14231
727;15;14326
727;16;14344
727;17;14363
727;18;14387
727;19;14696
727;20;14782
727;21;15068
727;22;15105
727;23;15120
727;24;15146
727;25;15191
727;26;15233
727;27;15308
727;28;15311
727;29;15328
727;30;15358
727;31;15359
727;32;15361
727;33;15399
727;34;15415
727;35;15418
727;36;15432
727;37;15453
727;38;15454
727;39;15480
727;40;15485
727;41;15508
727;42;15522
727;43;15529
727;44;15553
727;45;15566
727;46;15585
728;1;11911
728;2;12132
728;3;12144
728;4;12492
728;5;12537
728;6;12566
728;7;12603
728;8;13028
728;9;13444
728;10;13472
728;11;13584
728;12;13646
728;13;13713
728;14;13727
728;15;14038
728;16;14150
728;17;14180
728;18;14275
728;19;14284
728;20;14305
728;21;14759
728;22;15136
728;23;15152
728;24;15177
728;25;15203
728;26;15256
728;27;15281
728;28;15286
728;29;15331
728;30;15358
728;31;15391
728;32;15417
728;33;15424
728;34;15443
728;35;15447
728;36;15465
728;37;15466
728;38;15511
728;39;15528
728;40;15529
728;41;15548
728;42;15561
729;1;11161
729;2;11247
729;3;11663
729;4;11689
729;5;11706
729;6;12059
729;7;12086
729;8;12627
729;9;12719
729;10;12814
729;11;13159
729;12;13182
729;13;13506
729;14;13933
729;15;13949
729;16;13975
729;17;13983
729;18;14022
729;19;14064
729;20;14155
729;21;14214
729;22;14304
729;23;14310
729;24;14323
729;25;14392
729;26;14404
729;27;14449
729;28;14468
729;29;14476
729;30;14501
729;31;14515
729;32;14529
729;33;14548
729;34;14567
729;35;14604
729;36;14630
729;37;14657
729;38;14993
729;39;15347
729;40;15349
729;41;15370
729;42;15375
729;43;15394
729;44;15453
729;45;15458
729;46;15463
729;47;15476
729;48;15503
729;49;15511
729;50;15512
729;51;15517
729;52;15535
729;53;15548
729;54;15567
729;55;15585
730;1;10615
730;2;10674
730;3;10961
730;4;11022
730;5;11047
730;6;11488
730;7;11918
730;8;12408
730;9;12807
730;10;13184
730;11;13610
730;12;13623
730;13;14096
730;14;14130
730;15;14148
730;16;14223
730;17;14286
730;18;14605
730;19;14636
730;20;14952
730;21;14985
730;22;15077
730;23;15086
730;24;15091
730;25;15136
730;26;15159
730;27;15190
730;28;15211
730;29;15235
730;30;15252
730;31;15260
730;32;15273
730;33;15322
730;34;15348
730;35;15373
730;36;15374
730;37;15416
730;38;15423
730;39;15450
730;40;15453
730;41;15490
730;42;15549
730;43;15562
731;1;11109
731;2;11539
731;3;11579
731;4;11982
731;5;11997
731;6;12377
731;7;12401
731;8;12746
731;9;12778
731;10;13251
731;11;13417
731;12;13450
731;13;13513
731;14;13562
731;15;13570
731;16;14054
731;17;14086
731;18;14112
731;19;14123
731;20;14169
731;21;14172
731;22;14231
731;23;14235
731;24;14301
731;25;14322
731;26;14342
731;27;14383
731;28;14736
731;29;14759
731;30;14765
731;31;14783
731;32;15227
731;33;15265
731;34;15290
731;35;15317
731;36;15322
731;37;15367
731;38;15398
731;39;15438
731;40;15446
731;41;15492
731;42;15525
731;43;15544
731;44;15561
732;1;11394
732;2;11414
732;3;11781
732;4;12271
732;5;12596
732;6;12691
732;7;12696
732;8;12733
732;9;12798
732;10;12869
732;11;12904
732;12;12930
732;13;12946
732;14;12967
732;15;12993
732;16;13490
732;17;13511
732;18;13530
732;19;13886
732;20;14144
732;21;14239
732;22;14263
732;23;14621
732;24;14975
732;25;15028
732;26;15087
732;27;15111
732;28;15144
732;29;15150
732;30;15192
732;31;15206
732;32;15215
732;33;15228
732;34;15246
732;35;15257
732;36;15262
732;37;15267
732;38;15309
732;39;15339
732;40;15365
732;41;15384
732;42;15410
732;43;15415
732;44;15433
732;45;15452
732;46;15457
732;47;15478
732;48;15494
732;49;15544
732;50;15585
733;1;11460
733;2;11945
733;3;12375
733;4;12707
733;5;12754
733;6;12779
733;7;12841
733;8;13255
733;9;13722
733;10;13764
733;11;13856
733;12;14374
733;13;14772
733;14;15137
733;15;15139
733;16;15152
733;17;15179
733;18;15185
733;19;15206
733;20;15223
733;21;15279
733;22;15312
733;23;15313
733;24;15332
733;25;15349
733;26;15358
733;27;15408
733;28;15417
733;29;15443
733;30;15461
733;31;15482
733;32;15506
733;33;15517
733;34;15546
733;35;15564
733;36;15585
734;1;10660
734;2;11130
734;3;11546
734;4;11925
734;5;12324
734;6;12703
734;7;12720
734;8;12779
734;9;13267
734;10;13554
734;11;13609
734;12;13622
734;13;13647
734;14;13666
734;15;14105
734;16;14121
734;17;14167
734;18;14172
734;19;14180
734;20;14197
734;21;14256
734;22;14266
734;23;14303
734;24;14348
734;25;14805
734;26;14838
734;27;15161
734;28;15193
734;29;15228
734;30;15320
734;31;15325
734;32;15367
734;33;15372
734;34;15399
734;35;15413
734;36;15448
734;37;15467
734;38;15485
734;39;15489
734;40;15507
734;41;15510
734;42;15528
734;43;15542
734;44;15561
734;45;15562
735;1;9865
735;2;10285
735;3;10336
735;4;10488
735;5;10791
735;6;11082
735;7;11096
735;8;11122
735;9;11570
735;10;12008
735;11;12552
735;12;12947
735;13;12989
735;14;13036
735;15;13336
735;16;13357
735;17;13431
735;18;13460
735;19;13555
735;20;14043
735;21;14056
735;22;14127
735;23;14145
735;24;14164
735;25;14529
735;26;14542
735;27;14616
735;28;14900
735;29;14905
735;30;14924
735;31;14939
735;32;14944
735;33;15232
735;34;15253
735;35;15255
735;36;15273
735;37;15323
735;38;15336
735;39;15348
735;40;15360
735;41;15435
735;42;15449
735;43;15487
735;44;15492
735;45;15520
735;46;15525
735;47;15548
735;48;15562
735;49;15567
735;50;15585
736;1;11754
736;2;11906
736;3;12306
736;4;12636
736;5;12696
736;6;13143
736;7;13190
736;8;13219
736;9;13746
736;10;14169
736;11;14232
736;12;14245
736;13;14271
736;14;14314
736;15;14356
736;16;14780
736;17;14831
736;18;14897
736;19;14901
736;20;14927
736;21;15093
736;22;15103
736;23;15195
736;24;15202
736;25;15214
736;26;15260
736;27;15307
736;28;15333
736;29;15354
736;30;15391
736;31;15457
736;32;15471
736;33;15488
736;34;15493
736;35;15511
736;36;15524
736;37;15543
736;38;15561
736;39;15562
737;1;10285
737;2;10342
737;3;10759
737;4;11227
737;5;11286
737;6;11307
737;7;11693
737;8;11710
737;9;12114
737;10;12165
737;11;12236
737;12;12540
737;13;13081
737;14;13102
737;15;13540
737;16;13567
737;17;13584
737;18;13615
737;19;13710
737;20;13784
737;21;13789
737;22;13819
737;23;13832
737;24;14246
737;25;14250
737;26;14675
737;27;14692
737;28;14734
737;29;15166
737;30;15185
737;31;15191
737;32;15218
737;33;15237
737;34;15306
737;35;15311
737;36;15332
737;37;15383
737;38;15408
737;39;15439
737;40;15465
737;41;15502
737;42;15505
737;43;15519
737;44;15520
737;45;15538
737;46;15540
737;47;15566
737;48;15585
738;1;11093
738;2;11568
738;3;11650
738;4;12131
738;5;12148
738;6;12515
738;7;12533
738;8;12909
738;9;13310
738;10;13415
738;11;13793
738;12;13814
738;13;14057
738;14;14062
738;15;14401
738;16;14420
738;17;14437
738;18;14453
738;19;14480
738;20;14499
738;21;14541
738;22;14565
738;23;14570
738;24;14572
738;25;14579
738;26;14595
738;27;14597
738;28;14614
738;29;14659
738;30;14661
738;31;14686
738;32;14703
738;33;14744
738;34;14752
738;35;14827
738;36;14830
738;37;14835
738;38;14852
738;39;14859
738;40;14918
738;41;14919
738;42;14930
738;43;14960
738;44;14979
738;45;15000
738;46;15314
738;47;15366
738;48;15392
738;49;15393
738;50;15420
738;51;15438
738;52;15445
738;53;15471
738;54;15497
738;55;15515
738;56;15527
738;57;15548
738;58;15561
738;59;15562
739;1;9452
739;2;9511
739;3;9525
739;4;9938
739;5;9952
739;6;10013
739;7;10414
739;8;10601
739;9;10980
739;10;11019
739;11;11071
739;12;11485
739;13;11851
739;14;11865
739;15;11907
739;16;11993
739;17;12479
739;18;12505
739;19;12948
739;20;12967
739;21;13274
739;22;13574
739;23;14049
739;24;14141
739;25;14147
739;26;14194
739;27;14224
739;28;14229
739;29;14250
739;30;14346
739;31;14635
739;32;14664
739;33;14677
739;34;15001
739;35;15033
739;36;15125
739;37;15154
739;38;15181
739;39;15187
739;40;15213
739;41;15244
739;42;15263
739;43;15267
739;44;15308
739;45;15383
739;46;15414
739;47;15444
739;48;15462
739;49;15480
739;50;15491
739;51;15508
739;52;15510
739;53;15528
739;54;15529
739;55;15532
739;56;15550
739;57;15568
739;58;15585
740;1;11099
740;2;11516
740;3;11830
740;4;11832
740;5;11833
740;6;12130
740;7;12192
740;8;12612
740;9;13068
740;10;13120
740;11;13590
740;12;13897
740;13;13924
740;14;14016
740;15;14508
740;16;14542
740;17;14885
740;18;14909
740;19;14926
740;20;14966
740;21;15005
740;22;15055
740;23;15072
740;24;15109
740;25;15149
740;26;15158
740;27;15190
740;28;15204
740;29;15265
740;30;15295
740;31;15314
740;32;15335
740;33;15341
740;34;15352
740;35;15379
740;36;15392
740;37;15437
740;38;15463
740;39;15468
740;40;15469
740;41;15485
740;42;15498
740;43;15543
740;44;15567
740;45;15585
741;1;8942
741;2;9467
741;3;9509
741;4;9797
741;5;9860
741;6;9885
741;7;9977
741;8;10360
741;9;10679
741;10;10754
741;11;11298
741;12;11349
741;13;11376
741;14;11881
741;15;11916
741;16;11935
741;17;12047
741;18;12327
741;19;12366
741;20;12729
741;21;12993
741;22;13018
741;23;13035
741;24;13066
741;25;13541
741;26;13979
741;27;14437
741;28;14464
741;29;14489
741;30;14563
741;31;14606
741;32;14640
741;33;14654
741;34;14675
741;35;15036
741;36;15131
741;37;15135
741;38;15140
741;39;15166
741;40;15192
741;41;15193
741;42;15196
741;43;15217
741;44;15240
741;45;15267
741;46;15318
741;47;15327
741;48;15402
741;49;15407
741;50;15420
741;51;15439
741;52;15446
741;53;15451
741;54;15476
741;55;15502
741;56;15508
741;57;15521
741;58;15522
741;59;15543
741;60;15568
741;61;15585
742;1;11576
742;2;11583
742;3;11609
742;4;11989
742;5;12351
742;6;12816
742;7;12844
742;8;13223
742;9;13621
742;10;13653
742;11;14043
742;12;14099
742;13;14141
742;14;14171
742;15;14609
742;16;14660
742;17;14676
742;18;14689
742;19;14731
742;20;15130
742;21;15172
742;22;15198
742;23;15215
742;24;15234
742;25;15296
742;26;15313
742;27;15364
742;28;15377
742;29;15390
742;30;15433
742;31;15451
742;32;15470
742;33;15497
742;34;15510
742;35;15569
742;36;15585
743;1;9573
743;2;9926
743;3;10018
743;4;10448
743;5;10461
743;6;10480
743;7;10897
743;8;10906
743;9;11306
743;10;11632
743;11;11994
743;12;12033
743;13;12384
743;14;12458
743;15;12490
743;16;12642
743;17;13089
743;18;13105
743;19;13488
743;20;13514
743;21;13588
743;22;13962
743;23;13978
743;24;14034
743;25;14062
743;26;14104
743;27;14559
743;28;14684
743;29;14779
743;30;14840
743;31;15027
743;32;15051
743;33;15066
743;34;15099
743;35;15102
743;36;15132
743;37;15164
743;38;15170
743;39;15175
743;40;15249
743;41;15267
743;42;15287
743;43;15313
743;44;15338
743;45;15359
743;46;15380
743;47;15397
743;48;15424
743;49;15440
743;50;15459
743;51;15481
743;52;15487
743;53;15500
743;54;15562
744;1;11133
744;2;11534
744;3;11620
744;4;12076
744;5;12081
744;6;12393
744;7;12813
744;8;12914
744;9;12931
744;10;13173
744;11;13174
744;12;13221
744;13;13333
744;14;13348
744;15;13635
744;16;13682
744;17;13945
744;18;13966
744;19;14078
744;20;14435
744;21;14764
744;22;14771
744;23;14872
744;24;14898
744;25;14914
744;26;14931
744;27;15006
744;28;15016
744;29;15021
744;30;15091
744;31;15182
744;32;15207
744;33;15212
744;34;15237
744;35;15255
744;36;15287
744;37;15314
744;38;15335
744;39;15361
744;40;15371
744;41;15377
744;42;15409
744;43;15426
744;44;15431
744;45;15461
744;46;15464
744;47;15488
744;48;15506
744;49;15508
744;50;15511
744;51;15525
744;52;15526
744;53;15544
745;1;9899
745;2;10391
745;3;10935
745;4;11122
745;5;11196
745;6;11634
745;7;12077
745;8;12098
745;9;12173
745;10;12621
745;11;13000
745;12;13525
745;13;13533
745;14;13950
745;15;14230
745;16;14547
745;17;14563
745;18;14589
745;19;14636
745;20;14653
745;21;14745
745;22;14784
745;23;14813
745;24;15210
745;25;15227
745;26;15253
745;27;15279
745;28;15304
745;29;15325
745;30;15370
745;31;15397
745;32;15434
745;33;15440
745;34;15469
745;35;15474
745;36;15492
745;37;15495
745;38;15508
745;39;15516
745;40;15524
745;41;15529
745;42;15540
745;43;15552
745;44;15585
746;1;11871
746;2;12341
746;3;12751
746;4;12769
746;5;12830
746;6;12916
746;7;13241
746;8;13825
746;9;13850
746;10;13872
746;11;13886
746;12;13912
746;13;14322
746;14;14355
746;15;14369
746;16;14533
746;17;14599
746;18;14645
746;19;14692
746;20;14725
746;21;14826
746;22;14836
746;23;14931
746;24;14956
746;25;14972
746;26;15017
746;27;15034
746;28;15039
746;29;15066
746;30;15092
746;31;15097
746;32;15125
746;33;15433
746;34;15448
746;35;15464
746;36;15472
746;37;15509
746;38;15526
746;39;15566
746;40;15585
747;1;10789
747;2;11188
747;3;11631
747;4;12156
747;5;12161
747;6;12745
747;7;13124
747;8;13541
747;9;13568
747;10;13582
747;11;13729
747;12;13796
747;13;13870
747;14;14235
747;15;14461
747;16;14491
747;17;14528
747;18;14557
747;19;14658
747;20;14677
747;21;14719
747;22;14746
747;23;14771
747;24;14776
747;25;14817
747;26;14846
747;27;14911
747;28;14936
747;29;14987
747;30;14999
747;31;15026
747;32;15085
747;33;15111
747;34;15119
747;35;15472
747;36;15477
747;37;15483
747;38;15498
747;39;15516
747;40;15561
747;41;15562
748;1;10996
748;2;11088
748;3;11104
748;4;11119
748;5;11497
748;6;11900
748;7;12245
748;8;12292
748;9;12309
748;10;12334
748;11;12673
748;12;13026
748;13;13121
748;14;13291
748;15;13401
748;16;13433
748;17;13481
748;18;13555
748;19;13922
748;20;14275
748;21;14306
748;22;14327
748;23;14395
748;24;14469
748;25;14856
748;26;14889
748;27;14915
748;28;14941
748;29;15128
748;30;15154
748;31;15205
748;32;15248
748;33;15250
748;34;15266
748;35;15279
748;36;15342
748;37;15344
748;38;15360
748;39;15361
748;40;15374
748;41;15395
748;42;15397
748;43;15413
748;44;15414
748;45;15441
748;46;15467
748;47;15485
748;48;15502
748;49;15520
748;50;15521
748;51;15562
749;1;12423
749;2;12460
749;3;12511
749;4;12908
749;5;12924
749;6;13370
749;7;13712
749;8;13748
749;9;14162
749;10;14175
749;11;14201
749;12;14265
749;13;14659
749;14;14676
749;15;14713
749;16;14731
749;17;14822
749;18;14864
749;19;15036
749;20;15078
749;21;15089
749;22;15103
749;23;15198
749;24;15251
749;25;15265
749;26;15279
749;27;15304
749;28;15309
749;29;15354
749;30;15361
749;31;15407
749;32;15424
749;33;15429
749;34;15433
749;35;15450
749;36;15464
749;37;15469
749;38;15502
749;39;15503
749;40;15520
749;41;15561
749;42;15562
750;1;8533
750;2;8913
750;3;9329
750;4;9785
750;5;10305
750;6;10821
750;7;11218
750;8;11289
750;9;11356
750;10;11364
750;11;11382
750;12;11867
750;13;12261
750;14;12290
750;15;12463
750;16;12480
750;17;12505
750;18;12526
750;19;12994
750;20;13065
750;21;13095
750;22;13137
750;23;13164
750;24;13426
750;25;13444
750;26;13471
750;27;13571
750;28;14023
750;29;14056
750;30;14106
750;31;14192
750;32;14233
750;33;14592
750;34;14608
750;35;14645
750;36;14694
750;37;14777
750;38;14834
750;39;14841
750;40;14874
750;41;14913
750;42;14931
750;43;14950
750;44;14955
750;45;15260
750;46;15287
750;47;15291
750;48;15303
750;49;15324
750;50;15371
750;51;15421
750;52;15435
750;53;15448
750;54;15456
750;55;15467
750;56;15472
750;57;15477
750;58;15489
750;59;15522
750;60;15540
750;61;15549
750;62;15562
751;1;9370
751;2;9845
751;3;9868
751;4;9903
751;5;10378
751;6;10884
751;7;10931
751;8;11172
751;9;11626
751;10;12012
751;11;12450
751;12;12867
751;13;12928
751;14;12977
751;15;13336
751;16;13775
751;17;13880
751;18;14355
751;19;14676
751;20;14689
751;21;14721
751;22;14762
751;23;14824
751;24;14876
751;25;14922
751;26;15336
751;27;15387
751;28;15405
751;29;15450
751;30;15457
751;31;15470
751;32;15476
751;33;15489
751;34;15505
751;35;15519
751;36;15538
751;37;15543
751;38;15544
751;39;15561
752;1;11025
752;2;11042
752;3;11068
752;4;11581
752;5;11637
752;6;12020
752;7;12450
752;8;12828
752;9;12854
752;10;12867
752;11;12899
752;12;12916
752;13;13017
752;14;13043
752;15;13079
752;16;13165
752;17;13189
752;18;13264
752;19;13295
752;20;13655
752;21;13697
752;22;13787
752;23;14200
752;24;14208
752;25;14585
752;26;14697
752;27;14756
752;28;14817
752;29;14842
752;30;14845
752;31;14857
752;32;14932
752;33;14952
752;34;14969
752;35;15383
752;36;15414
752;37;15435
752;38;15451
752;39;15455
752;40;15492
752;41;15518
752;42;15528
752;43;15547
752;44;15564
752;45;15585
753;1;10649
753;2;11233
753;3;11561
753;4;11656
753;5;11742
753;6;12210
753;7;12533
753;8;12575
753;9;12657
753;10;13077
753;11;13381
753;12;13719
753;13;13739
753;14;13758
753;15;13853
753;16;13954
753;17;13972
753;18;14513
753;19;14812
753;20;14849
753;21;14862
753;22;15122
753;23;15124
753;24;15150
753;25;15165
753;26;15246
753;27;15281
753;28;15282
753;29;15330
753;30;15341
753;31;15342
753;32;15360
753;33;15381
753;34;15412
753;35;15428
753;36;15452
753;37;15457
753;38;15481
753;39;15500
753;40;15535
753;41;15585
754;1;13211
754;2;13243
754;3;13565
754;4;13922
754;5;13933
754;6;13945
754;7;14370
754;8;14412
754;9;14445
754;10;14511
754;11;14908
754;12;14955
754;13;14980
754;14;15016
754;15;15051
754;16;15137
754;17;15154
754;18;15187
754;19;15215
754;20;15261
754;21;15274
754;22;15306
754;23;15341
754;24;15360
754;25;15379
754;26;15404
754;27;15454
754;28;15471
754;29;15484
754;30;15511
754;31;15534
754;32;15544
754;33;15561
754;34;15566
754;35;15585
755;1;10500
755;2;10508
755;3;10547
755;4;11052
755;5;11345
755;6;11707
755;7;11746
755;8;11783
755;9;11854
755;10;12217
755;11;12233
755;12;12275
755;13;12750
755;14;12777
755;15;13134
755;16;13497
755;17;13523
755;18;13574
755;19;13592
755;20;13618
755;21;13627
755;22;13686
755;23;14015
755;24;14384
755;25;14571
755;26;14573
755;27;14966
755;28;14971
755;29;15037
755;30;15085
755;31;15127
755;32;15186
755;33;15205
755;34;15231
755;35;15242
755;36;15268
755;37;15286
755;38;15291
755;39;15301
755;40;15352
755;41;15357
755;42;15358
755;43;15364
755;44;15380
755;45;15393
755;46;15398
755;47;15411
755;48;15473
755;49;15503
755;50;15520
755;51;15561
756;1;10155
756;2;10673
756;3;10691
756;4;11166
756;5;11656
756;6;11808
756;7;11883
756;8;12262
756;9;12301
756;10;12352
756;11;12413
756;12;12525
756;13;12845
756;14;12904
756;15;12966
756;16;13011
756;17;13044
756;18;13046
756;19;13383
756;20;13670
756;21;14023
756;22;14208
756;23;14270
756;24;14293
756;25;14548
756;26;14583
756;27;14627
756;28;14708
756;29;14745
756;30;14761
756;31;14774
756;32;14801
756;33;14827
756;34;14857
756;35;14862
756;36;14863
756;37;14866
756;38;14869
756;39;14895
756;40;14900
756;41;14909
756;42;14928
756;43;14954
756;44;14970
756;45;14973
756;46;14996
756;47;15017
756;48;15333
756;49;15349
756;50;15408
756;51;15427
756;52;15453
756;53;15473
756;54;15499
756;55;15520
756;56;15538
756;57;15561
756;58;15585
757;1;11119
757;2;11211
757;3;11685
757;4;12175
757;5;12238
757;6;12285
757;7;12655
757;8;12697
757;9;12792
757;10;13185
757;11;13396
757;12;13848
757;13;13940
757;14;14035
757;15;14086
757;16;14172
757;17;14472
757;18;14564
757;19;14608
757;20;14665
757;21;14680
757;22;14693
757;23;15035
757;24;15077
757;25;15094
757;26;15136
757;27;15195
757;28;15198
757;29;15214
757;30;15241
757;31;15278
757;32;15296
757;33;15312
757;34;15339
757;35;15357
757;36;15392
757;37;15409
757;38;15411
757;39;15442
757;40;15449
757;41;15462
757;42;15466
757;43;15479
757;44;15503
757;45;15535
757;46;15548
757;47;15566
757;48;15568
757;49;15585
758;1;10344
758;2;10652
758;3;11035
758;4;11078
758;5;11510
758;6;11531
758;7;11549
758;8;11578
758;9;11591
758;10;12008
758;11;12162
758;12;12476
758;13;12896
758;14;12921
758;15;13284
758;16;13587
758;17;13593
758;18;13606
758;19;13607
758;20;13638
758;21;14060
758;22;14393
758;23;14417
758;24;14442
758;25;14448
758;26;14522
758;27;14553
758;28;14571
758;29;14576
758;30;14638
758;31;14825
758;32;14850
758;33;14892
758;34;14909
758;35;15262
758;36;15271
758;37;15281
758;38;15331
758;39;15347
758;40;15352
758;41;15378
758;42;15397
758;43;15431
758;44;15468
758;45;15511
758;46;15530
758;47;15531
758;48;15548
759;1;9224
759;2;9697
759;3;10162
759;4;10613
759;5;11170
759;6;11527
759;7;12006
759;8;12022
759;9;12471
759;10;12928
759;11;13281
759;12;13300
759;13;13321
759;14;13413
759;15;13429
759;16;13504
759;17;13762
759;18;14185
759;19;14211
759;20;14231
759;21;14277
759;22;14295
759;23;14346
759;24;14351
759;25;14386
759;26;14409
759;27;14439
759;28;14460
759;29;14764
759;30;14806
759;31;14823
759;32;14837
759;33;14856
759;34;14898
759;35;14917
759;36;14930
759;37;14934
759;38;15292
759;39;15310
759;40;15369
759;41;15375
759;42;15416
759;43;15430
759;44;15462
759;45;15476
759;46;15482
759;47;15488
759;48;15509
759;49;15522
759;50;15535
759;51;15546
759;52;15547
759;53;15564
759;54;15585
760;1;10367
760;2;10386
760;3;10453
760;4;10901
760;5;11263
760;6;11632
760;7;11672
760;8;12108
760;9;12159
760;10;12164
760;11;12632
760;12;12640
760;13;12666
760;14;13077
760;15;13169
760;16;13632
760;17;14071
760;18;14099
760;19;14104
760;20;14161
760;21;14540
760;22;14560
760;23;14602
760;24;14604
760;25;14646
760;26;14834
760;27;14920
760;28;14968
760;29;14981
760;30;14986
760;31;15031
760;32;15057
760;33;15062
760;34;15148
760;35;15199
760;36;15218
760;37;15232
760;38;15235
760;39;15254
760;40;15260
760;41;15267
760;42;15280
760;43;15294
760;44;15331
760;45;15365
760;46;15370
760;47;15379
760;48;15406
760;49;15413
760;50;15434
760;51;15460
760;52;15479
760;53;15497
760;54;15512
760;55;15544
760;56;15585
761;1;10289
761;2;10745
761;3;11152
761;4;11219
761;5;11580
761;6;11681
761;7;11740
761;8;11898
761;9;12371
761;10;12896
761;11;13290
761;12;13305
761;13;13658
761;14;14075
761;15;14096
761;16;14123
761;17;14147
761;18;14515
761;19;14534
761;20;14635
761;21;14698
761;22;15048
761;23;15057
761;24;15070
761;25;15123
761;26;15131
761;27;15156
761;28;15196
761;29;15215
761;30;15290
761;31;15296
761;32;15325
761;33;15358
761;34;15367
761;35;15404
761;36;15451
761;37;15493
761;38;15503
761;39;15537
761;40;15548
761;41;15585
762;1;9981
762;2;10014
762;3;10035
762;4;10077
762;5;10137
762;6;10518
762;7;10834
762;8;11244
762;9;11257
762;10;11770
762;11;11801
762;12;11813
762;13;12230
762;14;12263
762;15;12719
762;16;12831
762;17;13256
762;18;13303
762;19;13700
762;20;13767
762;21;13868
762;22;14332
762;23;14706
762;24;14737
762;25;14750
762;26;14792
762;27;14811
762;28;14841
762;29;14873
762;30;14890
762;31;14911
762;32;14937
762;33;15002
762;34;15007
762;35;15013
762;36;15034
762;37;15043
762;38;15343
762;39;15444
762;40;15457
762;41;15464
762;42;15480
762;43;15484
762;44;15497
762;45;15526
762;46;15553
762;47;15562
763;1;10286
763;2;10700
763;3;11080
763;4;11122
763;5;11143
763;6;11455
763;7;11833
763;8;12186
763;9;12260
763;10;12650
763;11;13106
763;12;13146
763;13;13177
763;14;13201
763;15;13243
763;16;13713
763;17;14110
763;18;14185
763;19;14259
763;20;14278
763;21;14547
763;22;14549
763;23;14565
763;24;14582
763;25;14601
763;26;14672
763;27;14723
763;28;14798
763;29;15131
763;30;15144
763;31;15147
763;32;15171
763;33;15219
763;34;15238
763;35;15299
763;36;15309
763;37;15314
763;38;15348
763;39;15351
763;40;15437
763;41;15463
763;42;15471
763;43;15488
763;44;15513
763;45;15530
763;46;15543
763;47;15544
763;48;15561
764;1;10387
764;2;10482
764;3;10827
764;4;10857
764;5;11219
764;6;11687
764;7;11758
764;8;12276
764;9;12297
764;10;12650
764;11;13120
764;12;13479
764;13;13553
764;14;14019
764;15;14061
764;16;14112
764;17;14499
764;18;14516
764;19;14765
764;20;14815
764;21;14850
764;22;14904
764;23;14979
764;24;15041
764;25;15043
764;26;15093
764;27;15143
764;28;15168
764;29;15169
764;30;15171
764;31;15188
764;32;15238
764;33;15301
764;34;15314
764;35;15318
764;36;15360
764;37;15372
764;38;15405
764;39;15426
764;40;15427
764;41;15440
764;42;15476
764;43;15497
764;44;15514
764;45;15522
764;46;15538
764;47;15543
764;48;15562
765;1;11226
765;2;11283
765;3;11751
765;4;12219
765;5;12371
765;6;12399
765;7;12887
765;8;13238
765;9;13671
765;10;13745
765;11;13810
765;12;14206
765;13;14257
765;14;14304
765;15;14695
765;16;14697
765;17;14725
765;18;14742
765;19;14834
765;20;14842
765;21;14866
765;22;14868
765;23;14873
765;24;14879
765;25;14900
765;26;14919
765;27;14933
765;28;14962
765;29;14989
765;30;15039
765;31;15056
765;32;15061
765;33;15084
765;34;15102
765;35;15120
765;36;15441
765;37;15486
765;38;15512
765;39;15544
765;40;15585
766;1;10691
766;2;11095
766;3;11511
766;4;11873
766;5;12273
766;6;12746
766;7;12994
766;8;13086
766;9;13117
766;10;13164
766;11;13577
766;12;14058
766;13;14072
766;14;14410
766;15;14446
766;16;14502
766;17;14577
766;18;14594
766;19;14631
766;20;14652
766;21;14747
766;22;14764
766;23;14838
766;24;14889
766;25;14897
766;26;15276
766;27;15279
766;28;15298
766;29;15324
766;30;15329
766;31;15371
766;32;15413
766;33;15429
766;34;15442
766;35;15475
766;36;15479
766;37;15484
766;38;15511
766;39;15529
766;40;15535
766;41;15566
766;42;15567
766;43;15585
767;1;9707
767;2;10146
767;3;10659
767;4;10690
767;5;11163
767;6;11210
767;7;11302
767;8;11728
767;9;12144
767;10;12162
767;11;12585
767;12;12601
767;13;12608
767;14;12976
767;15;13369
767;16;13430
767;17;13447
767;18;13506
767;19;13949
767;20;14324
767;21;14338
767;22;14356
767;23;14417
767;24;14441
767;25;14483
767;26;14508
767;27;14529
767;28;14574
767;29;14844
767;30;14849
767;31;14905
767;32;14933
767;33;14943
767;34;14948
767;35;14952
767;36;14970
767;37;14976
767;38;14988
767;39;15014
767;40;15021
767;41;15040
767;42;15043
767;43;15436
767;44;15441
767;45;15458
767;46;15462
767;47;15488
767;48;15521
767;49;15562
768;1;12607
768;2;13011
768;3;13536
768;4;13599
768;5;13640
768;6;13732
768;7;13995
768;8;14090
768;9;14674
768;10;14676
768;11;14696
768;12;14708
768;13;14764
768;14;14799
768;15;14818
768;16;14839
768;17;14889
768;18;14918
768;19;14974
768;20;15340
768;21;15361
768;22;15370
768;23;15429
768;24;15430
768;25;15451
768;26;15463
768;27;15465
768;28;15483
768;29;15514
768;30;15530
768;31;15548
768;32;15561
768;33;15562
769;1;12105
769;2;12610
769;3;12661
769;4;12848
769;5;13070
769;6;13115
769;7;13585
769;8;13595
769;9;13690
769;10;14158
769;11;14521
769;12;14546
769;13;14569
769;14;14920
769;15;14957
769;16;15028
769;17;15042
769;18;15056
769;19;15069
769;20;15111
769;21;15128
769;22;15140
769;23;15170
769;24;15184
769;25;15200
769;26;15219
769;27;15266
769;28;15272
769;29;15317
769;30;15330
769;31;15339
769;32;15358
769;33;15363
769;34;15382
769;35;15401
769;36;15404
769;37;15441
769;38;15472
769;39;15522
769;40;15566
769;41;15585
770;1;12095
770;2;12396
770;3;12741
770;4;13229
770;5;13598
770;6;13941
770;7;13965
770;8;14007
770;9;14360
770;10;14377
770;11;14789
770;12;14803
770;13;14838
770;14;14875
770;15;14878
770;16;14930
770;17;14958
770;18;15005
770;19;15064
770;20;15131
770;21;15137
770;22;15163
770;23;15208
770;24;15214
770;25;15281
770;26;15299
770;27;15325
770;28;15329
770;29;15346
770;30;15362
770;31;15380
770;32;15384
770;33;15404
770;34;15420
770;35;15476
770;36;15523
770;37;15568
770;38;15585
771;1;10364
771;2;10743
771;3;11194
771;4;11289
771;5;11689
771;6;12128
771;7;12450
771;8;12525
771;9;12570
771;10;12957
771;11;13336
771;12;13362
771;13;13397
771;14;13922
771;15;14315
771;16;14396
771;17;14429
771;18;14445
771;19;14495
771;20;14546
771;21;15001
771;22;15027
771;23;15102
771;24;15163
771;25;15208
771;26;15229
771;27;15254
771;28;15273
771;29;15290
771;30;15306
771;31;15308
771;32;15325
771;33;15338
771;34;15355
771;35;15406
771;36;15433
771;37;15483
771;38;15509
771;39;15516
771;40;15533
771;41;15536
771;42;15552
771;43;15566
771;44;15568
771;45;15585
772;1;11584
772;2;11601
772;3;12053
772;4;12490
772;5;12497
772;6;12505
772;7;13023
772;8;13049
772;9;13465
772;10;13990
772;11;14429
772;12;14450
772;13;14469
772;14;14520
772;15;14550
772;16;14579
772;17;14905
772;18;14929
772;19;14934
772;20;14949
772;21;15023
772;22;15078
772;23;15089
772;24;15114
772;25;15141
772;26;15167
772;27;15185
772;28;15205
772;29;15236
772;30;15311
772;31;15316
772;32;15317
772;33;15336
772;34;15341
772;35;15362
772;36;15378
772;37;15405
772;38;15415
772;39;15489
772;40;15497
772;41;15510
772;42;15512
772;43;15516
772;44;15535
772;45;15548
772;46;15569
772;47;15585
773;1;9544
773;2;10024
773;3;10441
773;4;10946
773;5;11260
773;6;11290
773;7;11291
773;8;11358
773;9;11814
773;10;11823
773;11;12183
773;12;12192
773;13;12673
773;14;12724
773;15;13194
773;16;13256
773;17;13308
773;18;13686
773;19;13757
773;20;14137
773;21;14147
773;22;14629
773;23;15119
773;24;15170
773;25;15203
773;26;15243
773;27;15288
773;28;15330
773;29;15332
773;30;15374
773;31;15376
773;32;15377
773;33;15400
773;34;15409
773;35;15416
773;36;15446
773;37;15466
773;38;15483
773;39;15488
773;40;15507
773;41;15525
773;42;15562
774;1;11544
774;2;12029
774;3;12102
774;4;12149
774;5;12186
774;6;12233
774;7;12275
774;8;12349
774;9;12865
774;10;12921
774;11;12944
774;12;13243
774;13;13274
774;14;13295
774;15;13806
774;16;14194
774;17;14236
774;18;14633
774;19;14646
774;20;14671
774;21;15005
774;22;15022
774;23;15027
774;24;15032
774;25;15069
774;26;15163
774;27;15275
774;28;15304
774;29;15309
774;30;15336
774;31;15380
774;32;15396
774;33;15427
774;34;15460
774;35;15510
774;36;15516
774;37;15544
774;38;15561
775;1;10601
775;2;10640
775;3;10700
775;4;11173
775;5;11473
775;6;11978
775;7;11994
775;8;12479
775;9;12737
775;10;12769
775;11;12828
775;12;13097
775;13;13127
775;14;13148
775;15;13528
775;16;13975
775;17;14012
775;18;14033
775;19;14501
775;20;14502
775;21;14529
775;22;14604
775;23;14655
775;24;14688
775;25;14713
775;26;14746
775;27;14772
775;28;14804
775;29;15201
775;30;15205
775;31;15279
775;32;15305
775;33;15315
775;34;15357
775;35;15394
775;36;15420
775;37;15424
775;38;15440
775;39;15459
775;40;15479
775;41;15492
775;42;15532
775;43;15562
776;1;10202
776;2;10297
776;3;10810
776;4;10836
776;5;11292
776;6;11367
776;7;11412
776;8;11457
776;9;11892
776;10;12248
776;11;12304
776;12;12400
776;13;12888
776;14;13180
776;15;13698
776;16;13885
776;17;14106
776;18;14148
776;19;14571
776;20;14578
776;21;14630
776;22;14661
776;23;14720
776;24;14770
776;25;14832
776;26;14853
776;27;15220
776;28;15247
776;29;15276
776;30;15308
776;31;15382
776;32;15396
776;33;15415
776;34;15416
776;35;15433
776;36;15489
776;37;15505
776;38;15510
776;39;15552
776;40;15553
776;41;15562
777;1;10052
777;2;10115
777;3;10567
777;4;10642
777;5;10800
777;6;10952
777;7;11217
777;8;11687
777;9;11774
777;10;12229
777;11;12633
777;12;12685
777;13;13041
777;14;13069
777;15;13394
777;16;13460
777;17;13851
777;18;14274
777;19;14293
777;20;14298
777;21;14317
777;22;14359
777;23;14406
777;24;14457
777;25;14508
777;26;14582
777;27;14610
777;28;14636
777;29;14652
777;30;14671
777;31;14679
777;32;14690
777;33;14693
777;34;14959
777;35;14980
777;36;14999
777;37;15025
777;38;15051
777;39;15070
777;40;15096
777;41;15110
777;42;15112
777;43;15171
777;44;15204
777;45;15223
777;46;15274
777;47;15295
777;48;15309
777;49;15328
777;50;15336
777;51;15340
777;52;15364
777;53;15396
777;54;15401
777;55;15433
777;56;15451
777;57;15468
777;58;15487
777;59;15517
777;60;15522
777;61;15548
777;62;15553
777;63;15566
777;64;15585
778;1;12894
778;2;13343
778;3;13635
778;4;13936
778;5;14005
778;6;14030
778;7;14521
778;8;14572
778;9;14838
778;10;14875
778;11;15062
778;12;15137
778;13;15150
778;14;15171
778;15;15180
778;16;15185
778;17;15220
778;18;15267
778;19;15293
778;20;15317
778;21;15336
778;22;15364
778;23;15374
778;24;15433
778;25;15459
778;26;15472
778;27;15504
778;28;15530
778;29;15535
778;30;15548
778;31;15585
779;1;11398
779;2;11428
779;3;11459
779;4;11951
779;5;11981
779;6;12076
779;7;12486
779;8;12885
779;9;13302
779;10;13353
779;11;13370
779;12;13818
779;13;14213
779;14;14260
779;15;14279
779;16;14292
779;17;14334
779;18;14335
779;19;14403
779;20;14820
779;21;15077
779;22;15091
779;23;15136
779;24;15169
779;25;15198
779;26;15230
779;27;15301
779;28;15338
779;29;15375
779;30;15388
779;31;15406
779;32;15427
779;33;15444
779;34;15449
779;35;15464
779;36;15482
779;37;15491
779;38;15499
779;39;15516
779;40;15549
779;41;15562
779;42;15567
779;43;15585
780;1;9520
780;2;9972
780;3;10434
780;4;10869
780;5;11342
780;6;11687
780;7;11761
780;8;11804
780;9;12274
780;10;12295
780;11;12674
780;12;13066
780;13;13534
780;14;13861
780;15;13920
780;16;13952
780;17;13978
780;18;13996
780;19;14274
780;20;14298
780;21;14317
780;22;14379
780;23;14723
780;24;15101
780;25;15106
780;26;15109
780;27;15134
780;28;15150
780;29;15180
780;30;15194
780;31;15220
780;32;15225
780;33;15251
780;34;15252
780;35;15338
780;36;15364
780;37;15367
780;38;15368
780;39;15371
780;40;15387
780;41;15414
780;42;15426
780;43;15458
780;44;15473
780;45;15481
780;46;15497
780;47;15502
780;48;15544
780;49;15585
781;1;10123
781;2;10503
781;3;10570
781;4;11013
781;5;11430
781;6;11839
781;7;12291
781;8;12809
781;9;13209
781;10;13234
781;11;13507
781;12;13924
781;13;13983
781;14;14008
781;15;14083
781;16;14512
781;17;14531
781;18;14544
781;19;14606
781;20;14649
781;21;14877
781;22;14969
781;23;14988
781;24;15014
781;25;15036
781;26;15083
781;27;15095
781;28;15135
781;29;15140
781;30;15235
781;31;15277
781;32;15322
781;33;15335
781;34;15336
781;35;15391
781;36;15404
781;37;15409
781;38;15438
781;39;15480
781;40;15512
781;41;15538
781;42;15543
781;43;15561
781;44;15562
782;1;10003
782;2;10459
782;3;10542
782;4;10569
782;5;10989
782;6;11398
782;7;11422
782;8;11774
782;9;11833
782;10;12195
782;11;12687
782;12;12703
782;13;12729
782;14;13108
782;15;13133
782;16;13172
782;17;13265
782;18;13297
782;19;13318
782;20;13347
782;21;13751
782;22;14019
782;23;14038
782;24;14070
782;25;14087
782;26;14089
782;27;14152
782;28;14165
782;29;14239
782;30;14493
782;31;14544
782;32;14943
782;33;15006
782;34;15035
782;35;15094
782;36;15186
782;37;15200
782;38;15214
782;39;15240
782;40;15300
782;41;15304
782;42;15307
782;43;15334
782;44;15335
782;45;15356
782;46;15371
782;47;15375
782;48;15406
782;49;15431
782;50;15458
782;51;15463
782;52;15496
782;53;15501
782;54;15533
782;55;15534
782;56;15547
782;57;15549
782;58;15568
782;59;15585
783;1;11054
783;2;11492
783;3;11508
783;4;11660
783;5;12204
783;6;12511
783;7;12543
783;8;12847
783;9;12898
783;10;12931
783;11;13263
783;12;13677
783;13;13692
783;14;13739
783;15;14036
783;16;14128
783;17;14448
783;18;14474
783;19;14533
783;20;14568
783;21;14570
783;22;14600
783;23;14627
783;24;14648
783;25;15029
783;26;15054
783;27;15070
783;28;15089
783;29;15108
783;30;15110
783;31;15141
783;32;15175
783;33;15186
783;34;15245
783;35;15248
783;36;15264
783;37;15269
783;38;15292
783;39;15298
783;40;15338
783;41;15351
783;42;15386
783;43;15388
783;44;15415
783;45;15435
783;46;15452
783;47;15470
783;48;15477
783;49;15510
783;50;15529
783;51;15536
783;52;15545
783;53;15562
783;54;15567
783;55;15585
784;1;10167
784;2;10605
784;3;10656
784;4;11108
784;5;11127
784;6;11602
784;7;12025
784;8;12099
784;9;12141
784;10;12167
784;11;12196
784;12;12231
784;13;12537
784;14;12882
784;15;12922
784;16;13034
784;17;13059
784;18;13438
784;19;13943
784;20;14322
784;21;14353
784;22;14371
784;23;14396
784;24;14420
784;25;14868
784;26;14899
784;27;15228
784;28;15254
784;29;15271
784;30;15275
784;31;15294
784;32;15322
784;33;15336
784;34;15372
784;35;15379
784;36;15391
784;37;15465
784;38;15470
784;39;15488
784;40;15515
784;41;15529
784;42;15542
784;43;15561
784;44;15562
785;1;10645
785;2;10925
785;3;11369
785;4;11690
785;5;12043
785;6;12495
785;7;12502
785;8;12507
785;9;12549
785;10;12605
785;11;12635
785;12;13050
785;13;13202
785;14;13214
785;15;13670
785;16;13703
785;17;13721
785;18;13746
785;19;13772
785;20;13797
785;21;14207
785;22;14233
785;23;14612
785;24;14638
785;25;14651
785;26;14737
785;27;14779
785;28;14790
785;29;14796
785;30;14826
785;31;14852
785;32;14870
785;33;14933
785;34;14981
785;35;15039
785;36;15057
785;37;15076
785;38;15103
785;39;15363
785;40;15366
785;41;15371
785;42;15434
785;43;15461
785;44;15487
785;45;15538
785;46;15540
785;47;15552
785;48;15585
786;1;10670
786;2;10687
786;3;11175
786;4;11553
786;5;11845
786;6;12155
786;7;12182
786;8;12561
786;9;12603
786;10;13020
786;11;13325
786;12;13512
786;13;13950
786;14;14431
786;15;14462
786;16;14498
786;17;14573
786;18;14983
786;19;15025
786;20;15038
786;21;15050
786;22;15074
786;23;15125
786;24;15167
786;25;15199
786;26;15210
786;27;15220
786;28;15254
786;29;15281
786;30;15307
786;31;15328
786;32;15342
786;33;15347
786;34;15354
786;35;15389
786;36;15404
786;37;15418
786;38;15469
786;39;15476
786;40;15484
786;41;15521
786;42;15535
786;43;15553
786;44;15572
786;45;15585
787;1;11430
787;2;11447
787;3;11513
787;4;11886
787;5;11919
787;6;12335
787;7;12366
787;8;12387
787;9;12446
787;10;12468
787;11;12960
787;12;13395
787;13;13400
787;14;13447
787;15;13716
787;16;13767
787;17;13785
787;18;13830
787;19;14118
787;20;14550
787;21;14553
787;22;14559
787;23;14564
787;24;14576
787;25;14982
787;26;15057
787;27;15094
787;28;15206
787;29;15246
787;30;15249
787;31;15256
787;32;15282
787;33;15310
787;34;15340
787;35;15341
787;36;15388
787;37;15407
787;38;15438
787;39;15456
787;40;15473
787;41;15489
787;42;15514
787;43;15530
787;44;15549
787;45;15562
788;1;9960
788;2;10305
788;3;10580
788;4;10617
788;5;10645
788;6;10676
788;7;11131
788;8;11170
788;9;11239
788;10;11560
788;11;11652
788;12;11704
788;13;11730
788;14;11987
788;15;12004
788;16;12384
788;17;12455
788;18;12827
788;19;12869
788;20;12930
788;21;12956
788;22;13395
788;23;13462
788;24;13558
788;25;13997
788;26;14012
788;27;14059
788;28;14118
788;29;14320
788;30;14370
788;31;14389
788;32;14396
788;33;14471
788;34;14492
788;35;14548
788;36;14574
788;37;14652
788;38;14659
788;39;14684
788;40;14762
788;41;15142
788;42;15157
788;43;15199
788;44;15201
788;45;15223
788;46;15264
788;47;15280
788;48;15289
788;49;15293
788;50;15319
788;51;15320
788;52;15372
788;53;15414
788;54;15419
788;55;15466
788;56;15483
788;57;15502
788;58;15525
788;59;15527
788;60;15544
789;1;10353
789;2;10371
789;3;10788
789;4;10806
789;5;11229
789;6;11288
789;7;11561
789;8;11940
789;9;11991
789;10;12390
789;11;12810
789;12;13302
789;13;13334
789;14;13400
789;15;13873
789;16;14254
789;17;14616
789;18;14728
789;19;14733
789;20;14773
789;21;14823
789;22;14828
789;23;14833
789;24;14854
789;25;14906
789;26;15319
789;27;15370
789;28;15388
789;29;15407
789;30;15428
789;31;15433
789;32;15461
789;33;15466
789;34;15487
789;35;15488
789;36;15501
789;37;15520
789;38;15538
790;1;9558
790;2;9621
790;3;10060
790;4;10134
790;5;10450
790;6;10487
790;7;10867
790;8;10902
790;9;11446
790;10;11467
790;11;11562
790;12;11953
790;13;12045
790;14;12075
790;15;12408
790;16;12460
790;17;12511
790;18;12520
790;19;12546
790;20;12925
790;21;12954
790;22;13403
790;23;13424
790;24;13456
790;25;13792
790;26;13793
790;27;14206
790;28;14211
790;29;14270
790;30;14306
790;31;14330
790;32;14342
790;33;14373
790;34;14710
790;35;14718
790;36;14751
790;37;14808
790;38;14829
790;39;15135
790;40;15177
790;41;15224
790;42;15259
790;43;15273
790;44;15320
790;45;15333
790;46;15344
790;47;15370
790;48;15383
790;49;15409
790;50;15414
790;51;15441
790;52;15467
790;53;15468
790;54;15487
790;55;15504
790;56;15516
790;57;15566
790;58;15585
791;1;9642
791;2;10155
791;3;10157
791;4;10519
791;5;10788
791;6;10903
791;7;11307
791;8;11724
791;9;11734
791;10;11759
791;11;12207
791;12;12651
791;13;13107
791;14;13128
791;15;13382
791;16;13457
791;17;13531
791;18;13573
791;19;14061
791;20;14390
791;21;14411
791;22;14464
791;23;14483
791;24;14546
791;25;14551
791;26;14606
791;27;14941
791;28;14962
791;29;15024
791;30;15050
791;31;15467
791;32;15517
791;33;15529
791;34;15548
791;35;15566
791;36;15568
791;37;15585
792;1;11222
792;2;11657
792;3;11690
792;4;11749
792;5;11752
792;6;11757
792;7;11849
792;8;12210
792;9;12214
792;10;12730
792;11;12742
792;12;12773
792;13;12848
792;14;13329
792;15;13350
792;16;13688
792;17;13783
792;18;14208
792;19;14282
792;20;14692
792;21;14725
792;22;14800
792;23;15113
792;24;15147
792;25;15158
792;26;15186
792;27;15252
792;28;15269
792;29;15304
792;30;15309
792;31;15332
792;32;15362
792;33;15395
792;34;15414
792;35;15427
792;36;15452
792;37;15453
792;38;15462
792;39;15488
792;40;15513
792;41;15530
792;42;15531
792;43;15548
792;44;15566
792;45;15585
793;1;9119
793;2;9516
793;3;9521
793;4;9956
793;5;10431
793;6;10482
793;7;10862
793;8;11347
793;9;11372
793;10;11699
793;11;12116
793;12;12142
793;13;12556
793;14;12611
793;15;12964
793;16;13015
793;17;13110
793;18;13152
793;19;13600
793;20;13645
793;21;13998
793;22;14039
793;23;14303
793;24;14646
793;25;14721
793;26;14780
793;27;14809
793;28;14834
793;29;14946
793;30;14983
793;31;15002
793;32;15049
793;33;15079
793;34;15154
793;35;15166
793;36;15197
793;37;15226
793;38;15231
793;39;15253
793;40;15315
793;41;15360
793;42;15415
793;43;15417
793;44;15430
793;45;15472
793;46;15480
793;47;15496
793;48;15513
793;49;15540
793;50;15567
793;51;15585
794;1;9883
794;2;10280
794;3;10351
794;4;10702
794;5;10754
794;6;10941
794;7;10983
794;8;11468
794;9;11496
794;10;11961
794;11;12264
794;12;12283
794;13;12317
794;14;12364
794;15;12430
794;16;12776
794;17;12868
794;18;12920
794;19;13218
794;20;13622
794;21;13639
794;22;13657
794;23;13670
794;24;13743
794;25;14102
794;26;14123
794;27;14138
794;28;14144
794;29;14407
794;30;14499
794;31;14518
794;32;14566
794;33;14572
794;34;14852
794;35;14855
794;36;14893
794;37;14919
794;38;14924
794;39;14986
794;40;15019
794;41;15090
794;42;15134
794;43;15161
794;44;15182
794;45;15191
794;46;15225
794;47;15260
794;48;15306
794;49;15363
794;50;15376
794;51;15438
794;52;15459
794;53;15464
794;54;15483
794;55;15508
794;56;15539
794;57;15541
794;58;15553
794;59;15572
794;60;15585
795;1;11023
795;2;11069
795;3;11484
795;4;11922
795;5;12267
795;6;12293
795;7;12623
795;8;12670
795;9;13038
795;10;13063
795;11;13080
795;12;13102
795;13;13144
795;14;13239
795;15;13764
795;16;13823
795;17;14176
795;18;14189
795;19;14228
795;20;14279
795;21;14306
795;22;14771
795;23;14802
795;24;15189
795;25;15208
795;26;15227
795;27;15253
795;28;15285
795;29;15290
795;30;15291
795;31;15315
795;32;15337
795;33;15353
795;34;15406
795;35;15407
795;36;15429
795;37;15434
795;38;15447
795;39;15474
795;40;15479
795;41;15486
795;42;15500
795;43;15519
795;44;15524
795;45;15525
795;46;15542
796;1;10517
796;2;11027
796;3;11077
796;4;11081
796;5;11549
796;6;11635
796;7;11881
796;8;12187
796;9;12657
796;10;12683
796;11;13102
796;12;13511
796;13;13552
796;14;13603
796;15;13695
796;16;14074
796;17;14101
796;18;14634
796;19;14639
796;20;14699
796;21;15105
796;22;15131
796;23;15145
796;24;15163
796;25;15208
796;26;15235
796;27;15314
796;28;15339
796;29;15360
796;30;15407
796;31;15425
796;32;15492
796;33;15513
796;34;15526
796;35;15548
796;36;15585
797;1;10544
797;2;10639
797;3;11056
797;4;11407
797;5;11948
797;6;12015
797;7;12480
797;8;13007
797;9;13087
797;10;13529
797;11;13869
797;12;13901
797;13;14414
797;14;14730
797;15;14805
797;16;14826
797;17;14842
797;18;14855
797;19;14870
797;20;14889
797;21;14931
797;22;14961
797;23;15318
797;24;15344
797;25;15370
797;26;15373
797;27;15380
797;28;15401
797;29;15407
797;30;15419
797;31;15424
797;32;15443
797;33;15459
797;34;15499
797;35;15525
797;36;15530
797;37;15543
797;38;15561
798;1;11850
798;2;11871
798;3;11908
798;4;12267
798;5;12294
798;6;12673
798;7;12748
798;8;13199
798;9;13255
798;10;13260
798;11;13735
798;12;13751
798;13;13777
798;14;13805
798;15;13831
798;16;13863
798;17;13915
798;18;14204
798;19;14255
798;20;14284
798;21;14310
798;22;14313
798;23;14387
798;24;14892
798;25;14900
798;26;14918
798;27;14928
798;28;14979
798;29;15391
798;30;15407
798;31;15433
798;32;15447
798;33;15450
798;34;15458
798;35;15472
798;36;15477
798;37;15495
798;38;15519
798;39;15538
798;40;15553
798;41;15585
799;1;9876
799;2;10272
799;3;10790
799;4;10809
799;5;10814
799;6;10888
799;7;11308
799;8;11364
799;9;11734
799;10;11787
799;11;12164
799;12;12192
799;13;12206
799;14;12622
799;15;12714
799;16;12785
799;17;12799
799;18;12894
799;19;12920
799;20;13304
799;21;13307
799;22;13320
799;23;13337
799;24;13342
799;25;13355
799;26;13450
799;27;13473
799;28;13568
799;29;13588
799;30;14005
799;31;14019
799;32;14094
799;33;14371
799;34;14422
799;35;14447
799;36;14471
799;37;14750
799;38;14765
799;39;14815
799;40;14848
799;41;14873
799;42;14910
799;43;14984
799;44;15051
799;45;15061
799;46;15079
799;47;15098
799;48;15409
799;49;15485
799;50;15499
799;51;15500
799;52;15506
799;53;15512
799;54;15530
799;55;15540
799;56;15552
799;57;15566
799;58;15572
799;59;15585
800;1;10997
800;2;11028
800;3;11034
800;4;11332
800;5;11338
800;6;11364
800;7;11583
800;8;11588
800;9;11968
800;10;12034
800;11;12076
800;12;12144
800;13;12577
800;14;12672
800;15;12689
800;16;12704
800;17;13042
800;18;13134
800;19;13175
800;20;13201
800;21;13233
800;22;13250
800;23;13256
800;24;13305
800;25;13347
800;26;13352
800;27;13394
800;28;13468
800;29;13767
800;30;13820
800;31;13932
800;32;14171
800;33;14184
800;34;14534
800;35;14560
800;36;14579
800;37;14603
800;38;14640
800;39;14665
800;40;14913
800;41;14929
800;42;14942
800;43;14962
800;44;15014
800;45;15076
800;46;15118
800;47;15143
800;48;15184
800;49;15251
800;50;15260
800;51;15263
800;52;15305
800;53;15322
800;54;15336
800;55;15383
800;56;15408
800;57;15421
800;58;15440
800;59;15473
800;60;15482
800;61;15495
800;62;15513
800;63;15530
800;64;15561
801;1;11536
801;2;11956
801;3;12018
801;4;12352
801;5;12769
801;6;12797
801;7;12816
801;8;12858
801;9;12879
801;10;12965
801;11;13039
801;12;13384
801;13;13734
801;14;13760
801;15;13786
801;16;13815
801;17;13924
801;18;14271
801;19;14337
801;20;14381
801;21;14688
801;22;14702
801;23;14737
801;24;14796
801;25;14822
801;26;14848
801;27;15270
801;28;15289
801;29;15310
801;30;15328
801;31;15375
801;32;15402
801;33;15439
801;34;15469
801;35;15473
801;36;15488
801;37;15525
801;38;15530
801;39;15553
802;1;11609
802;2;12099
802;3;12570
802;4;12593
802;5;13010
802;6;13069
802;7;13446
802;8;13488
802;9;13654
802;10;13841
802;11;14240
802;12;14280
802;13;14633
802;14;14675
802;15;14694
802;16;15040
802;17;15057
802;18;15068
802;19;15076
802;20;15097
802;21;15118
802;22;15170
802;23;15189
802;24;15200
802;25;15226
802;26;15245
802;27;15297
802;28;15321
802;29;15347
802;30;15351
802;31;15352
802;32;15370
802;33;15396
802;34;15401
802;35;15448
802;36;15474
802;37;15498
802;38;15535
802;39;15548
802;40;15553
802;41;15572
802;42;15585
803;1;10689
803;2;11079
803;3;11539
803;4;11581
803;5;11608
803;6;11647
803;7;11652
803;8;11714
803;9;12137
803;10;12457
803;11;12484
803;12;12515
803;13;12566
803;14;12987
803;15;13375
803;16;13425
803;17;13741
803;18;14268
803;19;14333
803;20;14641
803;21;14716
803;22;14746
803;23;15169
803;24;15197
803;25;15205
803;26;15235
803;27;15282
803;28;15341
803;29;15342
803;30;15347
803;31;15352
803;32;15398
803;33;15435
803;34;15439
803;35;15457
803;36;15473
803;37;15492
803;38;15494
803;39;15497
803;40;15498
803;41;15507
803;42;15540
803;43;15553
803;44;15562
804;1;9967
804;2;10320
804;3;10362
804;4;10878
804;5;11250
804;6;11612
804;7;11923
804;8;11956
804;9;12461
804;10;12500
804;11;12916
804;12;12921
804;13;13297
804;14;13778
804;15;13871
804;16;13872
804;17;13935
804;18;13940
804;19;14052
804;20;14544
804;21;14556
804;22;14596
804;23;14603
804;24;14662
804;25;14700
804;26;14710
804;27;14749
804;28;14763
804;29;14788
804;30;14796
804;31;14823
804;32;15188
804;33;15197
804;34;15216
804;35;15242
804;36;15277
804;37;15288
804;38;15315
804;39;15321
804;40;15340
804;41;15344
804;42;15361
804;43;15379
804;44;15389
804;45;15402
804;46;15420
804;47;15424
804;48;15433
804;49;15434
804;50;15439
804;51;15441
804;52;15460
804;53;15470
804;54;15489
804;55;15491
804;56;15504
804;57;15521
804;58;15536
804;59;15562
805;1;9920
805;2;10461
805;3;10819
805;4;11164
805;5;11581
805;6;11869
805;7;12285
805;8;12312
805;9;12808
805;10;12837
805;11;12842
805;12;13193
805;13;13194
805;14;13592
805;15;14073
805;16;14487
805;17;14861
805;18;14936
805;19;15048
805;20;15091
805;21;15110
805;22;15139
805;23;15199
805;24;15231
805;25;15281
805;26;15297
805;27;15323
805;28;15324
805;29;15353
805;30;15358
805;31;15362
805;32;15374
805;33;15402
805;34;15434
805;35;15453
805;36;15467
805;37;15472
805;38;15490
805;39;15491
805;40;15517
805;41;15543
805;42;15561
805;43;15562
806;1;8883
806;2;8899
806;3;9367
806;4;9712
806;5;10132
806;6;10607
806;7;10985
806;8;11365
806;9;11762
806;10;12252
806;11;12684
806;12;13049
806;13;13071
806;14;13163
806;15;13264
806;16;13292
806;17;13735
806;18;14210
806;19;14227
806;20;14301
806;21;14718
806;22;14751
806;23;14753
806;24;14758
806;25;14817
806;26;15033
806;27;15037
806;28;15043
806;29;15069
806;30;15095
806;31;15137
806;32;15166
806;33;15177
806;34;15238
806;35;15255
806;36;15262
806;37;15283
806;38;15308
806;39;15313
806;40;15329
806;41;15376
806;42;15402
806;43;15416
806;44;15442
806;45;15483
806;46;15488
806;47;15506
806;48;15519
806;49;15524
806;50;15542
806;51;15561
806;52;15562
807;1;10546
807;2;10572
807;3;10874
807;4;11273
807;5;11347
807;6;11440
807;7;11910
807;8;11927
807;9;11946
807;10;12032
807;11;12560
807;12;12597
807;13;12622
807;14;12648
807;15;12710
807;16;12731
807;17;13145
807;18;13509
807;19;13961
807;20;14274
807;21;14648
807;22;14693
807;23;15065
807;24;15151
807;25;15198
807;26;15257
807;27;15275
807;28;15291
807;29;15299
807;30;15316
807;31;15322
807;32;15328
807;33;15414
807;34;15426
807;35;15452
807;36;15460
807;37;15486
807;38;15498
807;39;15515
807;40;15552
807;41;15553
808;1;10009
808;2;10022
808;3;10052
808;4;10084
808;5;10541
808;6;10560
808;7;11002
808;8;11518
808;9;11531
808;10;11568
808;11;11605
808;12;11631
808;13;11656
808;14;12144
808;15;12387
808;16;12804
808;17;13269
808;18;13290
808;19;13317
808;20;13675
808;21;13973
808;22;14009
808;23;14029
808;24;14481
808;25;14484
808;26;14540
808;27;14580
808;28;14666
808;29;14699
808;30;14717
808;31;14767
808;32;14793
808;33;14825
808;34;14849
808;35;14874
808;36;14883
808;37;15279
808;38;15281
808;39;15332
808;40;15350
808;41;15395
808;42;15412
808;43;15440
808;44;15456
808;45;15480
808;46;15486
808;47;15531
808;48;15536
808;49;15537
808;50;15554
808;51;15567
808;52;15585
809;1;10938
809;2;11298
809;3;11763
809;4;11855
809;5;12177
809;6;12183
809;7;12218
809;8;12227
809;9;12762
809;10;12780
809;11;12875
809;12;12894
809;13;12968
809;14;13315
809;15;13740
809;16;13763
809;17;14201
809;18;14205
809;19;14210
809;20;14685
809;21;14786
809;22;14814
809;23;14827
809;24;14831
809;25;14847
809;26;14918
809;27;14930
809;28;14940
809;29;14951
809;30;14988
809;31;15010
809;32;15012
809;33;15031
809;34;15032
809;35;15049
809;36;15075
809;37;15085
809;38;15431
809;39;15442
809;40;15444
809;41;15477
809;42;15514
809;43;15527
809;44;15532
809;45;15553
809;46;15562
810;1;10369
810;2;10795
810;3;10809
810;4;10841
810;5;10933
810;6;10960
810;7;10979
810;8;11417
810;9;11459
810;10;11910
810;11;12402
810;12;12419
810;13;12493
810;14;12511
810;15;12538
810;16;12591
810;17;12944
810;18;13426
810;19;13783
810;20;13825
810;21;13902
810;22;13939
810;23;13944
810;24;13963
810;25;13981
810;26;14310
810;27;14352
810;28;14594
810;29;14642
810;30;14673
810;31;15041
810;32;15062
810;33;15073
810;34;15136
810;35;15142
810;36;15159
810;37;15198
810;38;15249
810;39;15253
810;40;15294
810;41;15338
810;42;15364
810;43;15383
810;44;15430
810;45;15443
810;46;15464
810;47;15483
810;48;15499
810;49;15520
810;50;15561
811;1;11939
811;2;12466
811;3;12909
811;4;12953
811;5;12973
811;6;13065
811;7;13105
811;8;13122
811;9;13147
811;10;13178
811;11;13205
811;12;13279
811;13;13318
811;14;13541
811;15;14046
811;16;14068
811;17;14084
811;18;14129
811;19;14179
811;20;14274
811;21;14321
811;22;14375
811;23;14393
811;24;14811
811;25;15172
811;26;15209
811;27;15304
811;28;15335
811;29;15365
811;30;15439
811;31;15455
811;32;15476
811;33;15488
811;34;15494
811;35;15539
811;36;15553
811;37;15555
811;38;15572
811;39;15585
812;1;10340
812;2;10685
812;3;11190
812;4;11365
812;5;11761
812;6;11853
812;7;12341
812;8;12784
812;9;12803
812;10;12820
812;11;13186
812;12;13213
812;13;13232
812;14;13649
812;15;13691
812;16;14017
812;17;14022
812;18;14051
812;19;14093
812;20;14142
812;21;14445
812;22;14843
812;23;14905
812;24;14956
812;25;15021
812;26;15022
812;27;15085
812;28;15146
812;29;15176
812;30;15198
812;31;15216
812;32;15258
812;33;15300
812;34;15317
812;35;15362
812;36;15394
812;37;15413
812;38;15418
812;39;15450
812;40;15471
812;41;15480
812;42;15506
812;43;15509
812;44;15530
812;45;15549
812;46;15562
812;47;15567
812;48;15585
813;1;11077
813;2;11423
813;3;11575
813;4;12060
813;5;12644
813;6;12669
813;7;13011
813;8;13053
813;9;13118
813;10;13440
813;11;13785
813;12;13837
813;13;14177
813;14;14253
813;15;14291
813;16;14335
813;17;14341
813;18;14367
813;19;14386
813;20;14691
813;21;14714
813;22;14951
813;23;14975
813;24;14983
813;25;15014
813;26;15025
813;27;15088
813;28;15096
813;29;15147
813;30;15194
813;31;15212
813;32;15217
813;33;15236
813;34;15253
813;35;15258
813;36;15287
813;37;15305
813;38;15332
813;39;15345
813;40;15351
813;41;15397
813;42;15430
813;43;15462
813;44;15475
813;45;15491
813;46;15513
813;47;15530
813;48;15546
813;49;15567
813;50;15585
814;1;10603
814;2;10940
814;3;10987
814;4;11408
814;5;11421
814;6;11747
814;7;11773
814;8;12244
814;9;12606
814;10;12669
814;11;12683
814;12;13064
814;13;13090
814;14;13109
814;15;13130
814;16;13458
814;17;13888
814;18;13998
814;19;14477
814;20;14551
814;21;14637
814;22;14679
814;23;14731
814;24;15236
814;25;15241
814;26;15292
814;27;15308
814;28;15309
814;29;15311
814;30;15316
814;31;15347
814;32;15397
814;33;15402
814;34;15449
814;35;15478
814;36;15508
814;37;15517
814;38;15536
814;39;15553
814;40;15566
814;41;15585
815;1;11896
815;2;11927
815;3;12001
815;4;12347
815;5;12368
815;6;12729
815;7;12753
815;8;13091
815;9;13142
815;10;13187
815;11;13206
815;12;13257
815;13;13309
815;14;13622
815;15;13641
815;16;13907
815;17;13921
815;18;14108
815;19;14505
815;20;14600
815;21;15019
815;22;15044
815;23;15077
815;24;15079
815;25;15118
815;26;15158
815;27;15164
815;28;15181
815;29;15242
815;30;15343
815;31;15374
815;32;15400
815;33;15405
815;34;15409
815;35;15418
815;36;15437
815;37;15442
815;38;15460
815;39;15479
815;40;15488
815;41;15493
815;42;15511
815;43;15527
815;44;15544
815;45;15585
816;1;10307
816;2;10660
816;3;11040
816;4;11058
816;5;11475
816;6;11918
816;7;12353
816;8;12880
816;9;13322
816;10;13354
816;11;13811
816;12;13856
816;13;14327
816;14;14333
816;15;14384
816;16;14429
816;17;14490
816;18;14552
816;19;14978
816;20;14989
816;21;15034
816;22;15055
816;23;15096
816;24;15099
816;25;15162
816;26;15193
816;27;15209
816;28;15235
816;29;15277
816;30;15310
816;31;15357
816;32;15410
816;33;15425
816;34;15433
816;35;15445
816;36;15463
816;37;15472
816;38;15489
816;39;15511
816;40;15530
816;41;15540
816;42;15566
816;43;15585
817;1;9378
817;2;9386
817;3;9861
817;4;9903
817;5;9921
817;6;10411
817;7;10854
817;8;11277
817;9;11765
817;10;11800
817;11;11839
817;12;12161
817;13;12187
817;14;12206
817;15;12618
817;16;12639
817;17;12651
817;18;12937
817;19;12966
817;20;13479
817;21;13591
817;22;13988
817;23;14031
817;24;14049
817;25;14076
817;26;14263
817;27;14731
817;28;14798
817;29;15214
817;30;15232
817;31;15258
817;32;15271
817;33;15276
817;34;15293
817;35;15332
817;36;15359
817;37;15366
817;38;15392
817;39;15395
817;40;15416
817;41;15451
817;42;15467
817;43;15486
817;44;15505
817;45;15545
817;46;15564
817;47;15585
818;1;11178
818;2;11630
818;3;11992
818;4;12034
818;5;12379
818;6;12831
818;7;13256
818;8;13293
818;9;13316
818;10;13714
818;11;13826
818;12;13834
818;13;14277
818;14;14324
818;15;14653
818;16;14671
818;17;15047
818;18;15083
818;19;15139
818;20;15207
818;21;15211
818;22;15230
818;23;15239
818;24;15302
818;25;15329
818;26;15349
818;27;15391
818;28;15440
818;29;15454
818;30;15478
818;31;15499
818;32;15509
818;33;15525
818;34;15538
818;35;15543
818;36;15561
819;1;10476
819;2;10917
819;3;10968
819;4;11473
819;5;11568
819;6;11858
819;7;11903
819;8;12352
819;9;12705
819;10;12734
819;11;12801
819;12;13217
819;13;13255
819;14;13703
819;15;13728
819;16;13745
819;17;13833
819;18;13859
819;19;13907
819;20;13952
819;21;14229
819;22;14250
819;23;14512
819;24;14742
819;25;14770
819;26;14865
819;27;14881
819;28;14944
819;29;14965
819;30;15027
819;31;15056
819;32;15065
819;33;15127
819;34;15186
819;35;15226
819;36;15247
819;37;15289
819;38;15290
819;39;15329
819;40;15353
819;41;15379
819;42;15454
819;43;15463
819;44;15480
819;45;15485
819;46;15486
819;47;15504
819;48;15513
819;49;15530
819;50;15548
819;51;15568
819;52;15585
820;1;12332
820;2;12351
820;3;12357
820;4;12826
820;5;12900
820;6;12978
820;7;13434
820;8;13876
820;9;13968
820;10;14042
820;11;14071
820;12;14090
820;13;14479
820;14;14492
820;15;14578
820;16;14628
820;17;14671
820;18;14773
820;19;14799
820;20;14826
820;21;14873
820;22;14894
820;23;14920
820;24;14961
820;25;14982
820;26;14999
820;27;15030
820;28;15286
820;29;15303
820;30;15377
820;31;15378
820;32;15441
820;33;15463
820;34;15479
820;35;15484
820;36;15493
820;37;15511
820;38;15530
820;39;15549
820;40;15562
821;1;12458
821;2;12484
821;3;12487
821;4;12832
821;5;13267
821;6;13612
821;7;13657
821;8;13699
821;9;14116
821;10;14141
821;11;14157
821;12;14225
821;13;14391
821;14;14608
821;15;14664
821;16;14711
821;17;14716
821;18;14749
821;19;14769
821;20;15117
821;21;15203
821;22;15220
821;23;15295
821;24;15321
821;25;15328
821;26;15347
821;27;15353
821;28;15379
821;29;15410
821;30;15447
821;31;15449
821;32;15465
821;33;15478
821;34;15504
821;35;15523
821;36;15537
821;37;15553
821;38;15572
821;39;15585
822;1;11399
822;2;11449
822;3;11687
822;4;12086
822;5;12538
822;6;12955
822;7;12985
822;8;13470
822;9;13512
822;10;13538
822;11;13585
822;12;13920
822;13;14283
822;14;14309
822;15;14341
822;16;14369
822;17;14411
822;18;14598
822;19;14645
822;20;14647
822;21;14686
822;22;14695
822;23;14711
822;24;14763
822;25;15134
822;26;15148
822;27;15175
822;28;15188
822;29;15196
822;30;15233
822;31;15238
822;32;15262
822;33;15294
822;34;15309
822;35;15338
822;36;15362
822;37;15371
822;38;15398
822;39;15410
822;40;15443
822;41;15462
822;42;15475
822;43;15482
822;44;15514
822;45;15540
822;46;15549
822;47;15568
822;48;15585
823;1;10677
823;2;11030
823;3;11531
823;4;11999
823;5;12091
823;6;12150
823;7;12183
823;8;12626
823;9;12883
823;10;12984
823;11;13393
823;12;13898
823;13;13911
823;14;13958
823;15;13977
823;16;14164
823;17;14190
823;18;14569
823;19;14595
823;20;14915
823;21;14936
823;22;14943
823;23;14956
823;24;15030
823;25;15092
823;26;15142
823;27;15146
823;28;15165
823;29;15172
823;30;15217
823;31;15222
823;32;15248
823;33;15295
823;34;15328
823;35;15334
823;36;15346
823;37;15367
823;38;15384
823;39;15396
823;40;15441
823;41;15445
823;42;15460
823;43;15479
823;44;15504
823;45;15530
823;46;15549
823;47;15562
824;1;10058
824;2;10403
824;3;10711
824;4;10898
824;5;10950
824;6;10998
824;7;11523
824;8;11555
824;9;11586
824;10;11923
824;11;11956
824;12;12474
824;13;12772
824;14;12798
824;15;12817
824;16;13342
824;17;13435
824;18;13818
824;19;14061
824;20;14108
824;21;14159
824;22;14180
824;23;14582
824;24;14840
824;25;14879
824;26;14900
824;27;14947
824;28;14965
824;29;15012
824;30;15039
824;31;15094
824;32;15105
824;33;15167
824;34;15184
824;35;15217
824;36;15291
824;37;15296
824;38;15303
824;39;15312
824;40;15333
824;41;15348
824;42;15390
824;43;15395
824;44;15413
824;45;15431
824;46;15437
824;47;15451
824;48;15455
824;49;15472
824;50;15499
824;51;15514
824;52;15531
824;53;15544
825;1;9699
825;2;10172
825;3;10198
825;4;10223
825;5;10375
825;6;10395
825;7;10799
825;8;10808
825;9;11225
825;10;11256
825;11;11293
825;12;11690
825;13;12083
825;14;12144
825;15;12636
825;16;13060
825;17;13152
825;18;13247
825;19;13600
825;20;13632
825;21;13649
825;22;14011
825;23;14085
825;24;14118
825;25;14128
825;26;14156
825;27;14219
825;28;14254
825;29;14644
825;30;14864
825;31;14976
825;32;15023
825;33;15041
825;34;15054
825;35;15092
825;36;15099
825;37;15173
825;38;15200
825;39;15229
825;40;15246
825;41;15297
825;42;15315
825;43;15365
825;44;15379
825;45;15395
825;46;15424
825;47;15442
825;48;15475
825;49;15499
825;50;15501
825;51;15525
825;52;15562
826;1;10942
826;2;11460
826;3;11782
826;4;11810
826;5;11860
826;6;12240
826;7;12568
826;8;12993
826;9;13052
826;10;13472
826;11;13567
826;12;13593
826;13;13688
826;14;13751
826;15;14096
826;16;14532
826;17;14588
826;18;14605
826;19;14615
826;20;15018
826;21;15032
826;22;15062
826;23;15087
826;24;15092
826;25;15155
826;26;15169
826;27;15234
826;28;15284
826;29;15316
826;30;15318
826;31;15365
826;32;15371
826;33;15393
826;34;15403
826;35;15422
826;36;15446
826;37;15451
826;38;15467
826;39;15468
826;40;15478
826;41;15479
826;42;15495
826;43;15509
826;44;15528
826;45;15544
827;1;11191
827;2;11283
827;3;11308
827;4;11778
827;5;12243
827;6;12547
827;7;13010
827;8;13272
827;9;13287
827;10;13379
827;11;13665
827;12;13724
827;13;13751
827;14;13765
827;15;13826
827;16;13829
827;17;13855
827;18;14200
827;19;14498
827;20;14666
827;21;14685
827;22;14741
827;23;14795
827;24;14796
827;25;14808
827;26;14856
827;27;14870
827;28;14875
827;29;14917
827;30;14935
827;31;14940
827;32;14953
827;33;15370
827;34;15389
827;35;15410
827;36;15433
827;37;15475
827;38;15481
827;39;15507
827;40;15520
827;41;15544
827;42;15567
827;43;15572
827;44;15585
828;1;10034
828;2;10076
828;3;10100
828;4;10479
828;5;10512
828;6;11017
828;7;11057
828;8;11454
828;9;11939
828;10;12002
828;11;12475
828;12;12662
828;13;13137
828;14;13235
828;15;13282
828;16;13557
828;17;14000
828;18;14031
828;19;14047
828;20;14355
828;21;14772
828;22;14790
828;23;15181
828;24;15185
828;25;15260
828;26;15278
828;27;15370
828;28;15373
828;29;15400
828;30;15440
828;31;15451
828;32;15462
828;33;15467
828;34;15486
828;35;15528
828;36;15549
828;37;15562
829;1;11239
829;2;11426
829;3;11850
829;4;12035
829;5;12371
829;6;12402
829;7;12832
829;8;12884
829;9;12958
829;10;13375
829;11;13470
829;12;13529
829;13;13548
829;14;13840
829;15;13882
829;16;14214
829;17;14326
829;18;14347
829;19;14413
829;20;14439
829;21;14453
829;22;14545
829;23;14936
829;24;15003
829;25;15004
829;26;15023
829;27;15063
829;28;15094
829;29;15099
829;30;15104
829;31;15114
829;32;15115
829;33;15120
829;34;15140
829;35;15159
829;36;15178
829;37;15192
829;38;15223
829;39;15237
829;40;15250
829;41;15276
829;42;15282
829;43;15328
829;44;15329
829;45;15374
829;46;15398
829;47;15414
829;48;15428
829;49;15455
829;50;15460
829;51;15477
829;52;15495
829;53;15497
829;54;15498
829;55;15502
829;56;15504
829;57;15513
829;58;15522
829;59;15540
829;60;15572
829;61;15585
830;1;10427
830;2;10780
830;3;11270
830;4;11520
830;5;11883
830;6;11939
830;7;12346
830;8;12689
830;9;12694
830;10;12798
830;11;12816
830;12;13177
830;13;13687
830;14;13712
830;15;13728
830;16;13780
830;17;14128
830;18;14180
830;19;14239
830;20;14304
830;21;14649
830;22;14973
830;23;15002
830;24;15019
830;25;15090
830;26;15102
830;27;15107
830;28;15144
830;29;15147
830;30;15155
830;31;15172
830;32;15209
830;33;15260
830;34;15271
830;35;15284
830;36;15291
830;37;15310
830;38;15336
830;39;15357
830;40;15387
830;41;15439
830;42;15449
830;43;15456
830;44;15489
830;45;15508
830;46;15513
830;47;15531
830;48;15544
830;49;15585
831;1;10011
831;2;10521
831;3;10572
831;4;10591
831;5;10944
831;6;10973
831;7;10994
831;8;11146
831;9;11671
831;10;11757
831;11;11799
831;12;12242
831;13;12284
831;14;12351
831;15;12895
831;16;13335
831;17;13805
831;18;14230
831;19;14524
831;20;14541
831;21;14574
831;22;14579
831;23;14832
831;24;14861
831;25;14894
831;26;14904
831;27;14927
831;28;14944
831;29;15272
831;30;15287
831;31;15350
831;32;15397
831;33;15410
831;34;15436
831;35;15462
831;36;15480
831;37;15507
831;38;15522
831;39;15540
831;40;15553
832;1;10814
832;2;10833
832;3;11308
832;4;11746
832;5;11780
832;6;11815
832;7;12198
832;8;12214
832;9;12265
832;10;12720
832;11;13172
832;12;13265
832;13;13282
832;14;13333
832;15;13713
832;16;14048
832;17;14064
832;18;14077
832;19;14124
832;20;14216
832;21;14285
832;22;14551
832;23;14577
832;24;14628
832;25;14652
832;26;14690
832;27;14719
832;28;14727
832;29;14731
832;30;14798
832;31;14799
832;32;14841
832;33;14848
832;34;14881
832;35;14906
832;36;14916
832;37;14934
832;38;15189
832;39;15214
832;40;15219
832;41;15238
832;42;15241
832;43;15267
832;44;15268
832;45;15294
832;46;15333
832;47;15363
832;48;15388
832;49;15392
832;50;15406
832;51;15410
832;52;15415
832;53;15458
832;54;15478
832;55;15491
832;56;15512
833;1;11264
833;2;11514
833;3;11859
833;4;12302
833;5;12377
833;6;12404
833;7;12449
833;8;12848
833;9;12873
833;10;12891
833;11;13359
833;12;13712
833;13;13754
833;14;14155
833;15;14188
833;16;14280
833;17;14293
833;18;14319
833;19;14742
833;20;15264
833;21;15291
833;22;15304
833;23;15330
833;24;15363
833;25;15400
833;26;15409
833;27;15456
833;28;15483
833;29;15488
833;30;15512
833;31;15521
833;32;15562
834;1;9515
834;2;9727
834;3;9819
834;4;9914
834;5;9915
834;6;10319
834;7;10736
834;8;11201
834;9;11671
834;10;11693
834;11;11710
834;12;12149
834;13;12596
834;14;12670
834;15;12694
834;16;13073
834;17;13435
834;18;13482
834;19;13541
834;20;13930
834;21;14312
834;22;14338
834;23;14382
834;24;14408
834;25;14824
834;26;14863
834;27;14880
834;28;14898
834;29;15193
834;30;15226
834;31;15231
834;32;15250
834;33;15325
834;34;15327
834;35;15330
834;36;15389
834;37;15434
834;38;15471
834;39;15475
834;40;15494
834;41;15497
834;42;15508
834;43;15539
834;44;15553
834;45;15572
834;46;15585
835;1;12610
835;2;12639
835;3;12644
835;4;12707
835;5;13109
835;6;13159
835;7;13187
835;8;13566
835;9;13586
835;10;13604
835;11;13660
835;12;13665
835;13;13684
835;14;14032
835;15;14524
835;16;14543
835;17;14594
835;18;14599
835;19;14625
835;20;14991
835;21;15056
835;22;15074
835;23;15079
835;24;15082
835;25;15124
835;26;15199
835;27;15211
835;28;15230
835;29;15304
835;30;15317
835;31;15346
835;32;15355
835;33;15414
835;34;15455
835;35;15473
835;36;15478
835;37;15497
835;38;15511
835;39;15512
835;40;15517
835;41;15535
835;42;15572
835;43;15585
836;1;11963
836;2;12373
836;3;12485
836;4;12487
836;5;12582
836;6;12874
836;7;12975
836;8;13298
836;9;13316
836;10;13721
836;11;13788
836;12;13862
836;13;14264
836;14;14458
836;15;14533
836;16;14543
836;17;14602
836;18;14677
836;19;14709
836;20;14735
836;21;14761
836;22;14773
836;23;14778
836;24;14782
836;25;15104
836;26;15121
836;27;15190
836;28;15192
836;29;15234
836;30;15253
836;31;15256
836;32;15266
836;33;15292
836;34;15308
836;35;15324
836;36;15383
836;37;15390
836;38;15416
836;39;15418
836;40;15456
836;41;15464
836;42;15491
836;43;15512
836;44;15517
836;45;15567
836;46;15585
837;1;9761
837;2;10141
837;3;10561
837;4;11029
837;5;11391
837;6;11876
837;7;12403
837;8;12422
837;9;12512
837;10;13037
837;11;13063
837;12;13134
837;13;13185
837;14;13211
837;15;13242
837;16;13246
837;17;13262
837;18;13354
837;19;13363
837;20;13904
837;21;14220
837;22;14257
837;23;14659
837;24;14719
837;25;14720
837;26;14795
837;27;14854
837;28;14880
837;29;15334
837;30;15420
837;31;15429
837;32;15445
837;33;15504
837;34;15511
837;35;15530
837;36;15548
837;37;15566
837;38;15585
838;1;10329
838;2;10391
838;3;10483
838;4;10900
838;5;11245
838;6;11263
838;7;11593
838;8;11656
838;9;12089
838;10;12442
838;11;12964
838;12;13420
838;13;13462
838;14;13478
838;15;13529
838;16;13624
838;17;13829
838;18;13881
838;19;13900
838;20;14368
838;21;14371
838;22;14770
838;23;14775
838;24;14797
838;25;15099
838;26;15125
838;27;15166
838;28;15171
838;29;15199
838;30;15234
838;31;15254
838;32;15271
838;33;15292
838;34;15348
838;35;15359
838;36;15385
838;37;15398
838;38;15422
838;39;15430
838;40;15451
838;41;15470
838;42;15502
838;43;15526
838;44;15547
838;45;15566
838;46;15585
839;1;10419
839;2;10459
839;3;10510
839;4;10890
839;5;10907
839;6;11333
839;7;11360
839;8;11828
839;9;12106
839;10;12132
839;11;12659
839;12;12661
839;13;12732
839;14;12789
839;15;12829
839;16;13098
839;17;13477
839;18;13536
839;19;13562
839;20;13648
839;21;13653
839;22;13709
839;23;13737
839;24;13832
839;25;13885
839;26;14175
839;27;14188
839;28;14235
839;29;14584
839;30;14603
839;31;14624
839;32;14683
839;33;14730
839;34;14804
839;35;14808
839;36;14811
839;37;14812
839;38;14849
839;39;14879
839;40;15188
839;41;15191
839;42;15208
839;43;15247
839;44;15294
839;45;15322
839;46;15350
839;47;15369
839;48;15383
839;49;15409
839;50;15430
839;51;15431
839;52;15452
839;53;15454
839;54;15471
839;55;15497
839;56;15516
839;57;15527
839;58;15535
839;59;15553
839;60;15572
839;61;15585
840;1;11045
840;2;11572
840;3;12060
840;4;12073
840;5;12100
840;6;12360
840;7;12416
840;8;12826
840;9;13171
840;10;13187
840;11;13226
840;12;13250
840;13;13307
840;14;13799
840;15;14129
840;16;14528
840;17;14535
840;18;14549
840;19;14591
840;20;14634
840;21;14651
840;22;14701
840;23;14776
840;24;15145
840;25;15187
840;26;15201
840;27;15249
840;28;15302
840;29;15305
840;30;15345
840;31;15380
840;32;15413
840;33;15439
840;34;15465
840;35;15496
840;36;15497
840;37;15504
840;38;15523
840;39;15553
840;40;15562
841;1;11253
841;2;11638
841;3;12042
841;4;12393
841;5;12667
841;6;12742
841;7;13015
841;8;13107
841;9;13122
841;10;13148
841;11;13174
841;12;13179
841;13;13618
841;14;13655
841;15;13973
841;16;14298
841;17;14328
841;18;14341
841;19;14528
841;20;14587
841;21;14913
841;22;14988
841;23;15050
841;24;15057
841;25;15061
841;26;15074
841;27;15082
841;28;15115
841;29;15165
841;30;15184
841;31;15186
841;32;15207
841;33;15226
841;34;15255
841;35;15264
841;36;15281
841;37;15355
841;38;15414
841;39;15459
841;40;15472
841;41;15492
841;42;15495
841;43;15526
841;44;15530
841;45;15540
841;46;15561
842;1;10474
842;2;10989
842;3;11081
842;4;11606
842;5;11630
842;6;12009
842;7;12408
842;8;12849
842;9;12880
842;10;13248
842;11;13792
842;12;13893
842;13;14286
842;14;14664
842;15;14685
842;16;14727
842;17;14745
842;18;14987
842;19;15036
842;20;15076
842;21;15102
842;22;15123
842;23;15129
842;24;15180
842;25;15186
842;26;15260
842;27;15286
842;28;15288
842;29;15313
842;30;15345
842;31;15390
842;32;15407
842;33;15432
842;34;15442
842;35;15473
842;36;15474
842;37;15490
842;38;15493
842;39;15500
842;40;15530
842;41;15548
842;42;15561
843;1;11014
843;2;11106
843;3;11574
843;4;12044
843;5;12404
843;6;12784
843;7;13163
843;8;13181
843;9;13536
843;10;13588
843;11;13663
843;12;14207
843;13;14257
843;14;14282
843;15;14698
843;16;15013
843;17;15015
843;18;15040
843;19;15070
843;20;15096
843;21;15124
843;22;15127
843;23;15143
843;24;15162
843;25;15179
843;26;15241
843;27;15255
843;28;15302
843;29;15316
843;30;15372
843;31;15399
843;32;15410
843;33;15447
843;34;15461
843;35;15487
843;36;15506
843;37;15511
843;38;15530
843;39;15543
843;40;15544
843;41;15561
844;1;9861
844;2;9878
844;3;9899
844;4;10159
844;5;10558
844;6;10571
844;7;10988
844;8;11333
844;9;11686
844;10;12100
844;11;12543
844;12;12617
844;13;12633
844;14;12656
844;15;12681
844;16;12737
844;17;12751
844;18;12817
844;19;12859
844;20;12876
844;21;12885
844;22;12911
844;23;12913
844;24;12918
844;25;12945
844;26;13408
844;27;13920
844;28;14258
844;29;14294
844;30;14331
844;31;14348
844;32;14361
844;33;14405
844;34;14410
844;35;14411
844;36;14425
844;37;14476
844;38;14537
844;39;14548
844;40;14593
844;41;14614
844;42;15004
844;43;15018
844;44;15039
844;45;15258
844;46;15327
844;47;15359
844;48;15377
844;49;15396
844;50;15410
844;51;15455
844;52;15465
844;53;15481
844;54;15493
844;55;15512
844;56;15531
844;57;15544
844;58;15552
844;59;15566
844;60;15585
845;1;10428
845;2;10465
845;3;10926
845;4;11411
845;5;11448
845;6;11871
845;7;12288
845;8;12318
845;9;12697
845;10;13241
845;11;13280
845;12;13366
845;13;13383
845;14;13412
845;15;13439
845;16;13531
845;17;14023
845;18;14296
845;19;14620
845;20;15105
845;21;15107
845;22;15219
845;23;15301
845;24;15329
845;25;15336
845;26;15372
845;27;15407
845;28;15434
845;29;15439
845;30;15441
845;31;15460
845;32;15465
845;33;15472
845;34;15491
845;35;15496
845;36;15517
845;37;15535
845;38;15572
845;39;15585
846;1;10052
846;2;10273
846;3;10299
846;4;10767
846;5;10809
846;6;10848
846;7;11300
846;8;11720
846;9;11753
846;10;11793
846;11;11810
846;12;12253
846;13;12676
846;14;12828
846;15;13171
846;16;13570
846;17;13593
846;18;13626
846;19;13632
846;20;13650
846;21;13724
846;22;13773
846;23;13775
846;24;13870
846;25;14290
846;26;14349
846;27;14369
846;28;14464
846;29;14480
846;30;14499
846;31;14512
846;32;14533
846;33;14559
846;34;14564
846;35;14572
846;36;14604
846;37;14895
846;38;14946
846;39;14967
846;40;14980
846;41;15238
846;42;15255
846;43;15275
846;44;15317
846;45;15383
846;46;15409
846;47;15451
846;48;15469
846;49;15474
846;50;15492
846;51;15506
846;52;15536
846;53;15553
846;54;15566
846;55;15585
847;1;8200
847;2;8217
847;3;8647
847;4;9117
847;5;9701
847;6;10153
847;7;10227
847;8;10717
847;9;10742
847;10;10763
847;11;10800
847;12;10886
847;13;10947
847;14;11052
847;15;11474
847;16;11812
847;17;11833
847;18;12254
847;19;12273
847;20;12374
847;21;12774
847;22;13153
847;23;13408
847;24;13743
847;25;13785
847;26;13844
847;27;13857
847;28;13871
847;29;13886
847;30;13948
847;31;14323
847;32;14397
847;33;14448
847;34;14453
847;35;14471
847;36;14497
847;37;14534
847;38;14893
847;39;14935
847;40;14936
847;41;14948
847;42;15043
847;43;15052
847;44;15071
847;45;15088
847;46;15102
847;47;15118
847;48;15144
847;49;15189
847;50;15441
847;51;15444
847;52;15468
847;53;15494
847;54;15529
847;55;15533
847;56;15552
847;57;15566
847;58;15585
848;1;12070
848;2;12096
848;3;12463
848;4;12806
848;5;12901
848;6;13305
848;7;13746
848;8;14234
848;9;14489
848;10;14842
848;11;14893
848;12;14933
848;13;15019
848;14;15040
848;15;15066
848;16;15072
848;17;15146
848;18;15192
848;19;15196
848;20;15227
848;21;15237
848;22;15245
848;23;15304
848;24;15307
848;25;15336
848;26;15337
848;27;15339
848;28;15353
848;29;15400
848;30;15415
848;31;15445
848;32;15508
848;33;15528
848;34;15549
848;35;15562
849;1;8575
849;2;9016
849;3;9396
849;4;9488
849;5;9953
849;6;10231
849;7;10675
849;8;10989
849;9;11380
849;10;11855
849;11;11906
849;12;12282
849;13;12692
849;14;12708
849;15;13062
849;16;13554
849;17;14044
849;18;14121
849;19;14142
849;20;14201
849;21;14505
849;22;14531
849;23;14573
849;24;14829
849;25;14871
849;26;14990
849;27;15041
849;28;15115
849;29;15131
849;30;15197
849;31;15222
849;32;15229
849;33;15280
849;34;15325
849;35;15354
849;36;15365
849;37;15373
849;38;15387
849;39;15424
849;40;15451
849;41;15470
849;42;15484
849;43;15486
849;44;15500
849;45;15527
849;46;15540
849;47;15553
850;1;12316
850;2;12322
850;3;12795
850;4;12842
850;5;12871
850;6;12890
850;7;12908
850;8;12919
850;9;12923
850;10;12925
850;11;13304
850;12;13625
850;13;13632
850;14;14046
850;15;14077
850;16;14527
850;17;14530
850;18;14574
850;19;14599
850;20;14655
850;21;14750
850;22;14795
850;23;14856
850;24;14874
850;25;14879
850;26;14891
850;27;14938
850;28;15073
850;29;15090
850;30;15156
850;31;15181
850;32;15230
850;33;15292
850;34;15334
850;35;15381
850;36;15389
850;37;15420
850;38;15467
850;39;15485
850;40;15501
850;41;15520
850;42;15561
851;1;10374
851;2;10887
851;3;10924
851;4;10950
851;5;11460
851;6;11883
851;7;11978
851;8;12029
851;9;12033
851;10;12501
851;11;12653
851;12;12712
851;13;12721
851;14;13024
851;15;13406
851;16;13438
851;17;13772
851;18;14224
851;19;14250
851;20;14280
851;21;14529
851;22;14558
851;23;14590
851;24;14612
851;25;14676
851;26;14702
851;27;14753
851;28;14761
851;29;14781
851;30;15162
851;31;15204
851;32;15237
851;33;15263
851;34;15303
851;35;15308
851;36;15334
851;37;15346
851;38;15355
851;39;15376
851;40;15394
851;41;15411
851;42;15417
851;43;15420
851;44;15441
851;45;15446
851;46;15464
851;47;15466
851;48;15523
851;49;15536
851;50;15567
851;51;15585
852;1;10616
852;2;11200
852;3;11536
852;4;11555
852;5;11993
852;6;12067
852;7;12533
852;8;12550
852;9;12610
852;10;12621
852;11;13000
852;12;13011
852;13;13085
852;14;13444
852;15;13781
852;16;13814
852;17;13826
852;18;13853
852;19;14258
852;20;14314
852;21;14400
852;22;14421
852;23;14473
852;24;14499
852;25;14541
852;26;14594
852;27;14598
852;28;14611
852;29;14642
852;30;14652
852;31;14679
852;32;14689
852;33;14703
852;34;14715
852;35;14741
852;36;14773
852;37;15190
852;38;15431
852;39;15457
852;40;15476
852;41;15492
852;42;15543
852;43;15550
852;44;15567
852;45;15585
853;1;10543
853;2;10638
853;3;10675
853;4;10694
853;5;11204
853;6;11299
853;7;11319
853;8;11612
853;9;12092
853;10;12371
853;11;12430
853;12;12775
853;13;13221
853;14;13287
853;15;13348
853;16;13383
853;17;13414
853;18;13870
853;19;13878
853;20;14290
853;21;14612
853;22;14663
853;23;14705
853;24;14765
853;25;14839
853;26;15192
853;27;15251
853;28;15259
853;29;15264
853;30;15282
853;31;15303
853;32;15333
853;33;15334
853;34;15347
853;35;15354
853;36;15379
853;37;15383
853;38;15385
853;39;15397
853;40;15414
853;41;15423
853;42;15440
853;43;15477
853;44;15488
853;45;15509
853;46;15523
853;47;15542
853;48;15561
853;49;15564
853;50;15585
854;1;11971
854;2;12324
854;3;12777
854;4;12794
854;5;13304
854;6;13322
854;7;13373
854;8;13391
854;9;13451
854;10;13522
854;11;13549
854;12;13833
854;13;13928
854;14;13941
854;15;14272
854;16;14581
854;17;14919
854;18;14986
854;19;15081
854;20;15108
854;21;15160
854;22;15177
854;23;15252
854;24;15257
854;25;15267
854;26;15286
854;27;15293
854;28;15310
854;29;15354
854;30;15370
854;31;15379
854;32;15411
854;33;15437
854;34;15442
854;35;15492
854;36;15511
854;37;15529
854;38;15543
854;39;15562
855;1;9697
855;2;10140
855;3;10549
855;4;10594
855;5;10639
855;6;11018
855;7;11065
855;8;11460
855;9;11948
855;10;12006
855;11;12193
855;12;12489
855;13;12581
855;14;12591
855;15;12985
855;16;13477
855;17;13838
855;18;13857
855;19;13905
855;20;14371
855;21;14788
855;22;14844
855;23;14894
855;24;15299
855;25;15320
855;26;15361
855;27;15366
855;28;15374
855;29;15384
855;30;15421
855;31;15443
855;32;15448
855;33;15480
855;34;15498
855;35;15499
855;36;15515
855;37;15532
855;38;15548
855;39;15561
856;1;11134
856;2;11429
856;3;11500
856;4;11531
856;5;11999
856;6;12050
856;7;12310
856;8;12749
856;9;12774
856;10;13138
856;11;13491
856;12;13517
856;13;13778
856;14;13794
856;15;13850
856;16;13925
856;17;13962
856;18;14055
856;19;14450
856;20;14470
856;21;14478
856;22;14528
856;23;14554
856;24;14635
856;25;15033
856;26;15063
856;27;15075
856;28;15089
856;29;15108
856;30;15155
856;31;15159
856;32;15160
856;33;15170
856;34;15182
856;35;15229
856;36;15280
856;37;15311
856;38;15336
856;39;15353
856;40;15400
856;41;15411
856;42;15427
856;43;15453
856;44;15460
856;45;15478
856;46;15483
856;47;15502
856;48;15525
856;49;15544
856;50;15585
857;1;12173
857;2;12265
857;3;12285
857;4;12539
857;5;12948
857;6;12974
857;7;12999
857;8;13041
857;9;13557
857;10;13623
857;11;13957
857;12;13994
857;13;14011
857;14;14048
857;15;14054
857;16;14059
857;17;14120
857;18;14172
857;19;14215
857;20;14558
857;21;14623
857;22;14665
857;23;14739
857;24;14782
857;25;14785
857;26;15049
857;27;15068
857;28;15072
857;29;15073
857;30;15086
857;31;15117
857;32;15134
857;33;15246
857;34;15270
857;35;15296
857;36;15313
857;37;15318
857;38;15324
857;39;15332
857;40;15351
857;41;15359
857;42;15385
857;43;15414
857;44;15424
857;45;15448
857;46;15460
857;47;15479
857;48;15494
857;49;15511
857;50;15535
857;51;15536
857;52;15567
857;53;15585
858;1;11423
858;2;11866
858;3;12204
858;4;12225
858;5;12641
858;6;12648
858;7;12989
858;8;13010
858;9;13015
858;10;13377
858;11;13388
858;12;13409
858;13;13474
858;14;13912
858;15;13938
858;16;14033
858;17;14063
858;18;14446
858;19;14483
858;20;14535
858;21;14894
858;22;14957
858;23;15052
858;24;15065
858;25;15092
858;26;15109
858;27;15117
858;28;15130
858;29;15174
858;30;15190
858;31;15198
858;32;15260
858;33;15277
858;34;15284
858;35;15293
858;36;15298
858;37;15340
858;38;15346
858;39;15367
858;40;15378
858;41;15387
858;42;15406
858;43;15432
858;44;15440
858;45;15454
858;46;15459
858;47;15475
858;48;15480
858;49;15498
858;50;15511
858;51;15527
858;52;15544
858;53;15585
859;1;13073
859;2;13357
859;3;13362
859;4;13376
859;5;13450
859;6;13950
859;7;14042
859;8;14094
859;9;14141
859;10;14582
859;11;14626
859;12;14658
859;13;14676
859;14;14688
859;15;14709
859;16;14726
859;17;14775
859;18;14780
859;19;14810
859;20;14881
859;21;14894
859;22;14903
859;23;14919
859;24;14933
859;25;14975
859;26;14978
859;27;14996
859;28;14999
859;29;15255
859;30;15316
859;31;15360
859;32;15379
859;33;15396
859;34;15402
859;35;15423
859;36;15440
859;37;15450
859;38;15459
859;39;15463
859;40;15481
859;41;15494
859;42;15513
859;43;15534
859;44;15553
859;45;15585
860;1;10559
860;2;10818
860;3;10844
860;4;10996
860;5;11448
860;6;11845
860;7;12305
860;8;12311
860;9;12718
860;10;13022
860;11;13495
860;12;13556
860;13;13622
860;14;13627
860;15;13980
860;16;14055
860;17;14123
860;18;14140
860;19;14430
860;20;14472
860;21;14500
860;22;14519
860;23;14536
860;24;14587
860;25;14613
860;26;14634
860;27;14944
860;28;14986
860;29;15010
860;30;15054
860;31;15068
860;32;15072
860;33;15090
860;34;15141
860;35;15175
860;36;15185
860;37;15211
860;38;15221
860;39;15271
860;40;15278
860;41;15299
860;42;15341
860;43;15344
860;44;15371
860;45;15403
860;46;15427
860;47;15446
860;48;15511
860;49;15523
860;50;15544
860;51;15585
861;1;10043
861;2;10464
861;3;10482
861;4;10844
861;5;11300
861;6;11714
861;7;11730
861;8;11779
861;9;12158
861;10;12233
861;11;12250
861;12;12276
861;13;12691
861;14;12758
861;15;12784
861;16;12789
861;17;13139
861;18;13183
861;19;13564
861;20;13606
861;21;13701
861;22;13770
861;23;14108
861;24;14551
861;25;14591
861;26;14599
861;27;14694
861;28;15111
861;29;15132
861;30;15191
861;31;15195
861;32;15214
861;33;15226
861;34;15267
861;35;15292
861;36;15304
861;37;15317
861;38;15340
861;39;15415
861;40;15455
861;41;15492
861;42;15511
861;43;15538
861;44;15561
861;45;15566
861;46;15585
862;1;11439
862;2;11938
862;3;11963
862;4;12171
862;5;12192
862;6;12225
862;7;12252
862;8;12677
862;9;13157
862;10;13375
862;11;13867
862;12;13893
862;13;13912
862;14;13938
862;15;13943
862;16;14035
862;17;14121
862;18;14163
862;19;14631
862;20;14666
862;21;14959
862;22;15026
862;23;15121
862;24;15130
862;25;15172
862;26;15184
862;27;15186
862;28;15245
862;29;15265
862;30;15272
862;31;15299
862;32;15304
862;33;15330
862;34;15389
862;35;15403
862;36;15434
862;37;15453
862;38;15472
862;39;15509
862;40;15522
862;41;15530
862;42;15548
862;43;15566
862;44;15567
862;45;15585
863;1;11592
863;2;11878
863;3;11929
863;4;12355
863;5;12860
863;6;12919
863;7;12985
863;8;13338
863;9;13391
863;10;13807
863;11;14139
863;12;14234
863;13;14297
863;14;14461
863;15;14512
863;16;14627
863;17;14702
863;18;14717
863;19;14743
863;20;14752
863;21;14827
863;22;14852
863;23;15124
863;24;15144
863;25;15203
863;26;15243
863;27;15255
863;28;15285
863;29;15287
863;30;15292
863;31;15297
863;32;15309
863;33;15356
863;34;15388
863;35;15419
863;36;15452
863;37;15469
863;38;15474
863;39;15495
863;40;15514
863;41;15530
863;42;15543
863;43;15561
864;1;13290
864;2;13329
864;3;13347
864;4;13850
864;5;13869
864;6;13944
864;7;14358
864;8;14382
864;9;14399
864;10;14409
864;11;14716
864;12;14753
864;13;14766
864;14;14869
864;15;15125
864;16;15137
864;17;15212
864;18;15230
864;19;15260
864;20;15346
864;21;15393
864;22;15402
864;23;15427
864;24;15434
864;25;15451
864;26;15467
864;27;15494
864;28;15531
864;29;15544
864;30;15585
865;1;11599
865;2;12056
865;3;12476
865;4;12568
865;5;12930
865;6;13354
865;7;13797
865;8;13844
865;9;13869
865;10;14150
865;11;14605
865;12;14620
865;13;14636
865;14;14661
865;15;14703
865;16;15171
865;17;15188
865;18;15239
865;19;15276
865;20;15296
865;21;15314
865;22;15340
865;23;15367
865;24;15384
865;25;15421
865;26;15447
865;27;15508
865;28;15514
865;29;15535
865;30;15536
865;31;15553
865;32;15572
865;33;15585
866;1;11126
866;2;11430
866;3;11480
866;4;11547
866;5;11640
866;6;12055
866;7;12076
866;8;12495
866;9;12831
866;10;12870
866;11;12944
866;12;13414
866;13;13431
866;14;13466
866;15;13883
866;16;13908
866;17;13927
866;18;13953
866;19;13982
866;20;14015
866;21;14230
866;22;14247
866;23;14267
866;24;14328
866;25;14726
866;26;14741
866;27;14743
866;28;14757
866;29;14777
866;30;14779
866;31;14789
866;32;14826
866;33;14871
866;34;14932
866;35;14960
866;36;14986
866;37;15021
866;38;15413
866;39;15444
866;40;15494
866;41;15526
866;42;15569
866;43;15585
867;1;9780
867;2;10161
867;3;10636
867;4;10678
867;5;10988
867;6;11299
867;7;11679
867;8;12093
867;9;12561
867;10;13005
867;11;13367
867;12;13384
867;13;13416
867;14;13686
867;15;13702
867;16;13797
867;17;13810
867;18;13896
867;19;13988
867;20;14050
867;21;14145
867;22;14448
867;23;14499
867;24;14503
867;25;15008
867;26;15011
867;27;15013
867;28;15045
867;29;15092
867;30;15101
867;31;15104
867;32;15129
867;33;15154
867;34;15177
867;35;15222
867;36;15264
867;37;15278
867;38;15329
867;39;15337
867;40;15398
867;41;15405
867;42;15422
867;43;15453
867;44;15470
867;45;15480
867;46;15496
867;47;15517
867;48;15530
867;49;15535
867;50;15545
867;51;15561
868;1;12439
868;2;12514
868;3;12532
868;4;12915
868;5;13027
868;6;13064
868;7;13350
868;8;13366
868;9;13804
868;10;13821
868;11;13886
868;12;14342
868;13;14377
868;14;14391
868;15;14437
868;16;14503
868;17;14852
868;18;14926
868;19;14928
868;20;14930
868;21;15160
868;22;15224
868;23;15246
868;24;15277
868;25;15321
868;26;15337
868;27;15342
868;28;15370
868;29;15396
868;30;15417
868;31;15436
868;32;15465
868;33;15489
868;34;15508
868;35;15527
868;36;15538
868;37;15543
868;38;15561
869;1;12035
869;2;12087
869;3;12512
869;4;12536
869;5;12971
869;6;13002
869;7;13076
869;8;13486
869;9;13942
869;10;13963
869;11;14026
869;12;14112
869;13;14116
869;14;14156
869;15;14165
869;16;14199
869;17;14212
869;18;14231
869;19;14563
869;20;14649
869;21;14700
869;22;14745
869;23;14808
869;24;14825
869;25;14874
869;26;14905
869;27;14910
869;28;14929
869;29;14950
869;30;15328
869;31;15370
869;32;15437
869;33;15463
869;34;15466
869;35;15487
869;36;15512
869;37;15538
869;38;15543
869;39;15561
870;1;10580
870;2;11021
870;3;11052
870;4;11256
870;5;11284
870;6;11743
870;7;12213
870;8;12218
870;9;12244
870;10;12762
870;11;13182
870;12;13274
870;13;13299
870;14;13411
870;15;13828
870;16;14094
870;17;14110
870;18;14205
870;19;14508
870;20;14535
870;21;14611
870;22;14639
870;23;14664
870;24;14685
870;25;14920
870;26;14957
870;27;15138
870;28;15186
870;29;15242
870;30;15269
870;31;15283
870;32;15313
870;33;15360
870;34;15362
870;35;15370
870;36;15375
870;37;15396
870;38;15419
870;39;15424
870;40;15445
870;41;15459
870;42;15485
870;43;15513
870;44;15530
870;45;15540
870;46;15553
870;47;15562
871;1;8005
871;2;8047
871;3;8464
871;4;8823
871;5;9298
871;6;9778
871;7;9834
871;8;10329
871;9;10588
871;10;10965
871;11;11231
871;12;11236
871;13;11295
871;14;11738
871;15;12206
871;16;12225
871;17;12264
871;18;12772
871;19;12846
871;20;12907
871;21;13279
871;22;13316
871;23;13669
871;24;13694
871;25;14137
871;26;14179
871;27;14254
871;28;14271
871;29;14340
871;30;14369
871;31;14372
871;32;14381
871;33;14399
871;34;14726
871;35;14787
871;36;14813
871;37;14850
871;38;14879
871;39;14907
871;40;14909
871;41;14960
871;42;14983
871;43;15016
871;44;15033
871;45;15058
871;46;15084
871;47;15115
871;48;15117
871;49;15152
871;50;15478
871;51;15505
871;52;15522
871;53;15549
871;54;15562
872;1;10888
872;2;11268
872;3;11470
872;4;11498
872;5;11851
872;6;12294
872;7;12446
872;8;12799
872;9;12825
872;10;12884
872;11;12980
872;12;13331
872;13;13373
872;14;13444
872;15;13495
872;16;13918
872;17;13932
872;18;14212
872;19;14228
872;20;14572
872;21;14596
872;22;14940
872;23;14979
872;24;15047
872;25;15098
872;26;15115
872;27;15164
872;28;15167
872;29;15168
872;30;15187
872;31;15234
872;32;15247
872;33;15257
872;34;15274
872;35;15285
872;36;15295
872;37;15302
872;38;15347
872;39;15365
872;40;15382
872;41;15412
872;42;15426
872;43;15442
872;44;15455
872;45;15480
872;46;15494
872;47;15498
872;48;15517
872;49;15520
872;50;15566
872;51;15585
873;1;10913
873;2;10929
873;3;11473
873;4;11978
873;5;12451
873;6;12546
873;7;12621
873;8;12996
873;9;13027
873;10;13051
873;11;13304
873;12;13335
873;13;13409
873;14;13615
873;15;13680
873;16;13743
873;17;14225
873;18;14254
873;19;14287
873;20;14358
873;21;14683
873;22;14717
873;23;14809
873;24;14826
873;25;15064
873;26;15072
873;27;15102
873;28;15134
873;29;15166
873;30;15217
873;31;15245
873;32;15261
873;33;15287
873;34;15292
873;35;15308
873;36;15325
873;37;15355
873;38;15402
873;39;15429
873;40;15435
873;41;15480
873;42;15506
873;43;15511
873;44;15548
873;45;15561
874;1;11589
874;2;11942
874;3;12295
874;4;12345
874;5;12721
874;6;12726
874;7;12752
874;8;13114
874;9;13165
874;10;13610
874;11;13652
874;12;13665
874;13;13760
874;14;13855
874;15;13925
874;16;13952
874;17;14210
874;18;14656
874;19;14671
874;20;14707
874;21;14739
874;22;14758
874;23;14800
874;24;14819
874;25;14845
874;26;14872
874;27;14896
874;28;14917
874;29;15245
874;30;15290
874;31;15321
874;32;15353
874;33;15356
874;34;15361
874;35;15420
874;36;15507
874;37;15509
874;38;15522
874;39;15541
874;40;15554
874;41;15572
874;42;15585
875;1;10804
875;2;11241
875;3;11785
875;4;11832
875;5;11927
875;6;11964
875;7;12280
875;8;12299
875;9;12722
875;10;13100
875;11;13592
875;12;13954
875;13;14030
875;14;14091
875;15;14107
875;16;14119
875;17;14185
875;18;14216
875;19;14277
875;20;14319
875;21;14345
875;22;14356
875;23;14367
875;24;14386
875;25;14803
875;26;14806
875;27;14852
875;28;14861
875;29;15235
875;30;15277
875;31;15287
875;32;15341
875;33;15373
875;34;15391
875;35;15416
875;36;15429
875;37;15455
875;38;15472
875;39;15482
875;40;15487
875;41;15512
875;42;15514
875;43;15522
875;44;15564
875;45;15585
876;1;9864
876;2;10329
876;3;10371
876;4;10841
876;5;11156
876;6;11582
876;7;12038
876;8;12064
876;9;12083
876;10;12175
876;11;12660
876;12;13141
876;13;13395
876;14;13419
876;15;13737
876;16;14115
876;17;14117
876;18;14191
876;19;14226
876;20;14664
876;21;14715
876;22;14728
876;23;14759
876;24;14767
876;25;15123
876;26;15265
876;27;15280
876;28;15290
876;29;15323
876;30;15342
876;31;15363
876;32;15379
876;33;15410
876;34;15412
876;35;15431
876;36;15447
876;37;15461
876;38;15468
876;39;15472
876;40;15480
876;41;15495
876;42;15505
876;43;15519
876;44;15522
876;45;15543
876;46;15548
876;47;15567
876;48;15585
877;1;9280
877;2;9339
877;3;9777
877;4;10207
877;5;10571
877;6;10646
877;7;10982
877;8;11491
877;9;11517
877;10;11550
877;11;11882
877;12;12426
877;13;12944
877;14;12983
877;15;13045
877;16;13072
877;17;13097
877;18;13523
877;19;13549
877;20;13905
877;21;14251
877;22;14717
877;23;14780
877;24;15014
877;25;15088
877;26;15159
877;27;15194
877;28;15257
877;29;15316
877;30;15329
877;31;15333
877;32;15360
877;33;15373
877;34;15397
877;35;15423
877;36;15453
877;37;15454
877;38;15484
877;39;15497
877;40;15511
877;41;15512
877;42;15530
877;43;15542
877;44;15561
878;1;10468
878;2;10882
878;3;10929
878;4;11375
878;5;11412
878;6;11834
878;7;11853
878;8;12258
878;9;12592
878;10;13036
878;11;13088
878;12;13122
878;13;13556
878;14;13610
878;15;13642
878;16;13689
878;17;14066
878;18;14087
878;19;14333
878;20;14391
878;21;14456
878;22;14507
878;23;14565
878;24;14870
878;25;14872
878;26;14888
878;27;14914
878;28;14985
878;29;15006
878;30;15062
878;31;15092
878;32;15185
878;33;15246
878;34;15285
878;35;15310
878;36;15311
878;37;15337
878;38;15364
878;39;15369
878;40;15395
878;41;15437
878;42;15449
878;43;15468
878;44;15481
878;45;15497
878;46;15504
878;47;15521
878;48;15562
879;1;11212
879;2;11754
879;3;11801
879;4;12286
879;5;12318
879;6;12343
879;7;12689
879;8;12716
879;9;13078
879;10;13111
879;11;13652
879;12;13657
879;13;13959
879;14;14146
879;15;14183
879;16;14219
879;17;14293
879;18;14659
879;19;14703
879;20;14748
879;21;14762
879;22;14770
879;23;14812
879;24;14820
879;25;14840
879;26;14880
879;27;14891
879;28;14920
879;29;14938
879;30;14951
879;31;14970
879;32;14983
879;33;15000
879;34;15026
879;35;15053
879;36;15077
879;37;15098
879;38;15489
879;39;15496
879;40;15515
879;41;15536
879;42;15539
879;43;15552
879;44;15566
879;45;15585
880;1;9454
880;2;9866
880;3;10291
880;4;10319
880;5;10794
880;6;10822
880;7;10839
880;8;10844
880;9;11312
880;10;11337
880;11;11342
880;12;11810
880;13;11835
880;14;12419
880;15;12733
880;16;12752
880;17;13148
880;18;13165
880;19;13195
880;20;13211
880;21;13625
880;22;14038
880;23;14043
880;24;14129
880;25;14204
880;26;14223
880;27;14279
880;28;14792
880;29;14820
880;30;14825
880;31;14851
880;32;15119
880;33;15160
880;34;15184
880;35;15194
880;36;15206
880;37;15220
880;38;15229
880;39;15240
880;40;15252
880;41;15255
880;42;15276
880;43;15279
880;44;15335
880;45;15386
880;46;15418
880;47;15431
880;48;15436
880;49;15473
880;50;15482
880;51;15495
880;52;15512
880;53;15525
880;54;15527
880;55;15544
880;56;15585
881;1;10418
881;2;10756
881;3;11248
881;4;11665
881;5;12206
881;6;12213
881;7;12229
881;8;12697
881;9;12742
881;10;12793
881;11;13236
881;12;13571
881;13;13645
881;14;14150
881;15;14247
881;16;14342
881;17;14401
881;18;14410
881;19;14597
881;20;14698
881;21;14745
881;22;14787
881;23;14810
881;24;14837
881;25;14855
881;26;15300
881;27;15314
881;28;15315
881;29;15331
881;30;15343
881;31;15374
881;32;15406
881;33;15440
881;34;15445
881;35;15459
881;36;15463
881;37;15496
881;38;15497
881;39;15544
881;40;15585
882;1;9330
882;2;9692
882;3;9717
882;4;9756
882;5;10279
882;6;10754
882;7;10781
882;8;11160
882;9;11205
882;10;11628
882;11;12052
882;12;12412
882;13;12417
882;14;12942
882;15;12984
882;16;13015
882;17;13224
882;18;13243
882;19;13264
882;20;13284
882;21;13627
882;22;13667
882;23;13960
882;24;13986
882;25;14044
882;26;14086
882;27;14433
882;28;14451
882;29;14493
882;30;14540
882;31;14573
882;32;14685
882;33;14732
882;34;14784
882;35;14821
882;36;15087
882;37;15138
882;38;15165
882;39;15171
882;40;15173
882;41;15177
882;42;15235
882;43;15294
882;44;15304
882;45;15346
882;46;15379
882;47;15396
882;48;15429
882;49;15446
882;50;15465
882;51;15472
882;52;15475
882;53;15491
882;54;15512
882;55;15533
882;56;15554
882;57;15572
882;58;15585
883;1;9944
883;2;10434
883;3;10742
883;4;10782
883;5;11144
883;6;11170
883;7;11217
883;8;11304
883;9;11320
883;10;11801
883;11;12266
883;12;12656
883;13;12693
883;14;13067
883;15;13144
883;16;13523
883;17;13710
883;18;13761
883;19;13806
883;20;14217
883;21;14256
883;22;14288
883;23;14294
883;24;14297
883;25;14310
883;26;14783
883;27;14816
883;28;14861
883;29;14870
883;30;14878
883;31;14894
883;32;14904
883;33;14914
883;34;14932
883;35;14991
883;36;15318
883;37;15351
883;38;15356
883;39;15387
883;40;15438
883;41;15454
883;42;15459
883;43;15464
883;44;15473
883;45;15478
883;46;15503
883;47;15521
883;48;15535
883;49;15552
883;50;15553
883;51;15566
883;52;15585
884;1;10630
884;2;11214
884;3;11336
884;4;11828
884;5;11859
884;6;11884
884;7;11888
884;8;12294
884;9;12750
884;10;13043
884;11;13423
884;12;13474
884;13;13947
884;14;13953
884;15;13982
884;16;14041
884;17;14484
884;18;14853
884;19;14856
884;20;14893
884;21;14940
884;22;14972
884;23;15007
884;24;15049
884;25;15309
884;26;15323
884;27;15339
884;28;15381
884;29;15389
884;30;15413
884;31;15426
884;32;15443
884;33;15470
884;34;15494
884;35;15496
884;36;15515
884;37;15516
884;38;15549
885;1;10999
885;2;11409
885;3;11835
885;4;11891
885;5;11933
885;6;12477
885;7;12496
885;8;13080
885;9;13433
885;10;13717
885;11;13747
885;12;13765
885;13;13778
885;14;14106
885;15;14131
885;16;14150
885;17;14451
885;18;14460
885;19;14497
885;20;14514
885;21;14535
885;22;14782
885;23;14806
885;24;14815
885;25;14941
885;26;14958
885;27;14971
885;28;15012
885;29;15038
885;30;15097
885;31;15134
885;32;15143
885;33;15185
885;34;15259
885;35;15306
885;36;15332
885;37;15345
885;38;15369
885;39;15388
885;40;15420
885;41;15434
885;42;15481
885;43;15507
885;44;15525
885;45;15544
885;46;15585
886;1;11095
886;2;11512
886;3;11824
886;4;12342
886;5;12437
886;6;12842
886;7;13283
886;8;13308
886;9;13629
886;10;13688
886;11;13783
886;12;13814
886;13;14108
886;14;14133
886;15;14189
886;16;14248
886;17;14605
886;18;14667
886;19;14677
886;20;14708
886;21;14710
886;22;14735
886;23;14783
886;24;14830
886;25;14847
886;26;14873
886;27;15143
886;28;15159
886;29;15224
886;30;15241
886;31;15300
886;32;15342
886;33;15365
886;34;15373
886;35;15376
886;36;15462
886;37;15489
886;38;15507
886;39;15521
886;40;15540
886;41;15552
886;42;15566
886;43;15585
887;1;11243
887;2;11616
887;3;11961
887;4;12378
887;5;12728
887;6;12840
887;7;13281
887;8;13719
887;9;13742
887;10;14168
887;11;14593
887;12;14624
887;13;14643
887;14;14729
887;15;14781
887;16;14815
887;17;15210
887;18;15260
887;19;15302
887;20;15304
887;21;15307
887;22;15340
887;23;15399
887;24;15406
887;25;15432
887;26;15518
887;27;15539
887;28;15540
887;29;15553
887;30;15585
888;1;10139
888;2;10607
888;3;10628
888;4;10950
888;5;11062
888;6;11080
888;7;11175
888;8;11226
888;9;11579
888;10;12047
888;11;12061
888;12;12079
888;13;12447
888;14;12499
888;15;12898
888;16;12903
888;17;12943
888;18;13221
888;19;13292
888;20;13654
888;21;13675
888;22;13694
888;23;14053
888;24;14122
888;25;14123
888;26;14218
888;27;14244
888;28;14507
888;29;14551
888;30;14569
888;31;14664
888;32;15060
888;33;15069
888;34;15075
888;35;15126
888;36;15147
888;37;15186
888;38;15197
888;39;15214
888;40;15226
888;41;15231
888;42;15273
888;43;15332
888;44;15358
888;45;15385
888;46;15398
888;47;15425
888;48;15436
888;49;15443
888;50;15488
888;51;15505
888;52;15526
888;53;15538
888;54;15567
888;55;15585
889;1;9999
889;2;10526
889;3;10994
889;4;11419
889;5;11461
889;6;11676
889;7;11718
889;8;12186
889;9;12634
889;10;12666
889;11;13067
889;12;13094
889;13;13520
889;14;13707
889;15;14063
889;16;14146
889;17;14167
889;18;14580
889;19;14641
889;20;14673
889;21;14768
889;22;14797
889;23;14815
889;24;14848
889;25;14884
889;26;14901
889;27;14920
889;28;15284
889;29;15294
889;30;15312
889;31;15398
889;32;15424
889;33;15429
889;34;15438
889;35;15464
889;36;15482
889;37;15506
889;38;15515
889;39;15520
889;40;15538
889;41;15561
889;42;15585
890;1;8135
890;2;8610
890;3;8963
890;4;9407
890;5;9899
890;6;9913
890;7;10266
890;8;10665
890;9;11020
890;10;11045
890;11;11050
890;12;11518
890;13;11548
890;14;11927
890;15;11959
890;16;12176
890;17;12276
890;18;12600
890;19;12880
890;20;13297
890;21;13738
890;22;13757
890;23;13789
890;24;13808
890;25;14110
890;26;14161
890;27;14649
890;28;14744
890;29;14773
890;30;14778
890;31;14806
890;32;14918
890;33;14977
890;34;15069
890;35;15087
890;36;15096
890;37;15138
890;38;15223
890;39;15261
890;40;15282
890;41;15323
890;42;15336
890;43;15387
890;44;15404
890;45;15430
890;46;15441
890;47;15462
890;48;15480
890;49;15499
890;50;15512
890;51;15544
891;1;10929
891;2;10979
891;3;11112
891;4;11147
891;5;11150
891;6;11526
891;7;11943
891;8;11952
891;9;11953
891;10;12357
891;11;12388
891;12;12425
891;13;12915
891;14;13429
891;15;13776
891;16;13794
891;17;14178
891;18;14183
891;19;14220
891;20;14247
891;21;14557
891;22;14571
891;23;14652
891;24;14677
891;25;14752
891;26;14753
891;27;14816
891;28;15196
891;29;15241
891;30;15242
891;31;15245
891;32;15295
891;33;15328
891;34;15346
891;35;15347
891;36;15352
891;37;15369
891;38;15423
891;39;15465
891;40;15472
891;41;15493
891;42;15512
891;43;15553
891;44;15566
891;45;15585
892;1;11222
892;2;11685
892;3;11970
892;4;12000
892;5;12230
892;6;12655
892;7;12660
892;8;12678
892;9;13075
892;10;13376
892;11;13404
892;12;13434
892;13;13461
892;14;13949
892;15;13966
892;16;13985
892;17;14022
892;18;14064
892;19;14145
892;20;14206
892;21;14238
892;22;14713
892;23;14949
892;24;14986
892;25;15008
892;26;15029
892;27;15036
892;28;15111
892;29;15130
892;30;15171
892;31;15238
892;32;15254
892;33;15258
892;34;15291
892;35;15315
892;36;15322
892;37;15351
892;38;15356
892;39;15358
892;40;15375
892;41;15401
892;42;15448
892;43;15455
892;44;15475
892;45;15492
892;46;15511
892;47;15513
892;48;15530
892;49;15549
892;50;15562
893;1;10430
893;2;10860
893;3;10877
893;4;11240
893;5;11647
893;6;11687
893;7;12192
893;8;12205
893;9;12223
893;10;12294
893;11;12368
893;12;12824
893;13;12850
893;14;13342
893;15;13372
893;16;13750
893;17;14193
893;18;14233
893;19;14703
893;20;14727
893;21;15131
893;22;15165
893;23;15175
893;24;15176
893;25;15185
893;26;15244
893;27;15261
893;28;15262
893;29;15311
893;30;15316
893;31;15329
893;32;15346
893;33;15347
893;34;15373
893;35;15374
893;36;15411
893;37;15436
893;38;15468
893;39;15495
893;40;15502
893;41;15515
893;42;15541
893;43;15567
893;44;15585
894;1;11217
894;2;11596
894;3;11598
894;4;12002
894;5;12021
894;6;12066
894;7;12318
894;8;12392
894;9;12824
894;10;12845
894;11;12882
894;12;13069
894;13;13414
894;14;13882
894;15;14170
894;16;14215
894;17;14241
894;18;14272
894;19;14289
894;20;14291
894;21;14312
894;22;14634
894;23;14651
894;24;14665
894;25;14937
894;26;14969
894;27;14988
894;28;14990
894;29;15008
894;30;15038
894;31;15044
894;32;15068
894;33;15127
894;34;15130
894;35;15157
894;36;15176
894;37;15186
894;38;15249
894;39;15275
894;40;15334
894;41;15376
894;42;15381
894;43;15402
894;44;15453
894;45;15486
894;46;15491
894;47;15507
894;48;15525
894;49;15548
894;50;15572
894;51;15585
895;1;11532
895;2;11548
895;3;12016
895;4;12508
895;5;12537
895;6;12629
895;7;13085
895;8;13122
895;9;13208
895;10;13279
895;11;13658
895;12;14057
895;13;14104
895;14;14520
895;15;14539
895;16;14871
895;17;14890
895;18;14916
895;19;14923
895;20;14952
895;21;14985
895;22;15011
895;23;15028
895;24;15099
895;25;15139
895;26;15158
895;27;15195
895;28;15220
895;29;15227
895;30;15246
895;31;15262
895;32;15277
895;33;15305
895;34;15321
895;35;15345
895;36;15358
895;37;15400
895;38;15467
895;39;15472
895;40;15493
895;41;15530
895;42;15549
895;43;15568
895;44;15572
895;45;15585
896;1;8231
896;2;8685
896;3;9065
896;4;9513
896;5;9550
896;6;9577
896;7;9969
896;8;10016
896;9;10367
896;10;10842
896;11;10870
896;12;11181
896;13;11228
896;14;11606
896;15;11638
896;16;11646
896;17;12035
896;18;12619
896;19;12635
896;20;12668
896;21;12723
896;22;12740
896;23;13183
896;24;13208
896;25;13609
896;26;13680
896;27;13709
896;28;13744
896;29;13754
896;30;13813
896;31;14008
896;32;14025
896;33;14067
896;34;14580
896;35;14675
896;36;14753
896;37;14790
896;38;14841
896;39;14862
896;40;14914
896;41;15293
896;42;15296
896;43;15318
896;44;15360
896;45;15373
896;46;15402
896;47;15415
896;48;15448
896;49;15466
896;50;15493
896;51;15512
896;52;15521
896;53;15553
896;54;15566
896;55;15572
896;56;15585
897;1;9715
897;2;9731
897;3;10174
897;4;10554
897;5;10968
897;6;11327
897;7;11800
897;8;11835
897;9;11887
897;10;11917
897;11;12069
897;12;12091
897;13;12117
897;14;12470
897;15;12837
897;16;13089
897;17;13136
897;18;13153
897;19;13265
897;20;13292
897;21;13366
897;22;13763
897;23;13770
897;24;14125
897;25;14129
897;26;14177
897;27;14196
897;28;14201
897;29;14260
897;30;14286
897;31;14328
897;32;14745
897;33;14782
897;34;14824
897;35;15102
897;36;15203
897;37;15266
897;38;15283
897;39;15329
897;40;15342
897;41;15373
897;42;15399
897;43;15404
897;44;15455
897;45;15476
897;46;15481
897;47;15502
897;48;15515
897;49;15534
897;50;15540
897;51;15553
897;52;15562
898;1;12173
898;2;12212
898;3;12227
898;4;12681
898;5;12995
898;6;13392
898;7;13774
898;8;13791
898;9;13796
898;10;13861
898;11;14045
898;12;14070
898;13;14112
898;14;14130
898;15;14155
898;16;14168
898;17;14407
898;18;14844
898;19;15031
898;20;15082
898;21;15113
898;22;15116
898;23;15202
898;24;15220
898;25;15270
898;26;15286
898;27;15298
898;28;15326
898;29;15331
898;30;15354
898;31;15360
898;32;15365
898;33;15430
898;34;15432
898;35;15444
898;36;15463
898;37;15484
898;38;15489
898;39;15502
898;40;15544
898;41;15552
898;42;15566
898;43;15585
899;1;11145
899;2;11196
899;3;11605
899;4;11670
899;5;12087
899;6;12558
899;7;12894
899;8;12958
899;9;13356
899;10;13735
899;11;13772
899;12;13864
899;13;13882
899;14;13924
899;15;13939
899;16;14158
899;17;14200
899;18;14230
899;19;14235
899;20;14277
899;21;14280
899;22;14306
899;23;14312
899;24;14338
899;25;14342
899;26;14377
899;27;14818
899;28;14839
899;29;14851
899;30;14867
899;31;14897
899;32;14923
899;33;14941
899;34;14966
899;35;14989
899;36;15006
899;37;15037
899;38;15041
899;39;15069
899;40;15377
899;41;15398
899;42;15433
899;43;15451
899;44;15493
899;45;15512
899;46;15522
899;47;15534
899;48;15553
900;1;10412
900;2;10790
900;3;11213
900;4;11703
900;5;11750
900;6;12112
900;7;12482
900;8;12788
900;9;12796
900;10;12797
900;11;12879
900;12;13347
900;13;13378
900;14;13389
900;15;13788
900;16;13805
900;17;13868
900;18;14226
900;19;14251
900;20;14340
900;21;14346
900;22;14353
900;23;14366
900;24;14428
900;25;14430
900;26;14433
900;27;14755
900;28;15066
900;29;15090
900;30;15149
900;31;15166
900;32;15183
900;33;15226
900;34;15259
900;35;15275
900;36;15293
900;37;15312
900;38;15341
900;39;15375
900;40;15407
900;41;15432
900;42;15441
900;43;15466
900;44;15482
900;45;15513
900;46;15530
900;47;15535
900;48;15552
900;49;15566
900;50;15585
901;1;10113
901;2;10638
901;3;10656
901;4;10659
901;5;11164
901;6;11177
901;7;11244
901;8;11249
901;9;11722
901;10;11998
901;11;12064
901;12;12400
901;13;12601
901;14;12620
901;15;13147
901;16;13210
901;17;13264
901;18;13848
901;19;13940
901;20;14256
901;21;14522
901;22;14548
901;23;14556
901;24;14864
901;25;14879
901;26;14884
901;27;14900
901;28;14911
901;29;14985
901;30;15002
901;31;15026
901;32;15051
901;33;15078
901;34;15122
901;35;15135
901;36;15194
901;37;15220
901;38;15243
901;39;15249
901;40;15294
901;41;15397
901;42;15429
901;43;15466
901;44;15510
901;45;15523
901;46;15540
901;47;15561
902;1;10848
902;2;11226
902;3;11626
902;4;12135
902;5;12558
902;6;12617
902;7;12622
902;8;12640
902;9;13002
902;10;13347
902;11;13384
902;12;13402
902;13;13768
902;14;14147
902;15;14172
902;16;14534
902;17;14552
902;18;14566
902;19;14592
902;20;14971
902;21;15045
902;22;15080
902;23;15098
902;24;15110
902;25;15130
902;26;15204
902;27;15241
902;28;15273
902;29;15306
902;30;15307
902;31;15331
902;32;15336
902;33;15351
902;34;15372
902;35;15376
902;36;15417
902;37;15430
902;38;15456
902;39;15477
902;40;15494
902;41;15508
902;42;15524
902;43;15545
902;44;15562
903;1;12363
903;2;12809
903;3;12830
903;4;13374
903;5;13400
903;6;13745
903;7;13770
903;8;13815
903;9;14229
903;10;14321
903;11;14826
903;12;14854
903;13;14893
903;14;14898
903;15;14924
903;16;15311
903;17;15336
903;18;15354
903;19;15373
903;20;15407
903;21;15437
903;22;15453
903;23;15470
903;24;15501
903;25;15538
903;26;15562
904;1;9510
904;2;9890
904;3;9923
904;4;9953
904;5;10421
904;6;10682
904;7;10774
904;8;11136
904;9;11195
904;10;11660
904;11;12018
904;12;12044
904;13;12435
904;14;12900
904;15;13279
904;16;13583
904;17;13596
904;18;14064
904;19;14150
904;20;14195
904;21;14201
904;22;14607
904;23;14995
904;24;15069
904;25;15090
904;26;15123
904;27;15153
904;28;15159
904;29;15222
904;30;15248
904;31;15286
904;32;15299
904;33;15315
904;34;15331
904;35;15363
904;36;15395
904;37;15421
904;38;15440
904;39;15445
904;40;15487
904;41;15500
904;42;15519
904;43;15524
904;44;15543
904;45;15561
904;46;15562
905;1;9026
905;2;9452
905;3;9481
905;4;9897
905;5;9918
905;6;10384
905;7;10411
905;8;10916
905;9;10966
905;10;11439
905;11;11453
905;12;11997
905;13;12319
905;14;12396
905;15;12435
905;16;12811
905;17;13229
905;18;13271
905;19;13702
905;20;14009
905;21;14084
905;22;14463
905;23;14528
905;24;14536
905;25;14588
905;26;14626
905;27;14631
905;28;14959
905;29;14984
905;30;15043
905;31;15051
905;32;15152
905;33;15178
905;34;15220
905;35;15245
905;36;15331
905;37;15338
905;38;15375
905;39;15384
905;40;15421
905;41;15426
905;42;15443
905;43;15446
905;44;15462
905;45;15494
905;46;15503
905;47;15520
905;48;15526
905;49;15553
906;1;6232
906;2;6655
906;3;7122
906;4;7574
906;5;8017
906;6;8527
906;7;8992
906;8;9422
906;9;9839
906;10;10238
906;11;10706
906;12;11103
906;13;11255
906;14;11318
906;15;11339
906;16;11365
906;17;11424
906;18;11841
906;19;11854
906;20;12257
906;21;12645
906;22;12731
906;23;13076
906;24;13123
906;25;13325
906;26;13352
906;27;13837
906;28;13929
906;29;14265
906;30;14360
906;31;14753
906;32;14772
906;33;15153
906;34;15156
906;35;15222
906;36;15248
906;37;15274
906;38;15292
906;39;15329
906;40;15334
906;41;15351
906;42;15358
906;43;15376
906;44;15400
906;45;15401
906;46;15419
906;47;15475
906;48;15492
906;49;15525
906;50;15530
906;51;15548
906;52;15561
906;53;15562
907;1;9527
907;2;9753
907;3;9784
907;4;10257
907;5;10602
907;6;11070
907;7;11222
907;8;11685
907;9;11698
907;10;12076
907;11;12408
907;12;12750
907;13;12812
907;14;12863
907;15;12937
907;16;12987
907;17;13412
907;18;13477
907;19;13821
907;20;13896
907;21;14331
907;22;14337
907;23;14663
907;24;14689
907;25;14710
907;26;14800
907;27;14805
907;28;14819
907;29;14824
907;30;14853
907;31;14854
907;32;14904
907;33;14923
907;34;15322
907;35;15372
907;36;15399
907;37;15485
907;38;15511
907;39;15521
907;40;15538
907;41;15553
907;42;15585
908;1;11244
908;2;11263
908;3;11781
908;4;11840
908;5;12203
908;6;12222
908;7;12559
908;8;12576
908;9;12651
908;10;13046
908;11;13096
908;12;13427
908;13;13432
908;14;13825
908;15;14111
908;16;14174
908;17;14551
908;18;14572
908;19;14637
908;20;14696
908;21;14722
908;22;15108
908;23;15133
908;24;15203
908;25;15229
908;26;15241
908;27;15266
908;28;15291
908;29;15309
908;30;15354
908;31;15393
908;32;15425
908;33;15430
908;34;15432
908;35;15449
908;36;15472
908;37;15498
908;38;15502
908;39;15561
908;40;15566
908;41;15585
909;1;8414
909;2;8831
909;3;8905
909;4;8947
909;5;9250
909;6;9611
909;7;10086
909;8;10116
909;9;10163
909;10;10527
909;11;10995
909;12;11351
909;13;11751
909;14;11813
909;15;11853
909;16;11890
909;17;11911
909;18;12357
909;19;12838
909;20;12864
909;21;12882
909;22;12924
909;23;12969
909;24;13044
909;25;13086
909;26;13178
909;27;13617
909;28;14122
909;29;14181
909;30;14214
909;31;14576
909;32;14742
909;33;14765
909;34;14768
909;35;14794
909;36;14880
909;37;14922
909;38;15261
909;39;15273
909;40;15306
909;41;15336
909;42;15369
909;43;15385
909;44;15406
909;45;15422
909;46;15453
909;47;15455
909;48;15481
909;49;15516
909;50;15529
909;51;15562
910;1;11318
910;2;11808
910;3;11817
910;4;12196
910;5;12242
910;6;12606
910;7;12911
910;8;13399
910;9;13867
910;10;13871
910;11;13900
910;12;13935
910;13;14324
910;14;14399
910;15;14416
910;16;14435
910;17;14823
910;18;14879
910;19;14905
910;20;14937
910;21;14942
910;22;15108
910;23;15142
910;24;15160
910;25;15216
910;26;15234
910;27;15350
910;28;15409
910;29;15412
910;30;15455
910;31;15468
910;32;15485
910;33;15517
910;34;15543
910;35;15567
910;36;15585
911;1;11563
911;2;11589
911;3;11942
911;4;12452
911;5;12893
911;6;13020
911;7;13285
911;8;13660
911;9;13692
911;10;14022
911;11;14048
911;12;14093
911;13;14133
911;14;14189
911;15;14208
911;16;14218
911;17;14462
911;18;14467
911;19;14495
911;20;14500
911;21;14519
911;22;14561
911;23;14582
911;24;14596
911;25;14614
911;26;14665
911;27;15126
911;28;15185
911;29;15203
911;30;15252
911;31;15268
911;32;15295
911;33;15314
911;34;15388
911;35;15414
911;36;15454
911;37;15455
911;38;15469
911;39;15475
911;40;15480
911;41;15483
911;42;15514
911;43;15530
911;44;15572
911;45;15585
912;1;11861
912;2;11935
912;3;11985
912;4;12010
912;5;12372
912;6;12458
912;7;12926
912;8;12953
912;9;13245
912;10;13686
912;11;13734
912;12;14096
912;13;14138
912;14;14559
912;15;14567
912;16;15000
912;17;15071
912;18;15091
912;19;15102
912;20;15114
912;21;15136
912;22;15168
912;23;15205
912;24;15231
912;25;15276
912;26;15305
912;27;15323
912;28;15325
912;29;15326
912;30;15363
912;31;15380
912;32;15401
912;33;15414
912;34;15461
912;35;15465
912;36;15479
912;37;15496
912;38;15501
912;39;15511
912;40;15520
912;41;15538
912;42;15561
912;43;15585
913;1;10913
913;2;11383
913;3;11570
913;4;12075
913;5;12428
913;6;12893
913;7;13313
913;8;13352
913;9;13355
913;10;13411
913;11;13763
913;12;13810
913;13;14272
913;14;14790
913;15;14828
913;16;15160
913;17;15202
913;18;15318
913;19;15331
913;20;15357
913;21;15390
913;22;15422
913;23;15438
913;24;15463
913;25;15514
913;26;15541
913;27;15567
913;28;15585
914;1;10091
914;2;10500
914;3;10658
914;4;10845
914;5;10882
914;6;11358
914;7;11375
914;8;11393
914;9;11822
914;10;12201
914;11;12227
914;12;12600
914;13;13099
914;14;13466
914;15;13513
914;16;13526
914;17;13812
914;18;13883
914;19;13935
914;20;14334
914;21;14376
914;22;14407
914;23;14429
914;24;14757
914;25;14852
914;26;14875
914;27;14908
914;28;14927
914;29;14978
914;30;15000
914;31;15002
914;32;15019
914;33;15044
914;34;15064
914;35;15083
914;36;15115
914;37;15201
914;38;15217
914;39;15240
914;40;15249
914;41;15308
914;42;15315
914;43;15336
914;44;15383
914;45;15391
914;46;15407
914;47;15441
914;48;15458
914;49;15466
914;50;15495
914;51;15530
914;52;15538
914;53;15554
914;54;15585
915;1;9062
915;2;9087
915;3;9605
915;4;10043
915;5;10070
915;6;10575
915;7;10591
915;8;11032
915;9;11428
915;10;11541
915;11;11600
915;12;12015
915;13;12056
915;14;12107
915;15;12507
915;16;12537
915;17;12866
915;18;12887
915;19;13352
915;20;13414
915;21;13941
915;22;14334
915;23;14361
915;24;14565
915;25;14622
915;26;14637
915;27;14669
915;28;14711
915;29;14773
915;30;15263
915;31;15272
915;32;15331
915;33;15345
915;34;15392
915;35;15434
915;36;15449
915;37;15467
915;38;15485
915;39;15497
915;40;15515
915;41;15548
915;42;15566
915;43;15585
916;1;11505
916;2;12071
916;3;12519
916;4;12780
916;5;13133
916;6;13159
916;7;13186
916;8;13634
916;9;13659
916;10;13675
916;11;13957
916;12;13976
916;13;14046
916;14;14056
916;15;14107
916;16;14133
916;17;14138
916;18;14149
916;19;14191
916;20;14250
916;21;14277
916;22;14281
916;23;14767
916;24;14781
916;25;14867
916;26;14886
916;27;15187
916;28;15374
916;29;15395
916;30;15458
916;31;15485
916;32;15498
916;33;15522
916;34;15529
916;35;15534
916;36;15585
917;1;9905
917;2;10407
917;3;10752
917;4;11096
917;5;11158
917;6;11186
917;7;11298
917;8;11736
917;9;12156
917;10;12203
917;11;12595
917;12;12612
917;13;12991
917;14;13461
917;15;13547
917;16;14022
917;17;14218
917;18;14231
917;19;14303
917;20;14335
917;21;14354
917;22;14815
917;23;14848
917;24;14911
917;25;14940
917;26;14957
917;27;15002
917;28;15008
917;29;15029
917;30;15043
917;31;15044
917;32;15045
917;33;15062
917;34;15089
917;35;15097
917;36;15101
917;37;15114
917;38;15122
917;39;15141
917;40;15154
917;41;15185
917;42;15505
917;43;15538
917;44;15561
917;45;15585
918;1;12293
918;2;12309
918;3;12544
918;4;12563
918;5;12655
918;6;12700
918;7;12726
918;8;12748
918;9;12810
918;10;13276
918;11;13287
918;12;13329
918;13;13338
918;14;13761
918;15;13847
918;16;13903
918;17;14309
918;18;14356
918;19;14382
918;20;14431
918;21;14493
918;22;14785
918;23;14790
918;24;14811
918;25;14818
918;26;14865
918;27;14905
918;28;15066
918;29;15190
918;30;15203
918;31;15263
918;32;15275
918;33;15278
918;34;15292
918;35;15310
918;36;15328
918;37;15379
918;38;15382
918;39;15399
918;40;15428
918;41;15499
918;42;15525
918;43;15530
918;44;15543
918;45;15585
919;1;12043
919;2;12421
919;3;12513
919;4;12756
919;5;12808
919;6;13192
919;7;13205
919;8;13614
919;9;13688
919;10;13730
919;11;13742
919;12;13761
919;13;13803
919;14;14259
919;15;14582
919;16;14601
919;17;14682
919;18;14720
919;19;14752
919;20;14757
919;21;14769
919;22;14785
919;23;14809
919;24;14860
919;25;15277
919;26;15282
919;27;15295
919;28;15354
919;29;15371
919;30;15384
919;31;15386
919;32;15412
919;33;15425
919;34;15462
919;35;15479
919;36;15491
919;37;15521
919;38;15540
920;1;11632
920;2;12048
920;3;12592
920;4;12597
920;5;12623
920;6;13086
920;7;13446
920;8;13448
920;9;13507
920;10;13524
920;11;13561
920;12;14013
920;13;14087
920;14;14501
920;15;14508
920;16;14526
920;17;14547
920;18;14648
920;19;14665
920;20;15023
920;21;15118
920;22;15136
920;23;15145
920;24;15153
920;25;15172
920;26;15203
920;27;15208
920;28;15221
920;29;15253
920;30;15267
920;31;15280
920;32;15298
920;33;15335
920;34;15343
920;35;15394
920;36;15410
920;37;15452
920;38;15478
920;39;15484
920;40;15511
920;41;15516
920;42;15566
920;43;15567
920;44;15585
921;1;11486
921;2;11491
921;3;11552
921;4;11961
921;5;12453
921;6;12478
921;7;12495
921;8;12970
921;9;13408
921;10;13473
921;11;13548
921;12;13611
921;13;13614
921;14;13902
921;15;13961
921;16;14314
921;17;14693
921;18;14738
921;19;15202
921;20;15216
921;21;15226
921;22;15227
921;23;15257
921;24;15289
921;25;15329
921;26;15355
921;27;15372
921;28;15414
921;29;15485
921;30;15503
921;31;15522
921;32;15535
921;33;15549
921;34;15566
921;35;15585
922;1;10650
922;2;10674
922;3;11192
922;4;11578
922;5;11765
922;6;12175
922;7;12193
922;8;12737
922;9;12804
922;10;12875
922;11;13247
922;12;13479
922;13;13531
922;14;13559
922;15;13601
922;16;14030
922;17;14031
922;18;14445
922;19;14496
922;20;14520
922;21;14869
922;22;14890
922;23;14909
922;24;14956
922;25;15030
922;26;15044
922;27;15062
922;28;15078
922;29;15101
922;30;15132
922;31;15149
922;32;15210
922;33;15214
922;34;15240
922;35;15260
922;36;15284
922;37;15316
922;38;15350
922;39;15355
922;40;15373
922;41;15387
922;42;15418
922;43;15435
922;44;15449
922;45;15458
922;46;15476
922;47;15493
922;48;15506
922;49;15525
922;50;15544
922;51;15585
923;1;10341
923;2;10367
923;3;10388
923;4;10444
923;5;10457
923;6;10469
923;7;10512
923;8;10857
923;9;11266
923;10;11632
923;11;12075
923;12;12466
923;13;12913
923;14;12943
923;15;12967
923;16;13119
923;17;13122
923;18;13139
923;19;13220
923;20;13501
923;21;13564
923;22;13592
923;23;13744
923;24;14091
923;25;14128
923;26;14168
923;27;14209
923;28;14234
923;29;14315
923;30;14337
923;31;14369
923;32;14402
923;33;14830
923;34;14854
923;35;14874
923;36;14906
923;37;14934
923;38;14937
923;39;14983
923;40;15250
923;41;15324
923;42;15334
923;43;15352
923;44;15367
923;45;15404
923;46;15405
923;47;15412
923;48;15428
923;49;15433
923;50;15491
923;51;15515
923;52;15552
923;53;15585
924;1;10655
924;2;10672
924;3;10994
924;4;11020
924;5;11459
924;6;11534
924;7;11939
924;8;11948
924;9;12040
924;10;12336
924;11;12347
924;12;12382
924;13;12475
924;14;12730
924;15;13147
924;16;13496
924;17;13531
924;18;14036
924;19;14128
924;20;14235
924;21;14306
924;22;14316
924;23;14638
924;24;15059
924;25;15083
924;26;15115
924;27;15192
924;28;15243
924;29;15263
924;30;15279
924;31;15284
924;32;15334
924;33;15349
924;34;15399
924;35;15416
924;36;15433
924;37;15475
924;38;15493
924;39;15538
924;40;15543
924;41;15561
924;42;15562
925;1;8257
925;2;8773
925;3;9265
925;4;9544
925;5;9595
925;6;10105
925;7;10179
925;8;10593
925;9;10963
925;10;11316
925;11;11829
925;12;12329
925;13;12359
925;14;12704
925;15;12766
925;16;13204
925;17;13254
925;18;13285
925;19;13308
925;20;13383
925;21;13386
925;22;13728
925;23;13732
925;24;13763
925;25;13779
925;26;13797
925;27;14084
925;28;14140
925;29;14169
925;30;14187
925;31;14206
925;32;14224
925;33;14468
925;34;14473
925;35;14490
925;36;14896
925;37;14947
925;38;14968
925;39;15013
925;40;15105
925;41;15164
925;42;15205
925;43;15231
925;44;15240
925;45;15298
925;46;15311
925;47;15341
925;48;15370
925;49;15389
925;50;15415
925;51;15420
925;52;15466
925;53;15484
925;54;15487
925;55;15492
925;56;15510
925;57;15543
925;58;15561
925;59;15562
926;1;11614
926;2;12198
926;3;12216
926;4;12463
926;5;12865
926;6;12870
926;7;12883
926;8;13213
926;9;13635
926;10;14162
926;11;14224
926;12;14382
926;13;14432
926;14;14785
926;15;14814
926;16;14823
926;17;14856
926;18;14859
926;19;15141
926;20;15155
926;21;15166
926;22;15168
926;23;15187
926;24;15194
926;25;15210
926;26;15242
926;27;15249
926;28;15266
926;29;15284
926;30;15334
926;31;15335
926;32;15347
926;33;15371
926;34;15404
926;35;15430
926;36;15443
926;37;15480
926;38;15507
926;39;15525
926;40;15538
926;41;15561
926;42;15585
927;1;11657
927;2;12201
927;3;12222
927;4;12549
927;5;12972
927;6;13019
927;7;13449
927;8;13544
927;9;13619
927;10;13720
927;11;13736
927;12;13747
927;13;13792
927;14;13839
927;15;14216
927;16;14219
927;17;14618
927;18;14637
927;19;14674
927;20;15079
927;21;15117
927;22;15125
927;23;15152
927;24;15180
927;25;15227
927;26;15262
927;27;15311
927;28;15325
927;29;15355
927;30;15382
927;31;15391
927;32;15438
927;33;15455
927;34;15492
927;35;15511
927;36;15522
927;37;15538
927;38;15553
927;39;15564
927;40;15566
927;41;15585
928;1;10355
928;2;10670
928;3;10974
928;4;11086
928;5;11106
928;6;11124
928;7;11156
928;8;11629
928;9;11633
928;10;11925
928;11;11953
928;12;11970
928;13;12315
928;14;12344
928;15;12378
928;16;12777
928;17;12824
928;18;13177
928;19;13204
928;20;13221
928;21;13726
928;22;14194
928;23;14686
928;24;14692
928;25;15062
928;26;15063
928;27;15092
928;28;15104
928;29;15115
928;30;15132
928;31;15169
928;32;15182
928;33;15195
928;34;15201
928;35;15219
928;36;15224
928;37;15230
928;38;15287
928;39;15311
928;40;15327
928;41;15340
928;42;15372
928;43;15405
928;44;15416
928;45;15475
928;46;15480
928;47;15486
928;48;15504
928;49;15509
928;50;15522
928;51;15527
928;52;15535
928;53;15561
928;54;15567
928;55;15585
929;1;12250
929;2;12276
929;3;12781
929;4;12806
929;5;12989
929;6;13499
929;7;13520
929;8;13557
929;9;13573
929;10;13990
929;11;14020
929;12;14112
929;13;14138
929;14;14147
929;15;14182
929;16;14202
929;17;14223
929;18;14269
929;19;14584
929;20;14597
929;21;14692
929;22;14754
929;23;15096
929;24;15099
929;25;15125
929;26;15144
929;27;15210
929;28;15240
929;29;15257
929;30;15268
929;31;15289
929;32;15331
929;33;15368
929;34;15386
929;35;15392
929;36;15406
929;37;15451
929;38;15470
929;39;15493
929;40;15512
929;41;15553
929;42;15562
930;1;11034
930;2;11066
930;3;11071
930;4;11458
930;5;11477
930;6;11969
930;7;12035
930;8;12231
930;9;12257
930;10;12282
930;11;12672
930;12;12709
930;13;12754
930;14;13229
930;15;13238
930;16;13240
930;17;13256
930;18;13292
930;19;13343
930;20;13773
930;21;13847
930;22;14173
930;23;14192
930;24;14568
930;25;14569
930;26;14670
930;27;14733
930;28;14751
930;29;14770
930;30;15028
930;31;15120
930;32;15232
930;33;15259
930;34;15293
930;35;15298
930;36;15372
930;37;15393
930;38;15419
930;39;15478
930;40;15528
930;41;15561
930;42;15562
931;1;11339
931;2;11718
931;3;12032
931;4;12537
931;5;12551
931;6;12643
931;7;12669
931;8;12682
931;9;12980
931;10;13018
931;11;13080
931;12;13449
931;13;13745
931;14;13819
931;15;13848
931;16;13960
931;17;14359
931;18;14418
931;19;14446
931;20;14508
931;21;14510
931;22;14573
931;23;14594
931;24;14627
931;25;15095
931;26;15137
931;27;15202
931;28;15228
931;29;15248
931;30;15266
931;31;15311
931;32;15374
931;33;15377
931;34;15385
931;35;15397
931;36;15414
931;37;15415
931;38;15452
931;39;15470
931;40;15478
931;41;15483
931;42;15501
931;43;15528
931;44;15542
931;45;15561
931;46;15562
932;1;11219
932;2;11285
932;3;11352
932;4;11896
932;5;12048
932;6;12410
932;7;12435
932;8;12470
932;9;12940
932;10;13213
932;11;13292
932;12;13706
932;13;14016
932;14;14032
932;15;14091
932;16;14203
932;17;14230
932;18;14233
932;19;14266
932;20;14317
932;21;14385
932;22;14731
932;23;14778
932;24;14795
932;25;14860
932;26;15079
932;27;15130
932;28;15205
932;29;15207
932;30;15266
932;31;15272
932;32;15331
932;33;15382
932;34;15400
932;35;15416
932;36;15461
932;37;15470
932;38;15497
932;39;15501
932;40;15538
932;41;15546
932;42;15562
933;1;10127
933;2;10615
933;3;10910
933;4;11351
933;5;11443
933;6;11469
933;7;11783
933;8;12228
933;9;12287
933;10;12362
933;11;12514
933;12;12564
933;13;13003
933;14;13028
933;15;13445
933;16;13888
933;17;13918
933;18;14105
933;19;14206
933;20;14321
933;21;14337
933;22;14379
933;23;14400
933;24;14431
933;25;14722
933;26;14732
933;27;15175
933;28;15254
933;29;15267
933;30;15279
933;31;15330
933;32;15331
933;33;15405
933;34;15422
933;35;15427
933;36;15441
933;37;15460
933;38;15465
933;39;15467
933;40;15526
933;41;15564
933;42;15585
934;1;11867
934;2;11886
934;3;11953
934;4;12302
934;5;12558
934;6;12584
934;7;12677
934;8;13214
934;9;13261
934;10;13734
934;11;13790
934;12;13802
934;13;13903
934;14;14206
934;15;14231
934;16;14250
934;17;14598
934;18;14624
934;19;14633
934;20;14692
934;21;14762
934;22;14767
934;23;14859
934;24;14884
934;25;15138
934;26;15145
934;27;15315
934;28;15331
934;29;15336
934;30;15341
934;31;15400
934;32;15419
934;33;15437
934;34;15456
934;35;15466
934;36;15473
934;37;15480
934;38;15482
934;39;15483
934;40;15488
934;41;15489
934;42;15495
934;43;15521
934;44;15562
935;1;10973
935;2;11489
935;3;11510
935;4;11901
935;5;12411
935;6;12874
935;7;13170
935;8;13244
935;9;13769
935;10;13832
935;11;13845
935;12;14207
935;13;14236
935;14;14278
935;15;14286
935;16;14302
935;17;14577
935;18;14610
935;19;14935
935;20;15000
935;21;15011
935;22;15050
935;23;15074
935;24;15169
935;25;15187
935;26;15188
935;27;15215
935;28;15242
935;29;15247
935;30;15271
935;31;15297
935;32;15299
935;33;15350
935;34;15360
935;35;15393
935;36;15405
935;37;15435
935;38;15451
935;39;15488
935;40;15493
935;41;15512
935;42;15553
935;43;15562
936;1;9476
936;2;9481
936;3;9593
936;4;9635
936;5;9645
936;6;10161
936;7;10552
936;8;10557
936;9;10583
936;10;10642
936;11;10680
936;12;11132
936;13;11141
936;14;11173
936;15;11717
936;16;11736
936;17;12150
936;18;12500
936;19;12547
936;20;13035
936;21;13445
936;22;13785
936;23;13837
936;24;13853
936;25;13915
936;26;14332
936;27;14356
936;28;14385
936;29;14802
936;30;14807
936;31;14833
936;32;15209
936;33;15238
936;34;15240
936;35;15299
936;36;15304
936;37;15317
936;38;15336
936;39;15415
936;40;15422
936;41;15455
936;42;15474
936;43;15481
936;44;15507
936;45;15512
936;46;15530
936;47;15540
936;48;15553
937;1;11544
937;2;11890
937;3;12247
937;4;12255
937;5;12274
937;6;12766
937;7;13182
937;8;13214
937;9;13567
937;10;13581
937;11;14056
937;12;14149
937;13;14162
937;14;14192
937;15;14224
937;16;14627
937;17;14641
937;18;14660
937;19;14676
937;20;14713
937;21;15170
937;22;15196
937;23;15228
937;24;15249
937;25;15262
937;26;15287
937;27;15306
937;28;15322
937;29;15381
937;30;15412
937;31;15439
937;32;15463
937;33;15488
937;34;15507
937;35;15554
937;36;15566
937;37;15585
938;1;9599
938;2;9694
938;3;9726
938;4;10178
938;5;10496
938;6;10895
938;7;10970
938;8;11304
938;9;11355
938;10;11754
938;11;12099
938;12;12173
938;13;12469
938;14;12886
938;15;13311
938;16;13344
938;17;13785
938;18;13824
938;19;13883
938;20;14281
938;21;14321
938;22;14346
938;23;14409
938;24;14435
938;25;14438
938;26;14590
938;27;14597
938;28;14709
938;29;14726
938;30;14860
938;31;14892
938;32;14911
938;33;14948
938;34;15009
938;35;15034
938;36;15109
938;37;15141
938;38;15160
938;39;15185
938;40;15190
938;41;15195
938;42;15222
938;43;15243
938;44;15261
938;45;15278
938;46;15320
938;47;15340
938;48;15376
938;49;15402
938;50;15453
938;51;15480
938;52;15485
938;53;15517
938;54;15522
938;55;15548
939;1;11241
939;2;11759
939;3;11871
939;4;11887
939;5;11939
939;6;12178
939;7;12592
939;8;12954
939;9;12970
939;10;13413
939;11;13478
939;12;13539
939;13;13586
939;14;13615
939;15;13625
939;16;13896
939;17;14223
939;18;14242
939;19;14316
939;20;14772
939;21;14785
939;22;14822
939;23;15033
939;24;15070
939;25;15086
939;26;15110
939;27;15157
939;28;15166
939;29;15215
939;30;15259
939;31;15266
939;32;15287
939;33;15338
939;34;15373
939;35;15397
939;36;15418
939;37;15423
939;38;15437
939;39;15442
939;40;15450
939;41;15455
939;42;15466
939;43;15512
939;44;15544
939;45;15585
940;1;10278
940;2;10624
940;3;11208
940;4;11545
940;5;11858
940;6;11877
940;7;11901
940;8;12318
940;9;12360
940;10;12402
940;11;12817
940;12;13216
940;13;13597
940;14;13623
940;15;14115
940;16;14345
940;17;14416
940;18;14433
940;19;14508
940;20;14522
940;21;14547
940;22;14560
940;23;14586
940;24;14610
940;25;14685
940;26;14951
940;27;14996
940;28;15017
940;29;15028
940;30;15091
940;31;15129
940;32;15141
940;33;15190
940;34;15237
940;35;15246
940;36;15288
940;37;15295
940;38;15312
940;39;15354
940;40;15363
940;41;15382
940;42;15383
940;43;15388
940;44;15397
940;45;15444
940;46;15470
940;47;15497
940;48;15502
940;49;15520
940;50;15539
940;51;15552
940;52;15566
940;53;15568
940;54;15585
941;1;11285
941;2;11766
941;3;12080
941;4;12159
941;5;12176
941;6;12247
941;7;12715
941;8;12741
941;9;12755
941;10;13212
941;11;13591
941;12;13873
941;13;14108
941;14;14200
941;15;14634
941;16;14641
941;17;14727
941;18;14774
941;19;14813
941;20;14824
941;21;14842
941;22;14889
941;23;14915
941;24;14934
941;25;14945
941;26;14961
941;27;15301
941;28;15322
941;29;15323
941;30;15347
941;31;15359
941;32;15396
941;33;15426
941;34;15442
941;35;15450
941;36;15476
941;37;15481
941;38;15499
941;39;15520
941;40;15561
941;41;15562
942;1;10933
942;2;10951
942;3;10976
942;4;11405
942;5;11424
942;6;11971
942;7;11992
942;8;12087
942;9;12527
942;10;13008
942;11;13026
942;12;13057
942;13;13472
942;14;13885
942;15;14255
942;16;14267
942;17;14294
942;18;14299
942;19;14568
942;20;14680
942;21;14697
942;22;15061
942;23;15153
942;24;15195
942;25;15247
942;26;15263
942;27;15293
942;28;15305
942;29;15318
942;30;15331
942;31;15417
942;32;15443
942;33;15480
942;34;15501
942;35;15520
942;36;15540
942;37;15543
942;38;15562
943;1;11191
943;2;11621
943;3;11966
943;4;12365
943;5;12378
943;6;12391
943;7;12409
943;8;12434
943;9;12453
943;10;12512
943;11;12516
943;12;13014
943;13;13065
943;14;13105
943;15;13131
943;16;13425
943;17;13457
943;18;13482
943;19;13893
943;20;14304
943;21;14312
943;22;14362
943;23;14382
943;24;14468
943;25;14822
943;26;14854
943;27;14880
943;28;14913
943;29;14941
943;30;14960
943;31;15032
943;32;15062
943;33;15070
943;34;15119
943;35;15135
943;36;15161
943;37;15208
943;38;15241
943;39;15254
943;40;15285
943;41;15311
943;42;15337
943;43;15364
943;44;15397
943;45;15410
943;46;15460
943;47;15469
943;48;15488
943;49;15492
943;50;15511
943;51;15521
943;52;15538
943;53;15561
943;54;15585
944;1;10941
944;2;11340
944;3;11658
944;4;11899
944;5;12262
944;6;12536
944;7;12610
944;8;13051
944;9;13107
944;10;13197
944;11;13563
944;12;14031
944;13;14047
944;14;14073
944;15;14099
944;16;14119
944;17;14457
944;18;14513
944;19;14574
944;20;14583
944;21;14656
944;22;14666
944;23;14691
944;24;14786
944;25;14831
944;26;14878
944;27;14907
944;28;15141
944;29;15192
944;30;15197
944;31;15205
944;32;15231
944;33;15245
944;34;15264
944;35;15285
944;36;15286
944;37;15296
944;38;15309
944;39;15358
944;40;15391
944;41;15417
944;42;15433
944;43;15446
944;44;15464
944;45;15490
944;46;15498
944;47;15515
944;48;15535
944;49;15552
944;50;15567
944;51;15585
945;1;12296
945;2;12322
945;3;12338
945;4;12365
945;5;12397
945;6;12490
945;7;12528
945;8;12541
945;9;12898
945;10;12917
945;11;13069
945;12;13405
945;13;13418
945;14;13449
945;15;13516
945;16;13517
945;17;13559
945;18;13585
945;19;13630
945;20;14054
945;21;14427
945;22;14492
945;23;14882
945;24;14910
945;25;14960
945;26;15007
945;27;15024
945;28;15045
945;29;15077
945;30;15118
945;31;15421
945;32;15453
945;33;15460
945;34;15483
945;35;15515
945;36;15536
945;37;15548
945;38;15567
945;39;15585
946;1;12445
946;2;12487
946;3;12512
946;4;12542
946;5;12994
946;6;13380
946;7;13404
946;8;13425
946;9;13785
946;10;13848
946;11;13940
946;12;13987
946;13;14013
946;14;14108
946;15;14560
946;16;14619
946;17;14637
946;18;14663
946;19;14715
946;20;14741
946;21;14773
946;22;15118
946;23;15128
946;24;15154
946;25;15168
946;26;15187
946;27;15234
946;28;15254
946;29;15275
946;30;15295
946;31;15310
946;32;15326
946;33;15350
946;34;15355
946;35;15416
946;36;15445
946;37;15472
946;38;15476
946;39;15489
946;40;15522
946;41;15548
946;42;15585
947;1;12202
947;2;12270
947;3;12276
947;4;12683
947;5;12702
947;6;12728
947;7;13014
947;8;13038
947;9;13374
947;10;13400
947;11;13738
947;12;13754
947;13;14041
947;14;14116
947;15;14442
947;16;14522
947;17;14527
947;18;14545
947;19;14582
947;20;14603
947;21;14670
947;22;14745
947;23;14748
947;24;14774
947;25;14875
947;26;14883
947;27;14915
947;28;14947
947;29;14972
947;30;15003
947;31;15030
947;32;15089
947;33;15097
947;34;15109
947;35;15445
947;36;15462
947;37;15472
947;38;15488
947;39;15493
947;40;15511
947;41;15515
947;42;15548
947;43;15561
948;1;10167
948;2;10262
948;3;10750
948;4;11175
948;5;11642
948;6;11661
948;7;11993
948;8;12006
948;9;12368
948;10;12443
948;11;12924
948;12;13362
948;13;13696
948;14;13720
948;15;13736
948;16;14089
948;17;14119
948;18;14166
948;19;14231
948;20;14675
948;21;14696
948;22;15054
948;23;15079
948;24;15094
948;25;15101
948;26;15128
948;27;15140
948;28;15161
948;29;15181
948;30;15198
948;31;15231
948;32;15290
948;33;15294
948;34;15323
948;35;15352
948;36;15353
948;37;15379
948;38;15397
948;39;15416
948;40;15432
948;41;15490
948;42;15507
948;43;15524
948;44;15529
948;45;15532
948;46;15553
949;1;11395
949;2;11748
949;3;12171
949;4;12534
949;5;13044
949;6;13070
949;7;13165
949;8;13177
949;9;13218
949;10;13736
949;11;14074
949;12;14116
949;13;14167
949;14;14484
949;15;14519
949;16;14548
949;17;14967
949;18;14985
949;19;15027
949;20;15045
949;21;15075
949;22;15088
949;23;15091
949;24;15147
949;25;15199
949;26;15223
949;27;15257
949;28;15268
949;29;15339
949;30;15356
949;31;15407
949;32;15416
949;33;15447
949;34;15452
949;35;15492
949;36;15500
949;37;15519
949;38;15524
949;39;15542
949;40;15548
949;41;15549
950;1;12648
950;2;13029
950;3;13059
950;4;13085
950;5;13590
950;6;13641
950;7;13984
950;8;14070
950;9;14079
950;10;14571
950;11;14666
950;12;14699
950;13;14710
950;14;14742
950;15;14766
950;16;14779
950;17;14782
950;18;14851
950;19;14876
950;20;14889
950;21;15270
950;22;15297
950;23;15310
950;24;15323
950;25;15328
950;26;15333
950;27;15384
950;28;15424
950;29;15429
950;30;15447
950;31;15452
950;32;15456
950;33;15477
950;34;15494
950;35;15503
950;36;15520
950;37;15544
950;38;15561
950;39;15562
951;1;9503
951;2;9876
951;3;9895
951;4;10007
951;5;10495
951;6;10570
951;7;11013
951;8;11518
951;9;11523
951;10;11578
951;11;12105
951;12;12247
951;13;12416
951;14;12886
951;15;12928
951;16;12973
951;17;13414
951;18;13816
951;19;13867
951;20;13914
951;21;13930
951;22;14420
951;23;14753
951;24;14780
951;25;14796
951;26;14852
951;27;14855
951;28;14881
951;29;14886
951;30;14901
951;31;15176
951;32;15193
951;33;15209
951;34;15241
951;35;15252
951;36;15282
951;37;15299
951;38;15317
951;39;15319
951;40;15320
951;41;15332
951;42;15345
951;43;15363
951;44;15388
951;45;15404
951;46;15422
951;47;15439
951;48;15471
951;49;15512
951;50;15536
951;51;15562
952;1;10521
952;2;10524
952;3;11108
952;4;11522
952;5;11583
952;6;11657
952;7;12096
952;8;12122
952;9;12502
952;10;12612
952;11;13028
952;12;13033
952;13;13459
952;14;13488
952;15;13911
952;16;13916
952;17;14287
952;18;14329
952;19;14357
952;20;14375
952;21;14438
952;22;14441
952;23;14729
952;24;14736
952;25;15083
952;26;15114
952;27;15131
952;28;15137
952;29;15164
952;30;15245
952;31;15290
952;32;15331
952;33;15343
952;34;15385
952;35;15403
952;36;15445
952;37;15464
952;38;15511
952;39;15544
953;1;11182
953;2;11700
953;3;11752
953;4;11771
953;5;12237
953;6;12693
953;7;12702
953;8;13020
953;9;13054
953;10;13245
953;11;13297
953;12;13681
953;13;13997
953;14;14023
953;15;14066
953;16;14091
953;17;14136
953;18;14149
953;19;14186
953;20;14221
953;21;14689
953;22;14718
953;23;14735
953;24;14746
953;25;14811
953;26;14870
953;27;14945
953;28;14961
953;29;14966
953;30;14999
953;31;15024
953;32;15036
953;33;15037
953;34;15042
953;35;15043
953;36;15073
953;37;15094
953;38;15121
953;39;15399
953;40;15411
953;41;15439
953;42;15471
953;43;15481
953;44;15514
953;45;15518
953;46;15525
953;47;15572
953;48;15585
954;1;11925
954;2;12355
954;3;12379
954;4;12453
954;5;12477
954;6;12856
954;7;12881
954;8;12948
954;9;13397
954;10;13424
954;11;13466
954;12;13946
954;13;14305
954;14;14347
954;15;14365
954;16;14391
954;17;14689
954;18;14740
954;19;14748
954;20;14752
954;21;14934
954;22;14981
954;23;15002
954;24;15028
954;25;15047
954;26;15142
954;27;15184
954;28;15198
954;29;15243
954;30;15248
954;31;15293
954;32;15336
954;33;15383
954;34;15396
954;35;15400
954;36;15475
954;37;15477
954;38;15494
954;39;15521
954;40;15526
954;41;15549
954;42;15566
954;43;15585
955;1;10183
955;2;10244
955;3;10623
955;4;11066
955;5;11461
955;6;11556
955;7;11559
955;8;11585
955;9;11677
955;10;11695
955;11;12148
955;12;12180
955;13;12206
955;14;12211
955;15;12738
955;16;13057
955;17;13421
955;18;13422
955;19;13738
955;20;14109
955;21;14184
955;22;14249
955;23;14602
955;24;14673
955;25;14715
955;26;14753
955;27;14827
955;28;14886
955;29;15221
955;30;15226
955;31;15244
955;32;15263
955;33;15315
955;34;15368
955;35;15373
955;36;15384
955;37;15405
955;38;15431
955;39;15448
955;40;15461
955;41;15503
955;42;15510
955;43;15534
955;44;15542
955;45;15548
955;46;15567
955;47;15585
956;1;10830
956;2;11374
956;3;11402
956;4;11774
956;5;11825
956;6;12208
956;7;12537
956;8;12957
956;9;13350
956;10;13442
956;11;13475
956;12;13758
956;13;13780
956;14;13803
956;15;13898
956;16;13925
956;17;13928
956;18;14416
956;19;14891
956;20;14893
956;21;14912
956;22;15013
956;23;15030
956;24;15059
956;25;15127
956;26;15132
956;27;15159
956;28;15177
956;29;15216
956;30;15243
956;31;15253
956;32;15258
956;33;15276
956;34;15292
956;35;15297
956;36;15313
956;37;15314
956;38;15328
956;39;15359
956;40;15364
956;41;15371
956;42;15397
956;43;15430
956;44;15437
956;45;15440
956;46;15482
956;47;15501
956;48;15525
956;49;15566
956;50;15585
957;1;11154
957;2;11517
957;3;11523
957;4;11946
957;5;12350
957;6;12766
957;7;12771
957;8;13119
957;9;13491
957;10;13528
957;11;13568
957;12;13613
957;13;14081
957;14;14103
957;15;14483
957;16;14529
957;17;14571
957;18;14581
957;19;14676
957;20;14713
957;21;14729
957;22;15313
957;23;15326
957;24;15353
957;25;15382
957;26;15448
957;27;15463
957;28;15479
957;29;15484
957;30;15510
957;31;15552
957;32;15585
958;1;9696
958;2;9701
958;3;10219
958;4;10235
958;5;10597
958;6;10636
958;7;10987
958;8;11017
958;9;11397
958;10;11870
958;11;12136
958;12;12188
958;13;12217
958;14;12259
958;15;12290
958;16;12766
958;17;13070
958;18;13090
958;19;13107
958;20;13153
958;21;13178
958;22;13240
958;23;13594
958;24;13910
958;25;13938
958;26;14033
958;27;14092
958;28;14157
958;29;14213
958;30;14552
958;31;14597
958;32;14662
958;33;14672
958;34;14710
958;35;14716
958;36;14787
958;37;14838
958;38;14907
958;39;14936
958;40;14975
958;41;14976
958;42;14993
958;43;15006
958;44;15031
958;45;15047
958;46;15419
958;47;15450
958;48;15463
958;49;15510
958;50;15519
958;51;15520
958;52;15525
958;53;15543
958;54;15561
958;55;15562
959;1;9419
959;2;9836
959;3;10250
959;4;10306
959;5;10336
959;6;10362
959;7;10429
959;8;10782
959;9;11205
959;10;11250
959;11;11595
959;12;12012
959;13;12054
959;14;12149
959;15;12423
959;16;12436
959;17;12892
959;18;13177
959;19;13679
959;20;13683
959;21;13699
959;22;13704
959;23;13731
959;24;13783
959;25;13816
959;26;14178
959;27;14203
959;28;14205
959;29;14210
959;30;14239
959;31;14257
959;32;14267
959;33;14285
959;34;14790
959;35;14823
959;36;14844
959;37;14905
959;38;14958
959;39;14995
959;40;15008
959;41;15032
959;42;15077
959;43;15103
959;44;15105
959;45;15448
959;46;15463
959;47;15497
959;48;15509
959;49;15535
959;50;15562
960;1;12768
960;2;13130
960;3;13146
960;4;13576
960;5;13902
960;6;13927
960;7;13944
960;8;13960
960;9;14003
960;10;14029
960;11;14059
960;12;14121
960;13;14393
960;14;14419
960;15;14722
960;16;14773
960;17;14801
960;18;14887
960;19;14946
960;20;15007
960;21;15052
960;22;15069
960;23;15105
960;24;15147
960;25;15214
960;26;15219
960;27;15235
960;28;15267
960;29;15309
960;30;15331
960;31;15356
960;32;15407
960;33;15419
960;34;15440
960;35;15453
960;36;15465
960;37;15470
960;38;15476
960;39;15486
960;40;15504
960;41;15521
960;42;15542
960;43;15561
961;1;9479
961;2;9858
961;3;10326
961;4;10366
961;5;10765
961;6;11235
961;7;11708
961;8;12091
961;9;12141
961;10;12626
961;11;13144
961;12;13170
961;13;13186
961;14;13260
961;15;13277
961;16;13282
961;17;13348
961;18;13652
961;19;13682
961;20;13757
961;21;14198
961;22;14203
961;23;14257
961;24;14266
961;25;14644
961;26;14756
961;27;15023
961;28;15098
961;29;15160
961;30;15173
961;31;15174
961;32;15221
961;33;15320
961;34;15362
961;35;15399
961;36;15404
961;37;15431
961;38;15478
961;39;15497
961;40;15539
961;41;15552
961;42;15585
962;1;11672
962;2;11764
962;3;11838
962;4;11883
962;5;11930
962;6;11981
962;7;12012
962;8;12365
962;9;12890
962;10;12919
962;11;13271
962;12;13700
962;13;13718
962;14;13769
962;15;13973
962;16;14015
962;17;14446
962;18;14473
962;19;14787
962;20;14813
962;21;14872
962;22;14964
962;23;15011
962;24;15014
962;25;15059
962;26;15145
962;27;15240
962;28;15241
962;29;15258
962;30;15274
962;31;15276
962;32;15292
962;33;15334
962;34;15355
962;35;15386
962;36;15412
962;37;15427
962;38;15441
962;39;15471
962;40;15476
962;41;15527
962;42;15530
962;43;15540
962;44;15545
962;45;15561
963;1;10723
963;2;10735
963;3;11260
963;4;11722
963;5;12084
963;6;12462
963;7;12537
963;8;12550
963;9;12563
963;10;12605
963;11;13073
963;12;13260
963;13;13264
963;14;13290
963;15;13325
963;16;13370
963;17;13403
963;18;13817
963;19;14260
963;20;14283
963;21;14297
963;22;14339
963;23;14355
963;24;14380
963;25;14439
963;26;14793
963;27;14865
963;28;14910
963;29;14931
963;30;14964
963;31;15015
963;32;15041
963;33;15058
963;34;15060
963;35;15385
963;36;15397
963;37;15403
963;38;15421
963;39;15445
963;40;15466
963;41;15508
963;42;15514
963;43;15521
963;44;15540
963;45;15553
964;1;10288
964;2;10759
964;3;11253
964;4;11837
964;5;12316
964;6;12335
964;7;12366
964;8;12728
964;9;12770
964;10;13245
964;11;13287
964;12;13667
964;13;13709
964;14;13771
964;15;13787
964;16;14074
964;17;14088
964;18;14116
964;19;14125
964;20;14130
964;21;14461
964;22;14602
964;23;14677
964;24;14687
964;25;14719
964;26;14754
964;27;15135
964;28;15160
964;29;15176
964;30;15218
964;31;15268
964;32;15312
964;33;15371
964;34;15422
964;35;15446
964;36;15479
964;37;15497
964;38;15524
964;39;15526
964;40;15527
964;41;15532
964;42;15569
964;43;15585
965;1;11632
965;2;12041
965;3;12103
965;4;12487
965;5;12494
965;6;12545
965;7;12571
965;8;12988
965;9;13015
965;10;13495
965;11;13840
965;12;14273
965;13;14286
965;14;14697
965;15;14739
965;16;14772
965;17;14798
965;18;14826
965;19;14847
965;20;14894
965;21;14921
965;22;14956
965;23;14961
965;24;14962
965;25;14971
965;26;14980
965;27;15007
965;28;15040
965;29;15052
965;30;15077
965;31;15098
965;32;15414
965;33;15432
965;34;15444
965;35;15470
965;36;15507
965;37;15519
965;38;15540
965;39;15549
965;40;15562
966;1;10605
966;2;10796
966;3;11309
966;4;11726
966;5;12190
966;6;12255
966;7;12269
966;8;12336
966;9;12742
966;10;12766
966;11;12810
966;12;12827
966;13;12854
966;14;12859
966;15;13204
966;16;13748
966;17;14024
966;18;14389
966;19;14735
966;20;14836
966;21;14850
966;22;14942
966;23;14984
966;24;15031
966;25;15039
966;26;15105
966;27;15109
966;28;15113
966;29;15141
966;30;15157
966;31;15204
966;32;15221
966;33;15226
966;34;15244
966;35;15263
966;36;15272
966;37;15289
966;38;15305
966;39;15332
966;40;15418
966;41;15427
966;42;15444
966;43;15475
966;44;15480
966;45;15498
966;46;15511
966;47;15544
966;48;15585
967;1;10491
967;2;10939
967;3;10995
967;4;11090
967;5;11518
967;6;12031
967;7;12055
967;8;12075
967;9;12104
967;10;12147
967;11;12206
967;12;12435
967;13;12467
967;14;12559
967;15;12671
967;16;12905
967;17;12997
967;18;13027
967;19;13032
967;20;13038
967;21;13447
967;22;13684
967;23;13779
967;24;13794
967;25;13820
967;26;14237
967;27;14286
967;28;14333
967;29;14335
967;30;14348
967;31;14380
967;32;14383
967;33;14697
967;34;14715
967;35;14734
967;36;14735
967;37;14756
967;38;14797
967;39;14839
967;40;15192
967;41;15196
967;42;15227
967;43;15271
967;44;15280
967;45;15322
967;46;15339
967;47;15358
967;48;15390
967;49;15421
967;50;15428
967;51;15446
967;52;15465
967;53;15466
967;54;15471
967;55;15508
967;56;15539
967;57;15541
967;58;15551
967;59;15572
967;60;15585
968;1;9304
968;2;9724
968;3;10114
968;4;10433
968;5;10528
968;6;10549
968;7;10591
968;8;10944
968;9;11036
968;10;11528
968;11;11927
968;12;12310
968;13;12377
968;14;12728
968;15;12754
968;16;13206
968;17;13220
968;18;13254
968;19;13301
968;20;13357
968;21;13383
968;22;13415
968;23;13705
968;24;14114
968;25;14128
968;26;14189
968;27;14215
968;28;14241
968;29;14722
968;30;14740
968;31;14747
968;32;14800
968;33;14812
968;34;14831
968;35;15197
968;36;15239
968;37;15253
968;38;15258
968;39;15284
968;40;15286
968;41;15331
968;42;15339
968;43;15381
968;44;15432
968;45;15473
968;46;15529
968;47;15548
968;48;15552
968;49;15585
969;1;13274
969;2;13279
969;3;13699
969;4;13728
969;5;13729
969;6;14013
969;7;14030
969;8;14067
969;9;14135
969;10;14149
969;11;14563
969;12;14574
969;13;14582
969;14;14664
969;15;14697
969;16;14709
969;17;14714
969;18;14719
969;19;14740
969;20;14741
969;21;14767
969;22;14786
969;23;14828
969;24;14833
969;25;14840
969;26;14870
969;27;15166
969;28;15261
969;29;15319
969;30;15329
969;31;15357
969;32;15378
969;33;15396
969;34;15409
969;35;15426
969;36;15431
969;37;15449
969;38;15475
969;39;15520
969;40;15548
969;41;15561
969;42;15562
970;1;10510
970;2;10937
970;3;11521
970;4;11522
970;5;11535
970;6;12040
970;7;12087
970;8;12113
970;9;12350
970;10;12652
970;11;12694
970;12;12997
970;13;13149
970;14;13167
970;15;13576
970;16;13581
970;17;13624
970;18;13641
970;19;13988
970;20;13991
970;21;14000
970;22;14028
970;23;14054
970;24;14105
970;25;14168
970;26;14186
970;27;14210
970;28;14261
970;29;14270
970;30;14301
970;31;14318
970;32;14324
970;33;14383
970;34;14445
970;35;14787
970;36;14818
970;37;14823
970;38;15176
970;39;15181
970;40;15184
970;41;15230
970;42;15235
970;43;15239
970;44;15298
970;45;15349
970;46;15399
970;47;15425
970;48;15444
970;49;15489
970;50;15522
970;51;15529
970;52;15566
970;53;15585
971;1;12019
971;2;12462
971;3;12488
971;4;12540
971;5;12727
971;6;13245
971;7;13314
971;8;13373
971;9;13378
971;10;13816
971;11;14186
971;12;14231
971;13;14626
971;14;14653
971;15;14679
971;16;14735
971;17;14744
971;18;14798
971;19;14872
971;20;15223
971;21;15251
971;22;15266
971;23;15290
971;24;15310
971;25;15336
971;26;15338
971;27;15371
971;28;15413
971;29;15423
971;30;15424
971;31;15470
971;32;15472
971;33;15501
971;34;15519
971;35;15556
971;36;15572
971;37;15585
972;1;11301
972;2;11646
972;3;11672
972;4;11693
972;5;12149
972;6;12566
972;7;12673
972;8;13141
972;9;13494
972;10;13527
972;11;13572
972;12;13602
972;13;13605
972;14;13998
972;15;14048
972;16;14143
972;17;14235
972;18;14743
972;19;14806
972;20;14818
972;21;14860
972;22;15203
972;23;15220
972;24;15224
972;25;15256
972;26;15297
972;27;15322
972;28;15365
972;29;15410
972;30;15429
972;31;15454
972;32;15481
972;33;15499
972;34;15504
972;35;15554
972;36;15568
972;37;15585
973;1;12187
973;2;12234
973;3;12276
973;4;12744
973;5;12792
973;6;12834
973;7;12893
973;8;13241
973;9;13640
973;10;14057
973;11;14372
973;12;14752
973;13;14766
973;14;14799
973;15;14830
973;16;14849
973;17;14902
973;18;14944
973;19;14990
973;20;15037
973;21;15042
973;22;15070
973;23;15078
973;24;15107
973;25;15133
973;26;15175
973;27;15254
973;28;15259
973;29;15269
973;30;15308
973;31;15319
973;32;15368
973;33;15395
973;34;15400
973;35;15409
973;36;15423
973;37;15433
973;38;15443
973;39;15456
973;40;15465
973;41;15478
973;42;15511
973;43;15516
973;44;15535
973;45;15553
974;1;10865
974;2;10896
974;3;10947
974;4;11292
974;5;11311
974;6;11837
974;7;12275
974;8;12767
974;9;13118
974;10;13534
974;11;13896
974;12;14275
974;13;14293
974;14;14599
974;15;14636
974;16;14900
974;17;14995
974;18;15062
974;19;15082
974;20;15129
974;21;15135
974;22;15149
974;23;15178
974;24;15189
974;25;15198
974;26;15224
974;27;15250
974;28;15315
974;29;15374
974;30;15385
974;31;15404
974;32;15437
974;33;15482
974;34;15499
974;35;15518
974;36;15585
975;1;10523
975;2;11028
975;3;11055
975;4;11433
975;5;11465
975;6;11804
975;7;12219
975;8;12314
975;9;12344
975;10;12732
975;11;12937
975;12;13011
975;13;13412
975;14;13438
975;15;13489
975;16;13499
975;17;13541
975;18;13558
975;19;13881
975;20;14298
975;21;14317
975;22;14359
975;23;14385
975;24;14406
975;25;14448
975;26;14635
975;27;14710
975;28;14734
975;29;14753
975;30;14782
975;31;15263
975;32;15306
975;33;15323
975;34;15390
975;35;15409
975;36;15415
975;37;15446
975;38;15453
975;39;15466
975;40;15471
975;41;15496
975;42;15498
975;43;15507
975;44;15524
975;45;15542
975;46;15561
975;47;15566
975;48;15585
976;1;9550
976;2;9576
976;3;9603
976;4;9982
976;5;10457
976;6;10853
976;7;10882
976;8;11227
976;9;11302
976;10;11601
976;11;11663
976;12;11737
976;13;12222
976;14;12289
976;15;12320
976;16;12845
976;17;13318
976;18;13363
976;19;13430
976;20;13775
976;21;14054
976;22;14206
976;23;14216
976;24;14242
976;25;14259
976;26;14264
976;27;14304
976;28;14336
976;29;14352
976;30;14385
976;31;14406
976;32;14419
976;33;14454
976;34;14493
976;35;14524
976;36;14551
976;37;14559
976;38;14585
976;39;14599
976;40;14610
976;41;14612
976;42;14638
976;43;14645
976;44;14701
976;45;14717
976;46;14736
976;47;14768
976;48;14773
976;49;15093
976;50;15107
976;51;15126
976;52;15144
976;53;15543
976;54;15561
976;55;15562
977;1;13144
977;2;13166
977;3;13627
977;4;13643
977;5;14161
977;6;14170
977;7;14493
977;8;14535
977;9;14610
977;10;14628
977;11;14636
977;12;14660
977;13;14686
977;14;15127
977;15;15137
977;16;15151
977;17;15170
977;18;15194
977;19;15204
977;20;15226
977;21;15256
977;22;15270
977;23;15297
977;24;15313
977;25;15315
977;26;15329
977;27;15337
977;28;15344
977;29;15394
977;30;15412
977;31;15438
977;32;15461
977;33;15477
977;34;15487
977;35;15505
977;36;15524
977;37;15548
977;38;15585
978;1;11205
978;2;11280
978;3;11770
978;4;11786
978;5;12208
978;6;12241
978;7;12307
978;8;12742
978;9;13064
978;10;13176
978;11;13644
978;12;13975
978;13;13992
978;14;14067
978;15;14085
978;16;14403
978;17;14438
978;18;14533
978;19;14565
978;20;14624
978;21;14637
978;22;14646
978;23;14713
978;24;14744
978;25;14764
978;26;15144
978;27;15191
978;28;15196
978;29;15197
978;30;15212
978;31;15271
978;32;15296
978;33;15306
978;34;15322
978;35;15339
978;36;15359
978;37;15377
978;38;15397
978;39;15427
978;40;15451
978;41;15459
978;42;15478
978;43;15504
978;44;15525
978;45;15544
979;1;12320
979;2;12510
979;3;12569
979;4;13085
979;5;13104
979;6;13545
979;7;13919
979;8;14362
979;9;14365
979;10;14402
979;11;14441
979;12;14446
979;13;14669
979;14;14680
979;15;14937
979;16;14976
979;17;15068
979;18;15087
979;19;15093
979;20;15119
979;21;15166
979;22;15187
979;23;15198
979;24;15231
979;25;15243
979;26;15251
979;27;15267
979;28;15270
979;29;15289
979;30;15308
979;31;15334
979;32;15404
979;33;15420
979;34;15459
979;35;15485
979;36;15495
979;37;15522
979;38;15538
979;39;15561
979;40;15585
980;1;12011
980;2;12048
980;3;12464
980;4;12916
980;5;13295
980;6;13677
980;7;13763
980;8;14150
980;9;14456
980;10;14912
980;11;14926
980;12;14942
980;13;15008
980;14;15045
980;15;15073
980;16;15086
980;17;15094
980;18;15107
980;19;15140
980;20;15213
980;21;15239
980;22;15249
980;23;15301
980;24;15348
980;25;15355
980;26;15371
980;27;15397
980;28;15420
980;29;15425
980;30;15443
980;31;15476
980;32;15489
980;33;15490
980;34;15507
980;35;15548
980;36;15561
980;37;15562
981;1;11659
981;2;11691
981;3;11739
981;4;11764
981;5;12181
981;6;12197
981;7;12234
981;8;12248
981;9;12253
981;10;12278
981;11;12286
981;12;12703
981;13;13059
981;14;13412
981;15;13503
981;16;13988
981;17;14448
981;18;14487
981;19;14513
981;20;14532
981;21;14558
981;22;14585
981;23;14609
981;24;14633
981;25;14675
981;26;14708
981;27;14756
981;28;14800
981;29;14849
981;30;15157
981;31;15188
981;32;15233
981;33;15249
981;34;15252
981;35;15311
981;36;15335
981;37;15347
981;38;15429
981;39;15460
981;40;15473
981;41;15503
981;42;15507
981;43;15540
981;44;15553
981;45;15562
982;1;10556
982;2;10583
982;3;10770
982;4;11222
982;5;11374
982;6;11676
982;7;12114
982;8;12624
982;9;12666
982;10;12683
982;11;12704
982;12;13063
982;13;13607
982;14;13874
982;15;13969
982;16;14041
982;17;14081
982;18;14432
982;19;14464
982;20;14473
982;21;14493
982;22;14507
982;23;14526
982;24;14975
982;25;14996
982;26;15024
982;27;15279
982;28;15284
982;29;15303
982;30;15354
982;31;15371
982;32;15410
982;33;15432
982;34;15457
982;35;15484
982;36;15492
982;37;15516
982;38;15542
982;39;15561
982;40;15567
982;41;15585
983;1;12272
983;2;12711
983;3;13229
983;4;13234
983;5;13246
983;6;13263
983;7;13303
983;8;13808
983;9;14165
983;10;14216
983;11;14228
983;12;14236
983;13;14584
983;14;14603
983;15;14627
983;16;14674
983;17;14721
983;18;14930
983;19;14961
983;20;15148
983;21;15152
983;22;15189
983;23;15210
983;24;15228
983;25;15275
983;26;15289
983;27;15302
983;28;15339
983;29;15344
983;30;15395
983;31;15411
983;32;15418
983;33;15436
983;34;15462
983;35;15475
983;36;15507
983;37;15521
983;38;15540
983;39;15585
984;1;9865
984;2;10295
984;3;10323
984;4;10791
984;5;11229
984;6;11234
984;7;11262
984;8;11268
984;9;11778
984;10;11843
984;11;12170
984;12;12173
984;13;12194
984;14;12253
984;15;12723
984;16;12749
984;17;13166
984;18;13543
984;19;13569
984;20;13756
984;21;13908
984;22;13934
984;23;14287
984;24;14680
984;25;14698
984;26;14773
984;27;14841
984;28;14885
984;29;14904
984;30;15165
984;31;15185
984;32;15216
984;33;15237
984;34;15288
984;35;15316
984;36;15356
984;37;15361
984;38;15398
984;39;15418
984;40;15460
984;41;15463
984;42;15482
984;43;15513
984;44;15526
984;45;15543
984;46;15568
984;47;15585
985;1;10666
985;2;10692
985;3;10767
985;4;11223
985;5;11608
985;6;12025
985;7;12530
985;8;13020
985;9;13079
985;10;13118
985;11;13161
985;12;13228
985;13;13261
985;14;13280
985;15;13339
985;16;13782
985;17;13808
985;18;14161
985;19;14190
985;20;14212
985;21;14475
985;22;14507
985;23;14538
985;24;14568
985;25;14573
985;26;14597
985;27;14976
985;28;14991
985;29;15009
985;30;15042
985;31;15101
985;32;15152
985;33;15183
985;34;15199
985;35;15205
985;36;15252
985;37;15284
985;38;15301
985;39;15332
985;40;15347
985;41;15350
985;42;15373
985;43;15400
985;44;15421
985;45;15430
985;46;15436
985;47;15442
985;48;15445
985;49;15487
985;50;15508
985;51;15549
986;1;12836
986;2;12868
986;3;12887
986;4;13267
986;5;13293
986;6;13321
986;7;13368
986;8;13419
986;9;13816
986;10;13842
986;11;13853
986;12;13928
986;13;13980
986;14;14016
986;15;14029
986;16;14048
986;17;14421
986;18;14448
986;19;14453
986;20;14784
986;21;14802
986;22;14814
986;23;14831
986;24;14855
986;25;14941
986;26;14947
986;27;14952
986;28;14966
986;29;14984
986;30;15010
986;31;15016
986;32;15044
986;33;15360
986;34;15389
986;35;15470
986;36;15480
986;37;15499
986;38;15516
986;39;15529
986;40;15561
987;1;10739
987;2;11148
987;3;11174
987;4;11187
987;5;11540
987;6;12050
987;7;12570
987;8;12949
987;9;13249
987;10;13273
987;11;13293
987;12;13294
987;13;13308
987;14;13347
987;15;13865
987;16;14245
987;17;14277
987;18;14294
987;19;14386
987;20;14611
987;21;14653
987;22;14678
987;23;15149
987;24;15199
987;25;15231
987;26;15257
987;27;15269
987;28;15272
987;29;15302
987;30;15323
987;31;15337
987;32;15362
987;33;15373
987;34;15389
987;35;15407
987;36;15421
987;37;15427
987;38;15429
987;39;15444
987;40;15461
987;41;15482
987;42;15509
987;43;15535
987;44;15566
987;45;15585
988;1;10557
988;2;10987
988;3;11404
988;4;11859
988;5;12237
988;6;12675
988;7;13000
988;8;13063
988;9;13588
988;10;14008
988;11;14296
988;12;14322
988;13;14366
988;14;14394
988;15;14436
988;16;14469
988;17;14531
988;18;14596
988;19;14979
988;20;14996
988;21;15029
988;22;15055
988;23;15060
988;24;15134
988;25;15173
988;26;15184
988;27;15189
988;28;15210
988;29;15240
988;30;15299
988;31;15301
988;32;15321
988;33;15347
988;34;15366
988;35;15368
988;36;15433
988;37;15446
988;38;15453
988;39;15479
988;40;15484
988;41;15502
988;42;15544
988;43;15568
988;44;15585
989;1;11328
989;2;11353
989;3;11400
989;4;11821
989;5;11837
989;6;11855
989;7;11950
989;8;11963
989;9;12304
989;10;12379
989;11;12920
989;12;13369
989;13;13622
989;14;13641
989;15;13716
989;16;14186
989;17;14247
989;18;14626
989;19;15210
989;20;15259
989;21;15268
989;22;15280
989;23;15332
989;24;15377
989;25;15419
989;26;15445
989;27;15485
989;28;15490
989;29;15511
989;30;15530
989;31;15535
989;32;15585
990;1;10861
990;2;11353
990;3;11522
990;4;11963
990;5;11992
990;6;12009
990;7;12369
990;8;12786
990;9;12818
990;10;13264
990;11;13695
990;12;13712
990;13;13731
990;14;14098
990;15;14191
990;16;14217
990;17;14599
990;18;15084
990;19;15176
990;20;15197
990;21;15227
990;22;15274
990;23;15300
990;24;15356
990;25;15382
990;26;15395
990;27;15413
990;28;15434
990;29;15445
990;30;15478
990;31;15497
990;32;15520
990;33;15526
990;34;15544
991;1;10469
991;2;10516
991;3;10986
991;4;11438
991;5;11455
991;6;11514
991;7;12032
991;8;12058
991;9;12079
991;10;12118
991;11;12471
991;12;12538
991;13;12556
991;14;12973
991;15;13166
991;16;13213
991;17;13264
991;18;13350
991;19;13708
991;20;13734
991;21;13964
991;22;14259
991;23;14290
991;24;14291
991;25;14295
991;26;14367
991;27;14426
991;28;14454
991;29;14494
991;30;14849
991;31;14873
991;32;14948
991;33;14995
991;34;15002
991;35;15049
991;36;15063
991;37;15100
991;38;15142
991;39;15163
991;40;15182
991;41;15199
991;42;15215
991;43;15239
991;44;15281
991;45;15292
991;46;15367
991;47;15392
991;48;15402
991;49;15424
991;50;15438
991;51;15448
991;52;15458
991;53;15485
991;54;15511
991;55;15526
991;56;15553
992;1;12493
992;2;12514
992;3;12720
992;4;13065
992;5;13491
992;6;13517
992;7;13934
992;8;13992
992;9;14024
992;10;14055
992;11;14536
992;12;14602
992;13;14660
992;14;14678
992;15;14949
992;16;15016
992;17;15034
992;18;15061
992;19;15173
992;20;15194
992;21;15236
992;22;15283
992;23;15305
992;24;15312
992;25;15317
992;26;15365
992;27;15392
992;28;15402
992;29;15407
992;30;15447
992;31;15452
992;32;15470
992;33;15497
992;34;15507
992;35;15524
992;36;15540
992;37;15553
992;38;15562
993;1;10772
993;2;11242
993;3;11270
993;4;11287
993;5;11526
993;6;11540
993;7;11978
993;8;12417
993;9;12433
993;10;12545
993;11;12583
993;12;12625
993;13;13110
993;14;13131
993;15;13144
993;16;13196
993;17;13631
993;18;13722
993;19;14161
993;20;14194
993;21;14648
993;22;14690
993;23;14753
993;24;15169
993;25;15220
993;26;15283
993;27;15343
993;28;15376
993;29;15387
993;30;15462
993;31;15467
993;32;15493
993;33;15519
993;34;15538
993;35;15543
993;36;15585
994;1;11691
994;2;12115
994;3;12136
994;4;12514
994;5;12979
994;6;13384
994;7;13754
994;8;13846
994;9;13908
994;10;14246
994;11;14296
994;12;14361
994;13;14628
994;14;14655
994;15;15006
994;16;15038
994;17;15112
994;18;15157
994;19;15158
994;20;15187
994;21;15273
994;22;15290
994;23;15311
994;24;15356
994;25;15393
994;26;15411
994;27;15412
994;28;15437
994;29;15445
994;30;15463
994;31;15489
994;32;15507
994;33;15508
994;34;15521
994;35;15562
995;1;10911
995;2;10962
995;3;11300
995;4;11711
995;5;12090
995;6;12537
995;7;13010
995;8;13424
995;9;13823
995;10;13897
995;11;13900
995;12;13931
995;13;13957
995;14;14249
995;15;14305
995;16;14492
995;17;14563
995;18;14577
995;19;14602
995;20;14714
995;21;15061
995;22;15108
995;23;15137
995;24;15156
995;25;15268
995;26;15328
995;27;15334
995;28;15335
995;29;15372
995;30;15425
995;31;15441
995;32;15483
995;33;15496
995;34;15514
995;35;15585
996;1;11292
996;2;11322
996;3;11566
996;4;12054
996;5;12510
996;6;12531
996;7;12557
996;8;12933
996;9;13286
996;10;13317
996;11;13363
996;12;13405
996;13;13426
996;14;13451
996;15;13716
996;16;14139
996;17;14463
996;18;14558
996;19;14595
996;20;14616
996;21;14633
996;22;14666
996;23;15044
996;24;15069
996;25;15120
996;26;15133
996;27;15170
996;28;15173
996;29;15210
996;30;15269
996;31;15285
996;32;15292
996;33;15317
996;34;15331
996;35;15368
996;36;15395
996;37;15427
996;38;15446
996;39;15463
996;40;15489
996;41;15502
996;42;15543
996;43;15562
997;1;10269
997;2;10703
997;3;10798
997;4;10867
997;5;10872
997;6;10964
997;7;11006
997;8;11432
997;9;11457
997;10;11462
997;11;11929
997;12;11974
997;13;12075
997;14;12115
997;15;12267
997;16;12792
997;17;12797
997;18;12848
997;19;13308
997;20;13355
997;21;13729
997;22;14024
997;23;14072
997;24;14126
997;25;14171
997;26;14188
997;27;14541
997;28;14917
997;29;15160
997;30;15194
997;31;15197
997;32;15217
997;33;15227
997;34;15274
997;35;15284
997;36;15286
997;37;15293
997;38;15306
997;39;15324
997;40;15330
997;41;15347
997;42;15392
997;43;15395
997;44;15402
997;45;15423
997;46;15475
997;47;15489
997;48;15507
997;49;15520
997;50;15523
997;51;15553
998;1;12468
998;2;12515
998;3;12811
998;4;12819
998;5;12848
998;6;13145
998;7;13196
998;8;13243
998;9;13247
998;10;13297
998;11;13318
998;12;13341
998;13;13412
998;14;13765
998;15;14141
998;16;14555
998;17;14571
998;18;14590
998;19;14847
998;20;14850
998;21;14924
998;22;14999
998;23;15020
998;24;15083
998;25;15091
998;26;15109
998;27;15165
998;28;15191
998;29;15232
998;30;15251
998;31;15296
998;32;15355
998;33;15373
998;34;15394
998;35;15407
998;36;15476
998;37;15507
998;38;15511
998;39;15523
998;40;15542
998;41;15543
998;42;15561
998;43;15562
999;1;9998
999;2;10045
999;3;10465
999;4;10845
999;5;11232
999;6;11757
999;7;12072
999;8;12096
999;9;12459
999;10;12510
999;11;12579
999;12;12992
999;13;13406
999;14;13432
999;15;13765
999;16;13956
999;17;14296
999;18;14322
999;19;14373
999;20;14404
999;21;14455
999;22;14465
999;23;14533
999;24;14872
999;25;14905
999;26;14942
999;27;15034
999;28;15108
999;29;15126
999;30;15167
999;31;15179
999;32;15254
999;33;15329
999;34;15392
999;35;15411
999;36;15434
999;37;15439
999;38;15481
999;39;15514
999;40;15523
999;41;15535
999;42;15568
999;43;15585
1000;1;11311
1000;2;11754
1000;3;12219
1000;4;12244
1000;5;12263
1000;6;12628
1000;7;12904
1000;8;12946
1000;9;12997
1000;10;13024
1000;11;13540
1000;12;13545
1000;13;13892
1000;14;14237
1000;15;14270
1000;16;14333
1000;17;14428
1000;18;14831
1000;19;14852
1000;20;14902
1000;21;14977
1000;22;15218
1000;23;15235
1000;24;15302
1000;25;15329
1000;26;15355
1000;27;15360
1000;28;15397
1000;29;15417
1000;30;15435
1000;31;15456
1000;32;15492
1000;33;15521
1000;34;15542
1000;35;15561
